year     NP_name     nom_yield     up_yield     down_yield     up_var     down_var    max_var
2015     CMS_bTagSF_M     1089.99203822     1134.56958394     1044.20533471     0.0408971296645     -0.0420064568427    0.0420064568427
2015     CMS_bTagSF_M     933.772787721     894.385043841     974.549783572     -0.0421812933489     0.0436690770889    0.0436690770889
2015     CMS_bTagSF_M     920.036245212     957.796628622     881.055531564     0.0410422780696     -0.0423686717241    0.0423686717241
2015     CMS_bTagSF_M     1010.59988784     969.938011702     1052.52930119     -0.0402353855652     0.0414896279455    0.0414896279455
2015     CMS_bTagSF_T     1089.99203822     1089.99203822     1089.99203822     0.0     0.0    0.0
2015     CMS_bTagSF_T     933.772787721     933.772787721     933.772787721     0.0     0.0    0.0
2015     CMS_bTagSF_T     920.036245212     920.036245212     920.036245212     0.0     0.0    0.0
2015     CMS_bTagSF_T     1010.59988784     1010.59988784     1010.59988784     0.0     0.0    0.0
2015     CMS_bTagSF_M_corr     1089.99203822     1158.93233162     1018.85059173     0.0632484375873     -0.0652678588457    0.0652678588457
2015     CMS_bTagSF_M_corr     933.772787721     869.5731552     1003.2432241     -0.0687529486465     0.0743975807493    0.0743975807493
2015     CMS_bTagSF_M_corr     920.036245212     974.865594332     863.739920071     0.059594770755     -0.0611892470912    0.0611892470912
2015     CMS_bTagSF_M_corr     1010.59988784     947.529351753     1077.36802716     -0.062409007607     0.0660678277508    0.0660678277508
2015     CMS_bTagSF_T_corr     1089.99203822     1089.99203822     1089.99203822     0.0     0.0    0.0
2015     CMS_bTagSF_T_corr     933.772787721     933.772787721     933.772787721     0.0     0.0    0.0
2015     CMS_bTagSF_T_corr     920.036245212     920.036245212     920.036245212     0.0     0.0    0.0
2015     CMS_bTagSF_T_corr     1010.59988784     1010.59988784     1010.59988784     0.0     0.0    0.0
2015     CMS_jer     1089.99203822     1090.46011219     1082.91883161     0.000429428792919     -0.00648922778253    0.00648922778253
2015     CMS_jer     933.772787721     930.483756605     926.740992229     -0.00352230345487     -0.00753052089903    0.00753052089903
2015     CMS_jer     920.036245212     918.086897944     920.059347066     -0.00211877225281     2.51097210786e-05    0.00211877225281
2015     CMS_jer     1010.59988784     1011.48183536     1009.61839813     0.000872697032704     -0.000971195154562    0.000971195154562
2015     CMS_jec     1089.99203822     1153.06361501     1025.98396383     0.0578642545753     -0.0587234329684    0.0587234329684
2015     CMS_jec     933.772787721     1000.69020895     874.308390695     0.0716634947014     -0.0636818697313    0.0716634947014
2015     CMS_jec     920.036245212     960.801777156     877.674996133     0.044308615183     -0.046043022    0.046043022
2015     CMS_jec     1010.59988784     1066.3469542     953.564942223     0.0551623516225     -0.0564367226877    0.0564367226877
2015     CMS_bTagSF_bc_T_corr     1089.99203822     1089.99203822     1089.99203822     0.0     0.0    0.0
2015     CMS_bTagSF_bc_T_corr     933.772787721     933.772787721     933.772787721     0.0     0.0    0.0
2015     CMS_bTagSF_bc_T_corr     920.036245212     920.036245212     920.036245212     0.0     0.0    0.0
2015     CMS_bTagSF_bc_T_corr     1010.59988784     1010.59988784     1010.59988784     0.0     0.0    0.0
2015     CMS_bTagSF_light_T_corr     1089.99203822     1089.99203822     1089.99203822     0.0     0.0    0.0
2015     CMS_bTagSF_light_T_corr     933.772787721     933.772787721     933.772787721     0.0     0.0    0.0
2015     CMS_bTagSF_light_T_corr     920.036245212     920.036245212     920.036245212     0.0     0.0    0.0
2015     CMS_bTagSF_light_T_corr     1010.59988784     1010.59988784     1010.59988784     0.0     0.0    0.0
2015     CMS_bTagSF_bc_M_corr     1089.99203822     1126.76655372     1052.238328     0.0337383340494     -0.0346366844004    0.0346366844004
2015     CMS_bTagSF_bc_M_corr     933.772787721     902.178261358     966.601596393     -0.0338353470773     0.035157170034    0.035157170034
2015     CMS_bTagSF_bc_M_corr     920.036245212     946.974518334     892.121462332     0.0292795781282     -0.0303409599628    0.0303409599628
2015     CMS_bTagSF_bc_M_corr     1010.59988784     980.38588605     1041.75672356     -0.0298970959281     0.0308300407484    0.0308300407484
2015     CMS_bTagSF_light_M_corr     1089.99203822     1123.04978831     1057.52196025     0.0303284326195     -0.0297892799535    0.0303284326195
2015     CMS_bTagSF_light_M_corr     933.772787721     900.360474586     969.541412011     -0.0357820591632     0.038305490115    0.038305490115
2015     CMS_bTagSF_light_M_corr     920.036245212     948.328535772     892.114509128     0.0307512782321     -0.030348517495    0.0307512782321
2015     CMS_bTagSF_light_M_corr     1010.59988784     977.06587654     1045.51060416     -0.0331822828246     0.0345445479821    0.0345445479821
2015     CMS_bTagSF_bc_T_year     1089.99203822     1089.99203822     1089.99203822     0.0     0.0    0.0
2015     CMS_bTagSF_bc_T_year     933.772787721     933.772787721     933.772787721     0.0     0.0    0.0
2015     CMS_bTagSF_bc_T_year     920.036245212     920.036245212     920.036245212     0.0     0.0    0.0
2015     CMS_bTagSF_bc_T_year     1010.59988784     1010.59988784     1010.59988784     0.0     0.0    0.0
2015     CMS_bTagSF_light_T_year     1089.99203822     1089.99203822     1089.99203822     0.0     0.0    0.0
2015     CMS_bTagSF_light_T_year     933.772787721     933.772787721     933.772787721     0.0     0.0    0.0
2015     CMS_bTagSF_light_T_year     920.036245212     920.036245212     920.036245212     0.0     0.0    0.0
2015     CMS_bTagSF_light_T_year     1010.59988784     1010.59988784     1010.59988784     0.0     0.0    0.0
2015     CMS_bTagSF_bc_M_year     1089.99203822     1113.98521774     1065.69402372     0.0220122520885     -0.0222919192527    0.0222919192527
2015     CMS_bTagSF_bc_M_year     933.772787721     913.069814425     954.947281912     -0.0221713178721     0.0226762810704    0.0226762810704
2015     CMS_bTagSF_bc_M_year     920.036245212     938.903213401     900.692061371     0.0205067662143     -0.0210254584448    0.0210254584448
2015     CMS_bTagSF_bc_M_year     1010.59988784     989.067370658     1032.58006396     -0.0213066688828     0.0217496324511    0.0217496324511
2015     CMS_bTagSF_light_M_year     1089.99203822     1110.90115573     1068.83638931     0.0191828167288     -0.0194089939881    0.0194089939881
2015     CMS_bTagSF_light_M_year     933.772787721     914.778849495     953.057525395     -0.0203410706289     0.020652494833    0.020652494833
2015     CMS_bTagSF_light_M_year     920.036245212     939.178626227     900.654376791     0.0208061161875     -0.0210664183312    0.0210664183312
2015     CMS_bTagSF_light_M_year     1010.59988784     991.193059713     1030.26703771     -0.019203275561     0.0194608668614    0.0194608668614
2015     CMS_jer_eta193     1089.99203822     1090.2197999     1082.50764958     0.000208957189149     -0.00686646175278    0.00686646175278
2015     CMS_jer_eta193     933.772787721     931.030737431     927.205003163     -0.00293652837844     -0.00703360029892    0.00703360029892
2015     CMS_jer_eta193     920.036245212     917.533230659     919.314800471     -0.00272056081041     -0.000784148173653    0.00272056081041
2015     CMS_jer_eta193     1010.59988784     1013.00849231     1009.52349939     0.00238334132059     -0.00106509853057    0.00238334132059
2015     CMS_jer_193eta25     1089.99203822     1089.91827759     1090.61019939     -6.76707961588e-05     0.000567124477277    0.000567124477277
2015     CMS_jer_193eta25     933.772787721     933.394960681     933.61278271     -0.000404624171262     -0.000171353260544    0.000404624171262
2015     CMS_jer_193eta25     920.036245212     920.127373317     920.592824988     9.90483856229e-05     0.000604954183863    0.000604954183863
2015     CMS_jer_193eta25     1010.59988784     1010.53208012     1011.61018357     -6.70965082105e-05     0.000999699027943    0.000999699027943
2015     CMS_jec_FlavorQCD     1089.99203822     1111.24242757     1073.8128966     0.0194959124514     -0.0148433576164    0.0194959124514
2015     CMS_jec_FlavorQCD     933.772787721     949.571459087     918.346370407     0.0169191815966     -0.0165205256754    0.0169191815966
2015     CMS_jec_FlavorQCD     920.036245212     928.623938271     908.844047002     0.00933408124279     -0.0121649535746    0.0121649535746
2015     CMS_jec_FlavorQCD     1010.59988784     1022.23844458     1004.05564739     0.0115164833051     -0.0064755998205    0.0115164833051
2015     CMS_jec_RelativeBal     1089.99203822     1105.26105654     1077.75741779     0.0140083760067     -0.0112245044024    0.0140083760067
2015     CMS_jec_RelativeBal     933.772787721     949.957398335     919.91538418     0.0173324933281     -0.014840230647    0.0173324933281
2015     CMS_jec_RelativeBal     920.036245212     930.167278084     910.816453737     0.0110115584298     -0.0100211176711    0.0110115584298
2015     CMS_jec_RelativeBal     1010.59988784     1024.88841361     998.141214736     0.0141386575885     -0.0123279977122    0.0141386575885
2015     CMS_jec_Absolute     1089.99203822     1121.17148116     1061.81516313     0.028605202461     -0.0258505329464    0.028605202461
2015     CMS_jec_Absolute     933.772787721     965.076004425     905.710451954     0.0335233764736     -0.0300526382185    0.0335233764736
2015     CMS_jec_Absolute     920.036245212     938.563960757     900.474138852     0.0201380278674     -0.0212623214165    0.0212623214165
2015     CMS_jec_Absolute     1010.59988784     1036.48593392     985.145585097     0.0256145348771     -0.025187319977    0.0256145348771
2015     CMS_jec_BBEC1_year     1089.99203822     1093.40040174     1087.05976718     0.00312696184725     -0.00269017656925    0.00312696184725
2015     CMS_jec_BBEC1_year     933.772787721     938.08966551     931.188124616     0.00462304946652     -0.00276797861235    0.00462304946652
2015     CMS_jec_BBEC1_year     920.036245212     923.282146683     919.643338556     0.0035280147796     -0.000427055627879    0.0035280147796
2015     CMS_jec_BBEC1_year     1010.59988784     1016.2037935     1008.00980975     0.00554512792143     -0.00256291151936    0.00554512792143
2015     CMS_jec_Absolute_year     1089.99203822     1129.11421746     1051.2577531     0.0358921697224     -0.0355363009695    0.0358921697224
2015     CMS_jec_Absolute_year     933.772787721     975.523684283     894.256617934     0.0447120510586     -0.0423188277778    0.0447120510586
2015     CMS_jec_Absolute_year     920.036245212     943.832569557     890.032840707     0.0258645509557     -0.0326111114217    0.0326111114217
2015     CMS_jec_Absolute_year     1010.59988784     1043.07729253     976.892923242     0.0321367586508     -0.0333534220663    0.0333534220663
2015     CMS_jec_RelativeSample_year     1089.99203822     1113.32290056     1069.59271798     0.0214046172063     -0.0187151094037    0.0214046172063
2015     CMS_jec_RelativeSample_year     933.772787721     957.134238915     911.664155762     0.0250183465411     -0.0236766719382    0.0250183465411
2015     CMS_jec_RelativeSample_year     920.036245212     933.543320409     903.860420988     0.0146810250876     -0.0175817249681    0.0175817249681
2015     CMS_jec_RelativeSample_year     1010.59988784     1038.87025182     987.462110471     0.0279738443624     -0.0228950919629    0.0279738443624
2015     CMS_pu     1089.99203822     1101.92351833     1078.2586583     0.0109463919835     -0.0107646473628    0.0109463919835
2015     CMS_pu     933.772787721     921.819510997     944.368015683     -0.0128010549055     0.0113466874393    0.0128010549055
2015     CMS_pu     920.036245212     930.415878415     909.002473328     0.0112817655357     -0.0119927578302    0.0119927578302
2015     CMS_pu     1010.59988784     996.700998603     1023.68324962     -0.0137531078374     0.0129461342114    0.0137531078374
2015     CMS_topPt     1089.99203822     1087.29892031     1089.99203822     -0.00247076842271     0.0    0.00247076842271
2015     CMS_topPt     933.772787721     933.609688319     933.772787721     -0.000174667118562     0.0    0.000174667118562
2015     CMS_topPt     920.036245212     919.498389125     920.036245212     -0.000584603150045     0.0    0.000584603150045
2015     CMS_topPt     1010.59988784     1010.56296354     1010.59988784     -3.653701325e-05     0.0    3.653701325e-05
2015     CMS_L1Prefiring     1089.99203822     1085.13664936     1094.64230072     -0.0044545177347     0.00426632703223    0.0044545177347
2015     CMS_L1Prefiring     933.772787721     929.855190425     937.552467554     -0.0041954502722     0.00404775110409    0.0041954502722
2015     CMS_L1Prefiring     920.036245212     916.064106201     923.846224218     -0.00431737231216     0.00414111838083    0.00431737231216
2015     CMS_L1Prefiring     1010.59988784     1006.44788654     1014.62638457     -0.00410845216753     0.00398426397343    0.00410845216753
2015     CMS_pdf_allBR     1089.99203822     1115.38990502     1065.14567418     0.0233009654285     -0.0227949959049    0.0233009654285
2015     CMS_pdf_allBR     933.772787721     952.303134832     915.743227683     0.0198445996219     -0.0193082945613    0.0198445996219
2015     CMS_pdf_allBR     920.036245212     939.468907499     900.837753637     0.021121626879     -0.0208671035241    0.021121626879
2015     CMS_pdf_allBR     1010.59988784     1027.76730616     993.432541123     0.0169873542656     -0.0169872834192    0.0169873542656
2015     CMS_renorm_allBR     1089.99203822     1009.58086445     1185.49615097     -0.0737722579229     0.0876190920629    0.0876190920629
2015     CMS_renorm_allBR     933.772787721     865.256545122     1014.42336915     -0.0733757114155     0.0863706701389    0.0863706701389
2015     CMS_renorm_allBR     920.036245212     853.6109191     998.022706688     -0.0721985970196     0.0847645534419    0.0847645534419
2015     CMS_renorm_allBR     1010.59988784     936.955857337     1097.16464068     -0.0728715997203     0.0856568003665    0.0856568003665
2015     CMS_fact_allBR     1089.99203822     941.494527924     1277.47234425     -0.136237243111     0.172001537126    0.172001537126
2015     CMS_fact_allBR     933.772787721     807.316316058     1093.75587531     -0.135425312589     0.171329781391    0.171329781391
2015     CMS_fact_allBR     920.036245212     798.420533721     1072.58745764     -0.132185783032     0.165810002834    0.165810002834
2015     CMS_fact_allBR     1010.59988784     877.622588221     1178.00282912     -0.13158253946     0.165647100592    0.165647100592
2015     CMS_jec_AbsoluteCal     1089.99203822     1093.34949432     1086.51351464     0.0030802574511     -0.00319132935067    0.00319132935067
2015     CMS_jec_AbsoluteCal     933.772787721     938.071760186     931.733580092     0.00460387421986     -0.00218383707125    0.00460387421986
2015     CMS_jec_AbsoluteCal     920.036245212     922.833659158     917.61662491     0.00304054754407     -0.00262991845709    0.00304054754407
2015     CMS_jec_AbsoluteCal     1010.59988784     1014.65028058     1008.09324038     0.00400790934701     -0.00248035596475    0.00400790934701
2015     CMS_jec_AbsoluteTheory     1089.99203822     1121.17834135     1061.82206688     0.0286114962599     -0.0258441991833    0.0286114962599
2015     CMS_jec_AbsoluteTheory     933.772787721     965.082399878     905.716336632     0.03353022552     -0.030046336174    0.03353022552
2015     CMS_jec_AbsoluteTheory     920.036245212     938.567652499     900.477898105     0.0201420404723     -0.0212582354326    0.0212582354326
2015     CMS_jec_AbsoluteTheory     1010.59988784     1036.49172918     985.150496872     0.0256202693531     -0.0251824597207    0.0256202693531
2015     CMS_jec_AbsolutePU     1089.99203822     1093.40599856     1087.28174235     0.00313209658142     -0.00248652813891    0.00313209658142
2015     CMS_jec_AbsolutePU     933.772787721     936.700375668     932.058921055     0.00313522516927     -0.00183542151672    0.00313522516927
2015     CMS_jec_AbsolutePU     920.036245212     921.766563871     919.01955542     0.00188070705706     -0.00110505406411    0.00188070705706
2015     CMS_jec_AbsolutePU     1010.59988784     1012.84248168     1011.22113298     0.00221907192974     0.000614729074728    0.00221907192974
2015     CMS_jec_AbsoluteScale     1089.99203822     1121.17834135     1061.82206688     0.0286114962599     -0.0258441991833    0.0286114962599
2015     CMS_jec_AbsoluteScale     933.772787721     965.082399878     905.716336632     0.03353022552     -0.030046336174    0.03353022552
2015     CMS_jec_AbsoluteScale     920.036245212     938.567652499     900.477898105     0.0201420404723     -0.0212582354326    0.0212582354326
2015     CMS_jec_AbsoluteScale     1010.59988784     1036.49172918     985.150496872     0.0256202693531     -0.0251824597207    0.0256202693531
2015     CMS_jec_Fragmentation     1089.99203822     1092.90181981     1087.51690331     0.00266954389172     -0.00227078256385    0.00266954389172
2015     CMS_jec_Fragmentation     933.772787721     937.498333772     931.836623882     0.00398977791931     -0.002073484969    0.00398977791931
2015     CMS_jec_Fragmentation     920.036245212     923.039919795     918.612042279     0.00326473505601     -0.00154798568028    0.00326473505601
2015     CMS_jec_Fragmentation     1010.59988784     1013.89634027     1008.14983812     0.00326187690102     -0.0024243518596    0.00326187690102
2015     CMS_jec_AbsoluteMPFBias     1089.99203822     1121.17834135     1061.82206688     0.0286114962599     -0.0258441991833    0.0286114962599
2015     CMS_jec_AbsoluteMPFBias     933.772787721     965.082399878     905.716336632     0.03353022552     -0.030046336174    0.03353022552
2015     CMS_jec_AbsoluteMPFBias     920.036245212     938.567652499     900.477898105     0.0201420404723     -0.0212582354326    0.0212582354326
2015     CMS_jec_AbsoluteMPFBias     1010.59988784     1036.49172918     985.150496872     0.0256202693531     -0.0251824597207    0.0256202693531
2015     CMS_jec_RelativeFSR     1089.99203822     1097.98462458     1082.8835979     0.00733270158966     -0.00652155251788    0.00733270158966
2015     CMS_jec_RelativeFSR     933.772787721     942.204220303     926.037606783     0.00902942631443     -0.00828379348798    0.00902942631443
2015     CMS_jec_RelativeFSR     920.036245212     928.244672488     916.544019384     0.00892185206722     -0.00379574809807    0.00892185206722
2015     CMS_jec_RelativeFSR     1010.59988784     1019.23191506     1003.9448944     0.00854148840362     -0.00658519115566    0.00854148840362
2015     CMS_scale_allBR     1089.99203822     1390.30709438     871.250845903     0.275520412653     -0.200681458809    0.275520412653
2015     CMS_scale_allBR     933.772787721     1188.25461364     748.056176468     0.272530779722     -0.198888438061    0.272530779722
2015     CMS_scale_allBR     920.036245212     1164.53612748     740.369089201     0.265750271845     -0.195282693422    0.265750271845
2015     CMS_scale_allBR     1010.59988784     1278.91580725     813.669542104     0.265501631887     -0.194864800705    0.265501631887
2015     CMS_bTagSF_M     433.263752897     435.337643403     429.848784042     0.00478666976494     -0.00788196296667    0.00788196296667
2015     CMS_bTagSF_M     13.5574104846     9.19996192805     19.0957299091     -0.321407141985     0.408508647781    0.408508647781
2015     CMS_bTagSF_M     75.8079518138     76.0838275621     75.350893489     0.00363913998086     -0.00602916071204    0.00602916071204
2015     CMS_bTagSF_M     3.5404755191     2.64140573652     4.62176657054     -0.253940403691     0.305408424833    0.305408424833
2015     CMS_bTagSF_T     433.263752897     433.263752897     433.263752897     0.0     0.0    0.0
2015     CMS_bTagSF_T     13.5574104846     13.5574104846     13.5574104846     0.0     0.0    0.0
2015     CMS_bTagSF_T     75.8079518138     75.8079518138     75.8079518138     0.0     0.0    0.0
2015     CMS_bTagSF_T     3.5404755191     3.5404755191     3.5404755191     0.0     0.0    0.0
2015     CMS_bTagSF_M_corr     433.263752897     436.769886137     428.142459967     0.00809237610309     -0.0118202662827    0.0118202662827
2015     CMS_bTagSF_M_corr     13.5574104846     7.96766412726     21.2384325114     -0.412301918844     0.566555245597    0.566555245597
2015     CMS_bTagSF_M_corr     75.8079518138     76.3599599063     74.8637192643     0.00728166477655     -0.0124555871362    0.0124555871362
2015     CMS_bTagSF_M_corr     3.5404755191     2.463433322     4.87422605737     -0.304208344696     0.376715085609    0.376715085609
2015     CMS_bTagSF_T_corr     433.263752897     433.263752897     433.263752897     0.0     0.0    0.0
2015     CMS_bTagSF_T_corr     13.5574104846     13.5574104846     13.5574104846     0.0     0.0    0.0
2015     CMS_bTagSF_T_corr     75.8079518138     75.8079518138     75.8079518138     0.0     0.0    0.0
2015     CMS_bTagSF_T_corr     3.5404755191     3.5404755191     3.5404755191     0.0     0.0    0.0
2015     CMS_jer     433.263752897     432.93735609     432.388292802     -0.000753344366611     -0.00202061697746    0.00202061697746
2015     CMS_jer     13.5574104846     13.6285893128     13.7356804963     0.00525017872771     0.0131492671026    0.0131492671026
2015     CMS_jer     75.8079518138     75.9665353041     76.4318522004     0.00209191102775     0.00823001244274    0.00823001244274
2015     CMS_jer     3.5404755191     3.54027732342     3.54038304479     -5.59799602744e-05     -2.61191757223e-05    5.59799602744e-05
2015     CMS_jec     433.263752897     444.327334239     421.331032511     0.0255354417895     -0.0275414693852    0.0275414693852
2015     CMS_jec     13.5574104846     14.113582294     13.2866710104     0.0410234542955     -0.0199698515129    0.0410234542955
2015     CMS_jec     75.8079518138     76.2512259976     74.9400044212     0.00584733096223     -0.0114492922155    0.0114492922155
2015     CMS_jec     3.5404755191     3.52576174979     3.56673945277     -0.00415587376102     0.00741819383484    0.00741819383484
2015     CMS_bTagSF_bc_T_corr     433.263752897     433.263752897     433.263752897     0.0     0.0    0.0
2015     CMS_bTagSF_bc_T_corr     13.5574104846     13.5574104846     13.5574104846     0.0     0.0    0.0
2015     CMS_bTagSF_bc_T_corr     75.8079518138     75.8079518138     75.8079518138     0.0     0.0    0.0
2015     CMS_bTagSF_bc_T_corr     3.5404755191     3.5404755191     3.5404755191     0.0     0.0    0.0
2015     CMS_bTagSF_light_T_corr     433.263752897     433.263752897     433.263752897     0.0     0.0    0.0
2015     CMS_bTagSF_light_T_corr     13.5574104846     13.5574104846     13.5574104846     0.0     0.0    0.0
2015     CMS_bTagSF_light_T_corr     75.8079518138     75.8079518138     75.8079518138     0.0     0.0    0.0
2015     CMS_bTagSF_light_T_corr     3.5404755191     3.5404755191     3.5404755191     0.0     0.0    0.0
2015     CMS_bTagSF_bc_M_corr     433.263752897     436.918360658     427.443023357     0.0084350646389     -0.0134346099821    0.0134346099821
2015     CMS_bTagSF_bc_M_corr     13.5574104846     7.95887523325     21.2423333144     -0.412950191169     0.56684297038    0.56684297038
2015     CMS_bTagSF_bc_M_corr     75.8079518138     76.423222503     74.7341712658     0.00811617613296     -0.0141644843616    0.0141644843616
2015     CMS_bTagSF_bc_M_corr     3.5404755191     2.35242008397     5.07686610905     -0.335563804556     0.433950349795    0.433950349795
2015     CMS_bTagSF_light_M_corr     433.263752897     432.933810573     433.807410519     -0.000761527641164     0.00125479599593    0.00125479599593
2015     CMS_bTagSF_light_M_corr     13.5574104846     13.5656223701     13.5498169378     0.000605711943383     -0.000560103042455    0.000605711943383
2015     CMS_bTagSF_light_M_corr     75.8079518138     75.7161684831     75.9220903693     -0.00121073487013     0.00150562774527    0.00150562774527
2015     CMS_bTagSF_light_M_corr     3.5404755191     3.6948598512     3.38829934471     0.0436055358308     -0.0429818462438    0.0436055358308
2015     CMS_bTagSF_bc_T_year     433.263752897     433.263752897     433.263752897     0.0     0.0    0.0
2015     CMS_bTagSF_bc_T_year     13.5574104846     13.5574104846     13.5574104846     0.0     0.0    0.0
2015     CMS_bTagSF_bc_T_year     75.8079518138     75.8079518138     75.8079518138     0.0     0.0    0.0
2015     CMS_bTagSF_bc_T_year     3.5404755191     3.5404755191     3.5404755191     0.0     0.0    0.0
2015     CMS_bTagSF_light_T_year     433.263752897     433.263752897     433.263752897     0.0     0.0    0.0
2015     CMS_bTagSF_light_T_year     13.5574104846     13.5574104846     13.5574104846     0.0     0.0    0.0
2015     CMS_bTagSF_light_T_year     75.8079518138     75.8079518138     75.8079518138     0.0     0.0    0.0
2015     CMS_bTagSF_light_T_year     3.5404755191     3.5404755191     3.5404755191     0.0     0.0    0.0
2015     CMS_bTagSF_bc_M_year     433.263752897     435.379264543     430.00394061     0.00488273397351     -0.00752385184521    0.00752385184521
2015     CMS_bTagSF_bc_M_year     13.5574104846     9.34293257487     18.8343379591     -0.310861570101     0.38922827338    0.38922827338
2015     CMS_bTagSF_bc_M_year     75.8079518138     76.0159792982     75.4173372988     0.00274413804199     -0.00515268524742    0.00515268524742
2015     CMS_bTagSF_bc_M_year     3.5404755191     2.69624224022     4.54013805394     -0.238451946446     0.282352618863    0.282352618863
2015     CMS_bTagSF_light_M_year     433.263752897     433.31172013     433.206641909     0.000110711390505     -0.000131815753808    0.000131815753808
2015     CMS_bTagSF_light_M_year     13.5574104846     13.3615776101     13.7550968223     -0.0144447108669     0.0145814230447    0.0145814230447
2015     CMS_bTagSF_light_M_year     75.8079518138     75.8744398201     75.7401848301     0.000877058471907     -0.000893929753815    0.000893929753815
2015     CMS_bTagSF_light_M_year     3.5404755191     3.47329550291     3.60836001889     -0.0189748568576     0.0191738367982    0.0191738367982
2015     CMS_jer_eta193     433.263752897     432.958255441     432.556499315     -0.000705107348926     -0.00163238576254    0.00163238576254
2015     CMS_jer_eta193     13.5574104846     13.6285893128     13.68692081     0.00525017872771     0.00955273320613    0.00955273320613
2015     CMS_jer_eta193     75.8079518138     75.966348154     76.3928676659     0.00208944228686     0.00771575854693    0.00771575854693
2015     CMS_jer_eta193     3.5404755191     3.54027732342     3.54038304479     -5.59799602744e-05     -2.61191757223e-05    5.59799602744e-05
2015     CMS_jer_193eta25     433.263752897     433.242852015     433.066555208     -4.82405518171e-05     -0.000455144671675    0.000455144671675
2015     CMS_jer_193eta25     13.5574104846     13.5574104846     13.606170171     0.0     0.00359653389651    0.00359653389651
2015     CMS_jer_193eta25     75.8079518138     75.8081389639     75.815533051     2.46874088594e-06     0.000100005831162    0.000100005831162
2015     CMS_jer_193eta25     3.5404755191     3.5404755191     3.5404755191     0.0     0.0    0.0
2015     CMS_jec_FlavorQCD     433.263752897     435.405066665     429.983971543     0.0049422868958     -0.00756994170819    0.00756994170819
2015     CMS_jec_FlavorQCD     13.5574104846     13.5955398916     13.3426656929     0.00281244025408     -0.0158396614116    0.0158396614116
2015     CMS_jec_FlavorQCD     75.8079518138     75.9201897999     75.2352168502     0.00148055689989     -0.00755507766504    0.00755507766504
2015     CMS_jec_FlavorQCD     3.5404755191     3.53920530639     3.68900830921     -0.000358768956623     0.0419527798765    0.0419527798765
2015     CMS_jec_RelativeBal     433.263752897     435.649091803     431.05761133     0.00550551226539     -0.00509191353312    0.00550551226539
2015     CMS_jec_RelativeBal     13.5574104846     13.545714718     13.4390740046     -0.000862684403823     -0.00872854592541    0.00872854592541
2015     CMS_jec_RelativeBal     75.8079518138     76.193210549     74.9647748439     0.00508203593444     -0.0111225399136    0.0111225399136
2015     CMS_jec_RelativeBal     3.5404755191     3.54010774185     3.52784607974     -0.000103877922912     -0.00356715906867    0.00356715906867
2015     CMS_jec_Absolute     433.263752897     438.375373946     427.54172658     0.0117979429732     -0.0132067967337    0.0132067967337
2015     CMS_jec_Absolute     13.5574104846     13.793970312     13.4784853264     0.0174487471329     -0.00582155112387    0.0174487471329
2015     CMS_jec_Absolute     75.8079518138     75.7830523103     75.5163750459     -0.000328455034804     -0.00384625571423    0.00384625571423
2015     CMS_jec_Absolute     3.5404755191     3.52706283489     3.54055255377     -0.00378838496056     2.17582844062e-05    0.00378838496056
2015     CMS_jec_BBEC1_year     433.263752897     433.198688056     433.105595523     -0.000150173747284     -0.000365037170429    0.000365037170429
2015     CMS_jec_BBEC1_year     13.5574104846     13.5574104846     13.6072568991     0.0     0.00367669139562    0.00367669139562
2015     CMS_jec_BBEC1_year     75.8079518138     75.8674286635     75.6399392924     0.000784572704601     -0.00221629152804    0.00221629152804
2015     CMS_jec_BBEC1_year     3.5404755191     3.54010774185     3.5404755191     -0.000103877922912     0.0    0.000103877922912
2015     CMS_jec_Absolute_year     433.263752897     440.762757656     425.066426289     0.0173081747755     -0.0189199455378    0.0189199455378
2015     CMS_jec_Absolute_year     13.5574104846     13.9388985437     13.4781309096     0.028138711261     -0.0058476930493    0.028138711261
2015     CMS_jec_Absolute_year     75.8079518138     75.9785762055     75.0209592722     0.00225074530696     -0.0103813982929    0.0103813982929
2015     CMS_jec_Absolute_year     3.5404755191     3.53969232408     3.5405525219     -0.000221211814249     2.1749283373e-05    0.000221211814249
2015     CMS_jec_RelativeSample_year     433.263752897     435.152952228     430.576266519     0.00436039091333     -0.00620288763988    0.00620288763988
2015     CMS_jec_RelativeSample_year     13.5574104846     13.7250725145     13.5262674314     0.0123668181397     -0.00229712401661    0.0123668181397
2015     CMS_jec_RelativeSample_year     75.8079518138     76.2677676742     75.4713129637     0.0060655359947     -0.00444067992808    0.0060655359947
2015     CMS_jec_RelativeSample_year     3.5404755191     3.52624871683     3.5282388771     -0.00401833092439     -0.00345621426607    0.00401833092439
2015     CMS_pu     433.263752897     433.523366383     432.721356123     0.000599204258554     -0.00125188587835    0.00125188587835
2015     CMS_pu     13.5574104846     13.5651781819     13.4953672828     0.000572948446253     -0.00457633129033    0.00457633129033
2015     CMS_pu     75.8079518138     75.6603133304     76.0670866815     -0.00194753294069     0.00341830720311    0.00341830720311
2015     CMS_pu     3.5404755191     3.56308276572     3.51250557524     0.00638537012955     -0.00790005289075    0.00790005289075
2015     CMS_L1Prefiring     433.263752897     431.98936712     434.415799796     -0.00294136254916     0.00265899672209    0.00294136254916
2015     CMS_L1Prefiring     13.5574104846     13.5267046082     13.5837889021     -0.00226487768169     0.00194568258493    0.00226487768169
2015     CMS_L1Prefiring     75.8079518138     75.4611610791     76.1315049416     -0.00457459575563     0.00426806317918    0.00457459575563
2015     CMS_L1Prefiring     3.5404755191     3.49950352011     3.5804958924     -0.0115724565146     0.0113036718041    0.0115724565146
2015     CMS_pdf_sig     433.263752897     435.344180548     431.18333909     0.00480175790537     -0.00480172595276    0.00480175790537
2015     CMS_pdf_sig     13.5574104846     13.6299179639     13.4849025695     0.00534818056303     -0.00534821271469    0.00534821271469
2015     CMS_pdf_sig     75.8079518138     76.2079739564     75.4079310047     0.00527678341157     -0.00527676582067    0.00527678341157
2015     CMS_pdf_sig     3.5404755191     3.55965001747     3.52130116085     0.00541579747261     -0.00541575789517    0.00541579747261
2015     CMS_renorm_sig     433.263752897     433.263752897     433.263752897     0.0     0.0    0.0
2015     CMS_renorm_sig     13.5574104846     13.5574104846     13.5574104846     0.0     0.0    0.0
2015     CMS_renorm_sig     75.8079518138     75.8079518138     75.8079518138     0.0     0.0    0.0
2015     CMS_renorm_sig     3.5404755191     3.5404755191     3.5404755191     0.0     0.0    0.0
2015     CMS_fact_sig     433.263752897     391.671782627     482.508691128     -0.0959968840966     0.113660415628    0.113660415628
2015     CMS_fact_sig     13.5574104846     12.2632997418     15.087921943     -0.0954541240992     0.112891135078    0.112891135078
2015     CMS_fact_sig     75.8079518138     68.4441534331     84.5425896546     -0.0971375456595     0.115220601953    0.115220601953
2015     CMS_fact_sig     3.5404755191     3.19750027675     3.94709150223     -0.0968726490256     0.114847844855    0.114847844855
2015     CMS_jec_AbsoluteCal     433.263752897     433.697651972     432.515950555     0.00100146636315     -0.0017259748522    0.0017259748522
2015     CMS_jec_AbsoluteCal     13.5574104846     13.556696783     13.4379872364     -5.26429191503e-05     -0.00880870637689    0.00880870637689
2015     CMS_jec_AbsoluteCal     75.8079518138     75.9833391555     75.5787368955     0.00231357446731     -0.00302362631841    0.00302362631841
2015     CMS_jec_AbsoluteCal     3.5404755191     3.54010774185     3.54055252489     -0.000103877922912     2.17501280637e-05    0.000103877922912
2015     CMS_jec_AbsoluteTheory     433.263752897     438.375369491     427.541718917     0.0117979326896     -0.0132068144219    0.0132068144219
2015     CMS_jec_AbsoluteTheory     13.5574104846     13.793970312     13.4784853264     0.0174487471329     -0.00582155112387    0.0174487471329
2015     CMS_jec_AbsoluteTheory     75.8079518138     75.7830520089     75.5163748608     -0.000328459011098     -0.00384625815556    0.00384625815556
2015     CMS_jec_AbsoluteTheory     3.5404755191     3.52706283489     3.54055255377     -0.00378838496056     2.17582844062e-05    0.00378838496056
2015     CMS_jec_AbsolutePU     433.263752897     433.382972522     432.662711352     0.000275166395703     -0.0013872417004    0.0013872417004
2015     CMS_jec_AbsolutePU     13.5574104846     13.5566968042     13.606170171     -5.2641352089e-05     0.00359653389651    0.00359653389651
2015     CMS_jec_AbsolutePU     75.8079518138     75.8797043886     75.8256406632     0.000946504596958     0.000233337651505    0.000946504596958
2015     CMS_jec_AbsolutePU     3.5404755191     3.54010774185     3.54055251427     -0.000103877922912     2.17471277193e-05    0.000103877922912
2015     CMS_jec_AbsoluteScale     433.263752897     438.375369491     427.541718917     0.0117979326896     -0.0132068144219    0.0132068144219
2015     CMS_jec_AbsoluteScale     13.5574104846     13.793970312     13.4784853264     0.0174487471329     -0.00582155112387    0.0174487471329
2015     CMS_jec_AbsoluteScale     75.8079518138     75.7830520089     75.5163748608     -0.000328459011098     -0.00384625815556    0.00384625815556
2015     CMS_jec_AbsoluteScale     3.5404755191     3.52706283489     3.54055255377     -0.00378838496056     2.17582844062e-05    0.00378838496056
2015     CMS_jec_Fragmentation     433.263752897     433.656912027     432.620006283     0.000907436006521     -0.00148580768654    0.00148580768654
2015     CMS_jec_Fragmentation     13.5574104846     13.5566968042     13.4379872364     -5.2641352089e-05     -0.00880870637689    0.00880870637689
2015     CMS_jec_Fragmentation     75.8079518138     75.9084029774     75.7747193171     0.00132507423326     -0.000438377450251    0.00132507423326
2015     CMS_jec_Fragmentation     3.5404755191     3.5404755191     3.54055252489     0.0     2.17501280637e-05    2.17501280637e-05
2015     CMS_jec_AbsoluteMPFBias     433.263752897     438.375373946     427.54172658     0.0117979429732     -0.0132067967337    0.0132067967337
2015     CMS_jec_AbsoluteMPFBias     13.5574104846     13.793970312     13.4784853264     0.0174487471329     -0.00582155112387    0.0174487471329
2015     CMS_jec_AbsoluteMPFBias     75.8079518138     75.7830523103     75.5163750459     -0.000328455034804     -0.00384625571423    0.00384625571423
2015     CMS_jec_AbsoluteMPFBias     3.5404755191     3.52706283489     3.54055255377     -0.00378838496056     2.17582844062e-05    0.00378838496056
2015     CMS_jec_RelativeFSR     433.263752897     434.281006913     431.780816356     0.0023478862687     -0.00342271083494    0.00342271083494
2015     CMS_jec_RelativeFSR     13.5574104846     13.5566967723     13.3892274361     -5.26437026809e-05     -0.0124052486792    0.0124052486792
2015     CMS_jec_RelativeFSR     75.8079518138     75.8409006102     75.6608303715     0.000434635096038     -0.00194071253385    0.00194071253385
2015     CMS_jec_RelativeFSR     3.5404755191     3.52784604256     3.54055252489     -0.00356716956988     2.17501280637e-05    0.00356716956988
2015     CMS_scale_sig     433.263752897     482.508691128     391.671782627     0.113660415628     -0.0959968840966    0.113660415628
2015     CMS_scale_sig     13.5574104846     15.087921943     12.2632997418     0.112891135078     -0.0954541240992    0.112891135078
2015     CMS_scale_sig     75.8079518138     84.5425896546     68.4441534331     0.115220601953     -0.0971375456595    0.115220601953
2015     CMS_scale_sig     3.5404755191     3.94709150223     3.19750027675     0.114847844855     -0.0968726490256    0.114847844855
2015     CMS_bTagSF_M     1030.50520477     1073.38714178     986.512617567     0.0416125380128     -0.0426903105403    0.0426903105403
2015     CMS_bTagSF_M     908.497437329     870.862057757     947.415081156     -0.0414259611817     0.0428373732584    0.0428373732584
2015     CMS_bTagSF_M     891.305763937     930.617835816     850.705649993     0.0441061569097     -0.0455512749799    0.0455512749799
2015     CMS_bTagSF_M     985.900183759     944.012507748     1029.08063836     -0.0424867311128     0.0437979983282    0.0437979983282
2015     CMS_bTagSF_T     1030.50520477     1030.50520477     1030.50520477     0.0     0.0    0.0
2015     CMS_bTagSF_T     908.497437329     908.497437329     908.497437329     0.0     0.0    0.0
2015     CMS_bTagSF_T     891.305763937     891.305763937     891.305763937     0.0     0.0    0.0
2015     CMS_bTagSF_T     985.900183759     985.900183759     985.900183759     0.0     0.0    0.0
2015     CMS_bTagSF_M_corr     1030.50520477     1096.72896724     962.231858708     0.0642633944577     -0.0662523059063    0.0662523059063
2015     CMS_bTagSF_M_corr     908.497437329     846.937616986     975.017872887     -0.0677600374126     0.0732202786983    0.0732202786983
2015     CMS_bTagSF_M_corr     891.305763937     947.731136118     832.38134036     0.0633064145482     -0.0661102238546    0.0661102238546
2015     CMS_bTagSF_M_corr     985.900183759     921.264134733     1054.31859084     -0.0655604391712     0.0693968904861    0.0693968904861
2015     CMS_bTagSF_T_corr     1030.50520477     1030.50520477     1030.50520477     0.0     0.0    0.0
2015     CMS_bTagSF_T_corr     908.497437329     908.497437329     908.497437329     0.0     0.0    0.0
2015     CMS_bTagSF_T_corr     891.305763937     891.305763937     891.305763937     0.0     0.0    0.0
2015     CMS_bTagSF_T_corr     985.900183759     985.900183759     985.900183759     0.0     0.0    0.0
2015     CMS_jer     1030.50520477     1030.91135562     1024.10447053     0.000394127892405     -0.00621125852664    0.00621125852664
2015     CMS_jer     908.497437329     905.503851173     901.738977138     -0.00329509587215     -0.00743916263644    0.00743916263644
2015     CMS_jer     891.305763937     889.036033911     890.780095734     -0.00254652232507     -0.000589773144509    0.00254652232507
2015     CMS_jer     985.900183759     986.800470218     985.382628921     0.000913161873105     -0.000524956629701    0.000913161873105
2015     CMS_jec     1030.50520477     1091.07403966     968.823781675     0.0587758650876     -0.0598555182568    0.0598555182568
2015     CMS_jec     908.497437329     973.569842961     850.620344453     0.0716264052684     -0.0637063909023    0.0716264052684
2015     CMS_jec     891.305763937     930.95980856     849.727272142     0.0444898330373     -0.0466489654586    0.0466489654586
2015     CMS_jec     985.900183759     1039.74858312     929.256405327     0.0546185103234     -0.0574538674049    0.0574538674049
2015     CMS_bTagSF_bc_T_corr     1030.50520477     1030.50520477     1030.50520477     0.0     0.0    0.0
2015     CMS_bTagSF_bc_T_corr     908.497437329     908.497437329     908.497437329     0.0     0.0    0.0
2015     CMS_bTagSF_bc_T_corr     891.305763937     891.305763937     891.305763937     0.0     0.0    0.0
2015     CMS_bTagSF_bc_T_corr     985.900183759     985.900183759     985.900183759     0.0     0.0    0.0
2015     CMS_bTagSF_light_T_corr     1030.50520477     1030.50520477     1030.50520477     0.0     0.0    0.0
2015     CMS_bTagSF_light_T_corr     908.497437329     908.497437329     908.497437329     0.0     0.0    0.0
2015     CMS_bTagSF_light_T_corr     891.305763937     891.305763937     891.305763937     0.0     0.0    0.0
2015     CMS_bTagSF_light_T_corr     985.900183759     985.900183759     985.900183759     0.0     0.0    0.0
2015     CMS_bTagSF_bc_M_corr     1030.50520477     1065.57907131     994.627796728     0.0340356034828     -0.034815358407    0.034815358407
2015     CMS_bTagSF_bc_M_corr     908.497437329     878.677304566     939.400467706     -0.0328235738902     0.0340155394028    0.0340155394028
2015     CMS_bTagSF_bc_M_corr     891.305763937     919.664381609     861.929429694     0.03181693513     -0.0329587616634    0.0329587616634
2015     CMS_bTagSF_bc_M_corr     985.900183759     954.695134889     1018.00618295     -0.0316513267608     0.0325651619912    0.0325651619912
2015     CMS_bTagSF_light_M_corr     1030.50520477     1062.5107535     998.987824612     0.0310581145817     -0.0305843968709    0.0310581145817
2015     CMS_bTagSF_light_M_corr     908.497437329     875.997785184     943.294530942     -0.0357729706321     0.0383018071197    0.0383018071197
2015     CMS_bTagSF_light_M_corr     891.305763937     919.804930254     862.236081359     0.0319746236029     -0.0326147140008    0.0326147140008
2015     CMS_bTagSF_light_M_corr     985.900183759     951.764165303     1021.4832026     -0.0346242135044     0.0360919081096    0.0360919081096
2015     CMS_bTagSF_bc_T_year     1030.50520477     1030.50520477     1030.50520477     0.0     0.0    0.0
2015     CMS_bTagSF_bc_T_year     908.497437329     908.497437329     908.497437329     0.0     0.0    0.0
2015     CMS_bTagSF_bc_T_year     891.305763937     891.305763937     891.305763937     0.0     0.0    0.0
2015     CMS_bTagSF_bc_T_year     985.900183759     985.900183759     985.900183759     0.0     0.0    0.0
2015     CMS_bTagSF_light_T_year     1030.50520477     1030.50520477     1030.50520477     0.0     0.0    0.0
2015     CMS_bTagSF_light_T_year     908.497437329     908.497437329     908.497437329     0.0     0.0    0.0
2015     CMS_bTagSF_light_T_year     891.305763937     891.305763937     891.305763937     0.0     0.0    0.0
2015     CMS_bTagSF_light_T_year     985.900183759     985.900183759     985.900183759     0.0     0.0    0.0
2015     CMS_bTagSF_bc_M_year     1030.50520477     1053.429894     1007.34274371     0.0222460683611     -0.0224768016283    0.0224768016283
2015     CMS_bTagSF_bc_M_year     908.497437329     889.001607186     928.409389062     -0.0214594222746     0.0219174550354    0.0219174550354
2015     CMS_bTagSF_bc_M_year     891.305763937     911.242082071     870.865861783     0.0223675409058     -0.0229325367133    0.0229325367133
2015     CMS_bTagSF_bc_M_year     985.900183759     963.608849221     1008.62552233     -0.022610133262     0.023050344185    0.023050344185
2015     CMS_bTagSF_light_M_year     1030.50520477     1050.77475561     1009.99531393     0.0196695278576     -0.0199027532797    0.0199027532797
2015     CMS_bTagSF_light_M_year     908.497437329     890.068835645     927.206461086     -0.0202847040914     0.0205933698745    0.0205933698745
2015     CMS_bTagSF_light_M_year     891.305763937     910.947417452     871.416870771     0.0220369421026     -0.0223143324884    0.0223143324884
2015     CMS_bTagSF_light_M_year     985.900183759     966.008922441     1006.05540194     -0.0201757354814     0.0204434673169    0.0204434673169
2015     CMS_jer_eta193     1030.50520477     1030.66932623     1023.68783251     0.000159263107359     -0.00661556315526    0.00661556315526
2015     CMS_jer_eta193     908.497437329     906.053624617     902.139367649     -0.00268995003385     -0.00699844536606    0.00699844536606
2015     CMS_jer_eta193     891.305763937     888.480988783     889.993187257     -0.003169254893     -0.00147264466648    0.003169254893
2015     CMS_jer_eta193     985.900183759     988.2754528     985.28732931     0.00240923886566     -0.000621619164865    0.00240923886566
2015     CMS_jer_193eta25     1030.50520477     1030.47877272     1031.17027477     -2.56496060892e-05     0.000645382468513    0.000645382468513
2015     CMS_jer_193eta25     908.497437329     908.209042616     908.427058181     -0.000317441415888     -7.74676347302e-05    0.000317441415888
2015     CMS_jer_193eta25     891.305763937     891.333225049     891.784255938     3.08099792947e-05     0.000536843831129    0.000536843831129
2015     CMS_jer_193eta25     985.900183759     985.850940737     986.784103086     -4.99472691567e-05     0.000896560667523    0.000896560667523
2015     CMS_jec_FlavorQCD     1030.50520477     1050.88317689     1014.93980055     0.0197747396389     -0.015104634264    0.0197747396389
2015     CMS_jec_FlavorQCD     908.497437329     923.741172174     893.060828147     0.0167790620187     -0.0169913623837    0.0169913623837
2015     CMS_jec_FlavorQCD     891.305763937     899.400036751     880.185609668     0.00908136482687     -0.0124762508206    0.0124762508206
2015     CMS_jec_FlavorQCD     985.900183759     996.695704899     978.880693655     0.0109499128994     -0.00711987909086    0.0109499128994
2015     CMS_jec_RelativeBal     1030.50520477     1045.13685987     1018.37650062     0.0141985261511     -0.0117696680211    0.0141985261511
2015     CMS_jec_RelativeBal     908.497437329     923.750818983     894.47803645     0.0167896804406     -0.0154314148867    0.0167896804406
2015     CMS_jec_RelativeBal     891.305763937     900.835468098     882.024959306     0.0106918462181     -0.0104125935305    0.0106918462181
2015     CMS_jec_RelativeBal     985.900183759     999.181390388     973.162735579     0.0134711473311     -0.0129196123397    0.0134711473311
2015     CMS_jec_Absolute     1030.50520477     1060.47350527     1003.14808206     0.0290811733504     -0.0265472921326    0.0290811733504
2015     CMS_jec_Absolute     908.497437329     938.691359941     880.780258643     0.0332350113177     -0.0305088132859    0.0332350113177
2015     CMS_jec_Absolute     891.305763937     908.638789678     872.107941933     0.0194467784715     -0.0215389855879    0.0215389855879
2015     CMS_jec_Absolute     985.900183759     1010.36195029     960.309353227     0.024811605606     -0.0259568168807    0.0259568168807
2015     CMS_jec_BBEC1_year     1030.50520477     1033.50072338     1027.42881895     0.00290684471064     -0.0029853180846    0.0029853180846
2015     CMS_jec_BBEC1_year     908.497437329     912.222457251     905.616796784     0.00410019860115     -0.00317077454147    0.00410019860115
2015     CMS_jec_BBEC1_year     891.305763937     894.066250659     890.491114698     0.00309712652316     -0.000913995255227    0.00309712652316
2015     CMS_jec_BBEC1_year     985.900183759     990.785801546     982.785829462     0.0049554892755     -0.00315889412376    0.0049554892755
2015     CMS_jec_Absolute_year     1030.50520477     1068.08590162     993.305824177     0.0364682261373     -0.0360981976828    0.0364682261373
2015     CMS_jec_Absolute_year     908.497437329     948.795483389     869.810769783     0.0443568076298     -0.0425831333768    0.0443568076298
2015     CMS_jec_Absolute_year     891.305763937     913.921024766     861.746342501     0.0253731791535     -0.033164176237    0.033164176237
2015     CMS_jec_Absolute_year     985.900183759     1016.87140366     952.169966201     0.0314141536923     -0.0342126090591    0.0342126090591
2015     CMS_jec_RelativeSample_year     1030.50520477     1052.82015099     1010.55137612     0.0216543750698     -0.019363151745    0.0216543750698
2015     CMS_jec_RelativeSample_year     908.497437329     930.933677875     886.561561533     0.0246959866083     -0.0241452258365    0.0246959866083
2015     CMS_jec_RelativeSample_year     891.305763937     904.094430585     874.572061726     0.0143482373451     -0.0187743677733    0.0187743677733
2015     CMS_jec_RelativeSample_year     985.900183759     1012.82694621     962.930377648     0.0273118545843     -0.0232983079719    0.0273118545843
2015     CMS_pu     1030.50520477     1042.0956138     1019.06348529     0.0112473076087     -0.0111030195998    0.0112473076087
2015     CMS_pu     908.497437329     897.061106985     918.573488803     -0.0125881811819     0.0110908969694    0.0125881811819
2015     CMS_pu     891.305763937     901.739357614     880.26015119     0.0117059645518     -0.0123926190018    0.0123926190018
2015     CMS_pu     985.900183759     971.391442501     999.566907948     -0.0147162375027     0.0138621783564    0.0147162375027
2015     CMS_L1Prefiring     1030.50520477     1025.89887308     1034.92038718     -0.00446997421726     0.00428448336185    0.00446997421726
2015     CMS_L1Prefiring     908.497437329     904.668970554     912.191769064     -0.00421406447325     0.00406641954382    0.00421406447325
2015     CMS_L1Prefiring     891.305763937     887.502130558     894.951399904     -0.00426748432743     0.0040902192207    0.00426748432743
2015     CMS_L1Prefiring     985.900183759     981.844842749     989.833947076     -0.00411333832478     0.00399002189255    0.00411333832478
2015     CMS_pdf_QCD     1030.50520477     1054.11413443     1007.39680249     0.0229100537712     -0.0224243431082    0.0229100537712
2015     CMS_pdf_QCD     908.497437329     926.495028522     890.907356178     0.0198102828398     -0.0193617289693    0.0198102828398
2015     CMS_pdf_QCD     891.305763937     910.038960982     872.771334877     0.0210176998771     -0.0207946922482    0.0210176998771
2015     CMS_pdf_QCD     985.900183759     1002.65655678     969.143857581     0.0169960136906     -0.0169959661783    0.0169960136906
2015     CMS_renorm_QCD     1030.50520477     955.906686099     1118.02799963     -0.0723902395908     0.0849319289694    0.0849319289694
2015     CMS_renorm_QCD     908.497437329     842.236006549     986.340586029     -0.0729351873291     0.0856833993153    0.0856833993153
2015     CMS_renorm_QCD     891.305763937     826.830187326     966.935942444     -0.0723383368757     0.0848532361929    0.0848532361929
2015     CMS_renorm_QCD     985.900183759     914.179841058     1070.11052599     -0.0727460486194     0.0854146734278    0.0854146734278
2015     CMS_fact_QCD     1030.50520477     889.117831167     1209.69620383     -0.137201998545     0.173886554118    0.173886554118
2015     CMS_fact_QCD     908.497437329     784.997649439     1064.83688054     -0.135938509913     0.172085728354    0.172085728354
2015     CMS_fact_QCD     891.305763937     772.820456296     1040.57930756     -0.132934524195     0.167477368215    0.167477368215
2015     CMS_fact_QCD     985.900183759     855.825943134     1149.73066122     -0.131934492728     0.166173493181    0.166173493181
2015     CMS_jec_AbsoluteCal     1030.50520477     1033.4502597     1026.89779296     0.00285787486786     -0.00350062454637    0.00350062454637
2015     CMS_jec_AbsoluteCal     908.497437329     912.248559123     906.045064247     0.00412892941706     -0.0026993725916    0.00412892941706
2015     CMS_jec_AbsoluteCal     891.305763937     893.651726317     888.480111136     0.00263205117198     -0.00317023956863    0.00317023956863
2015     CMS_jec_AbsoluteCal     985.900183759     989.224369855     982.882701805     0.0033717268242     -0.0030606363642    0.0033717268242
2015     CMS_jec_AbsoluteTheory     1030.50520477     1060.47351194     1003.1480861     0.0290811798222     -0.0265472882103    0.0290811798222
2015     CMS_jec_AbsoluteTheory     908.497437329     938.691366307     880.780276933     0.0332350183249     -0.030508793154    0.0332350183249
2015     CMS_jec_AbsoluteTheory     891.305763937     908.638800036     872.107949815     0.0194467900921     -0.0215389767449    0.0215389767449
2015     CMS_jec_AbsoluteTheory     985.900183759     1010.36200475     960.309365959     0.0248116608501     -0.0259568039664    0.0259568039664
2015     CMS_jec_AbsolutePU     1030.50520477     1033.44071047     1027.64436756     0.00284860831674     -0.00277615018527    0.00284860831674
2015     CMS_jec_AbsolutePU     908.497437329     910.943852842     906.359303855     0.00269281498481     -0.00235348322018    0.00269281498481
2015     CMS_jec_AbsolutePU     891.305763937     892.654230486     889.921237294     0.00151291128504     -0.00155336888748    0.00155336888748
2015     CMS_jec_AbsolutePU     985.900183759     987.517060927     985.93949203     0.00164000087862     3.98704361835e-05    0.00164000087862
2015     CMS_jec_AbsoluteScale     1030.50520477     1060.47351194     1003.1480861     0.0290811798222     -0.0265472882103    0.0290811798222
2015     CMS_jec_AbsoluteScale     908.497437329     938.691366307     880.780276933     0.0332350183249     -0.030508793154    0.0332350183249
2015     CMS_jec_AbsoluteScale     891.305763937     908.638800036     872.107949815     0.0194467900921     -0.0215389767449    0.0215389767449
2015     CMS_jec_AbsoluteScale     985.900183759     1010.36200475     960.309365959     0.0248116608501     -0.0259568039664    0.0259568039664
2015     CMS_jec_Fragmentation     1030.50520477     1033.002468     1027.86624757     0.00242333878496     -0.00256083830171    0.00256083830171
2015     CMS_jec_Fragmentation     908.497437329     911.72917728     906.139299845     0.0035572361769     -0.00259564571911    0.0035572361769
2015     CMS_jec_Fragmentation     891.305763937     893.852295032     889.516544867     0.00285707912859     -0.00200741332852    0.00285707912859
2015     CMS_jec_Fragmentation     985.900183759     988.535880651     982.934325942     0.00267339121687     -0.00300827392721    0.00300827392721
2015     CMS_jec_AbsoluteMPFBias     1030.50520477     1060.47351194     1003.1480861     0.0290811798222     -0.0265472882103    0.0290811798222
2015     CMS_jec_AbsoluteMPFBias     908.497437329     938.691366307     880.780276933     0.0332350183249     -0.030508793154    0.0332350183249
2015     CMS_jec_AbsoluteMPFBias     891.305763937     908.638800036     872.107949815     0.0194467900921     -0.0215389767449    0.0215389767449
2015     CMS_jec_AbsoluteMPFBias     985.900183759     1010.36200475     960.309365959     0.0248116608501     -0.0259568039664    0.0259568039664
2015     CMS_jec_RelativeFSR     1030.50520477     1037.90660304     1023.48499904     0.00718230070918     -0.00681239231426    0.00718230070918
2015     CMS_jec_RelativeFSR     908.497437329     916.17908744     900.424502256     0.0084553349252     -0.00888602954835    0.00888602954835
2015     CMS_jec_RelativeFSR     891.305763937     898.949016962     887.302099722     0.00857534342819     -0.00449190881148    0.00857534342819
2015     CMS_jec_RelativeFSR     985.900183759     993.618754555     978.574850825     0.00782895765978     -0.00743009592098    0.00782895765978
2015     CMS_scale_QCD     1030.50520477     1312.42947981     824.747026725     0.273578700749     -0.199667286584    0.273578700749
2015     CMS_scale_QCD     908.497437329     1156.06862233     727.739709858     0.272506200709     -0.198963387286    0.272506200709
2015     CMS_scale_QCD     891.305763937     1128.87383928     716.913844075     0.266539368372     -0.195658916298    0.266539368372
2015     CMS_scale_QCD     985.900183759     1247.93334035     793.566863511     0.265780614418     -0.195083968354    0.265780614418
2015     CMS_bTagSF_M     20.0124446549     20.1900257651     19.8139922231     0.00887353410359     -0.0099164512494    0.0099164512494
2015     CMS_bTagSF_M     1.29480931271     1.07559189186     1.54141831553     -0.169304791602     0.190459707391    0.190459707391
2015     CMS_bTagSF_M     4.50607902939     4.52972238245     4.47672630216     0.00524699032211     -0.0065140285029    0.0065140285029
2015     CMS_bTagSF_M     0.345420829051     0.290061007927     0.406560918658     -0.16026775593     0.177001745305    0.177001745305
2015     CMS_bTagSF_T     20.0124446549     20.0124446549     20.0124446549     0.0     0.0    0.0
2015     CMS_bTagSF_T     1.29480931271     1.29480931271     1.29480931271     0.0     0.0    0.0
2015     CMS_bTagSF_T     4.50607902939     4.50607902939     4.50607902939     0.0     0.0    0.0
2015     CMS_bTagSF_T     0.345420829051     0.345420829051     0.345420829051     0.0     0.0    0.0
2015     CMS_bTagSF_M_corr     20.0124446549     20.3591377856     19.7638490026     0.0173238770522     -0.0124220532067    0.0173238770522
2015     CMS_bTagSF_M_corr     1.29480931271     0.953568827628     1.72034170395     -0.263544972786     0.328644833698    0.328644833698
2015     CMS_bTagSF_M_corr     4.50607902939     4.53972659928     4.480735014     0.00746715041348     -0.00562440543573    0.00746715041348
2015     CMS_bTagSF_M_corr     0.345420829051     0.266004464258     0.4427073383     -0.229911916461     0.281646331278    0.281646331278
2015     CMS_bTagSF_T_corr     20.0124446549     20.0124446549     20.0124446549     0.0     0.0    0.0
2015     CMS_bTagSF_T_corr     1.29480931271     1.29480931271     1.29480931271     0.0     0.0    0.0
2015     CMS_bTagSF_T_corr     4.50607902939     4.50607902939     4.50607902939     0.0     0.0    0.0
2015     CMS_bTagSF_T_corr     0.345420829051     0.345420829051     0.345420829051     0.0     0.0    0.0
2015     CMS_jer     20.0124446549     19.9659191699     19.9150681273     -0.00232482766857     -0.00486579872348    0.00486579872348
2015     CMS_jer     1.29480931271     1.30648637285     1.30803742283     0.00901836280336     0.0102162611858    0.0102162611858
2015     CMS_jer     4.50607902939     4.50089348699     4.52771138314     -0.00115078816199     0.00480070447234    0.00480070447234
2015     CMS_jer     0.345420829051     0.341498083794     0.334898664099     -0.0113564236048     -0.0304618716266    0.0304618716266
2015     CMS_jec     20.0124446549     20.9256258414     19.193547076     0.0456306664267     -0.0409194175455    0.0456306664267
2015     CMS_jec     1.29480931271     1.36045707821     1.25245982289     0.0507007208351     -0.032707124829    0.0507007208351
2015     CMS_jec     4.50607902939     4.53966261409     4.46496765013     0.00745295066528     -0.00912353711446    0.00912353711446
2015     CMS_jec     0.345420829051     0.338209594563     0.348890650971     -0.0208766637144     0.0100452017592    0.0208766637144
2015     CMS_bTagSF_bc_T_corr     20.0124446549     20.0124446549     20.0124446549     0.0     0.0    0.0
2015     CMS_bTagSF_bc_T_corr     1.29480931271     1.29480931271     1.29480931271     0.0     0.0    0.0
2015     CMS_bTagSF_bc_T_corr     4.50607902939     4.50607902939     4.50607902939     0.0     0.0    0.0
2015     CMS_bTagSF_bc_T_corr     0.345420829051     0.345420829051     0.345420829051     0.0     0.0    0.0
2015     CMS_bTagSF_light_T_corr     20.0124446549     20.0124446549     20.0124446549     0.0     0.0    0.0
2015     CMS_bTagSF_light_T_corr     1.29480931271     1.29480931271     1.29480931271     0.0     0.0    0.0
2015     CMS_bTagSF_light_T_corr     4.50607902939     4.50607902939     4.50607902939     0.0     0.0    0.0
2015     CMS_bTagSF_light_T_corr     0.345420829051     0.345420829051     0.345420829051     0.0     0.0    0.0
2015     CMS_bTagSF_bc_M_corr     20.0124446549     20.2600796743     19.7098782717     0.01237405143     -0.015118911678    0.015118911678
2015     CMS_bTagSF_bc_M_corr     1.29480931271     0.979551636182     1.66453704214     -0.243478073128     0.285546084507    0.285546084507
2015     CMS_bTagSF_bc_M_corr     4.50607902939     4.53348261578     4.46782625223     0.00608147043301     -0.00848914919391    0.00848914919391
2015     CMS_bTagSF_bc_M_corr     0.345420829051     0.270577135204     0.431693461212     -0.216673945382     0.249760943478    0.249760943478
2015     CMS_bTagSF_light_M_corr     20.0124446549     20.113813612     20.0728466158     0.00506529605941     0.00301822000732    0.00506529605941
2015     CMS_bTagSF_light_M_corr     1.29480931271     1.26244232189     1.34136667281     -0.0249974961545     0.0359569240348    0.0359569240348
2015     CMS_bTagSF_light_M_corr     4.50607902939     4.51661570626     4.52177401184     0.00233832491536     0.00348306861712    0.00348306861712
2015     CMS_bTagSF_light_M_corr     0.345420829051     0.34031617003     0.355396314986     -0.0147780868787     0.0288792252685    0.0288792252685
2015     CMS_bTagSF_bc_T_year     20.0124446549     20.0124446549     20.0124446549     0.0     0.0    0.0
2015     CMS_bTagSF_bc_T_year     1.29480931271     1.29480931271     1.29480931271     0.0     0.0    0.0
2015     CMS_bTagSF_bc_T_year     4.50607902939     4.50607902939     4.50607902939     0.0     0.0    0.0
2015     CMS_bTagSF_bc_T_year     0.345420829051     0.345420829051     0.345420829051     0.0     0.0    0.0
2015     CMS_bTagSF_light_T_year     20.0124446549     20.0124446549     20.0124446549     0.0     0.0    0.0
2015     CMS_bTagSF_light_T_year     1.29480931271     1.29480931271     1.29480931271     0.0     0.0    0.0
2015     CMS_bTagSF_light_T_year     4.50607902939     4.50607902939     4.50607902939     0.0     0.0    0.0
2015     CMS_bTagSF_light_T_year     0.345420829051     0.345420829051     0.345420829051     0.0     0.0    0.0
2015     CMS_bTagSF_bc_M_year     20.0124446549     20.1517424361     19.8522460969     0.00696055797372     -0.00800494696159    0.00800494696159
2015     CMS_bTagSF_bc_M_year     1.29480931271     1.09702268208     1.51164912754     -0.152753481683     0.167468532011    0.167468532011
2015     CMS_bTagSF_bc_M_year     4.50607902939     4.51766724967     4.48978008608     0.00257168598407     -0.00361710107693    0.00361710107693
2015     CMS_bTagSF_bc_M_year     0.345420829051     0.295846095604     0.398816069757     -0.143519814898     0.154580257515    0.154580257515
2015     CMS_bTagSF_light_M_year     20.0124446549     20.0528292687     19.9767867584     0.00201797503929     -0.00178178613907    0.00201797503929
2015     CMS_bTagSF_light_M_year     1.29480931271     1.26982396662     1.32069933951     -0.0192965449345     0.0199952429652    0.0199952429652
2015     CMS_bTagSF_light_M_year     4.50607902939     4.51872937561     4.49370817785     0.00280739555092     -0.00274536941405    0.00280739555092
2015     CMS_bTagSF_light_M_year     0.345420829051     0.338748689352     0.352221445243     -0.0193159738432     0.0196879157841    0.0196879157841
2015     CMS_jer_eta193     20.0124446549     19.9682414155     19.9208043593     -0.00220878759198     -0.00457916547579    0.00457916547579
2015     CMS_jer_eta193     1.29480931271     1.30391789657     1.30765266338     0.00703469134343     0.0099191058855    0.0099191058855
2015     CMS_jer_eta193     4.50607902939     4.50232973841     4.52353304835     -0.000832051759359     0.00387343827052    0.00387343827052
2015     CMS_jer_eta193     0.345420829051     0.338253395401     0.334898664099     -0.0207498594392     -0.0304618716266    0.0304618716266
2015     CMS_jer_193eta25     20.0124446549     20.0083902921     20.0091349471     -0.000202592079502     -0.000165382484566    0.000202592079502
2015     CMS_jer_193eta25     1.29480931271     1.29737779418     1.29740814851     0.00198367547011     0.00200711855801    0.00200711855801
2015     CMS_jer_193eta25     4.50607902939     4.50471773143     4.51080469051     -0.000302102548185     0.00104873019138    0.00104873019138
2015     CMS_jer_193eta25     0.345420829051     0.348665517445     0.345420829051     0.00939343583441     0.0    0.00939343583441
2015     CMS_jec_FlavorQCD     20.0124446549     20.2449935543     19.8254180009     0.0116202144908     -0.00934551761595    0.0116202144908
2015     CMS_jec_FlavorQCD     1.29480931271     1.31350127583     1.27799375202     0.0144360740545     -0.0129869012566    0.0144360740545
2015     CMS_jec_FlavorQCD     4.50607902939     4.51608210387     4.47300219471     0.00221990657736     -0.00734049147107    0.00734049147107
2015     CMS_jec_FlavorQCD     0.345420829051     0.334887959466     0.348416333754     -0.0304928617478     0.00867204421811    0.0304928617478
2015     CMS_jec_RelativeBal     20.0124446549     20.1652225176     19.8942017548     0.00763414292027     -0.00590846856238    0.00763414292027
2015     CMS_jec_RelativeBal     1.29480931271     1.3200509673     1.27907153568     0.0194944957112     -0.0121545133158    0.0194944957112
2015     CMS_jec_RelativeBal     4.50607902939     4.51469854794     4.48914079005     0.00191286448745     -0.00375897520435    0.00375897520435
2015     CMS_jec_RelativeBal     0.345420829051     0.341909491688     0.346701834934     -0.0101653897717     0.00370853687918    0.0101653897717
2015     CMS_jec_Absolute     20.0124446549     20.3833896447     19.6672206368     0.0185357159613     -0.0172504670996    0.0185357159613
2015     CMS_jec_Absolute     1.29480931271     1.33423615064     1.26492716039     0.0304499184153     -0.0230784193666    0.0304499184153
2015     CMS_jec_Absolute     4.50607902939     4.51541460267     4.45099338194     0.00207177309136     -0.0122247406437    0.0122247406437
2015     CMS_jec_Absolute     0.345420829051     0.33717814028     0.349895443025     -0.0238627438692     0.0129540942455    0.0238627438692
2015     CMS_jec_BBEC1_year     20.0124446549     20.0219447002     19.9968016844     0.000474706885255     -0.000781662152089    0.000781662152089
2015     CMS_jec_BBEC1_year     1.29480931271     1.29714178354     1.29139726898     0.00180140102881     -0.00263517082439    0.00263517082439
2015     CMS_jec_BBEC1_year     4.50607902939     4.50979000888     4.49466812086     0.000823549580059     -0.00253233652847    0.00253233652847
2015     CMS_jec_BBEC1_year     0.345420829051     0.34537185477     0.348741165402     -0.000141781492214     0.00961243813712    0.00961243813712
2015     CMS_jec_Absolute_year     20.0124446549     20.5798960512     19.489144526     0.028354926449     -0.0261487358463    0.028354926449
2015     CMS_jec_Absolute_year     1.29480931271     1.3416399261     1.26032972782     0.0361679615171     -0.0266290831823    0.0361679615171
2015     CMS_jec_Absolute_year     4.50607902939     4.53318668269     4.45647246545     0.00601579624469     -0.0110088091265    0.0110088091265
2015     CMS_jec_Absolute_year     0.345420829051     0.336793000179     0.348522639003     -0.0249777319321     0.00897979997477    0.0249777319321
2015     CMS_jec_RelativeSample_year     20.0124446549     20.2490476532     19.8239303068     0.0118227933863     -0.00941985606415    0.0118227933863
2015     CMS_jec_RelativeSample_year     1.29480931271     1.32877351013     1.25900213693     0.0262310419701     -0.0276544008677    0.0276544008677
2015     CMS_jec_RelativeSample_year     4.50607902939     4.4933568103     4.51229029889     -0.0028233457525     0.00137842000922    0.0028233457525
2015     CMS_jec_RelativeSample_year     0.345420829051     0.336801477252     0.351266195365     -0.0249531906431     0.0169224488587    0.0249531906431
2015     CMS_pu     20.0124446549     20.1051921216     19.9314747395     0.00463448960242     -0.00404597823167    0.00463448960242
2015     CMS_pu     1.29480931271     1.28629454224     1.30111983571     -0.00657608064978     0.00487370837969    0.00657608064978
2015     CMS_pu     4.50607902939     4.51698675927     4.50119266593     0.00242066990116     -0.00108439364477    0.00242066990116
2015     CMS_pu     0.345420829051     0.34797470173     0.342121139093     0.00739351094179     -0.00955266643128    0.00955266643128
2015     CMS_topPt     20.0124446549     17.3193267459     20.0124446549     -0.134572160248     0.0    0.134572160248
2015     CMS_topPt     1.29480931271     1.13170991049     1.29480931271     -0.125964032404     0.0    0.125964032404
2015     CMS_topPt     4.50607902939     3.96822294228     4.50607902939     -0.119362328889     0.0    0.119362328889
2015     CMS_topPt     0.345420829051     0.308496527558     0.345420829051     -0.106896569017     0.0    0.106896569017
2015     CMS_L1Prefiring     20.0124446549     19.9176456479     20.1008548479     -0.00473700283403     0.00441776077324    0.00473700283403
2015     CMS_L1Prefiring     1.29480931271     1.28894452847     1.30025584459     -0.00452945787368     0.00420643551459    0.00452945787368
2015     CMS_L1Prefiring     4.50607902939     4.48052878454     4.53039923618     -0.00567017237809     0.00539719934499    0.00567017237809
2015     CMS_L1Prefiring     0.345420829051     0.34310972517     0.347692775636     -0.00669069056136     0.00657732943043    0.00669069056136
2015     CMS_pdf_TTbar     20.0124446549     20.540504121     19.4969099069     0.0263865547242     -0.0257607082473    0.0263865547242
2015     CMS_pdf_TTbar     1.29480931271     1.32724029849     1.26502579156     0.025046920394     -0.023002245084    0.025046920394
2015     CMS_pdf_TTbar     4.50607902939     4.6462459331     4.36623587471     0.0311061796284     -0.0310343324581    0.0311061796284
2015     CMS_pdf_TTbar     0.345420829051     0.354771392297     0.336093729573     0.0270700619637     -0.0270021339017    0.0270700619637
2015     CMS_renorm_TTbar     20.0124446549     16.4950816301     24.7864752382     -0.175758788366     0.238553093617    0.238553093617
2015     CMS_renorm_TTbar     1.29480931271     1.06664824961     1.6050830408     -0.176212096143     0.239628897512    0.239628897512
2015     CMS_renorm_TTbar     4.50607902939     3.75062944732     5.51831126284     -0.167651205659     0.22463703518    0.22463703518
2015     CMS_renorm_TTbar     0.345420829051     0.28367023989     0.430201076872     -0.178769153357     0.245440461866    0.245440461866
2015     CMS_fact_TTbar     20.0124446549     17.0302736518     23.8538654467     -0.149015827629     0.191951601017    0.191951601017
2015     CMS_fact_TTbar     1.29480931271     1.10285103054     1.54204285767     -0.148252163686     0.190942050337    0.190942050337
2015     CMS_fact_TTbar     4.50607902939     3.8370249649     5.36617934676     -0.148478102609     0.190875550953    0.190875550953
2015     CMS_fact_TTbar     0.345420829051     0.2922423179     0.414615332758     -0.153952821251     0.200319430351    0.200319430351
2015     CMS_jec_AbsoluteCal     20.0124446549     20.0633183977     19.9599179387     0.00254210535849     -0.00262470263711    0.00262470263711
2015     CMS_jec_AbsoluteCal     1.29480931271     1.30739322404     1.28696513984     0.0097187371194     -0.00605816840872    0.0097187371194
2015     CMS_jec_AbsoluteCal     4.50607902939     4.51303964628     4.49912297968     0.00154471700186     -0.00154370344351    0.00154471700186
2015     CMS_jec_AbsoluteCal     0.345420829051     0.344879872348     0.348817919808     -0.00156608014928     0.00983464363377    0.00983464363377
2015     CMS_jec_AbsoluteTheory     20.0124446549     20.3833896447     19.6672206368     0.0185357159613     -0.0172504670996    0.0185357159613
2015     CMS_jec_AbsoluteTheory     1.29480931271     1.33423615064     1.26492716039     0.0304499184153     -0.0230784193666    0.0304499184153
2015     CMS_jec_AbsoluteTheory     4.50607902939     4.51541460267     4.45099338194     0.00207177309136     -0.0122247406437    0.0122247406437
2015     CMS_jec_AbsoluteTheory     0.345420829051     0.33717814028     0.349895443025     -0.0238627438692     0.0129540942455    0.0238627438692
2015     CMS_jec_AbsolutePU     20.0124446549     20.0345637682     19.9675476238     0.00110526792804     -0.00224345560665    0.00224345560665
2015     CMS_jec_AbsolutePU     1.29480931271     1.30013870849     1.29741250808     0.00411596960647     0.00201048551412    0.00411596960647
2015     CMS_jec_AbsolutePU     4.50607902939     4.51470894862     4.49604655128     0.0019151726312     -0.002226431903    0.002226431903
2015     CMS_jec_AbsolutePU     0.345420829051     0.340429108486     0.348700541469     -0.014451127858     0.00949483106295    0.014451127858
2015     CMS_jec_AbsoluteScale     20.0124446549     20.3833896447     19.6672206368     0.0185357159613     -0.0172504670996    0.0185357159613
2015     CMS_jec_AbsoluteScale     1.29480931271     1.33423615064     1.26492716039     0.0304499184153     -0.0230784193666    0.0304499184153
2015     CMS_jec_AbsoluteScale     4.50607902939     4.51541460267     4.45099338194     0.00207177309136     -0.0122247406437    0.0122247406437
2015     CMS_jec_AbsoluteScale     0.345420829051     0.33717814028     0.349895443025     -0.0238627438692     0.0129540942455    0.0238627438692
2015     CMS_jec_Fragmentation     20.0124446549     20.04487069     19.9648819936     0.00162029355298     -0.00237665423618    0.00237665423618
2015     CMS_jec_Fragmentation     1.29480931271     1.31043089776     1.28983067684     0.0120647765638     -0.00384507264189    0.0120647765638
2015     CMS_jec_Fragmentation     4.50607902939     4.51488670563     4.50040074664     0.00195462089843     -0.00126013829519    0.00195462089843
2015     CMS_jec_Fragmentation     0.345420829051     0.344879872348     0.348777189446     -0.00156608014928     0.00971672844564    0.00971672844564
2015     CMS_jec_AbsoluteMPFBias     20.0124446549     20.3833896447     19.6672206368     0.0185357159613     -0.0172504670996    0.0185357159613
2015     CMS_jec_AbsoluteMPFBias     1.29480931271     1.33423615064     1.26492716039     0.0304499184153     -0.0230784193666    0.0304499184153
2015     CMS_jec_AbsoluteMPFBias     4.50607902939     4.51541460267     4.45099338194     0.00207177309136     -0.0122247406437    0.0122247406437
2015     CMS_jec_AbsoluteMPFBias     0.345420829051     0.33717814028     0.349895443025     -0.0238627438692     0.0129540942455    0.0238627438692
2015     CMS_jec_RelativeFSR     20.0124446549     20.0877420188     19.9129510947     0.00376252702426     -0.00497158452757    0.00497158452757
2015     CMS_jec_RelativeFSR     1.29480931271     1.31313747843     1.28367514234     0.0141551080482     -0.00859908115932    0.0141551080482
2015     CMS_jec_RelativeFSR     4.50607902939     4.51933877755     4.46599569351     0.00294263550996     -0.00889539122982    0.00889539122982
2015     CMS_jec_RelativeFSR     0.345420829051     0.341126302117     0.348772072637     -0.0124327387714     0.00970191518274    0.0124327387714
2015     CMS_scale_TTbar     20.0124446549     29.561041408     14.0432759912     0.477132949906     -0.298272838058    0.477132949906
2015     CMS_scale_TTbar     1.29480931271     1.91263769915     0.908922233318     0.477157818046     -0.298026184708    0.477157818046
2015     CMS_scale_TTbar     4.50607902939     6.57411512626     3.19467581392     0.458943592286     -0.291029785966    0.458943592286
2015     CMS_scale_TTbar     0.345420829051     0.516434271365     0.240027813497     0.495087232532     -0.305114824267    0.495087232532
2015     CMS_bTagSF_M     601.492235079     606.760314887     594.127373339     0.00875835048415     -0.0122443172339    0.0122443172339
2015     CMS_bTagSF_M     23.5972319041     15.7292265174     33.8144475394     -0.333429167397     0.432983651508    0.432983651508
2015     CMS_bTagSF_M     69.0901132659     69.7627437723     68.0973410768     0.00973555367906     -0.0143692366697    0.0143692366697
2015     CMS_bTagSF_M     3.17113401938     2.27824675031     4.26714351888     -0.281567181838     0.345620681057    0.345620681057
2015     CMS_bTagSF_T     601.492235079     601.492235079     601.492235079     0.0     0.0    0.0
2015     CMS_bTagSF_T     23.5972319041     23.5972319041     23.5972319041     0.0     0.0    0.0
2015     CMS_bTagSF_T     69.0901132659     69.0901132659     69.0901132659     0.0     0.0    0.0
2015     CMS_bTagSF_T     3.17113401938     3.17113401938     3.17113401938     0.0     0.0    0.0
2015     CMS_bTagSF_M_corr     601.492235079     609.017672397     590.31999503     0.0125112792477     -0.0185742049483    0.0185742049483
2015     CMS_bTagSF_M_corr     23.5972319041     13.4041365065     38.150611655     -0.431961487645     0.61674097242    0.61674097242
2015     CMS_bTagSF_M_corr     69.0901132659     70.159289491     67.4542873124     0.0154750972982     -0.0236767009945    0.0236767009945
2015     CMS_bTagSF_M_corr     3.17113401938     1.98032609211     4.7713847292     -0.375514853674     0.504630425596    0.504630425596
2015     CMS_bTagSF_T_corr     601.492235079     601.492235079     601.492235079     0.0     0.0    0.0
2015     CMS_bTagSF_T_corr     23.5972319041     23.5972319041     23.5972319041     0.0     0.0    0.0
2015     CMS_bTagSF_T_corr     69.0901132659     69.0901132659     69.0901132659     0.0     0.0    0.0
2015     CMS_bTagSF_T_corr     3.17113401938     3.17113401938     3.17113401938     0.0     0.0    0.0
2015     CMS_jer     601.492235079     602.218015543     603.01313533     0.00120663313953     0.00252854511228    0.00252854511228
2015     CMS_jer     23.5972319041     23.6024518358     23.5701532351     0.000221209493525     -0.00114753582505    0.00114753582505
2015     CMS_jer     69.0901132659     69.2788302125     69.5950677741     0.00273146095295     0.00730863627812    0.00730863627812
2015     CMS_jer     3.17113401938     3.20250931348     3.1968173728     0.00989402967664     0.00809910690091    0.00989402967664
2015     CMS_jec     601.492235079     607.881614975     594.293669273     0.0106225475969     -0.0119678449475    0.0119678449475
2015     CMS_jec     23.5972319041     23.6937638007     23.0300936097     0.00409081442616     -0.0240341026739    0.0240341026739
2015     CMS_jec     69.0901132659     68.884019573     68.9771247255     -0.00298296938777     -0.00163537929057    0.00298296938777
2015     CMS_jec     3.17113401938     3.28077835716     3.12195046187     0.034575750222     -0.0155097694408    0.034575750222
2015     CMS_bTagSF_bc_T_corr     601.492235079     601.492235079     601.492235079     0.0     0.0    0.0
2015     CMS_bTagSF_bc_T_corr     23.5972319041     23.5972319041     23.5972319041     0.0     0.0    0.0
2015     CMS_bTagSF_bc_T_corr     69.0901132659     69.0901132659     69.0901132659     0.0     0.0    0.0
2015     CMS_bTagSF_bc_T_corr     3.17113401938     3.17113401938     3.17113401938     0.0     0.0    0.0
2015     CMS_bTagSF_light_T_corr     601.492235079     601.492235079     601.492235079     0.0     0.0    0.0
2015     CMS_bTagSF_light_T_corr     23.5972319041     23.5972319041     23.5972319041     0.0     0.0    0.0
2015     CMS_bTagSF_light_T_corr     69.0901132659     69.0901132659     69.0901132659     0.0     0.0    0.0
2015     CMS_bTagSF_light_T_corr     3.17113401938     3.17113401938     3.17113401938     0.0     0.0    0.0
2015     CMS_bTagSF_bc_M_corr     601.492235079     609.097374017     590.02886122     0.0126437857294     -0.0190582241804    0.0190582241804
2015     CMS_bTagSF_bc_M_corr     23.5972319041     13.5120260307     37.8285084172     -0.427389361361     0.603090929099    0.603090929099
2015     CMS_bTagSF_bc_M_corr     69.0901132659     69.7310667545     67.8509516968     0.00927706524656     -0.0179354398264    0.0179354398264
2015     CMS_bTagSF_bc_M_corr     3.17113401938     1.98350432877     4.75615998398     -0.374512613896     0.49982938435    0.49982938435
2015     CMS_bTagSF_light_M_corr     601.492235079     601.383248524     601.792231776     -0.000181193618819     0.000498754064372    0.000498754064372
2015     CMS_bTagSF_light_M_corr     23.5972319041     23.4016053174     23.7952629305     -0.00829023452438     0.00839212952089    0.00839212952089
2015     CMS_bTagSF_light_M_corr     69.0901132659     69.5257850936     68.6938518832     0.00630584908781     -0.0057354281808    0.00630584908781
2015     CMS_bTagSF_light_M_corr     3.17113401938     3.16310708037     3.17903050008     -0.00253125189892     0.00249011257613    0.00253125189892
2015     CMS_bTagSF_bc_T_year     601.492235079     601.492235079     601.492235079     0.0     0.0    0.0
2015     CMS_bTagSF_bc_T_year     23.5972319041     23.5972319041     23.5972319041     0.0     0.0    0.0
2015     CMS_bTagSF_bc_T_year     69.0901132659     69.0901132659     69.0901132659     0.0     0.0    0.0
2015     CMS_bTagSF_bc_T_year     3.17113401938     3.17113401938     3.17113401938     0.0     0.0    0.0
2015     CMS_bTagSF_light_T_year     601.492235079     601.492235079     601.492235079     0.0     0.0    0.0
2015     CMS_bTagSF_light_T_year     23.5972319041     23.5972319041     23.5972319041     0.0     0.0    0.0
2015     CMS_bTagSF_light_T_year     69.0901132659     69.0901132659     69.0901132659     0.0     0.0    0.0
2015     CMS_bTagSF_light_T_year     3.17113401938     3.17113401938     3.17113401938     0.0     0.0    0.0
2015     CMS_bTagSF_bc_M_year     601.492235079     606.886343838     594.190751905     0.0089678776289     -0.0121389483498    0.0121389483498
2015     CMS_bTagSF_bc_M_year     23.5972319041     15.9524976765     33.3947299934     -0.323967415273     0.415196923484    0.415196923484
2015     CMS_bTagSF_bc_M_year     69.0901132659     69.6932648094     68.1977308599     0.00872992552859     -0.0129162099144    0.0129162099144
2015     CMS_bTagSF_bc_M_year     3.17113401938     2.31142365268     4.21405729032     -0.271105024715     0.328880225358    0.328880225358
2015     CMS_bTagSF_light_M_year     601.492235079     601.453178881     601.534765693     -6.49321728419e-05     7.07085004243e-05    7.07085004243e-05
2015     CMS_bTagSF_light_M_year     23.5972319041     23.2867116669     23.9104129584     -0.0131591806355     0.013271940355    0.013271940355
2015     CMS_bTagSF_light_M_year     69.0901132659     69.1746006562     69.0035064643     0.0012228578923     -0.00125353393514    0.00125353393514
2015     CMS_bTagSF_light_M_year     3.17113401938     3.12890483445     3.21376097339     -0.0133167455768     0.0134421799092    0.0134421799092
2015     CMS_jer_eta193     601.492235079     602.215220203     603.016698117     0.00120198579707     0.00253446835926    0.00253446835926
2015     CMS_jer_eta193     23.5972319041     23.603287197     23.5701532351     0.000256610306396     -0.00114753582505    0.00114753582505
2015     CMS_jer_eta193     69.0901132659     69.2802759978     69.5947782933     0.00275238703389     0.00730444637519    0.00730444637519
2015     CMS_jer_eta193     3.17113401938     3.20250931348     3.1968173728     0.00989402967664     0.00809910690091    0.00989402967664
2015     CMS_jer_193eta25     601.492235079     601.495018609     601.488189326     4.62770768284e-06     -6.72619409081e-06    6.72619409081e-06
2015     CMS_jer_193eta25     23.5972319041     23.5963965429     23.5972319041     -3.5400812871e-05     0.0    3.5400812871e-05
2015     CMS_jer_193eta25     69.0901132659     69.0889463972     69.0906817743     -1.68890828808e-05     8.22850610271e-06    1.68890828808e-05
2015     CMS_jer_193eta25     3.17113401938     3.17113401938     3.17113401938     0.0     0.0    0.0
2015     CMS_jec_FlavorQCD     601.492235079     603.720354989     599.650962998     0.00370432032149     -0.00306117348454    0.00370432032149
2015     CMS_jec_FlavorQCD     23.5972319041     23.6546986494     23.530901953     0.00243531722789     -0.00281092084485    0.00281092084485
2015     CMS_jec_FlavorQCD     69.0901132659     68.8635228869     69.2985708047     -0.00327963536697     0.00301718334174    0.00327963536697
2015     CMS_jec_FlavorQCD     3.17113401938     3.08957185503     3.20274877121     -0.025720188377     0.00996954138017    0.025720188377
2015     CMS_jec_RelativeBal     601.492235079     602.844950646     600.208385846     0.00224893271777     -0.0021344402441    0.00224893271777
2015     CMS_jec_RelativeBal     23.5972319041     23.6175712068     23.5981288638     0.000861935960309     3.80112274974e-05    0.000861935960309
2015     CMS_jec_RelativeBal     69.0901132659     69.104787293     69.4382285725     0.000212389680728     0.00503856905318    0.00503856905318
2015     CMS_jec_RelativeBal     3.17113401938     3.24327227365     3.15308628856     0.0227484091902     -0.00569125451846    0.0227484091902
2015     CMS_jec_Absolute     601.492235079     604.40090373     598.424114092     0.00483575428036     -0.00510084886923    0.00510084886923
2015     CMS_jec_Absolute     23.5972319041     23.7436887505     23.2897627665     0.00620652655419     -0.013029881589    0.013029881589
2015     CMS_jec_Absolute     69.0901132659     69.0973133365     69.1862126687     0.000104212748832     0.00139092843055    0.00139092843055
2015     CMS_jec_Absolute     3.17113401938     3.26830711444     3.20274879808     0.0306430111312     0.00996954985302    0.0306430111312
2015     CMS_jec_BBEC1_year     601.492235079     601.561018404     601.357423886     0.000114354468126     -0.000224127903239    0.000224127903239
2015     CMS_jec_BBEC1_year     23.5972319041     23.5972319199     23.5983438281     6.72946143254e-10     4.71209529294e-05    4.71209529294e-05
2015     CMS_jec_BBEC1_year     69.0901132659     69.1185976162     69.1007896473     0.00041227824091     0.000154528352841    0.00041227824091
2015     CMS_jec_BBEC1_year     3.17113401938     3.17113402732     3.17113402732     2.50378251465e-09     2.50378251465e-09    2.50378251465e-09
2015     CMS_jec_Absolute_year     601.492235079     605.379976738     597.358489761     0.00646349434262     -0.0068724832625    0.0068724832625
2015     CMS_jec_Absolute_year     23.5972319041     23.6726169491     23.2801713705     0.00319465627835     -0.0134363443497    0.0134363443497
2015     CMS_jec_Absolute_year     69.0901132659     68.8210156421     69.0232941684     -0.00389487889207     -0.000967129656023    0.00389487889207
2015     CMS_jec_Absolute_year     3.17113401938     3.25002668072     3.20250932447     0.0248783750082     0.00989403314192    0.0248783750082
2015     CMS_jec_RelativeSample_year     601.492235079     603.394556023     599.051973325     0.00316266916265     -0.00405701289493    0.00405701289493
2015     CMS_jec_RelativeSample_year     23.5972319041     23.7129038446     23.5145663929     0.00490192837066     -0.00350318679489    0.00490192837066
2015     CMS_jec_RelativeSample_year     69.0901132659     69.5940091566     69.0691452423     0.00729331400531     -0.000303488047465    0.00729331400531
2015     CMS_jec_RelativeSample_year     3.17113401938     3.20522093198     3.15308628856     0.0107491239379     -0.00569125451846    0.0107491239379
2015     CMS_pu     601.492235079     602.548833551     600.349710601     0.00175662861459     -0.00189948333769    0.00189948333769
2015     CMS_pu     23.5972319041     23.223294972     23.9351285558     -0.0158466439463     0.01431933428    0.0158466439463
2015     CMS_pu     69.0901132659     69.065771988     69.0376018262     -0.000352312027893     -0.000760042749584    0.000760042749584
2015     CMS_pu     3.17113401938     3.17878419724     3.14450003755     0.00241244230465     -0.00839888243964    0.00839888243964
2015     CMS_L1Prefiring     601.492235079     599.712410665     603.099778302     -0.00295901478133     0.00267259181292    0.00295901478133
2015     CMS_L1Prefiring     23.5972319041     23.5335769252     23.6550941223     -0.00269756126846     0.002452076518    0.00269756126846
2015     CMS_L1Prefiring     69.0901132659     68.7243045411     69.4373574291     -0.00529466095039     0.0050259602548    0.00529466095039
2015     CMS_L1Prefiring     3.17113401938     3.15224252519     3.18932355728     -0.00595733074565     0.00573597261545    0.00595733074565
2015     CMS_pdf_sig     601.492235079     604.343140056     598.641345452     0.00473972033276     -0.00473969481443    0.00473972033276
2015     CMS_pdf_sig     23.5972319041     23.7038163663     23.4906481305     0.00451682056088     -0.00451679137601    0.00451682056088
2015     CMS_pdf_sig     69.0901132659     69.5085621491     68.6716649302     0.00605656675724     -0.00605655883166    0.00605656675724
2015     CMS_pdf_sig     3.17113401938     3.18865844091     3.15360962767     0.0055262317578     -0.00552622235715    0.0055262317578
2015     CMS_renorm_sig     601.492235079     601.492235079     601.492235079     0.0     0.0    0.0
2015     CMS_renorm_sig     23.5972319041     23.5972319041     23.5972319041     0.0     0.0    0.0
2015     CMS_renorm_sig     69.0901132659     69.0901132659     69.0901132659     0.0     0.0    0.0
2015     CMS_renorm_sig     3.17113401938     3.17113401938     3.17113401938     0.0     0.0    0.0
2015     CMS_fact_sig     601.492235079     543.123307392     670.721590007     -0.0970402014911     0.115096007712    0.115096007712
2015     CMS_fact_sig     23.5972319041     21.3322600975     26.2774307363     -0.0959846398835     0.113581069304    0.113581069304
2015     CMS_fact_sig     69.0901132659     62.3152275095     77.1349551386     -0.0980586864918     0.116439842004    0.116439842004
2015     CMS_fact_sig     3.17113401938     2.86206433107     3.53774681538     -0.0974634583162     0.115609366795    0.115609366795
2015     CMS_jec_AbsoluteCal     601.492235079     602.149197818     601.345981315     0.0010922214792     -0.000243151541809    0.0010922214792
2015     CMS_jec_AbsoluteCal     23.5972319041     23.5857804235     23.5980425675     -0.000485289146813     3.4354174804e-05    0.000485289146813
2015     CMS_jec_AbsoluteCal     69.0901132659     69.0577154683     69.3088559527     -0.000468920892068     0.00316604904037    0.00316604904037
2015     CMS_jec_AbsoluteCal     3.17113401938     3.16544207416     3.20250931348     -0.00179492420995     0.00989402967664    0.00989402967664
2015     CMS_jec_AbsoluteTheory     601.492235079     604.400955226     598.4241419     0.00483583989409     -0.00510080263678    0.00510080263678
2015     CMS_jec_AbsoluteTheory     23.5972319041     23.7436884964     23.2897627665     0.00620651578706     -0.013029881589    0.013029881589
2015     CMS_jec_AbsoluteTheory     69.0901132659     69.0973136992     69.1862133159     0.000104217998374     0.00139093779767    0.00139093779767
2015     CMS_jec_AbsoluteTheory     3.17113401938     3.26830712238     3.2027487822     0.030643013635     0.00996954484545    0.030643013635
2015     CMS_jec_AbsolutePU     601.492235079     601.924985043     601.341324974     0.000719460599182     -0.000250892856959    0.000719460599182
2015     CMS_jec_AbsolutePU     23.5972319041     23.5855365974     23.59868788     -0.000495621975225     6.1701130788e-05    0.000495621975225
2015     CMS_jec_AbsolutePU     69.0901132659     69.1197574052     69.0178335981     0.000429064853292     -0.00104616513614    0.00104616513614
2015     CMS_jec_AbsolutePU     3.17113401938     3.16540074141     3.20250931348     -0.00180795826743     0.00989402967664    0.00989402967664
2015     CMS_jec_AbsoluteScale     601.492235079     604.400955226     598.4241419     0.00483583989409     -0.00510080263678    0.00510080263678
2015     CMS_jec_AbsoluteScale     23.5972319041     23.7436884964     23.2897627665     0.00620651578706     -0.013029881589    0.013029881589
2015     CMS_jec_AbsoluteScale     69.0901132659     69.0973136992     69.1862133159     0.000104217998374     0.00139093779767    0.00139093779767
2015     CMS_jec_AbsoluteScale     3.17113401938     3.26830712238     3.2027487822     0.030643013635     0.00996954484545    0.030643013635
2015     CMS_jec_Fragmentation     601.492235079     602.063460116     601.509723672     0.000949679819618     2.90753433736e-05    0.000949679819618
2015     CMS_jec_Fragmentation     23.5972319041     23.5972318089     23.5980426273     -4.03087763168e-09     3.43567104879e-05    3.43567104879e-05
2015     CMS_jec_Fragmentation     69.0901132659     69.1497180289     69.2034872558     0.000862710454505     0.00164095822977    0.00164095822977
2015     CMS_jec_Fragmentation     3.17113401938     3.1654420821     3.20250932142     -0.00179492170617     0.00989403218042    0.00989403218042
2015     CMS_jec_AbsoluteMPFBias     601.492235079     604.40090373     598.424114092     0.00483575428036     -0.00510084886923    0.00510084886923
2015     CMS_jec_AbsoluteMPFBias     23.5972319041     23.7436887505     23.2897627665     0.00620652655419     -0.013029881589    0.013029881589
2015     CMS_jec_AbsoluteMPFBias     69.0901132659     69.0973133365     69.1862126687     0.000104212748832     0.00139092843055    0.00139092843055
2015     CMS_jec_AbsoluteMPFBias     3.17113401938     3.26830711444     3.20274879808     0.0306430111312     0.00996954985302    0.0306430111312
2015     CMS_jec_RelativeFSR     601.492235079     602.107877892     600.93515825     0.00102352578596     -0.000926157972363    0.00102352578596
2015     CMS_jec_RelativeFSR     23.5972319041     23.6024740584     23.5977483031     0.000222151241907     2.18838809325e-05    0.000222151241907
2015     CMS_jec_RelativeFSR     69.0901132659     69.0335313819     69.2678101682     -0.00081895775334     0.00257195847495    0.00257195847495
2015     CMS_jec_RelativeFSR     3.17113401938     3.16544207416     3.20250933241     -0.00179492420995     0.0098940356457    0.0098940356457
2015     CMS_scale_sig     601.492235079     670.721590007     543.123307392     0.115096007712     -0.0970402014911    0.115096007712
2015     CMS_scale_sig     23.5972319041     26.2774307363     21.3322600975     0.113581069304     -0.0959846398835    0.113581069304
2015     CMS_scale_sig     69.0901132659     77.1349551386     62.3152275095     0.116439842004     -0.0980586864918    0.116439842004
2015     CMS_scale_sig     3.17113401938     3.53774681538     2.86206433107     0.115609366795     -0.0974634583162    0.115609366795
2015     CMS_bTagSF_M     514.967936294     515.505382019     512.268555158     0.00104364890942     -0.00524184312422    0.00524184312422
2015     CMS_bTagSF_M     18.078543063     11.5950723326     26.7449571122     -0.358627944066     0.479375689678    0.479375689678
2015     CMS_bTagSF_M     57.6370724198     57.9249269937     57.1237550978     0.00499426084174     -0.00890602698037    0.00890602698037
2015     CMS_bTagSF_M     2.98232432618     2.01924179321     4.20296269711     -0.322930180503     0.409290954781    0.409290954781
2015     CMS_bTagSF_T     514.967936294     514.967936294     514.967936294     0.0     0.0    0.0
2015     CMS_bTagSF_T     18.078543063     18.078543063     18.078543063     0.0     0.0    0.0
2015     CMS_bTagSF_T     57.6370724198     57.6370724198     57.6370724198     0.0     0.0    0.0
2015     CMS_bTagSF_T     2.98232432618     2.98232432618     2.98232432618     0.0     0.0    0.0
2015     CMS_bTagSF_M_corr     514.967936294     516.608870289     511.558267886     0.00318647799195     -0.00662112758397    0.00662112758397
2015     CMS_bTagSF_M_corr     18.078543063     10.6363169678     28.4888471312     -0.411660722288     0.575837556819    0.575837556819
2015     CMS_bTagSF_M_corr     57.6370724198     57.9164039209     57.2904880336     0.00484638600355     -0.00601321982075    0.00601321982075
2015     CMS_bTagSF_M_corr     2.98232432618     1.89162779677     4.41214694095     -0.365720294013     0.479432301248    0.479432301248
2015     CMS_bTagSF_T_corr     514.967936294     514.967936294     514.967936294     0.0     0.0    0.0
2015     CMS_bTagSF_T_corr     18.078543063     18.078543063     18.078543063     0.0     0.0    0.0
2015     CMS_bTagSF_T_corr     57.6370724198     57.6370724198     57.6370724198     0.0     0.0    0.0
2015     CMS_bTagSF_T_corr     2.98232432618     2.98232432618     2.98232432618     0.0     0.0    0.0
2015     CMS_jer     514.967936294     514.864850887     515.329161034     -0.000200178300554     0.00070145093385    0.00070145093385
2015     CMS_jer     18.078543063     18.167194956     18.1849730537     0.00490370782307     0.00588708892867    0.00588708892867
2015     CMS_jer     57.6370724198     57.6153634295     57.6030783254     -0.000376649774444     -0.000589795647478    0.000589795647478
2015     CMS_jer     2.98232432618     3.00150439709     3.03832250942     0.00643124918978     0.0187766913033    0.0187766913033
2015     CMS_jec     514.967936294     519.098395103     510.710292902     0.00802080773943     -0.00826778347191    0.00826778347191
2015     CMS_jec     18.078543063     18.0793330004     18.1372464077     4.36947495637e-05     0.00324712807218    0.00324712807218
2015     CMS_jec     57.6370724198     57.2029649229     58.4821955104     -0.00753174092061     0.0146628386042    0.0146628386042
2015     CMS_jec     2.98232432618     2.91053830838     3.05675385624     -0.0240704933308     0.0249568866143    0.0249568866143
2015     CMS_bTagSF_bc_T_corr     514.967936294     514.967936294     514.967936294     0.0     0.0    0.0
2015     CMS_bTagSF_bc_T_corr     18.078543063     18.078543063     18.078543063     0.0     0.0    0.0
2015     CMS_bTagSF_bc_T_corr     57.6370724198     57.6370724198     57.6370724198     0.0     0.0    0.0
2015     CMS_bTagSF_bc_T_corr     2.98232432618     2.98232432618     2.98232432618     0.0     0.0    0.0
2015     CMS_bTagSF_light_T_corr     514.967936294     514.967936294     514.967936294     0.0     0.0    0.0
2015     CMS_bTagSF_light_T_corr     18.078543063     18.078543063     18.078543063     0.0     0.0    0.0
2015     CMS_bTagSF_light_T_corr     57.6370724198     57.6370724198     57.6370724198     0.0     0.0    0.0
2015     CMS_bTagSF_light_T_corr     2.98232432618     2.98232432618     2.98232432618     0.0     0.0    0.0
2015     CMS_bTagSF_bc_M_corr     514.967936294     515.742197813     510.637489507     0.00150351403391     -0.00840915808912    0.00840915808912
2015     CMS_bTagSF_bc_M_corr     18.078543063     10.1296800259     29.5373205158     -0.439684935306     0.6338330148    0.6338330148
2015     CMS_bTagSF_bc_M_corr     57.6370724198     57.9397231396     56.9463286873     0.00525097315094     -0.0119843653317    0.0119843653317
2015     CMS_bTagSF_bc_M_corr     2.98232432618     1.78434762997     4.61477082668     -0.401692292717     0.547373901011    0.547373901011
2015     CMS_bTagSF_light_M_corr     514.967936294     515.480962417     515.501333056     0.000996229254471     0.00103578635662    0.00103578635662
2015     CMS_bTagSF_light_M_corr     18.078543063     18.8524836771     17.3558455289     0.0428098996366     -0.0399754300749    0.0428098996366
2015     CMS_bTagSF_light_M_corr     57.6370724198     57.5281692797     57.8660243513     -0.00188946342301     0.00397230327367    0.00397230327367
2015     CMS_bTagSF_light_M_corr     2.98232432618     3.13347114566     2.83179338478     0.0506808793916     -0.0504743699658    0.0506808793916
2015     CMS_bTagSF_bc_T_year     514.967936294     514.967936294     514.967936294     0.0     0.0    0.0
2015     CMS_bTagSF_bc_T_year     18.078543063     18.078543063     18.078543063     0.0     0.0    0.0
2015     CMS_bTagSF_bc_T_year     57.6370724198     57.6370724198     57.6370724198     0.0     0.0    0.0
2015     CMS_bTagSF_bc_T_year     2.98232432618     2.98232432618     2.98232432618     0.0     0.0    0.0
2015     CMS_bTagSF_light_T_year     514.967936294     514.967936294     514.967936294     0.0     0.0    0.0
2015     CMS_bTagSF_light_T_year     18.078543063     18.078543063     18.078543063     0.0     0.0    0.0
2015     CMS_bTagSF_light_T_year     57.6370724198     57.6370724198     57.6370724198     0.0     0.0    0.0
2015     CMS_bTagSF_light_T_year     2.98232432618     2.98232432618     2.98232432618     0.0     0.0    0.0
2015     CMS_bTagSF_bc_M_year     514.967936294     515.410853619     512.550536736     0.000860087190851     -0.00469427198833    0.00469427198833
2015     CMS_bTagSF_bc_M_year     18.078543063     11.8358308773     26.2704271909     -0.345310579726     0.453127450555    0.453127450555
2015     CMS_bTagSF_bc_M_year     57.6370724198     57.8427701475     57.2278834114     0.00356884413116     -0.00709940653296    0.00709940653296
2015     CMS_bTagSF_bc_M_year     2.98232432618     2.06106332352     4.12966546234     -0.308907047627     0.384713736894    0.384713736894
2015     CMS_bTagSF_light_M_year     514.967936294     515.14698082     514.801818589     0.000347680921257     -0.000322578733983    0.000347680921257
2015     CMS_bTagSF_light_M_year     18.078543063     17.7352379131     18.4258518819     -0.018989646936     0.0192111066557    0.0192111066557
2015     CMS_bTagSF_light_M_year     57.6370724198     57.7280053468     57.5443668608     0.00157768122426     -0.00160843629222    0.00160843629222
2015     CMS_bTagSF_light_M_year     2.98232432618     2.92629339106     3.038907759     -0.0187876733022     0.0189729307189    0.0189729307189
2015     CMS_jer_eta193     514.967936294     514.846856332     515.328846569     -0.000235121360775     0.000700840285142    0.000700840285142
2015     CMS_jer_eta193     18.078543063     18.1670925743     18.1913234448     0.00489804465846     0.00623835567855    0.00623835567855
2015     CMS_jer_eta193     57.6370724198     57.6572112949     57.6538110919     0.000349408361417     0.000290415029332    0.000349408361417
2015     CMS_jer_eta193     2.98232432618     3.00221105282     3.03789209443     0.00666819717064     0.0186323693112    0.0186323693112
2015     CMS_jer_193eta25     514.967936294     514.980415263     514.968246028     2.4232517106e-05     6.01462468497e-07    2.4232517106e-05
2015     CMS_jer_193eta25     18.078543063     18.0786454448     18.0721926724     5.66316461237e-06     -0.000351266721536    0.000351266721536
2015     CMS_jer_193eta25     57.6370724198     57.6151910374     57.5868772352     -0.000379640768408     -0.00087088366092    0.00087088366092
2015     CMS_jer_193eta25     2.98232432618     2.98161767046     2.98275474117     -0.000236947980864     0.000144321992115    0.000236947980864
2015     CMS_jec_FlavorQCD     514.967936294     516.177330743     513.704472382     0.00234848495198     -0.00245348073775    0.00245348073775
2015     CMS_jec_FlavorQCD     18.078543063     18.0415689685     18.0682614506     -0.00204519215538     -0.000568719079844    0.00204519215538
2015     CMS_jec_FlavorQCD     57.6370724198     57.2126840538     58.0859621563     -0.00736311454097     0.00778821195432    0.00778821195432
2015     CMS_jec_FlavorQCD     2.98232432618     2.94979672209     2.98279201313     -0.0109067963553     0.000156819613288    0.0109067963553
2015     CMS_jec_RelativeBal     514.967936294     515.574737204     514.187013689     0.00117832755709     -0.0015164489866    0.0015164489866
2015     CMS_jec_RelativeBal     18.078543063     18.1664017788     18.0662489847     0.00485983386563     -0.000680037003764    0.00485983386563
2015     CMS_jec_RelativeBal     57.6370724198     57.6069363526     57.9019937547     -0.000522859089423     0.00459637042229    0.00459637042229
2015     CMS_jec_RelativeBal     2.98232432618     2.91745311963     3.04538777306     -0.021751895319     0.0211457373455    0.021751895319
2015     CMS_jec_Absolute     514.967936294     517.120846192     513.132207173     0.00418066785669     -0.00356474450397    0.00418066785669
2015     CMS_jec_Absolute     18.078543063     18.0684044332     18.1566054333     -0.000560810110693     0.00431795693295    0.00431795693295
2015     CMS_jec_Absolute     57.6370724198     57.1523994018     58.3688564872     -0.00840904989924     0.0126964128582    0.0126964128582
2015     CMS_jec_Absolute     2.98232432618     2.91730137985     3.07475934205     -0.0218027750236     0.0309942869236    0.0309942869236
2015     CMS_jec_BBEC1_year     514.967936294     514.960022309     514.957552354     -1.53679170167e-05     -2.01642443289e-05    2.01642443289e-05
2015     CMS_jec_BBEC1_year     18.078543063     18.0780737126     18.1672895516     -2.59617391002e-05     0.00490894030083    0.00490894030083
2015     CMS_jec_BBEC1_year     57.6370724198     57.6993129404     57.6458102516     0.0010798695695     0.000151600894809    0.0010798695695
2015     CMS_jec_BBEC1_year     2.98232432618     2.98219399182     3.04581819784     -4.3702276954e-05     0.0212900626196    0.0212900626196
2015     CMS_jec_Absolute_year     514.967936294     517.579459976     512.595895891     0.00507123550505     -0.00460619047377    0.00507123550505
2015     CMS_jec_Absolute_year     18.078543063     18.1225330372     18.0594614518     0.00243326987547     -0.00105548390392    0.00243326987547
2015     CMS_jec_Absolute_year     57.6370724198     57.1133075261     58.4056256866     -0.00908729176741     0.0133343564212    0.0133343564212
2015     CMS_jec_Absolute_year     2.98232432618     2.88794809398     3.05615402479     -0.031645194112     0.0247557577703    0.031645194112
2015     CMS_jec_RelativeSample_year     514.967936294     516.245011633     513.762642497     0.00247991233824     -0.0023405220235    0.00247991233824
2015     CMS_jec_RelativeSample_year     18.078543063     18.1258470993     18.1415471352     0.00261658454049     0.00348501933886    0.00348501933886
2015     CMS_jec_RelativeSample_year     57.6370724198     57.7250461161     57.8765441772     0.00152633873605     0.00415482166847    0.00415482166847
2015     CMS_jec_RelativeSample_year     2.98232432618     2.93358156062     2.9942709967     -0.0163438849144     0.00400582539373    0.0163438849144
2015     CMS_pu     514.967936294     517.785467646     512.622802643     0.00547127530331     -0.00455394110175    0.00547127530331
2015     CMS_pu     18.078543063     17.9801053965     18.1587611171     -0.00544499997372     0.00443719683825    0.00544499997372
2015     CMS_pu     57.6370724198     57.879888545     57.446519648     0.00421284626245     -0.00330607999119    0.00421284626245
2015     CMS_pu     2.98232432618     2.93463236591     3.04531017901     -0.0159915405105     0.0211197193667    0.0211197193667
2015     CMS_L1Prefiring     514.967936294     513.365151967     516.411137476     -0.00311239635236     0.00280250687646    0.00311239635236
2015     CMS_L1Prefiring     18.078543063     18.0231630847     18.1297999672     -0.00306329874826     0.00283523423566    0.00306329874826
2015     CMS_L1Prefiring     57.6370724198     57.2571359693     58.000340647     -0.00659187627922     0.00630268353243    0.00659187627922
2015     CMS_L1Prefiring     2.98232432618     2.95643445621     3.0079056678     -0.00868110478317     0.00857765246842    0.00868110478317
2015     CMS_pdf_sig     514.967936294     518.667730736     511.268087251     0.00718451418418     -0.00718462021009    0.00718462021009
2015     CMS_pdf_sig     18.078543063     18.2024748962     17.9546116633     0.00685518920255     -0.00685516522484    0.00685518920255
2015     CMS_pdf_sig     57.6370724198     58.0941398913     57.1800075123     0.00793009520292     -0.00793005071776    0.00793009520292
2015     CMS_pdf_sig     2.98232432618     3.00551316544     2.95913550866     0.00777542504551     -0.00777541775608    0.00777542504551
2015     CMS_renorm_sig     514.967936294     514.967936294     514.967936294     0.0     0.0    0.0
2015     CMS_renorm_sig     18.078543063     18.078543063     18.078543063     0.0     0.0    0.0
2015     CMS_renorm_sig     57.6370724198     57.6370724198     57.6370724198     0.0     0.0    0.0
2015     CMS_renorm_sig     2.98232432618     2.98232432618     2.98232432618     0.0     0.0    0.0
2015     CMS_fact_sig     514.967936294     456.84934243     585.229518467     -0.112858665108     0.136438751273    0.136438751273
2015     CMS_fact_sig     18.078543063     16.0595333691     20.5135807797     -0.111679889627     0.134692143511    0.134692143511
2015     CMS_fact_sig     57.6370724198     51.0934878566     65.5563866111     -0.113530828138     0.137399660649    0.137399660649
2015     CMS_fact_sig     2.98232432618     2.64469486553     3.39044147372     -0.113210175595     0.136845326968    0.136845326968
2015     CMS_jec_AbsoluteCal     514.967936294     515.208662214     514.587068461     0.000467458076032     -0.000739595237345    0.000739595237345
2015     CMS_jec_AbsoluteCal     18.078543063     18.078432644     18.0712968102     -6.10773540344e-06     -0.000400820618554    0.000400820618554
2015     CMS_jec_AbsoluteCal     57.6370724198     57.5733355724     57.8960813259     -0.00110583075672     0.00449379011168    0.00449379011168
2015     CMS_jec_AbsoluteCal     2.98232432618     2.97746122902     2.9823243427     -0.00163063993968     5.53793499947e-09    0.00163063993968
2015     CMS_jec_AbsoluteTheory     514.967936294     517.120842434     513.132203405     0.00418066055791     -0.0035647518218    0.00418066055791
2015     CMS_jec_AbsoluteTheory     18.078543063     18.0684048754     18.1566053925     -0.000560785653886     0.00431795467171    0.00431795467171
2015     CMS_jec_AbsoluteTheory     57.6370724198     57.1524003138     58.3688559026     -0.00840903407662     0.0126964027155    0.0126964027155
2015     CMS_jec_AbsoluteTheory     2.98232432618     2.91730135658     3.07475934063     -0.0218027828265     0.030994286449    0.030994286449
2015     CMS_jec_AbsolutePU     514.967936294     515.133276893     514.735099218     0.000321069696303     -0.000452138976637    0.000452138976637
2015     CMS_jec_AbsolutePU     18.078543063     18.071914949     18.0715316806     -0.000366628769963     -0.000387828953022    0.000387828953022
2015     CMS_jec_AbsolutePU     57.6370724198     57.590363911     57.6505058906     -0.000810390030077     0.000233069970829    0.000810390030077
2015     CMS_jec_AbsolutePU     2.98232432618     2.98210366607     2.9823615729     -7.39893094389e-05     1.24891571593e-05    7.39893094389e-05
2015     CMS_jec_AbsoluteScale     514.967936294     517.120842434     513.132203405     0.00418066055791     -0.0035647518218    0.00418066055791
2015     CMS_jec_AbsoluteScale     18.078543063     18.0684048754     18.1566053925     -0.000560785653886     0.00431795467171    0.00431795467171
2015     CMS_jec_AbsoluteScale     57.6370724198     57.1524003138     58.3688559026     -0.00840903407662     0.0126964027155    0.0126964027155
2015     CMS_jec_AbsoluteScale     2.98232432618     2.91730135658     3.07475934063     -0.0218027828265     0.030994286449    0.030994286449
2015     CMS_jec_Fragmentation     514.967936294     515.178018637     514.600287928     0.00040795227924     -0.000713924770822    0.000713924770822
2015     CMS_jec_Fragmentation     18.078543063     18.0784329903     18.0711341463     -6.08858397788e-06     -0.000409818239096    0.000409818239096
2015     CMS_jec_Fragmentation     57.6370724198     57.5088218541     57.8806347536     -0.00222514018132     0.0042257929409    0.0042257929409
2015     CMS_jec_Fragmentation     2.98232432618     2.97746120575     2.98232431455     -0.00163064774255     -3.9014380615e-09    0.00163064774255
2015     CMS_jec_AbsoluteMPFBias     514.967936294     517.120846192     513.132207173     0.00418066785669     -0.00356474450397    0.00418066785669
2015     CMS_jec_AbsoluteMPFBias     18.078543063     18.0684044332     18.1566054333     -0.000560810110693     0.00431795693295    0.00431795693295
2015     CMS_jec_AbsoluteMPFBias     57.6370724198     57.1523994018     58.3688564872     -0.00840904989924     0.0126964128582    0.0126964128582
2015     CMS_jec_AbsoluteMPFBias     2.98232432618     2.91730137985     3.07475934205     -0.0218027750236     0.0309942869236    0.0309942869236
2015     CMS_jec_RelativeFSR     514.967936294     515.414200417     514.360292458     0.000866586231691     -0.00117996440798    0.00117996440798
2015     CMS_jec_RelativeFSR     18.078543063     18.0922837364     18.1900856734     0.000760054245156     0.00616988935402    0.00616988935402
2015     CMS_jec_RelativeFSR     57.6370724198     57.2054453015     57.9689949036     -0.0074887064904     0.0057588366268    0.0074887064904
2015     CMS_jec_RelativeFSR     2.98232432618     2.97759154012     3.04538780479     -0.0015869454656     0.0211457479828    0.0211457479828
2015     CMS_scale_sig     514.967936294     585.229518467     456.84934243     0.136438751273     -0.112858665108    0.136438751273
2015     CMS_scale_sig     18.078543063     20.5135807797     16.0595333691     0.134692143511     -0.111679889627    0.134692143511
2015     CMS_scale_sig     57.6370724198     65.5563866111     51.0934878566     0.137399660649     -0.113530828138    0.137399660649
2015     CMS_scale_sig     2.98232432618     3.39044147372     2.64469486553     0.136845326968     -0.113210175595    0.136845326968
2015     CMS_bTagSF_M     295.463130551     295.808247843     293.628666596     0.00116805535738     -0.00620877451218    0.00620877451218
2015     CMS_bTagSF_M     11.8977294947     7.48336622549     17.8458184914     -0.371025687814     0.499934798434    0.499934798434
2015     CMS_bTagSF_M     34.0197700444     34.0414721708     33.8169906363     0.000637926898463     -0.00596063429603    0.00596063429603
2015     CMS_bTagSF_M     1.5689119802     1.04772199497     2.23976019624     -0.332198358992     0.427588178633    0.427588178633
2015     CMS_bTagSF_T     295.463130551     295.463130551     295.463130551     0.0     0.0    0.0
2015     CMS_bTagSF_T     11.8977294947     11.8977294947     11.8977294947     0.0     0.0    0.0
2015     CMS_bTagSF_T     34.0197700444     34.0197700444     34.0197700444     0.0     0.0    0.0
2015     CMS_bTagSF_T     1.5689119802     1.5689119802     1.5689119802     0.0     0.0    0.0
2015     CMS_bTagSF_M_corr     295.463130551     295.750139914     293.599863375     0.000971388081943     -0.00630625950381    0.00630625950381
2015     CMS_bTagSF_M_corr     11.8977294947     6.77565651     19.1571243168     -0.430508441713     0.610149594117    0.610149594117
2015     CMS_bTagSF_M_corr     34.0197700444     33.8616294839     33.9792824192     -0.0046484899889     -0.00119012048403    0.0046484899889
2015     CMS_bTagSF_M_corr     1.5689119802     0.929278271633     2.44506130262     -0.40769253893     0.558443898375    0.558443898375
2015     CMS_bTagSF_T_corr     295.463130551     295.463130551     295.463130551     0.0     0.0    0.0
2015     CMS_bTagSF_T_corr     11.8977294947     11.8977294947     11.8977294947     0.0     0.0    0.0
2015     CMS_bTagSF_T_corr     34.0197700444     34.0197700444     34.0197700444     0.0     0.0    0.0
2015     CMS_bTagSF_T_corr     1.5689119802     1.5689119802     1.5689119802     0.0     0.0    0.0
2015     CMS_jer     295.463130551     295.372709176     295.512287514     -0.000306032681273     0.000166372579558    0.000306032681273
2015     CMS_jer     11.8977294947     11.9082079918     11.8579102475     0.000880714020614     -0.00334679378551    0.00334679378551
2015     CMS_jer     34.0197700444     34.1650787962     34.0724980781     0.00427130317488     0.00154992328529    0.00427130317488
2015     CMS_jer     1.5689119802     1.5689119802     1.52173012619     0.0     -0.0300729770702    0.0300729770702
2015     CMS_jec     295.463130551     297.182345088     293.630078429     0.00581871089852     -0.00620399614079    0.00620399614079
2015     CMS_jec     11.8977294947     11.845041292     11.8590162287     -0.0044284249903     -0.00325383645515    0.0044284249903
2015     CMS_jec     34.0197700444     33.5816331866     34.0926072211     -0.0128788894578     0.0021410249589    0.0128788894578
2015     CMS_jec     1.5689119802     1.57599938576     1.53192800904     0.00451740164824     -0.0235730057641    0.0235730057641
2015     CMS_bTagSF_bc_T_corr     295.463130551     295.463130551     295.463130551     0.0     0.0    0.0
2015     CMS_bTagSF_bc_T_corr     11.8977294947     11.8977294947     11.8977294947     0.0     0.0    0.0
2015     CMS_bTagSF_bc_T_corr     34.0197700444     34.0197700444     34.0197700444     0.0     0.0    0.0
2015     CMS_bTagSF_bc_T_corr     1.5689119802     1.5689119802     1.5689119802     0.0     0.0    0.0
2015     CMS_bTagSF_light_T_corr     295.463130551     295.463130551     295.463130551     0.0     0.0    0.0
2015     CMS_bTagSF_light_T_corr     11.8977294947     11.8977294947     11.8977294947     0.0     0.0    0.0
2015     CMS_bTagSF_light_T_corr     34.0197700444     34.0197700444     34.0197700444     0.0     0.0    0.0
2015     CMS_bTagSF_light_T_corr     1.5689119802     1.5689119802     1.5689119802     0.0     0.0    0.0
2015     CMS_bTagSF_bc_M_corr     295.463130551     295.492026864     293.163110683     9.7800065104e-05     -0.00778445643272    0.00778445643272
2015     CMS_bTagSF_bc_M_corr     11.8977294947     6.55635607307     19.6235674033     -0.448940566685     0.649353972297    0.649353972297
2015     CMS_bTagSF_bc_M_corr     34.0197700444     33.81909791     33.9485419242     -0.00589869167488     -0.00209372726832    0.00589869167488
2015     CMS_bTagSF_bc_M_corr     1.5689119802     0.91703277927     2.47189717256     -0.415497624567     0.575548662868    0.575548662868
2015     CMS_bTagSF_light_M_corr     295.463130551     295.540611642     295.719479023     0.000262236074782     0.000867615773535    0.000867615773535
2015     CMS_bTagSF_light_M_corr     11.8977294947     12.2463112515     11.5873016506     0.0292981746605     -0.0260913516494    0.0292981746605
2015     CMS_bTagSF_light_M_corr     34.0197700444     34.0788457192     34.0604222814     0.00173651011555     0.00119495919482    0.00173651011555
2015     CMS_bTagSF_light_M_corr     1.5689119802     1.58764063293     1.55037690562     0.0119373508317     -0.0118139671353    0.0119373508317
2015     CMS_bTagSF_bc_T_year     295.463130551     295.463130551     295.463130551     0.0     0.0    0.0
2015     CMS_bTagSF_bc_T_year     11.8977294947     11.8977294947     11.8977294947     0.0     0.0    0.0
2015     CMS_bTagSF_bc_T_year     34.0197700444     34.0197700444     34.0197700444     0.0     0.0    0.0
2015     CMS_bTagSF_bc_T_year     1.5689119802     1.5689119802     1.5689119802     0.0     0.0    0.0
2015     CMS_bTagSF_light_T_year     295.463130551     295.463130551     295.463130551     0.0     0.0    0.0
2015     CMS_bTagSF_light_T_year     11.8977294947     11.8977294947     11.8977294947     0.0     0.0    0.0
2015     CMS_bTagSF_light_T_year     34.0197700444     34.0197700444     34.0197700444     0.0     0.0    0.0
2015     CMS_bTagSF_light_T_year     1.5689119802     1.5689119802     1.5689119802     0.0     0.0    0.0
2015     CMS_bTagSF_bc_M_year     295.463130551     295.563913911     294.051314621     0.000341103001998     -0.00477831506893    0.00477831506893
2015     CMS_bTagSF_bc_M_year     11.8977294947     7.63139123846     17.5408094069     -0.35858423728     0.474298891631    0.474298891631
2015     CMS_bTagSF_bc_M_year     34.0197700444     33.9999541131     33.8839031666     -0.000582482809906     -0.00399376237889    0.00399376237889
2015     CMS_bTagSF_bc_M_year     1.5689119802     1.06314954622     2.2113672592     -0.322365078707     0.409490963875    0.409490963875
2015     CMS_bTagSF_light_M_year     295.463130551     295.790525335     295.137207438     0.00110807322552     -0.00110309232668    0.00110807322552
2015     CMS_bTagSF_light_M_year     11.8977294947     11.6810785206     12.1168237674     -0.0182094385496     0.0184147969393    0.0184147969393
2015     CMS_bTagSF_light_M_year     34.0197700444     34.0731201616     33.968005009     0.00156820922564     -0.00152161626333    0.00156820922564
2015     CMS_bTagSF_light_M_year     1.5689119802     1.54767961515     1.5903200787     -0.0135331779683     0.0136451877307    0.0136451877307
2015     CMS_jer_eta193     295.463130551     295.375011517     295.508238657     -0.000298240371948     0.00015266915537    0.000298240371948
2015     CMS_jer_eta193     11.8977294947     11.9081708365     11.8163949369     0.000877591129781     -0.00683614111289    0.00683614111289
2015     CMS_jer_eta193     34.0197700444     34.131966067     34.0720177329     0.00329796534313     0.00153580369608    0.00329796534313
2015     CMS_jer_eta193     1.5689119802     1.5689119802     1.52173012619     0.0     -0.0300729770702    0.0300729770702
2015     CMS_jer_193eta25     295.463130551     295.460825869     295.467179079     -7.80023465696e-06     1.37023132778e-05    1.37023132778e-05
2015     CMS_jer_193eta25     11.8977294947     11.89776665     11.8977364386     3.12289083304e-06     5.83636947882e-07    3.12289083304e-06
2015     CMS_jer_193eta25     34.0197700444     34.0528826788     34.0202503888     0.000973335045681     1.41195681744e-05    0.000973335045681
2015     CMS_jer_193eta25     1.5689119802     1.5689119802     1.5689119802     0.0     0.0    0.0
2015     CMS_jec_FlavorQCD     295.463130551     296.205255459     294.726714322     0.00251173439762     -0.00249241327531    0.00251173439762
2015     CMS_jec_FlavorQCD     11.8977294947     11.8399394368     11.8989581204     -0.00485723413542     0.000103265559542    0.00485723413542
2015     CMS_jec_FlavorQCD     34.0197700444     33.7907691549     34.067466637     -0.00673140615425     0.00140202572218    0.00673140615425
2015     CMS_jec_FlavorQCD     1.5689119802     1.55493373929     1.56891197663     -0.00890951250783     -2.27554552978e-09    0.00890951250783
2015     CMS_jec_RelativeBal     295.463130551     295.844555745     294.927702804     0.00129094007009     -0.00181216433022    0.00181216433022
2015     CMS_jec_RelativeBal     11.8977294947     11.9016639389     11.8917788896     0.000330688660542     -0.000500146271544    0.000500146271544
2015     CMS_jec_RelativeBal     34.0197700444     33.8377235975     34.1865088166     -0.00535119569179     0.00490123160717    0.00535119569179
2015     CMS_jec_RelativeBal     1.5689119802     1.5264772486     1.55874936012     -0.0270472353649     -0.00647749536591    0.0270472353649
2015     CMS_jec_Absolute     295.463130551     296.513307933     294.318987873     0.00355434324551     -0.00387237038811    0.00387237038811
2015     CMS_jec_Absolute     11.8977294947     11.9018195935     11.8918663371     0.000343771371523     -0.000492796345626    0.000492796345626
2015     CMS_jec_Absolute     34.0197700444     33.8402427168     34.1011596733     -0.00527714700258     0.00239242149028    0.00527714700258
2015     CMS_jec_Absolute     1.5689119802     1.57114404414     1.56891197752     0.00142268270651     -1.70665914734e-09    0.00142268270651
2015     CMS_jec_BBEC1_year     295.463130551     295.450671075     295.477899542     -4.21693084695e-05     4.99859026384e-05    4.99859026384e-05
2015     CMS_jec_BBEC1_year     11.8977294947     11.8976300536     11.897874707     -8.35799125598e-06     1.22050495452e-05    1.22050495452e-05
2015     CMS_jec_BBEC1_year     34.0197700444     34.0468204348     34.0064715469     0.00079513736784     -0.000390904978862    0.00079513736784
2015     CMS_jec_BBEC1_year     1.5689119802     1.5689119802     1.5264772486     0.0     -0.0270472353649    0.0270472353649
2015     CMS_jec_Absolute_year     295.463130551     296.549396033     294.222504048     0.003676484036     -0.00419892153784    0.00419892153784
2015     CMS_jec_Absolute_year     11.8977294947     11.9754103493     11.8914065671     0.00652904864833     -0.000531439850627    0.00652904864833
2015     CMS_jec_Absolute_year     34.0197700444     33.8467149267     34.0883991564     -0.00508689851458     0.002017330273    0.00508689851458
2015     CMS_jec_Absolute_year     1.5689119802     1.59602591216     1.56891197604     0.0172819968901     -2.65059862947e-09    0.0172819968901
2015     CMS_jec_RelativeSample_year     295.463130551     296.107221395     294.745763709     0.00217993643702     -0.00242794029832    0.00242794029832
2015     CMS_jec_RelativeSample_year     11.8977294947     11.8920230368     11.9037720888     -0.00047962578569     0.000507877921737    0.000507877921737
2015     CMS_jec_RelativeSample_year     34.0197700444     33.7406149094     33.9353914509     -0.00820567377599     -0.00248028112393    0.00820567377599
2015     CMS_jec_RelativeSample_year     1.5689119802     1.56540442566     1.54443506498     -0.00223566049828     -0.0156012035922    0.0156012035922
2015     CMS_pu     295.463130551     296.887668512     294.026597767     0.00482137300321     -0.00486196968292    0.00486196968292
2015     CMS_pu     11.8977294947     11.7311888329     12.0862769173     -0.0139976843342     0.0158473448807    0.0158473448807
2015     CMS_pu     34.0197700444     33.824209874     34.184312165     -0.00574842716813     0.00483666175218    0.00574842716813
2015     CMS_pu     1.5689119802     1.5848266282     1.54955878842     0.0101437481515     -0.012335422268    0.012335422268
2015     CMS_L1Prefiring     295.463130551     294.542835115     296.292238111     -0.00311475558274     0.00280612866567    0.00311475558274
2015     CMS_L1Prefiring     11.8977294947     11.868155575     11.9245656352     -0.00248567759721     0.00225556822136    0.00248567759721
2015     CMS_L1Prefiring     34.0197700444     33.7781426638     34.2524970023     -0.00710255772704     0.00684093271733    0.00710255772704
2015     CMS_L1Prefiring     1.5689119802     1.55471646331     1.5827739024     -0.00904800082121     0.00883537278009    0.00904800082121
2015     CMS_pdf_sig     295.463130551     297.580600178     293.345676045     0.00716661203424     -0.00716656085398    0.00716661203424
2015     CMS_pdf_sig     11.8977294947     11.9764774928     11.8189809204     0.00661874167918     -0.00661879010559    0.00661879010559
2015     CMS_pdf_sig     34.0197700444     34.2948376224     33.7447044901     0.00808552137864     -0.00808546189074    0.00808552137864
2015     CMS_pdf_sig     1.5689119802     1.57972079932     1.55810312821     0.00688937254677     -0.00688939349076    0.00688939349076
2015     CMS_renorm_sig     295.463130551     295.463130551     295.463130551     0.0     0.0    0.0
2015     CMS_renorm_sig     11.8977294947     11.8977294947     11.8977294947     0.0     0.0    0.0
2015     CMS_renorm_sig     34.0197700444     34.0197700444     34.0197700444     0.0     0.0    0.0
2015     CMS_renorm_sig     1.5689119802     1.5689119802     1.5689119802     0.0     0.0    0.0
2015     CMS_fact_sig     295.463130551     261.965411736     335.979988235     -0.113373600123     0.137129995237    0.137129995237
2015     CMS_fact_sig     11.8977294947     10.5732465782     13.4939268837     -0.111322325579     0.134159831903    0.134159831903
2015     CMS_fact_sig     34.0197700444     30.1540188434     38.6964550238     -0.113632490635     0.137469623498    0.137469623498
2015     CMS_fact_sig     1.5689119802     1.39320715735     1.78099247074     -0.111991510719     0.135176793355    0.135176793355
2015     CMS_jec_AbsoluteCal     295.463130551     295.495333534     295.33584814     0.00010899154745     -0.000430789486047    0.000430789486047
2015     CMS_jec_AbsoluteCal     11.8977294947     11.897729519     11.8917420744     2.04286187966e-09     -0.000503240581621    0.000503240581621
2015     CMS_jec_AbsoluteCal     34.0197700444     33.9785253747     34.0841164892     -0.001212373558     0.00189144267295    0.00189144267295
2015     CMS_jec_AbsoluteCal     1.5689119802     1.5689119802     1.56891197663     0.0     -2.27554552978e-09    2.27554552978e-09
2015     CMS_jec_AbsoluteTheory     295.463130551     296.513353887     294.319008108     0.00355449877956     -0.00387230190274    0.00387230190274
2015     CMS_jec_AbsoluteTheory     11.8977294947     11.9018199726     11.8918664779     0.000343803239033     -0.000492784508418    0.000492784508418
2015     CMS_jec_AbsoluteTheory     34.0197700444     33.8402432122     34.1011600058     -0.00527713244313     0.00239243126429    0.00527713244313
2015     CMS_jec_AbsoluteTheory     1.5689119802     1.57114404414     1.56891197752     0.00142268270651     -1.70665914734e-09    0.00142268270651
2015     CMS_jec_AbsolutePU     295.463130551     295.535609679     295.396201835     0.000245306846604     -0.000226521377258    0.000245306846604
2015     CMS_jec_AbsolutePU     11.8977294947     11.9015656303     11.8986107375     0.000322425856719     7.406814977e-05    0.000322425856719
2015     CMS_jec_AbsolutePU     34.0197700444     34.0231212977     34.0308089229     9.85089937766e-05     0.000324484219421    0.000324484219421
2015     CMS_jec_AbsolutePU     1.5689119802     1.5689119802     1.5689119802     0.0     0.0    0.0
2015     CMS_jec_AbsoluteScale     295.463130551     296.513353887     294.319008108     0.00355449877956     -0.00387230190274    0.00387230190274
2015     CMS_jec_AbsoluteScale     11.8977294947     11.9018199726     11.8918664779     0.000343803239033     -0.000492784508418    0.000492784508418
2015     CMS_jec_AbsoluteScale     34.0197700444     33.8402432122     34.1011600058     -0.00527713244313     0.00239243126429    0.00527713244313
2015     CMS_jec_AbsoluteScale     1.5689119802     1.57114404414     1.56891197752     0.00142268270651     -1.70665914734e-09    0.00142268270651
2015     CMS_jec_Fragmentation     295.463130551     295.535131215     295.311231444     0.000243687475762     -0.000514105113192    0.000514105113192
2015     CMS_jec_Fragmentation     11.8977294947     11.8977299194     11.8915472026     3.56987925887e-08     -0.000519619485546    0.000519619485546
2015     CMS_jec_Fragmentation     34.0197700444     33.9785256818     34.0764919227     -0.00121236453208     0.00166732103955    0.00166732103955
2015     CMS_jec_Fragmentation     1.5689119802     1.5689119802     1.5689119802     0.0     0.0    0.0
2015     CMS_jec_AbsoluteMPFBias     295.463130551     296.513307933     294.318987873     0.00355434324551     -0.00387237038811    0.00387237038811
2015     CMS_jec_AbsoluteMPFBias     11.8977294947     11.9018195935     11.8918663371     0.000343771371523     -0.000492796345626    0.000492796345626
2015     CMS_jec_AbsoluteMPFBias     34.0197700444     33.8402427168     34.1011596733     -0.00527714700258     0.00239242149028    0.00527714700258
2015     CMS_jec_AbsoluteMPFBias     1.5689119802     1.57114404414     1.56891197752     0.00142268270651     -1.70665914734e-09    0.00142268270651
2015     CMS_jec_RelativeFSR     295.463130551     295.740360076     294.964439948     0.000938288051901     -0.00168782684307    0.00168782684307
2015     CMS_jec_RelativeFSR     11.8977294947     11.9547145744     11.8915468114     0.00478957601033     -0.000519652362955    0.00478957601033
2015     CMS_jec_RelativeFSR     34.0197700444     33.9274193507     34.0896971301     -0.00271461839821     0.00205548378665    0.00271461839821
2015     CMS_jec_RelativeFSR     1.5689119802     1.5821226905     1.51631462852     0.0084203004804     -0.0335247307308    0.0335247307308
2015     CMS_scale_sig     295.463130551     335.979988235     261.965411736     0.137129995237     -0.113373600123    0.137129995237
2015     CMS_scale_sig     11.8977294947     13.4939268837     10.5732465782     0.134159831903     -0.111322325579    0.134159831903
2015     CMS_scale_sig     34.0197700444     38.6964550238     30.1540188434     0.137469623498     -0.113632490635    0.137469623498
2015     CMS_scale_sig     1.5689119802     1.78099247074     1.39320715735     0.135176793355     -0.111991510719    0.135176793355
2015     CMS_bTagSF_M     96.5970202445     95.2696695934     97.5128078536     -0.0137411138335     0.00948049543134    0.0137411138335
2015     CMS_bTagSF_M     3.55344625422     2.27891578636     5.26798881799     -0.358674474489     0.482501335636    0.482501335636
2015     CMS_bTagSF_M     9.70821348443     9.62157520268     9.79263366814     -0.0089242250266     0.0086957485895    0.0089242250266
2015     CMS_bTagSF_M     0.441419538675     0.30089297715     0.62376039265     -0.318351475666     0.413078348372    0.413078348372
2015     CMS_bTagSF_T     96.5970202445     96.5970202445     96.5970202445     0.0     0.0    0.0
2015     CMS_bTagSF_T     3.55344625422     3.55344625422     3.55344625422     0.0     0.0    0.0
2015     CMS_bTagSF_T     9.70821348443     9.70821348443     9.70821348443     0.0     0.0    0.0
2015     CMS_bTagSF_T     0.441419538675     0.441419538675     0.441419538675     0.0     0.0    0.0
2015     CMS_bTagSF_M_corr     96.5970202445     96.3165585852     107.324579916     -0.00290341936635     0.111054767984    0.111054767984
2015     CMS_bTagSF_M_corr     3.55344625422     2.43461103767     5.45976280281     -0.314859192036     0.536469785162    0.536469785162
2015     CMS_bTagSF_M_corr     9.70821348443     9.87582812161     10.1608421221     0.0172652401443     0.0466232678519    0.0466232678519
2015     CMS_bTagSF_M_corr     0.441419538675     0.306216926162     0.680112233621     -0.30629050295     0.540738852799    0.540738852799
2015     CMS_bTagSF_T_corr     96.5970202445     96.5970202445     96.5970202445     0.0     0.0    0.0
2015     CMS_bTagSF_T_corr     3.55344625422     3.55344625422     3.55344625422     0.0     0.0    0.0
2015     CMS_bTagSF_T_corr     9.70821348443     9.70821348443     9.70821348443     0.0     0.0    0.0
2015     CMS_bTagSF_T_corr     0.441419538675     0.441419538675     0.441419538675     0.0     0.0    0.0
2015     CMS_jer     96.5970202445     96.5438695273     96.6186335409     -0.000550231436681     0.000223747029484    0.000550231436681
2015     CMS_jer     3.55344625422     3.557421893     3.50424414934     0.0011188121319     -0.0138463061925    0.0138463061925
2015     CMS_jer     9.70821348443     9.72269779951     9.74422230358     0.00149196503605     0.0037091087062    0.0037091087062
2015     CMS_jer     0.441419538675     0.441419538675     0.436548599426     0.0     -0.0110347160057    0.0110347160057
2015     CMS_jec     96.5970202445     99.0172952566     94.4753467921     0.0250553796162     -0.0219641708106    0.0250553796162
2015     CMS_jec     3.55344625422     3.73841833544     3.24342508299     0.0520542785765     -0.0872452118445    0.0872452118445
2015     CMS_jec     9.70821348443     9.73132685048     10.0566164165     0.00238080529333     0.0358874403289    0.0358874403289
2015     CMS_jec     0.441419538675     0.441419538675     0.440312677437     0.0     -0.00250750395251    0.00250750395251
2015     CMS_bTagSF_bc_T_corr     96.5970202445     96.5970202445     96.5970202445     0.0     0.0    0.0
2015     CMS_bTagSF_bc_T_corr     3.55344625422     3.55344625422     3.55344625422     0.0     0.0    0.0
2015     CMS_bTagSF_bc_T_corr     9.70821348443     9.70821348443     9.70821348443     0.0     0.0    0.0
2015     CMS_bTagSF_bc_T_corr     0.441419538675     0.441419538675     0.441419538675     0.0     0.0    0.0
2015     CMS_bTagSF_light_T_corr     96.5970202445     96.5970202445     96.5970202445     0.0     0.0    0.0
2015     CMS_bTagSF_light_T_corr     3.55344625422     3.55344625422     3.55344625422     0.0     0.0    0.0
2015     CMS_bTagSF_light_T_corr     9.70821348443     9.70821348443     9.70821348443     0.0     0.0    0.0
2015     CMS_bTagSF_light_T_corr     0.441419538675     0.441419538675     0.441419538675     0.0     0.0    0.0
2015     CMS_bTagSF_bc_M_corr     96.5970202445     94.9991514445     97.4664400441     -0.0165415951338     0.00900048259613    0.0165415951338
2015     CMS_bTagSF_bc_M_corr     3.55344625422     2.01206654588     5.76950804519     -0.433770373342     0.623637345952    0.623637345952
2015     CMS_bTagSF_bc_M_corr     9.70821348443     9.64267580762     9.76309833335     -0.0067507453261     0.00565344478765    0.0067507453261
2015     CMS_bTagSF_bc_M_corr     0.441419538675     0.260884576601     0.701483194385     -0.408987247405     0.589153023202    0.589153023202
2015     CMS_bTagSF_light_M_corr     96.5970202445     97.5487708077     105.958372666     0.00985279422457     0.0969113995208    0.0969113995208
2015     CMS_bTagSF_light_M_corr     3.55344625422     4.18929280874     3.45382117877     0.178937996815     -0.0280361846838    0.178937996815
2015     CMS_bTagSF_light_M_corr     9.70821348443     9.92396000595     10.1072782824     0.0222230920104     0.0411058943685    0.0411058943685
2015     CMS_bTagSF_light_M_corr     0.441419538675     0.507930309338     0.43657355078     0.15067473194     -0.0109781907474    0.15067473194
2015     CMS_bTagSF_bc_T_year     96.5970202445     96.5970202445     96.5970202445     0.0     0.0    0.0
2015     CMS_bTagSF_bc_T_year     3.55344625422     3.55344625422     3.55344625422     0.0     0.0    0.0
2015     CMS_bTagSF_bc_T_year     9.70821348443     9.70821348443     9.70821348443     0.0     0.0    0.0
2015     CMS_bTagSF_bc_T_year     0.441419538675     0.441419538675     0.441419538675     0.0     0.0    0.0
2015     CMS_bTagSF_light_T_year     96.5970202445     96.5970202445     96.5970202445     0.0     0.0    0.0
2015     CMS_bTagSF_light_T_year     3.55344625422     3.55344625422     3.55344625422     0.0     0.0    0.0
2015     CMS_bTagSF_light_T_year     9.70821348443     9.70821348443     9.70821348443     0.0     0.0    0.0
2015     CMS_bTagSF_light_T_year     0.441419538675     0.441419538675     0.441419538675     0.0     0.0    0.0
2015     CMS_bTagSF_bc_M_year     96.5970202445     95.2300509861     97.590897676     -0.0141512569952     0.0102889036224    0.0141512569952
2015     CMS_bTagSF_bc_M_year     3.55344625422     2.33943860417     5.14878632055     -0.341642327813     0.448955732604    0.448955732604
2015     CMS_bTagSF_bc_M_year     9.70821348443     9.64318308922     9.77457053479     -0.00669849249877     0.00683514536098    0.00683514536098
2015     CMS_bTagSF_bc_M_year     0.441419538675     0.307374809395     0.612631236561     -0.303667412826     0.387866152006    0.387866152006
2015     CMS_bTagSF_light_M_year     96.5970202445     96.6562634759     96.5449609086     0.000613302886603     -0.000538933145222    0.000613302886603
2015     CMS_bTagSF_light_M_year     3.55344625422     3.46745878258     3.64075451253     -0.0241983318409     0.0245700235954    0.0245700235954
2015     CMS_bTagSF_light_M_year     9.70821348443     9.687323986     9.72861299791     -0.00215173455549     0.00210126338055    0.00215173455549
2015     CMS_bTagSF_light_M_year     0.441419538675     0.432821679333     0.450069376589     -0.0194777498239     0.0195955030451    0.0195955030451
2015     CMS_jer_eta193     96.5970202445     96.543891109     96.6205306158     -0.000550008017141     0.000243386092406    0.000550008017141
2015     CMS_jer_eta193     3.55344625422     3.557421893     3.50424414934     0.0011188121319     -0.0138463061925    0.0138463061925
2015     CMS_jer_eta193     9.70821348443     9.72253065299     9.71693428807     0.00147474801495     0.000898291292607    0.00147474801495
2015     CMS_jer_eta193     0.441419538675     0.441419538675     0.436548599426     0.0     -0.0110347160057    0.0110347160057
2015     CMS_jer_193eta25     96.5970202445     96.5969982199     96.5987218765     -2.28005335501e-07     1.76157816569e-05    1.76157816569e-05
2015     CMS_jer_193eta25     3.55344625422     3.55344625422     3.55344625422     0.0     0.0    0.0
2015     CMS_jer_193eta25     9.70821348443     9.70838041553     9.72622589412     1.71948322625e-05     0.00185537840977    0.00185537840977
2015     CMS_jer_193eta25     0.441419538675     0.441419538675     0.441419538675     0.0     0.0    0.0
2015     CMS_jec_FlavorQCD     96.5970202445     97.416880245     96.2418534791     0.0084874253718     -0.00367678800619    0.0084874253718
2015     CMS_jec_FlavorQCD     3.55344625422     3.65871184665     3.51116506556     0.029623521758     -0.0118986430722    0.029623521758
2015     CMS_jec_FlavorQCD     9.70821348443     9.69715787336     9.77541524541     -0.00113878944721     0.00692215525443    0.00692215525443
2015     CMS_jec_FlavorQCD     0.441419538675     0.441419538675     0.445183616685     0.0     0.00852721205324    0.00852721205324
2015     CMS_jec_RelativeBal     96.5970202445     97.301758532     96.1904226483     0.00729565245026     -0.00420921468571    0.00729565245026
2015     CMS_jec_RelativeBal     3.55344625422     3.6482512269     3.5283660742     0.0266797260739     -0.00705798771691    0.0266797260739
2015     CMS_jec_RelativeBal     9.70821348443     9.69127744555     9.7848684363     -0.00174450622657     0.00789588650819    0.00789588650819
2015     CMS_jec_RelativeBal     0.441419538675     0.441419538675     0.441419538675     0.0     0.0    0.0
2015     CMS_jec_Absolute     96.5970202445     97.8138706592     95.5845092576     0.0125971837599     -0.0104818035211    0.0125971837599
2015     CMS_jec_Absolute     3.55344625422     3.66161240151     3.46122241035     0.0304397870555     -0.025953352681    0.0304397870555
2015     CMS_jec_Absolute     9.70821348443     9.65669192327     9.84309101805     -0.00530700743656     0.0138931363473    0.0138931363473
2015     CMS_jec_Absolute     0.441419538675     0.441419538675     0.440312677437     0.0     -0.00250750395251    0.00250750395251
2015     CMS_jec_BBEC1_year     96.5970202445     96.5875782529     96.6054842428     -9.77461999485e-05     8.76217325749e-05    9.77461999485e-05
2015     CMS_jec_BBEC1_year     3.55344625422     3.55344625422     3.55344625422     0.0     0.0    0.0
2015     CMS_jec_BBEC1_year     9.70821348443     9.70124431892     9.70177916322     -0.000717862819762     -0.000662770881373    0.000717862819762
2015     CMS_jec_BBEC1_year     0.441419538675     0.441419538675     0.441419538675     0.0     0.0    0.0
2015     CMS_jec_Absolute_year     96.5970202445     98.1404390784     95.4742614976     0.0159779135006     -0.011623119886    0.0159779135006
2015     CMS_jec_Absolute_year     3.55344625422     3.71502542044     3.44759051492     0.0454711158309     -0.0297895990886    0.0454711158309
2015     CMS_jec_Absolute_year     9.70821348443     9.75546771919     9.84430021051     0.00486744907711     0.0140176898974    0.0140176898974
2015     CMS_jec_Absolute_year     0.441419538675     0.441419538675     0.440312677437     0.0     -0.00250750395251    0.00250750395251
2015     CMS_jec_RelativeSample_year     96.5970202445     97.6701490372     96.167507627     0.0111093363951     -0.00444643754524    0.0111093363951
2015     CMS_jec_RelativeSample_year     3.55344625422     3.59548451203     3.44759050939     0.0118302782154     -0.0297896006459    0.0297896006459
2015     CMS_jec_RelativeSample_year     9.70821348443     9.5687287774     9.94639038221     -0.0143677008393     0.0245335455554    0.0245335455554
2015     CMS_jec_RelativeSample_year     0.441419538675     0.441419538675     0.445183616685     0.0     0.00852721205324    0.00852721205324
2015     CMS_pu     96.5970202445     97.5897302689     95.5945747973     0.0102768182895     -0.0103776021736    0.0103776021736
2015     CMS_pu     3.55344625422     3.51357442329     3.59449983008     -0.0112206089753     0.011553172026    0.011553172026
2015     CMS_pu     9.70821348443     9.81102966358     9.59343510609     0.0105906384644     -0.0118228115319    0.0118228115319
2015     CMS_pu     0.441419538675     0.420917546065     0.461706776955     -0.0464455938481     0.0459590854105    0.0464455938481
2015     CMS_L1Prefiring     96.5970202445     96.2877157989     96.8774807069     -0.00320200814572     0.00290340697571    0.00320200814572
2015     CMS_L1Prefiring     3.55344625422     3.54120293324     3.56454807912     -0.00344547802452     0.00312424168165    0.00344547802452
2015     CMS_L1Prefiring     9.70821348443     9.63836052118     9.77480826256     -0.00719524383775     0.00685963264372    0.00719524383775
2015     CMS_L1Prefiring     0.441419538675     0.438928435879     0.443829127741     -0.00564339042076     0.00545872770623    0.00564339042076
2015     CMS_pdf_sig     96.5970202445     97.7513938509     95.4426380673     0.0119504059594     -0.0119504946871    0.0119504946871
2015     CMS_pdf_sig     3.55344625422     3.59294613606     3.51394639267     0.0111159361981     -0.0111159304862    0.0111159361981
2015     CMS_pdf_sig     9.70821348443     9.82229831894     9.59412863626     0.0117513726597     -0.0117513740653    0.0117513740653
2015     CMS_pdf_sig     0.441419538675     0.444470260263     0.43836882279     0.00691116119839     -0.00691114827872    0.00691116119839
2015     CMS_renorm_sig     96.5970202445     96.5970202445     96.5970202445     0.0     0.0    0.0
2015     CMS_renorm_sig     3.55344625422     3.55344625422     3.55344625422     0.0     0.0    0.0
2015     CMS_renorm_sig     9.70821348443     9.70821348443     9.70821348443     0.0     0.0    0.0
2015     CMS_renorm_sig     0.441419538675     0.441419538675     0.441419538675     0.0     0.0    0.0
2015     CMS_fact_sig     96.5970202445     84.4710447642     111.484408328     -0.125531568672     0.154118502266    0.154118502266
2015     CMS_fact_sig     3.55344625422     3.1162432702     4.08822917424     -0.123036329449     0.150496977233    0.150496977233
2015     CMS_fact_sig     9.70821348443     8.49538419035     11.2004469276     -0.124928164797     0.153708346604    0.153708346604
2015     CMS_fact_sig     0.441419538675     0.386704785153     0.508486491236     -0.123951816194     0.151934716715    0.151934716715
2015     CMS_jec_AbsoluteCal     96.5970202445     96.7764234106     96.4130478044     0.00185723292109     -0.00190453535408    0.00190453535408
2015     CMS_jec_AbsoluteCal     3.55344625422     3.55344625654     3.54102377847     6.53245235682e-10     -0.0034958952127    0.0034958952127
2015     CMS_jec_AbsoluteCal     9.70821348443     9.71120298919     9.77409236545     0.00030793562221     0.00678589125931    0.00678589125931
2015     CMS_jec_AbsoluteCal     0.441419538675     0.441419538675     0.441419538675     0.0     0.0    0.0
2015     CMS_jec_AbsoluteTheory     96.5970202445     97.8138706592     95.5845092576     0.0125971837599     -0.0104818035211    0.0125971837599
2015     CMS_jec_AbsoluteTheory     3.55344625422     3.66161240151     3.46122241035     0.0304397870555     -0.025953352681    0.0304397870555
2015     CMS_jec_AbsoluteTheory     9.70821348443     9.65669192327     9.84309101805     -0.00530700743656     0.0138931363473    0.0138931363473
2015     CMS_jec_AbsoluteTheory     0.441419538675     0.441419538675     0.440312677437     0.0     -0.00250750395251    0.00250750395251
2015     CMS_jec_AbsolutePU     96.5970202445     96.6836830337     96.5483620216     0.000897157996234     -0.000503723850195    0.000897157996234
2015     CMS_jec_AbsolutePU     3.55344625422     3.60164296088     3.54078853103     0.0135633700949     -0.0035620978295    0.0135633700949
2015     CMS_jec_AbsolutePU     9.70821348443     9.71118470301     9.71208970941     0.000306052044384     0.000399272738986    0.000399272738986
2015     CMS_jec_AbsolutePU     0.441419538675     0.441419538675     0.441419538675     0.0     0.0    0.0
2015     CMS_jec_AbsoluteScale     96.5970202445     97.8138706592     95.5845092576     0.0125971837599     -0.0104818035211    0.0125971837599
2015     CMS_jec_AbsoluteScale     3.55344625422     3.66161240151     3.46122241035     0.0304397870555     -0.025953352681    0.0304397870555
2015     CMS_jec_AbsoluteScale     9.70821348443     9.65669192327     9.84309101805     -0.00530700743656     0.0138931363473    0.0138931363473
2015     CMS_jec_AbsoluteScale     0.441419538675     0.441419538675     0.440312677437     0.0     -0.00250750395251    0.00250750395251
2015     CMS_jec_Fragmentation     96.5970202445     96.7391065433     96.4960212672     0.00147091803097     -0.00104557031921    0.00147091803097
2015     CMS_jec_Fragmentation     3.55344625422     3.55344625654     3.541023784     6.53245235682e-10     -0.00349589365535    0.00349589365535
2015     CMS_jec_Fragmentation     9.70821348443     9.71120298919     9.77383198554     0.00030793562221     0.00675907068009    0.00675907068009
2015     CMS_jec_Fragmentation     0.441419538675     0.441419538675     0.441419538675     0.0     0.0    0.0
2015     CMS_jec_AbsoluteMPFBias     96.5970202445     97.8138706592     95.5845092576     0.0125971837599     -0.0104818035211    0.0125971837599
2015     CMS_jec_AbsoluteMPFBias     3.55344625422     3.66161240151     3.46122241035     0.0304397870555     -0.025953352681    0.0304397870555
2015     CMS_jec_AbsoluteMPFBias     9.70821348443     9.65669192327     9.84309101805     -0.00530700743656     0.0138931363473    0.0138931363473
2015     CMS_jec_AbsoluteMPFBias     0.441419538675     0.441419538675     0.440312677437     0.0     -0.00250750395251    0.00250750395251
2015     CMS_jec_RelativeFSR     96.5970202445     97.1901016919     96.1848668395     0.00613974888507     -0.00426673000865    0.00613974888507
2015     CMS_jec_RelativeFSR     3.55344625422     3.62312099388     3.52836606314     0.0196076525931     -0.0070579908316    0.0196076525931
2015     CMS_jec_RelativeFSR     9.70821348443     9.75126468022     9.74014032288     0.0044345126796     0.00328864198432    0.0044345126796
2015     CMS_jec_RelativeFSR     0.441419538675     0.441419538675     0.441419538675     0.0     0.0    0.0
2015     CMS_scale_sig     96.5970202445     111.484408328     84.4710447642     0.154118502266     -0.125531568672    0.154118502266
2015     CMS_scale_sig     3.55344625422     4.08822917424     3.1162432702     0.150496977233     -0.123036329449    0.150496977233
2015     CMS_scale_sig     9.70821348443     11.2004469276     8.49538419035     0.153708346604     -0.124928164797    0.153708346604
2015     CMS_scale_sig     0.441419538675     0.508486491236     0.386704785153     0.151934716715     -0.123951816194    0.151934716715
2015     CMS_bTagSF_M     183.847240137     180.950063919     185.739658794     -0.0157586059843     0.0102934297831    0.0157586059843
2015     CMS_bTagSF_M     8.09803236451     4.96744726444     12.4415752102     -0.386585896321     0.53637015143    0.53637015143
2015     CMS_bTagSF_M     17.8168721673     17.496308941     18.0345976464     -0.0179921157489     0.0122201852837    0.0179921157489
2015     CMS_bTagSF_M     0.602914957469     0.386066415456     0.899028711181     -0.359666880589     0.491136851132    0.491136851132
2015     CMS_bTagSF_T     183.847240137     183.847240137     183.847240137     0.0     0.0    0.0
2015     CMS_bTagSF_T     8.09803236451     8.09803236451     8.09803236451     0.0     0.0    0.0
2015     CMS_bTagSF_T     17.8168721673     17.8168721673     17.8168721673     0.0     0.0    0.0
2015     CMS_bTagSF_T     0.602914957469     0.602914957469     0.602914957469     0.0     0.0    0.0
2015     CMS_bTagSF_M_corr     183.847240137     180.29999945     195.132923251     -0.0192945006109     0.0613861981557    0.0613861981557
2015     CMS_bTagSF_M_corr     8.09803236451     4.92579959157     12.2387711631     -0.391728833641     0.511326531215    0.511326531215
2015     CMS_bTagSF_M_corr     17.8168721673     17.2360126954     18.8878744193     -0.0326016523258     0.0601116875037    0.0601116875037
2015     CMS_bTagSF_M_corr     0.602914957469     0.37918359791     0.926076123398     -0.371082781721     0.535997924625    0.535997924625
2015     CMS_bTagSF_T_corr     183.847240137     183.847240137     183.847240137     0.0     0.0    0.0
2015     CMS_bTagSF_T_corr     8.09803236451     8.09803236451     8.09803236451     0.0     0.0    0.0
2015     CMS_bTagSF_T_corr     17.8168721673     17.8168721673     17.8168721673     0.0     0.0    0.0
2015     CMS_bTagSF_T_corr     0.602914957469     0.602914957469     0.602914957469     0.0     0.0    0.0
2015     CMS_jer     183.847240137     183.935645248     183.980473917     0.000480861777897     0.000724698287563    0.000724698287563
2015     CMS_jer     8.09803236451     8.09802745686     8.06294477666     -6.06030228889e-07     -0.00433285349781    0.00433285349781
2015     CMS_jer     17.8168721673     17.9869065713     17.9311001413     0.00954344861549     0.00641122487481    0.00954344861549
2015     CMS_jer     0.602914957469     0.578608691605     0.578702405226     -0.040314584276     -0.0401591500487    0.040314584276
2015     CMS_jec     183.847240137     184.128648568     183.476445979     0.00153066442735     -0.00201686007452    0.00201686007452
2015     CMS_jec     8.09803236451     8.11792219698     8.11718511001     0.00245613151055     0.00236511100857    0.00245613151055
2015     CMS_jec     17.8168721673     17.6439206305     18.1808413663     -0.00970717728543     0.0204283443026    0.0204283443026
2015     CMS_jec     0.602914957469     0.578505366743     0.616364585968     -0.0404859597923     0.022307670977    0.0404859597923
2015     CMS_bTagSF_bc_T_corr     183.847240137     183.847240137     183.847240137     0.0     0.0    0.0
2015     CMS_bTagSF_bc_T_corr     8.09803236451     8.09803236451     8.09803236451     0.0     0.0    0.0
2015     CMS_bTagSF_bc_T_corr     17.8168721673     17.8168721673     17.8168721673     0.0     0.0    0.0
2015     CMS_bTagSF_bc_T_corr     0.602914957469     0.602914957469     0.602914957469     0.0     0.0    0.0
2015     CMS_bTagSF_light_T_corr     183.847240137     183.847240137     183.847240137     0.0     0.0    0.0
2015     CMS_bTagSF_light_T_corr     8.09803236451     8.09803236451     8.09803236451     0.0     0.0    0.0
2015     CMS_bTagSF_light_T_corr     17.8168721673     17.8168721673     17.8168721673     0.0     0.0    0.0
2015     CMS_bTagSF_light_T_corr     0.602914957469     0.602914957469     0.602914957469     0.0     0.0    0.0
2015     CMS_bTagSF_bc_M_corr     183.847240137     180.002620897     186.357797481     -0.0209120313025     0.0136556705567    0.0209120313025
2015     CMS_bTagSF_bc_M_corr     8.09803236451     4.36767614659     13.6474590157     -0.46064970477     0.685280868408    0.685280868408
2015     CMS_bTagSF_bc_M_corr     17.8168721673     17.4022055753     18.099505724     -0.023273815295     0.0158632533293    0.023273815295
2015     CMS_bTagSF_bc_M_corr     0.602914957469     0.341193335349     0.989053486386     -0.43409376211     0.640452727426    0.640452727426
2015     CMS_bTagSF_light_M_corr     183.847240137     183.380392003     191.586565699     -0.0025393263138     0.0420965011833    0.0420965011833
2015     CMS_bTagSF_light_M_corr     8.09803236451     9.05406975254     7.23145381211     0.118057985569     -0.107011001364    0.118057985569
2015     CMS_bTagSF_light_M_corr     17.8168721673     17.6483695068     18.5406123429     -0.00945747709901     0.0406210567581    0.0406210567581
2015     CMS_bTagSF_light_M_corr     0.602914957469     0.66013521453     0.558382698184     0.0949060167647     -0.073861593137    0.0949060167647
2015     CMS_bTagSF_bc_T_year     183.847240137     183.847240137     183.847240137     0.0     0.0    0.0
2015     CMS_bTagSF_bc_T_year     8.09803236451     8.09803236451     8.09803236451     0.0     0.0    0.0
2015     CMS_bTagSF_bc_T_year     17.8168721673     17.8168721673     17.8168721673     0.0     0.0    0.0
2015     CMS_bTagSF_bc_T_year     0.602914957469     0.602914957469     0.602914957469     0.0     0.0    0.0
2015     CMS_bTagSF_light_T_year     183.847240137     183.847240137     183.847240137     0.0     0.0    0.0
2015     CMS_bTagSF_light_T_year     8.09803236451     8.09803236451     8.09803236451     0.0     0.0    0.0
2015     CMS_bTagSF_light_T_year     17.8168721673     17.8168721673     17.8168721673     0.0     0.0    0.0
2015     CMS_bTagSF_light_T_year     0.602914957469     0.602914957469     0.602914957469     0.0     0.0    0.0
2015     CMS_bTagSF_bc_M_year     183.847240137     180.800788403     186.061491375     -0.0165705600575     0.0120439732229    0.0165705600575
2015     CMS_bTagSF_bc_M_year     8.09803236451     5.09642767656     12.1666005518     -0.370658519606     0.502414414282    0.502414414282
2015     CMS_bTagSF_bc_M_year     17.8168721673     17.4601042853     18.0910028902     -0.0200241590444     0.0153860183936    0.0200241590444
2015     CMS_bTagSF_bc_M_year     0.602914957469     0.393335509347     0.886363990118     -0.347610298146     0.470131034465    0.470131034465
2015     CMS_bTagSF_light_M_year     183.847240137     184.071645354     183.62407648     0.0012206069354     -0.001213853724    0.0012206069354
2015     CMS_bTagSF_light_M_year     8.09803236451     7.90599771676     8.29235083682     -0.0237137416983     0.023995763855    0.023995763855
2015     CMS_bTagSF_light_M_year     17.8168721673     17.8621938178     17.7713673231     0.00254374898351     -0.0025540310209    0.0025540310209
2015     CMS_bTagSF_light_M_year     0.602914957469     0.593268901347     0.61272226149     -0.0159990327045     0.0162664798733    0.0162664798733
2015     CMS_jer_eta193     183.847240137     183.932134738     183.990019588     0.000461767065329     0.00077662003657    0.00077662003657
2015     CMS_jer_eta193     8.09803236451     8.09802745686     8.06307221282     -6.06030228889e-07     -0.00431711681498    0.00431711681498
2015     CMS_jer_eta193     17.8168721673     17.9868739714     17.9308322936     0.00954161889307     0.00639619150017    0.00954161889307
2015     CMS_jer_eta193     0.602914957469     0.578608691605     0.578505366743     -0.040314584276     -0.0404859597923    0.0404859597923
2015     CMS_jer_193eta25     183.847240137     183.850752765     183.837695547     1.91062328196e-05     -5.19158736625e-05    5.19158736625e-05
2015     CMS_jer_193eta25     8.09803236451     8.09803236451     8.09790492835     0.0     -1.57366828291e-05    1.57366828291e-05
2015     CMS_jer_193eta25     17.8168721673     17.8169047552     17.8171400495     1.82904871582e-06     1.50353105914e-05    1.50353105914e-05
2015     CMS_jer_193eta25     0.602914957469     0.602914957469     0.603111995952     0.0     0.000326809743611    0.000326809743611
2015     CMS_jec_FlavorQCD     183.847240137     184.015915299     183.783102089     0.000917474538548     -0.000348865984851    0.000917474538548
2015     CMS_jec_FlavorQCD     8.09803236451     8.0973156018     8.09886787298     -8.85107243421e-05     0.000103174256429    0.000103174256429
2015     CMS_jec_FlavorQCD     17.8168721673     17.8410162276     17.8729828903     0.00135512339763     0.00314930266252    0.00314930266252
2015     CMS_jec_FlavorQCD     0.602914957469     0.602914957469     0.603215320814     0.0     0.00049818525992    0.00049818525992
2015     CMS_jec_RelativeBal     183.847240137     183.941015222     183.685270026     0.000510070668354     -0.000881003769344    0.000881003769344
2015     CMS_jec_RelativeBal     8.09803236451     8.09777582665     8.09824977611     -3.16790365732e-05     2.68474591225e-05    3.16790365732e-05
2015     CMS_jec_RelativeBal     17.8168721673     17.7493793692     17.8156698304     -0.00378813954924     -6.74830520757e-05    0.00378813954924
2015     CMS_jec_RelativeBal     0.602914957469     0.602914957469     0.578805730088     0.0     -0.0399877745324    0.0399877745324
2015     CMS_jec_Absolute     183.847240137     184.05046492     183.679448352     0.001105400237     -0.000912669587186    0.001105400237
2015     CMS_jec_Absolute     8.09803236451     8.09763873952     8.09845015224     -4.86074856135e-05     5.15912642647e-05    5.15912642647e-05
2015     CMS_jec_Absolute     17.8168721673     17.7363862357     17.9904933908     -0.00451739962166     0.00974476450684    0.00974476450684
2015     CMS_jec_Absolute     0.602914957469     0.578505366743     0.603111995952     -0.0404859597923     0.000326809743611    0.0404859597923
2015     CMS_jec_BBEC1_year     183.847240137     183.852460056     183.826475248     2.83926983509e-05     -0.000112946431004    0.000112946431004
2015     CMS_jec_BBEC1_year     8.09803236451     8.09803236451     8.09803236451     0.0     0.0    0.0
2015     CMS_jec_BBEC1_year     17.8168721673     17.816585666     17.8173410372     -1.60803385241e-05     2.63160634684e-05    2.63160634684e-05
2015     CMS_jec_BBEC1_year     0.602914957469     0.602914957469     0.603111995952     0.0     0.000326809743611    0.000326809743611
2015     CMS_jec_Absolute_year     183.847240137     184.092084959     183.593521695     0.00133178404627     -0.00138005031844    0.00138005031844
2015     CMS_jec_Absolute_year     8.09803236451     8.09791257682     8.09830414998     -1.47921976773e-05     3.35619140397e-05    3.35619140397e-05
2015     CMS_jec_Absolute_year     17.8168721673     17.7211324059     17.9889701098     -0.0053735448325     0.00965926796345    0.00965926796345
2015     CMS_jec_Absolute_year     0.602914957469     0.578505366743     0.603111995952     -0.0404859597923     0.000326809743611    0.0404859597923
2015     CMS_jec_RelativeSample_year     183.847240137     183.962783278     183.777556983     0.000628473622827     -0.000379027471931    0.000628473622827
2015     CMS_jec_RelativeSample_year     8.09803236451     8.09764014699     8.16487145715     -4.84336820772e-05     0.00825374481481    0.00825374481481
2015     CMS_jec_RelativeSample_year     17.8168721673     17.8879302286     18.043623292     0.00398824556003     0.0127267638568    0.0127267638568
2015     CMS_jec_RelativeSample_year     0.602914957469     0.578505366743     0.603111995952     -0.0404859597923     0.000326809743611    0.0404859597923
2015     CMS_pu     183.847240137     185.083812473     182.545311104     0.00672608593353     -0.00708158051258    0.00708158051258
2015     CMS_pu     8.09803236451     8.00405500304     8.19835187409     -0.0116049624454     0.0123881339399    0.0123881339399
2015     CMS_pu     17.8168721673     18.1071574887     17.5143841976     0.016292720669     -0.0169776135167    0.0169776135167
2015     CMS_pu     0.602914957469     0.585332892086     0.6201088493     -0.0291617667894     0.0285179387545    0.0291617667894
2015     CMS_L1Prefiring     183.847240137     183.273754347     184.365512886     -0.00311936034133     0.00281904013295    0.00311936034133
2015     CMS_L1Prefiring     8.09803236451     8.06956147359     8.1247275505     -0.00351577885155     0.00329650275316    0.00351577885155
2015     CMS_L1Prefiring     17.8168721673     17.6802225274     17.9493535093     -0.00766967617043     0.00743572389132    0.00766967617043
2015     CMS_L1Prefiring     0.602914957469     0.599621837248     0.606053750095     -0.00546199788218     0.00520602878927    0.00546199788218
2015     CMS_pdf_sig     183.847240137     186.080676138     181.613806639     0.0121483248773     -0.0121483112635    0.0121483248773
2015     CMS_pdf_sig     8.09803236451     8.19624732034     7.9998173085     0.0121282493578     -0.0121282617299    0.0121282617299
2015     CMS_pdf_sig     17.8168721673     18.0384265311     17.5953174127     0.0124350874693     -0.0124351094036    0.0124351094036
2015     CMS_pdf_sig     0.602914957469     0.611829724374     0.594000201343     0.0147861100386     -0.0147860921607    0.0147861100386
2015     CMS_renorm_sig     183.847240137     183.847240137     183.847240137     0.0     0.0    0.0
2015     CMS_renorm_sig     8.09803236451     8.09803236451     8.09803236451     0.0     0.0    0.0
2015     CMS_renorm_sig     17.8168721673     17.8168721673     17.8168721673     0.0     0.0    0.0
2015     CMS_renorm_sig     0.602914957469     0.602914957469     0.602914957469     0.0     0.0    0.0
2015     CMS_fact_sig     183.847240137     160.345927403     212.766919641     -0.127830652866     0.157302766589    0.157302766589
2015     CMS_fact_sig     8.09803236451     7.07513361347     9.35311329278     -0.126314480481     0.15498591161    0.15498591161
2015     CMS_fact_sig     17.8168721673     15.5346588038     20.6260888356     -0.128092817981     0.157671708141    0.157671708141
2015     CMS_fact_sig     0.602914957469     0.526023432395     0.69746313404     -0.127532953232     0.156818429199    0.156818429199
2015     CMS_jec_AbsoluteCal     183.847240137     183.832984335     183.777695946     -7.75415649887e-05     -0.000378271610147    0.000378271610147
2015     CMS_jec_AbsoluteCal     8.09803236451     8.09791236042     8.09824976345     -1.48189201109e-05     2.68458958168e-05    2.68458958168e-05
2015     CMS_jec_AbsoluteCal     17.8168721673     17.8046914364     17.8879387969     -0.000683662696082     0.00398872646778    0.00398872646778
2015     CMS_jec_AbsoluteCal     0.602914957469     0.602914957469     0.603111995952     0.0     0.000326809743611    0.000326809743611
2015     CMS_jec_AbsoluteTheory     183.847240137     184.05046492     183.679448352     0.001105400237     -0.000912669587186    0.001105400237
2015     CMS_jec_AbsoluteTheory     8.09803236451     8.09763873952     8.09845015224     -4.86074856135e-05     5.15912642647e-05    5.15912642647e-05
2015     CMS_jec_AbsoluteTheory     17.8168721673     17.7363862357     17.9904933908     -0.00451739962166     0.00974476450684    0.00974476450684
2015     CMS_jec_AbsoluteTheory     0.602914957469     0.578505366743     0.603111995952     -0.0404859597923     0.000326809743611    0.0404859597923
2015     CMS_jec_AbsolutePU     183.847240137     183.861029202     183.781856565     7.50028354739e-05     -0.000355640760198    0.000355640760198
2015     CMS_jec_AbsolutePU     8.09803236451     8.09791235457     8.09830413505     -1.48196419035e-05     3.35600708932e-05    3.35600708932e-05
2015     CMS_jec_AbsolutePU     17.8168721673     17.8162477879     17.8202382172     -3.50442790381e-05     0.000188924852469    0.000188924852469
2015     CMS_jec_AbsolutePU     0.602914957469     0.602914957469     0.603111995952     0.0     0.000326809743611    0.000326809743611
2015     CMS_jec_AbsoluteScale     183.847240137     184.05046492     183.679448352     0.001105400237     -0.000912669587186    0.001105400237
2015     CMS_jec_AbsoluteScale     8.09803236451     8.09763873952     8.09845015224     -4.86074856135e-05     5.15912642647e-05    5.15912642647e-05
2015     CMS_jec_AbsoluteScale     17.8168721673     17.7363862357     17.9904933908     -0.00451739962166     0.00974476450684    0.00974476450684
2015     CMS_jec_AbsoluteScale     0.602914957469     0.578505366743     0.603111995952     -0.0404859597923     0.000326809743611    0.0404859597923
2015     CMS_jec_Fragmentation     183.847240137     183.833490818     183.789057054     -7.47866497873e-05     -0.000316475152778    0.000316475152778
2015     CMS_jec_Fragmentation     8.09803236451     8.09791236042     8.09824976345     -1.48189201109e-05     2.6845895817e-05    2.6845895817e-05
2015     CMS_jec_Fragmentation     17.8168721673     17.8163068784     17.8878604852     -3.17277297488e-05     0.00398433110216    0.00398433110216
2015     CMS_jec_Fragmentation     0.602914957469     0.602914957469     0.603111995952     0.0     0.000326809743611    0.000326809743611
2015     CMS_jec_AbsoluteMPFBias     183.847240137     184.05046492     183.679448352     0.001105400237     -0.000912669587186    0.001105400237
2015     CMS_jec_AbsoluteMPFBias     8.09803236451     8.09763873952     8.09845015224     -4.86074856135e-05     5.15912642647e-05    5.15912642647e-05
2015     CMS_jec_AbsoluteMPFBias     17.8168721673     17.7363862357     17.9904933908     -0.00451739962166     0.00974476450684    0.00974476450684
2015     CMS_jec_AbsoluteMPFBias     0.602914957469     0.578505366743     0.603111995952     -0.0404859597923     0.000326809743611    0.0404859597923
2015     CMS_jec_RelativeFSR     183.847240137     183.915661869     183.814103905     0.000372166214689     -0.000180237854599    0.000372166214689
2015     CMS_jec_RelativeFSR     8.09803236451     8.09791248943     8.09803235441     -1.48029886201e-05     -1.24777188582e-09    1.48029886201e-05
2015     CMS_jec_RelativeFSR     17.8168721673     17.7153310579     17.8873849853     -0.00569915462312     0.00395764292214    0.00569915462312
2015     CMS_jec_RelativeFSR     0.602914957469     0.578505366743     0.602914957469     -0.0404859597923     0.0    0.0404859597923
2015     CMS_scale_sig     183.847240137     212.766919641     160.345927403     0.157302766589     -0.127830652866    0.157302766589
2015     CMS_scale_sig     8.09803236451     9.35311329278     7.07513361347     0.15498591161     -0.126314480481    0.15498591161
2015     CMS_scale_sig     17.8168721673     20.6260888356     15.5346588038     0.157671708141     -0.128092817981    0.157671708141
2015     CMS_scale_sig     0.602914957469     0.69746313404     0.526023432395     0.156818429199     -0.127532953232    0.156818429199
2015     CMS_bTagSF_M     27.7444659935     27.3497137298     27.9472514783     -0.0142281442317     0.00730904263056    0.0142281442317
2015     CMS_bTagSF_M     1.17976705732     0.716494770296     1.82885066858     -0.392681151882     0.550179467412    0.550179467412
2015     CMS_bTagSF_M     2.19587297268     2.17142072017     2.21354811872     -0.0111355496466     0.00804925706557    0.0111355496466
2015     CMS_bTagSF_M     0.158669369845     0.102712790116     0.233343433395     -0.352661511064     0.470626836317    0.470626836317
2015     CMS_bTagSF_T     27.7444659935     27.7444659935     27.7444659935     0.0     0.0    0.0
2015     CMS_bTagSF_T     1.17976705732     1.17976705732     1.17976705732     0.0     0.0    0.0
2015     CMS_bTagSF_T     2.19587297268     2.19587297268     2.19587297268     0.0     0.0    0.0
2015     CMS_bTagSF_T     0.158669369845     0.158669369845     0.158669369845     0.0     0.0    0.0
2015     CMS_bTagSF_M_corr     27.7444659935     27.8848272643     31.2258887068     0.00505907271089     0.12548169837    0.12548169837
2015     CMS_bTagSF_M_corr     1.17976705732     0.830460995301     1.72495788416     -0.296080535432     0.462117350596    0.462117350596
2015     CMS_bTagSF_M_corr     2.19587297268     2.21068660546     2.38518062878     0.00674612464726     0.0862106590227    0.0862106590227
2015     CMS_bTagSF_M_corr     0.158669369845     0.139940157652     0.201962590367     -0.118039242298     0.272851783332    0.272851783332
2015     CMS_bTagSF_T_corr     27.7444659935     27.7444659935     27.7444659935     0.0     0.0    0.0
2015     CMS_bTagSF_T_corr     1.17976705732     1.17976705732     1.17976705732     0.0     0.0    0.0
2015     CMS_bTagSF_T_corr     2.19587297268     2.19587297268     2.19587297268     0.0     0.0    0.0
2015     CMS_bTagSF_T_corr     0.158669369845     0.158669369845     0.158669369845     0.0     0.0    0.0
2015     CMS_jer     27.7444659935     27.7062125502     27.7241508785     -0.00137877742371     -0.000732222238949    0.00137877742371
2015     CMS_jer     1.17976705732     1.18744434431     1.18034871061     0.00650746005371     0.000493023851169    0.00650746005371
2015     CMS_jer     2.19587297268     2.20099532941     2.20362974954     0.002332719967     0.00353243423511    0.00353243423511
2015     CMS_jer     0.158669369845     0.165582263667     0.169621239551     0.0435679162835     0.069023212967    0.069023212967
2015     CMS_jec     27.7444659935     27.7920573576     27.6423529578     0.00171534619178     -0.00368048301113    0.00368048301113
2015     CMS_jec     1.17976705732     1.1794384893     1.17862807249     -0.000278502448887     -0.000965431966285    0.000965431966285
2015     CMS_jec     2.19587297268     2.15436009558     2.21328800609     -0.0189049537995     0.00793080183779    0.0189049537995
2015     CMS_jec     0.158669369845     0.155186602481     0.162072353968     -0.0219498405219     0.0214470135397    0.0219498405219
2015     CMS_bTagSF_bc_T_corr     27.7444659935     27.7444659935     27.7444659935     0.0     0.0    0.0
2015     CMS_bTagSF_bc_T_corr     1.17976705732     1.17976705732     1.17976705732     0.0     0.0    0.0
2015     CMS_bTagSF_bc_T_corr     2.19587297268     2.19587297268     2.19587297268     0.0     0.0    0.0
2015     CMS_bTagSF_bc_T_corr     0.158669369845     0.158669369845     0.158669369845     0.0     0.0    0.0
2015     CMS_bTagSF_light_T_corr     27.7444659935     27.7444659935     27.7444659935     0.0     0.0    0.0
2015     CMS_bTagSF_light_T_corr     1.17976705732     1.17976705732     1.17976705732     0.0     0.0    0.0
2015     CMS_bTagSF_light_T_corr     2.19587297268     2.19587297268     2.19587297268     0.0     0.0    0.0
2015     CMS_bTagSF_light_T_corr     0.158669369845     0.158669369845     0.158669369845     0.0     0.0    0.0
2015     CMS_bTagSF_bc_M_corr     27.7444659935     27.1995568754     28.0236820774     -0.0196402813537     0.0100638478305    0.0196402813537
2015     CMS_bTagSF_bc_M_corr     1.17976705732     0.647437007355     1.9651378131     -0.451216235154     0.665699852285    0.665699852285
2015     CMS_bTagSF_bc_M_corr     2.19587297268     2.16878668292     2.213591738     -0.0123350895516     0.00806912127485    0.0123350895516
2015     CMS_bTagSF_bc_M_corr     0.158669369845     0.0928099182634     0.250971009815     -0.415073505654     0.581723114303    0.581723114303
2015     CMS_bTagSF_light_M_corr     27.7444659935     28.3161406651     30.7750054783     0.0206049981896     0.10923041321    0.10923041321
2015     CMS_bTagSF_light_M_corr     1.17976705732     1.48659385231     1.06835724755     0.260074048593     -0.0944337350987    0.260074048593
2015     CMS_bTagSF_light_M_corr     2.19587297268     2.23779787031     2.37509551077     0.0190925878459     0.0816178988132    0.0816178988132
2015     CMS_bTagSF_light_M_corr     0.158669369845     0.234405838752     0.135072173818     0.477322554328     -0.148719289989    0.477322554328
2015     CMS_bTagSF_bc_T_year     27.7444659935     27.7444659935     27.7444659935     0.0     0.0    0.0
2015     CMS_bTagSF_bc_T_year     1.17976705732     1.17976705732     1.17976705732     0.0     0.0    0.0
2015     CMS_bTagSF_bc_T_year     2.19587297268     2.19587297268     2.19587297268     0.0     0.0    0.0
2015     CMS_bTagSF_bc_T_year     0.158669369845     0.158669369845     0.158669369845     0.0     0.0    0.0
2015     CMS_bTagSF_light_T_year     27.7444659935     27.7444659935     27.7444659935     0.0     0.0    0.0
2015     CMS_bTagSF_light_T_year     1.17976705732     1.17976705732     1.17976705732     0.0     0.0    0.0
2015     CMS_bTagSF_light_T_year     2.19587297268     2.19587297268     2.19587297268     0.0     0.0    0.0
2015     CMS_bTagSF_light_T_year     0.158669369845     0.158669369845     0.158669369845     0.0     0.0    0.0
2015     CMS_bTagSF_bc_M_year     27.7444659935     27.3151167988     28.0082036235     -0.0154751291597     0.009505954448    0.0154751291597
2015     CMS_bTagSF_bc_M_year     1.17976705732     0.740267643127     1.7770024129     -0.372530671597     0.506231591973    0.506231591973
2015     CMS_bTagSF_bc_M_year     2.19587297268     2.17017159858     2.21615500462     -0.0117043993066     0.00923643224835    0.0117043993066
2015     CMS_bTagSF_bc_M_year     0.158669369845     0.10640770555     0.226043448673     -0.329374625648     0.424619313067    0.424619313067
2015     CMS_bTagSF_light_M_year     27.7444659935     27.7901665376     27.6983748223     0.00164719494214     -0.00166127440535    0.00166127440535
2015     CMS_bTagSF_light_M_year     1.17976705732     1.1440312809     1.21616003027     -0.0302905359132     0.030847592097    0.030847592097
2015     CMS_bTagSF_light_M_year     2.19587297268     2.197614215     2.19392041789     0.000792961313551     -0.000889192959603    0.000889192959603
2015     CMS_bTagSF_light_M_year     0.158669369845     0.153391703981     0.164015469234     -0.033262033303     0.0336933296869    0.0336933296869
2015     CMS_jer_eta193     27.7444659935     27.7063750821     27.7258574022     -0.00137291925071     -0.000670713624381    0.00137291925071
2015     CMS_jer_eta193     1.17976705732     1.18744434431     1.18029676031     0.00650746005371     0.000448989480908    0.00650746005371
2015     CMS_jer_eta193     2.19587297268     2.20098038697     2.20477716652     0.0023259151871     0.00405496763582    0.00405496763582
2015     CMS_jer_eta193     0.158669369845     0.165582263667     0.169585688023     0.0435679162835     0.0687991525354    0.0687991525354
2015     CMS_jer_193eta25     27.7444659935     27.7443037117     27.7427597023     -5.84915919488e-06     -6.15002364728e-05    6.15002364728e-05
2015     CMS_jer_193eta25     1.17976705732     1.17976705732     1.17981900762     0.0     4.40343702606e-05    4.40343702606e-05
2015     CMS_jer_193eta25     2.19587297268     2.195887917     2.19473775367     6.8056412541e-06     -0.000516978449103    0.000516978449103
2015     CMS_jer_193eta25     0.158669369845     0.158669369845     0.158704921372     0.0     0.000224060431613    0.000224060431613
2015     CMS_jec_FlavorQCD     27.7444659935     27.7552660482     27.7051270053     0.000389268786533     -0.00141790395991    0.00141790395991
2015     CMS_jec_FlavorQCD     1.17976705732     1.1796704056     1.1798853341     -8.19244082004e-05     0.0001002543536    0.0001002543536
2015     CMS_jec_FlavorQCD     2.19587297268     2.17844452576     2.2072169341     -0.00793691034812     0.00516603717997    0.00793691034812
2015     CMS_jec_FlavorQCD     0.158669369845     0.158653285901     0.160419639233     -0.000101367662985     0.0110309216552    0.0110309216552
2015     CMS_jec_RelativeBal     27.7444659935     27.753572293     27.7247234461     0.000328220390558     -0.000711585059513    0.000711585059513
2015     CMS_jec_RelativeBal     1.17976705732     1.1797670586     1.18010928761     1.09007514126e-09     0.000290082935856    0.000290082935856
2015     CMS_jec_RelativeBal     2.19587297268     2.17932110897     2.2054182466     -0.00753771457465     0.0043469153456    0.00753771457465
2015     CMS_jec_RelativeBal     0.158669369845     0.158669369845     0.164594601654     0.0     0.0373432617442    0.0373432617442
2015     CMS_jec_Absolute     27.7444659935     27.7638547875     27.6894800969     0.000698834641296     -0.00198186898509    0.00198186898509
2015     CMS_jec_Absolute     1.17976705732     1.18137792077     1.17986805539     0.00136540806054     8.56084908867e-05    0.00136540806054
2015     CMS_jec_Absolute     2.19587297268     2.16061024163     2.2133900333     -0.0160586388588     0.00797726500496    0.0160586388588
2015     CMS_jec_Absolute     0.158669369845     0.156820191697     0.157837685453     -0.0116542855708     -0.00524161905333    0.0116542855708
2015     CMS_jec_BBEC1_year     27.7444659935     27.7436459233     27.7450052703     -2.95579745619e-05     1.9437272756e-05    2.95579745619e-05
2015     CMS_jec_BBEC1_year     1.17976705732     1.17976705547     1.17983361133     -1.56079549285e-09     5.64128470457e-05    5.64128470457e-05
2015     CMS_jec_BBEC1_year     2.19587297268     2.19291239283     2.19549168878     -0.0013482473186     -0.00017363659293    0.0013482473186
2015     CMS_jec_BBEC1_year     0.158669369845     0.158669369845     0.158704921372     0.0     0.000224060431613    0.000224060431613
2015     CMS_jec_Absolute_year     27.7444659935     27.7622977211     27.6776090457     0.000642712947796     -0.00240973994148    0.00240973994148
2015     CMS_jec_Absolute_year     1.17976705732     1.18140710703     1.17852083427     0.00139014707076     -0.00105632975353    0.00139014707076
2015     CMS_jec_Absolute_year     2.19587297268     2.16486309272     2.20511667843     -0.0141218915403     0.00420958127469    0.0141218915403
2015     CMS_jec_Absolute_year     0.158669369845     0.155202686988     0.162961013001     -0.0218484693065     0.0270477103455    0.0270477103455
2015     CMS_jec_RelativeSample_year     27.7444659935     27.7703009553     27.7313574956     0.00093117531219     -0.000472472525174    0.00093117531219
2015     CMS_jec_RelativeSample_year     1.17976705732     1.18004436409     1.1797976576     0.000235052144131     2.59375617599e-05    0.000235052144131
2015     CMS_jec_RelativeSample_year     2.19587297268     2.1687419003     2.20349253822     -0.0123554835424     0.00346994823162    0.0123554835424
2015     CMS_jec_RelativeSample_year     0.158669369845     0.156101185405     0.164594601654     -0.0161857606294     0.0373432617442    0.0373432617442
2015     CMS_pu     27.7444659935     27.8952550509     27.5931208261     0.0054349237561     -0.00545496775856    0.00545496775856
2015     CMS_pu     1.17976705732     1.16963435049     1.18718021998     -0.00858873517999     0.00628358167743    0.00858873517999
2015     CMS_pu     2.19587297268     2.22821212172     2.17958232623     0.0147272403455     -0.0074187562973    0.0147272403455
2015     CMS_pu     0.158669369845     0.152580283261     0.164237390881     -0.0383759423137     0.0350919717018    0.0383759423137
2015     CMS_L1Prefiring     27.7444659935     27.651122856     27.8291368235     -0.00336438760699     0.00305180968317    0.00336438760699
2015     CMS_L1Prefiring     1.17976705732     1.17582579012     1.18340526436     -0.00334071643469     0.00308383508925    0.00334071643469
2015     CMS_L1Prefiring     2.19587297268     2.17720790698     2.21397482445     -0.00850006622698     0.00824357875036    0.00850006622698
2015     CMS_L1Prefiring     0.158669369845     0.157582414271     0.15974232505     -0.00685044362737     0.00676220751831    0.00685044362737
2015     CMS_pdf_sig     27.7444659935     28.3270996084     27.1618357067     0.0209999938362     -0.0209998738841    0.0209999938362
2015     CMS_pdf_sig     1.17976705732     1.20333865912     1.15619547614     0.0199798779421     -0.0199798604596    0.0199798779421
2015     CMS_pdf_sig     2.19587297268     2.24391785225     2.14782809814     0.0218796260832     -0.0218796237937    0.0218796260832
2015     CMS_pdf_sig     0.158669369845     0.16276328098     0.154575459391     0.0258015213621     -0.0258015170632    0.0258015213621
2015     CMS_renorm_sig     27.7444659935     27.7444659935     27.7444659935     0.0     0.0    0.0
2015     CMS_renorm_sig     1.17976705732     1.17976705732     1.17976705732     0.0     0.0    0.0
2015     CMS_renorm_sig     2.19587297268     2.19587297268     2.19587297268     0.0     0.0    0.0
2015     CMS_renorm_sig     0.158669369845     0.158669369845     0.158669369845     0.0     0.0    0.0
2015     CMS_fact_sig     27.7444659935     23.7945386176     32.6911342806     -0.14236811683     0.178293872667    0.178293872667
2015     CMS_fact_sig     1.17976705732     1.01357801165     1.38734565885     -0.140865982515     0.175948802984    0.175948802984
2015     CMS_fact_sig     2.19587297268     1.88274685775     2.58814210578     -0.142597554061     0.17863926465    0.17863926465
2015     CMS_fact_sig     0.158669369845     0.135967108964     0.187112640531     -0.143079038525     0.179261257002    0.179261257002
2015     CMS_jec_AbsoluteCal     27.7444659935     27.7562247352     27.7375174307     0.000423822957236     -0.000250448607115    0.000423822957236
2015     CMS_jec_AbsoluteCal     1.17976705732     1.17975408182     1.17979766131     -1.09983567739e-05     2.59407097449e-05    2.59407097449e-05
2015     CMS_jec_AbsoluteCal     2.19587297268     2.18541851653     2.20030466666     -0.00476095670246     0.00201819232448    0.00476095670246
2015     CMS_jec_AbsoluteCal     0.158669369845     0.158669369845     0.162961013001     0.0     0.0270477103455    0.0270477103455
2015     CMS_jec_AbsoluteTheory     27.7444659935     27.7638545709     27.6894797661     0.000698826833094     -0.00198188090739    0.00198188090739
2015     CMS_jec_AbsoluteTheory     1.17976705732     1.18137794345     1.1798680552     0.00136542728777     8.5608331102e-05    0.00136542728777
2015     CMS_jec_AbsoluteTheory     2.19587297268     2.16061024704     2.21339003949     -0.0160586363973     0.00797726782272    0.0160586363973
2015     CMS_jec_AbsoluteTheory     0.158669369845     0.156820191697     0.157837685453     -0.0116542855708     -0.00524161905333    0.0116542855708
2015     CMS_jec_AbsolutePU     27.7444659935     27.74700034     27.7437042057     9.13460178589e-05     -2.74572903948e-05    9.13460178589e-05
2015     CMS_jec_AbsolutePU     1.17976705732     1.17975408369     1.17984960893     -1.09967724626e-05     6.99728114761e-05    6.99728114761e-05
2015     CMS_jec_AbsolutePU     2.19587297268     2.19354844744     2.20025305456     -0.00105858820978     0.00199468818619    0.00199468818619
2015     CMS_jec_AbsolutePU     0.158669369845     0.158669369845     0.158704921254     0.0     0.00022405968658    0.00022405968658
2015     CMS_jec_AbsoluteScale     27.7444659935     27.7638545709     27.6894797661     0.000698826833094     -0.00198188090739    0.00198188090739
2015     CMS_jec_AbsoluteScale     1.17976705732     1.18137794345     1.1798680552     0.00136542728777     8.5608331102e-05    0.00136542728777
2015     CMS_jec_AbsoluteScale     2.19587297268     2.16061024704     2.21339003949     -0.0160586363973     0.00797726782272    0.0160586363973
2015     CMS_jec_AbsoluteScale     0.158669369845     0.156820191697     0.157837685453     -0.0116542855708     -0.00524161905333    0.0116542855708
2015     CMS_jec_Fragmentation     27.7444659935     27.758519925     27.7397069544     0.000506548996837     -0.000171531115208    0.000506548996837
2015     CMS_jec_Fragmentation     1.17976705732     1.17976705957     1.17978305194     1.90776172637e-09     1.35574419533e-05    1.35574419533e-05
2015     CMS_jec_Fragmentation     2.19587297268     2.18754453467     2.20256801985     -0.00379276857568     0.00304892279867    0.00379276857568
2015     CMS_jec_Fragmentation     0.158669369845     0.158669369845     0.158704921254     0.0     0.00022405968658    0.00022405968658
2015     CMS_jec_AbsoluteMPFBias     27.7444659935     27.7638547875     27.6894800969     0.000698834641296     -0.00198186898509    0.00198186898509
2015     CMS_jec_AbsoluteMPFBias     1.17976705732     1.18137792077     1.17986805539     0.00136540806054     8.56084908867e-05    0.00136540806054
2015     CMS_jec_AbsoluteMPFBias     2.19587297268     2.16061024163     2.2133900333     -0.0160586388588     0.00797726500496    0.0160586388588
2015     CMS_jec_AbsoluteMPFBias     0.158669369845     0.156820191697     0.157837685453     -0.0116542855708     -0.00524161905333    0.0116542855708
2015     CMS_jec_RelativeFSR     27.7444659935     27.7507274608     27.7240363932     0.000225683467302     -0.000736348659433    0.000736348659433
2015     CMS_jec_RelativeFSR     1.17976705732     1.18140707922     1.17803035811     0.00139012349829     -0.00147206958454    0.00147206958454
2015     CMS_jec_RelativeFSR     2.19587297268     2.1756373783     2.22136400906     -0.00921528459485     0.0116086115636    0.0116086115636
2015     CMS_jec_RelativeFSR     0.158669369845     0.15683627564     0.157802133925     -0.0115529179078     -0.00546567948494    0.0115529179078
2015     CMS_scale_sig     27.7444659935     32.6911342806     23.7945386176     0.178293872667     -0.14236811683    0.178293872667
2015     CMS_scale_sig     1.17976705732     1.38734565885     1.01357801165     0.175948802984     -0.140865982515    0.175948802984
2015     CMS_scale_sig     2.19587297268     2.58814210578     1.88274685775     0.17863926465     -0.142597554061    0.17863926465
2015     CMS_scale_sig     0.158669369845     0.187112640531     0.135967108964     0.179261257002     -0.143079038525    0.179261257002
2015     CMS_bTagSF_M     4.92719260836     4.85881890842     4.96322660062     -0.013876806811     0.00731329077735    0.013876806811
2015     CMS_bTagSF_M     0.190816747516     0.117525888888     0.292833754977     -0.384090283382     0.534633405028    0.534633405028
2015     CMS_bTagSF_M     0.337530613812     0.333518595228     0.339678270097     -0.0118863842863     0.006362848872    0.0118863842863
2015     CMS_bTagSF_M     0.0197808241509     0.0118230311445     0.0310762121679     -0.402298354491     0.571027169085    0.571027169085
2015     CMS_bTagSF_T     4.92719260836     4.92719260836     4.92719260836     0.0     0.0    0.0
2015     CMS_bTagSF_T     0.190816747516     0.190816747516     0.190816747516     0.0     0.0    0.0
2015     CMS_bTagSF_T     0.337530613812     0.337530613812     0.337530613812     0.0     0.0    0.0
2015     CMS_bTagSF_T     0.0197808241509     0.0197808241509     0.0197808241509     0.0     0.0    0.0
2015     CMS_bTagSF_M_corr     4.92719260836     5.57318333456     6.9844134688     0.131107260775     0.41752393786    0.41752393786
2015     CMS_bTagSF_M_corr     0.190816747516     0.171987277579     0.281174370735     -0.0986782878461     0.473530884447    0.473530884447
2015     CMS_bTagSF_M_corr     0.337530613812     0.355155491799     0.448027765615     0.0522171242122     0.327369273427    0.327369273427
2015     CMS_bTagSF_M_corr     0.0197808241509     0.0141586888285     0.0333790764235     -0.284221490441     0.687446193794    0.687446193794
2015     CMS_bTagSF_T_corr     4.92719260836     4.92719260836     4.92719260836     0.0     0.0    0.0
2015     CMS_bTagSF_T_corr     0.190816747516     0.190816747516     0.190816747516     0.0     0.0    0.0
2015     CMS_bTagSF_T_corr     0.337530613812     0.337530613812     0.337530613812     0.0     0.0    0.0
2015     CMS_bTagSF_T_corr     0.0197808241509     0.0197808241509     0.0197808241509     0.0     0.0    0.0
2015     CMS_jer     4.92719260836     4.9268909869     4.92675585584     -6.12156838616e-05     -8.86412530735e-05    8.86412530735e-05
2015     CMS_jer     0.190816747516     0.188278268872     0.189191844436     -0.0133032277152     -0.00851551606923    0.0133032277152
2015     CMS_jer     0.337530613812     0.337416984054     0.333998316672     -0.0003366502285     -0.010465116334    0.010465116334
2015     CMS_jer     0.0197808241509     0.0197808241509     0.0198615346332     0.0     0.00408023860672    0.00408023860672
2015     CMS_jec     4.92719260836     4.94492106727     4.91534155791     0.00359808522152     -0.00240523385193    0.00359808522152
2015     CMS_jec     0.190816747516     0.189428860651     0.189087510571     -0.00727340174838     -0.00906229126916    0.00906229126916
2015     CMS_jec     0.337530613812     0.32641237337     0.341515047763     -0.0329399467403     0.0118046594525    0.0329399467403
2015     CMS_jec     0.0197808241509     0.0186113602366     0.0205212182464     -0.0591210914825     0.0374298911865    0.0591210914825
2015     CMS_bTagSF_bc_T_corr     4.92719260836     4.92719260836     4.92719260836     0.0     0.0    0.0
2015     CMS_bTagSF_bc_T_corr     0.190816747516     0.190816747516     0.190816747516     0.0     0.0    0.0
2015     CMS_bTagSF_bc_T_corr     0.337530613812     0.337530613812     0.337530613812     0.0     0.0    0.0
2015     CMS_bTagSF_bc_T_corr     0.0197808241509     0.0197808241509     0.0197808241509     0.0     0.0    0.0
2015     CMS_bTagSF_light_T_corr     4.92719260836     4.92719260836     4.92719260836     0.0     0.0    0.0
2015     CMS_bTagSF_light_T_corr     0.190816747516     0.190816747516     0.190816747516     0.0     0.0    0.0
2015     CMS_bTagSF_light_T_corr     0.337530613812     0.337530613812     0.337530613812     0.0     0.0    0.0
2015     CMS_bTagSF_light_T_corr     0.0197808241509     0.0197808241509     0.0197808241509     0.0     0.0    0.0
2015     CMS_bTagSF_bc_M_corr     4.92719260836     4.83562462705     4.96944945619     -0.0185842098307     0.00857625248109    0.0185842098307
2015     CMS_bTagSF_bc_M_corr     0.190816747516     0.106352314588     0.314769898986     -0.442646853736     0.64959262268    0.64959262268
2015     CMS_bTagSF_bc_M_corr     0.337530613812     0.330666774612     0.341137955862     -0.020335456752     0.0106874514557    0.020335456752
2015     CMS_bTagSF_bc_M_corr     0.0197808241509     0.0101703674523     0.034935720433     -0.485847132824     0.766140792042    0.766140792042
2015     CMS_bTagSF_light_M_corr     4.92719260836     5.65791745302     6.90729217429     0.148304501719     0.401871760111    0.401871760111
2015     CMS_bTagSF_light_M_corr     0.190816747516     0.297564845538     0.182812031073     0.55942730086     -0.0419497583251    0.55942730086
2015     CMS_bTagSF_light_M_corr     0.337530613812     0.358822148369     0.44540960426     0.0630803064534     0.319612461904    0.319612461904
2015     CMS_bTagSF_light_M_corr     0.0197808241509     0.0260381974083     0.0198801911715     0.316335315945     0.00502340144731    0.316335315945
2015     CMS_bTagSF_bc_T_year     4.92719260836     4.92719260836     4.92719260836     0.0     0.0    0.0
2015     CMS_bTagSF_bc_T_year     0.190816747516     0.190816747516     0.190816747516     0.0     0.0    0.0
2015     CMS_bTagSF_bc_T_year     0.337530613812     0.337530613812     0.337530613812     0.0     0.0    0.0
2015     CMS_bTagSF_bc_T_year     0.0197808241509     0.0197808241509     0.0197808241509     0.0     0.0    0.0
2015     CMS_bTagSF_light_T_year     4.92719260836     4.92719260836     4.92719260836     0.0     0.0    0.0
2015     CMS_bTagSF_light_T_year     0.190816747516     0.190816747516     0.190816747516     0.0     0.0    0.0
2015     CMS_bTagSF_light_T_year     0.337530613812     0.337530613812     0.337530613812     0.0     0.0    0.0
2015     CMS_bTagSF_light_T_year     0.0197808241509     0.0197808241509     0.0197808241509     0.0     0.0    0.0
2015     CMS_bTagSF_bc_M_year     4.92719260836     4.85124201993     4.97275939041     -0.0154145767105     0.00924802127166    0.0154145767105
2015     CMS_bTagSF_bc_M_year     0.190816747516     0.121875284544     0.283657868808     -0.361296709382     0.486545979326    0.486545979326
2015     CMS_bTagSF_bc_M_year     0.337530613812     0.332206188136     0.341066923941     -0.0157746451965     0.0104770055944    0.0157746451965
2015     CMS_bTagSF_bc_M_year     0.0197808241509     0.0120751294918     0.0305766652311     -0.389553771891     0.545773067792    0.545773067792
2015     CMS_bTagSF_light_M_year     4.92719260836     4.93588388474     4.91924518742     0.00176394086166     -0.00161297143668    0.00176394086166
2015     CMS_bTagSF_light_M_year     0.190816747516     0.184414754976     0.197354425285     -0.0335504751177     0.0342615512208    0.0342615512208
2015     CMS_bTagSF_light_M_year     0.337530613812     0.338875794923     0.336211321529     0.00398536030896     -0.00390865962765    0.00398536030896
2015     CMS_bTagSF_light_M_year     0.0197808241509     0.0194218370528     0.020145734173     -0.018148237672     0.0184476652425    0.0184476652425
2015     CMS_jer_eta193     4.92719260836     4.92683704837     4.92692708245     -7.21627949573e-05     -5.3889899629e-05    7.21627949573e-05
2015     CMS_jer_eta193     0.190816747516     0.188278268872     0.189190312338     -0.0133032277152     -0.00852354523121    0.0133032277152
2015     CMS_jer_eta193     0.337530613812     0.337417692522     0.334003641605     -0.000334551254736     -0.0104493401862    0.0104493401862
2015     CMS_jer_eta193     0.0197808241509     0.0197808241509     0.0198615346332     0.0     0.00408023860672    0.00408023860672
2015     CMS_jer_193eta25     4.92719260836     4.92724655298     4.92702129258     1.09483467832e-05     -3.47694501818e-05    3.47694501818e-05
2015     CMS_jer_193eta25     0.190816747516     0.190816747516     0.190818279593     0.0     8.02904897146e-06    8.02904897146e-06
2015     CMS_jer_193eta25     0.337530613812     0.337529905344     0.337525288284     -2.09897376491e-06     -1.57779101885e-05    1.57779101885e-05
2015     CMS_jer_193eta25     0.0197808241509     0.0197808241509     0.0197808241509     0.0     0.0    0.0
2015     CMS_jec_FlavorQCD     4.92719260836     4.93158021371     4.92399037007     0.000890487888778     -0.000649911327821    0.000890487888778
2015     CMS_jec_FlavorQCD     0.190816747516     0.189203948714     0.190266749125     -0.00845208202564     -0.00288233815137    0.00845208202564
2015     CMS_jec_FlavorQCD     0.337530613812     0.334294608004     0.339292697777     -0.00958729571784     0.00522051598626    0.00958729571784
2015     CMS_jec_FlavorQCD     0.0197808241509     0.0186113603821     0.0205212182836     -0.0591210841265     0.037429893066    0.0591210841265
2015     CMS_jec_RelativeBal     4.92719260836     4.9298194187     4.92469418749     0.000533125157156     -0.00050706783258    0.000533125157156
2015     CMS_jec_RelativeBal     0.190816747516     0.190035411218     0.190760314062     -0.00409469456216     -0.000295746861107    0.00409469456216
2015     CMS_jec_RelativeBal     0.337530613812     0.335481998388     0.33850877305     -0.00606942108417     0.00289798672464    0.00606942108417
2015     CMS_jec_RelativeBal     0.0197808241509     0.0197808241509     0.0197808241509     0.0     0.0    0.0
2015     CMS_jec_Absolute     4.92719260836     4.93193049935     4.92282165337     0.000961580227508     -0.000887108610247    0.000961580227508
2015     CMS_jec_Absolute     0.190816747516     0.190026311423     0.18906775224     -0.00414238321979     -0.0091658373748    0.0091658373748
2015     CMS_jec_Absolute     0.337530613812     0.332340892039     0.341737916572     -0.0153755587212     0.0124649515866    0.0153755587212
2015     CMS_jec_Absolute     0.0197808241509     0.0186123210145     0.0197808241137     -0.05907252031     -1.87956072928e-09    0.05907252031
2015     CMS_jec_BBEC1_year     4.92719260836     4.92804815138     4.9272877115     0.000173637015813     1.93016893704e-05    0.000173637015813
2015     CMS_jec_BBEC1_year     0.190816747516     0.190317619218     0.190816747516     -0.00261574680663     0.0    0.00261574680663
2015     CMS_jec_BBEC1_year     0.337530613812     0.336974390828     0.337586211812     -0.00164791862295     0.000164719872208    0.00164791862295
2015     CMS_jec_BBEC1_year     0.0197808241509     0.0197808241509     0.0197808241509     0.0     0.0    0.0
2015     CMS_jec_Absolute_year     4.92719260836     4.93318420943     4.92063142327     0.00121602736943     -0.00133162748394    0.00133162748394
2015     CMS_jec_Absolute_year     0.190816747516     0.19007835742     0.189572575744     -0.00386962939999     -0.00652024409952    0.00652024409952
2015     CMS_jec_Absolute_year     0.337530613812     0.332323345712     0.340433660721     -0.0154275431236     0.00860084030856    0.0154275431236
2015     CMS_jec_Absolute_year     0.0197808241509     0.0186123210145     0.0197808241137     -0.05907252031     -1.87956072928e-09    0.05907252031
2015     CMS_jec_RelativeSample_year     4.92719260836     4.93554058089     4.92445919529     0.00169426551682     -0.000554760750448    0.00169426551682
2015     CMS_jec_RelativeSample_year     0.190816747516     0.190262228289     0.190253647311     -0.00290603017703     -0.00295099991009    0.00295099991009
2015     CMS_jec_RelativeSample_year     0.337530613812     0.331152915126     0.340838912094     -0.0188951710615     0.00980147621296    0.0188951710615
2015     CMS_jec_RelativeSample_year     0.0197808241509     0.0186113603767     0.0197808241137     -0.0591210844002     -1.87956072928e-09    0.0591210844002
2015     CMS_pu     4.92719260836     4.98317792271     4.87186616601     0.0113625179283     -0.0112287963442    0.0113625179283
2015     CMS_pu     0.190816747516     0.186970130053     0.195138995572     -0.0201586994474     0.022651303472    0.022651303472
2015     CMS_pu     0.337530613812     0.340012036113     0.335355383995     0.00735169551952     -0.0064445408136    0.00735169551952
2015     CMS_pu     0.0197808241509     0.0188541026429     0.0206337036721     -0.0468494892255     0.0431164806244    0.0468494892255
2015     CMS_L1Prefiring     4.92719260836     4.91014414508     4.94260924947     -0.00346007648449     0.00312888947808    0.00346007648449
2015     CMS_L1Prefiring     0.190816747516     0.190256872651     0.191319868311     -0.00293409709929     0.0026366700046    0.00293409709929
2015     CMS_L1Prefiring     0.337530613812     0.334370509465     0.340605539419     -0.00936242289621     0.00911006433562    0.00936242289621
2015     CMS_L1Prefiring     0.0197808241509     0.0196285098392     0.0199321844811     -0.007700099376     0.00765187178583    0.007700099376
2015     CMS_pdf_sig     4.92719260836     5.09773614421     4.75664912931     0.0346127195342     -0.0346127080075    0.0346127195342
2015     CMS_pdf_sig     0.190816747516     0.197808096457     0.183825391332     0.036639074044     -0.0366391120029    0.0366391120029
2015     CMS_pdf_sig     0.337530613812     0.348631093462     0.326430136395     0.0328873269436     -0.0328873203291    0.0328873269436
2015     CMS_pdf_sig     0.0197808241509     0.0203922717769     0.0191693762578     0.0309111299578     -0.0309111434598    0.0309111434598
2015     CMS_renorm_sig     4.92719260836     4.92719260836     4.92719260836     0.0     0.0    0.0
2015     CMS_renorm_sig     0.190816747516     0.190816747516     0.190816747516     0.0     0.0    0.0
2015     CMS_renorm_sig     0.337530613812     0.337530613812     0.337530613812     0.0     0.0    0.0
2015     CMS_renorm_sig     0.0197808241509     0.0197808241509     0.0197808241509     0.0     0.0    0.0
2015     CMS_fact_sig     4.92719260836     4.17032458935     5.88904545415     -0.153610398288     0.195213161377    0.195213161377
2015     CMS_fact_sig     0.190816747516     0.161754129798     0.227646338388     -0.152306430628     0.193010264307    0.193010264307
2015     CMS_fact_sig     0.337530613812     0.285555436975     0.403704622296     -0.153986556213     0.196053352722    0.196053352722
2015     CMS_fact_sig     0.0197808241509     0.0167911912049     0.0235648751083     -0.151137936579     0.191298953398    0.191298953398
2015     CMS_jec_AbsoluteCal     4.92719260836     4.92917994556     4.9265875175     0.000403340675415     -0.000122806416131    0.000403340675415
2015     CMS_jec_AbsoluteCal     0.190816747516     0.189803122687     0.190760312703     -0.0053120328386     -0.000295753983788    0.0053120328386
2015     CMS_jec_AbsoluteCal     0.337530613812     0.334273980418     0.339429953084     -0.00964840894694     0.00562716149218    0.00964840894694
2015     CMS_jec_AbsoluteCal     0.0197808241509     0.0197808241509     0.0197808241509     0.0     0.0    0.0
2015     CMS_jec_AbsoluteTheory     4.92719260836     4.93193049935     4.92282165337     0.000961580227508     -0.000887108610247    0.000961580227508
2015     CMS_jec_AbsoluteTheory     0.190816747516     0.190026311423     0.18906775224     -0.00414238321979     -0.0091658373748    0.0091658373748
2015     CMS_jec_AbsoluteTheory     0.337530613812     0.332340892039     0.341737916572     -0.0153755587212     0.0124649515866    0.0153755587212
2015     CMS_jec_AbsoluteTheory     0.0197808241509     0.0186123210145     0.0197808241137     -0.05907252031     -1.87956072928e-09    0.05907252031
2015     CMS_jec_AbsolutePU     4.92719260836     4.92884301909     4.92563283313     0.000334959653167     -0.000316564697245    0.000334959653167
2015     CMS_jec_AbsolutePU     0.190816747516     0.19030958564     0.190822611215     -0.00265784782017     3.07294798172e-05    0.00265784782017
2015     CMS_jec_AbsolutePU     0.337530613812     0.337418201483     0.337582305869     -0.000333043357179     0.000153147759486    0.000333043357179
2015     CMS_jec_AbsolutePU     0.0197808241509     0.0197808241509     0.0197808241509     0.0     0.0    0.0
2015     CMS_jec_AbsoluteScale     4.92719260836     4.93193049935     4.92282165337     0.000961580227508     -0.000887108610247    0.000961580227508
2015     CMS_jec_AbsoluteScale     0.190816747516     0.190026311423     0.18906775224     -0.00414238321979     -0.0091658373748    0.0091658373748
2015     CMS_jec_AbsoluteScale     0.337530613812     0.332340892039     0.341737916572     -0.0153755587212     0.0124649515866    0.0153755587212
2015     CMS_jec_AbsoluteScale     0.0197808241509     0.0186123210145     0.0197808241137     -0.05907252031     -1.87956072928e-09    0.05907252031
2015     CMS_jec_Fragmentation     4.92719260836     4.92896779947     4.92662884154     0.000360284495529     -0.000114419480394    0.000360284495529
2015     CMS_jec_Fragmentation     0.190816747516     0.189803122754     0.190760313766     -0.00531203248811     -0.000295748409685    0.00531203248811
2015     CMS_jec_Fragmentation     0.337530613812     0.334785872058     0.339154875963     -0.00813183054193     0.00481219209332    0.00813183054193
2015     CMS_jec_Fragmentation     0.0197808241509     0.0197808241509     0.0197808241509     0.0     0.0    0.0
2015     CMS_jec_AbsoluteMPFBias     4.92719260836     4.93193049935     4.92282165337     0.000961580227508     -0.000887108610247    0.000961580227508
2015     CMS_jec_AbsoluteMPFBias     0.190816747516     0.190026311423     0.18906775224     -0.00414238321979     -0.0091658373748    0.0091658373748
2015     CMS_jec_AbsoluteMPFBias     0.337530613812     0.332340892039     0.341737916572     -0.0153755587212     0.0124649515866    0.0153755587212
2015     CMS_jec_AbsoluteMPFBias     0.0197808241509     0.0186123210145     0.0197808241137     -0.05907252031     -1.87956072928e-09    0.05907252031
2015     CMS_jec_RelativeFSR     4.92719260836     4.9288627674     4.92638085837     0.00033896767886     -0.000164748986915    0.00033896767886
2015     CMS_jec_RelativeFSR     0.190816747516     0.190658913237     0.189061889292     -0.000827151079603     -0.00919656291786    0.00919656291786
2015     CMS_jec_RelativeFSR     0.337530613812     0.33525768889     0.339881577893     -0.00673398153957     0.00696518770427    0.00696518770427
2015     CMS_jec_RelativeFSR     0.0197808241509     0.0197808241454     0.0197808241509     -2.73750355717e-10     0.0    2.73750355717e-10
2015     CMS_scale_sig     4.92719260836     5.88904545415     4.17032458935     0.195213161377     -0.153610398288    0.195213161377
2015     CMS_scale_sig     0.190816747516     0.227646338388     0.161754129798     0.193010264307     -0.152306430628    0.193010264307
2015     CMS_scale_sig     0.337530613812     0.403704622296     0.285555436975     0.196053352722     -0.153986556213    0.196053352722
2015     CMS_scale_sig     0.0197808241509     0.0235648751083     0.0167911912049     0.191298953398     -0.151137936579    0.191298953398
2015     CMS_bTagSF_M     3.10381288009     3.01850261976     3.16929049219     -0.0274856325488     0.0210958632597    0.0274856325488
2015     CMS_bTagSF_M     0.147858368222     0.0880924261275     0.233024362252     -0.404210751229     0.575997118416    0.575997118416
2015     CMS_bTagSF_M     0.22281272609     0.222731425668     0.22024860493     -0.000364882309965     -0.0115079654794    0.0115079654794
2015     CMS_bTagSF_M     0.0159369716341     0.00940964244962     0.0252516750907     -0.409571487879     0.584471358205    0.584471358205
2015     CMS_bTagSF_T     3.10381288009     3.10381288009     3.10381288009     0.0     0.0    0.0
2015     CMS_bTagSF_T     0.147858368222     0.147858368222     0.147858368222     0.0     0.0    0.0
2015     CMS_bTagSF_T     0.22281272609     0.22281272609     0.22281272609     0.0     0.0    0.0
2015     CMS_bTagSF_T     0.0159369716341     0.0159369716341     0.0159369716341     0.0     0.0    0.0
2015     CMS_bTagSF_M_corr     3.10381288009     3.17140267503     4.00693784927     0.0217763755596     0.290972749995    0.290972749995
2015     CMS_bTagSF_M_corr     0.147858368222     0.118657448083     0.211465086527     -0.197492509153     0.430186800175    0.430186800175
2015     CMS_bTagSF_M_corr     0.22281272609     0.226092287786     0.264525841036     0.0147189155375     0.187211546117    0.187211546117
2015     CMS_bTagSF_M_corr     0.0159369716341     0.0112897716939     0.0254439000145     -0.291598683043     0.596532929763    0.596532929763
2015     CMS_bTagSF_T_corr     3.10381288009     3.10381288009     3.10381288009     0.0     0.0    0.0
2015     CMS_bTagSF_T_corr     0.147858368222     0.147858368222     0.147858368222     0.0     0.0    0.0
2015     CMS_bTagSF_T_corr     0.22281272609     0.22281272609     0.22281272609     0.0     0.0    0.0
2015     CMS_bTagSF_T_corr     0.0159369716341     0.0159369716341     0.0159369716341     0.0     0.0    0.0
2015     CMS_jer     3.10381288009     3.10430273306     3.1034128633     0.00015782297205     -0.000128879155936    0.00015782297205
2015     CMS_jer     0.147858368222     0.147820531041     0.147692240284     -0.000255901520644     -0.00112356128736    0.00112356128736
2015     CMS_jer     0.22281272609     0.224363626451     0.224201004568     0.00696055556482     0.00623069652503    0.00696055556482
2015     CMS_jer     0.0159369716341     0.0159369716341     0.0161829897692     0.0     0.0154369437819    0.0154369437819
2015     CMS_jec     3.10381288009     3.10879858743     3.09647121745     0.0016063169837     -0.00236536895615    0.00236536895615
2015     CMS_jec     0.147858368222     0.146320597897     0.148042338959     -0.0104002928161     0.00124423621762    0.0104002928161
2015     CMS_jec     0.22281272609     0.217660109838     0.228290969429     -0.0231253229695     0.0245867614231    0.0245867614231
2015     CMS_jec     0.0159369716341     0.0158231246034     0.0166408331258     -0.00714357992701     0.0441653224885    0.0441653224885
2015     CMS_bTagSF_bc_T_corr     3.10381288009     3.10381288009     3.10381288009     0.0     0.0    0.0
2015     CMS_bTagSF_bc_T_corr     0.147858368222     0.147858368222     0.147858368222     0.0     0.0    0.0
2015     CMS_bTagSF_bc_T_corr     0.22281272609     0.22281272609     0.22281272609     0.0     0.0    0.0
2015     CMS_bTagSF_bc_T_corr     0.0159369716341     0.0159369716341     0.0159369716341     0.0     0.0    0.0
2015     CMS_bTagSF_light_T_corr     3.10381288009     3.10381288009     3.10381288009     0.0     0.0    0.0
2015     CMS_bTagSF_light_T_corr     0.147858368222     0.147858368222     0.147858368222     0.0     0.0    0.0
2015     CMS_bTagSF_light_T_corr     0.22281272609     0.22281272609     0.22281272609     0.0     0.0    0.0
2015     CMS_bTagSF_light_T_corr     0.0159369716341     0.0159369716341     0.0159369716341     0.0     0.0    0.0
2015     CMS_bTagSF_bc_M_corr     3.10381288009     2.988100829     3.1931152326     -0.0372806143773     0.0287718222614    0.0372806143773
2015     CMS_bTagSF_bc_M_corr     0.147858368222     0.0802828553029     0.248786888875     -0.457028666905     0.682602695177    0.682602695177
2015     CMS_bTagSF_bc_M_corr     0.22281272609     0.221021331842     0.220343127035     -0.00803990992671     -0.0110837432777    0.0110837432777
2015     CMS_bTagSF_bc_M_corr     0.0159369716341     0.00832152799503     0.0276889690885     -0.477847599525     0.737404679147    0.737404679147
2015     CMS_bTagSF_light_M_corr     3.10381288009     3.26561279673     3.87098102514     0.0521294043467     0.247169586148    0.247169586148
2015     CMS_bTagSF_light_M_corr     0.147858368222     0.212715363499     0.133195270907     0.438642709618     -0.0991698846084    0.438642709618
2015     CMS_bTagSF_light_M_corr     0.22281272609     0.226458450789     0.266148708641     0.0163622821836     0.194495095998    0.194495095998
2015     CMS_bTagSF_light_M_corr     0.0159369716341     0.0204100521326     0.0148330532151     0.280673179401     -0.069267765814    0.280673179401
2015     CMS_bTagSF_bc_T_year     3.10381288009     3.10381288009     3.10381288009     0.0     0.0    0.0
2015     CMS_bTagSF_bc_T_year     0.147858368222     0.147858368222     0.147858368222     0.0     0.0    0.0
2015     CMS_bTagSF_bc_T_year     0.22281272609     0.22281272609     0.22281272609     0.0     0.0    0.0
2015     CMS_bTagSF_bc_T_year     0.0159369716341     0.0159369716341     0.0159369716341     0.0     0.0    0.0
2015     CMS_bTagSF_light_T_year     3.10381288009     3.10381288009     3.10381288009     0.0     0.0    0.0
2015     CMS_bTagSF_light_T_year     0.147858368222     0.147858368222     0.147858368222     0.0     0.0    0.0
2015     CMS_bTagSF_light_T_year     0.22281272609     0.22281272609     0.22281272609     0.0     0.0    0.0
2015     CMS_bTagSF_light_T_year     0.0159369716341     0.0159369716341     0.0159369716341     0.0     0.0    0.0
2015     CMS_bTagSF_bc_M_year     3.10381288009     3.01155542764     3.18006491872     -0.0297239092717     0.0245672150935    0.0297239092717
2015     CMS_bTagSF_bc_M_year     0.147858368222     0.0914755229182     0.225639081573     -0.381330092993     0.526048774148    0.526048774148
2015     CMS_bTagSF_bc_M_year     0.22281272609     0.221770497996     0.221298422595     -0.00467759679995     -0.00679630612751    0.00679630612751
2015     CMS_bTagSF_bc_M_year     0.0159369716341     0.00961589145096     0.024814669253     -0.396629945026     0.55705047501    0.55705047501
2015     CMS_bTagSF_light_M_year     3.10381288009     3.1123935328     3.09528225375     0.00276455219683     -0.00274843447912    0.00276455219683
2015     CMS_bTagSF_light_M_year     0.147858368222     0.14277441152     0.153042247707     -0.0343839632699     0.0350597639324    0.0350597639324
2015     CMS_bTagSF_light_M_year     0.22281272609     0.223823514179     0.221805205654     0.00453649172626     -0.00452182626022    0.00453649172626
2015     CMS_bTagSF_light_M_year     0.0159369716341     0.0156312808574     0.0162464170445     -0.0191812336569     0.0194168263324    0.0194168263324
2015     CMS_jer_eta193     3.10381288009     3.10404914851     3.10341332493     7.6121992993e-05     -0.000128730428121    0.000128730428121
2015     CMS_jer_eta193     0.147858368222     0.147816651466     0.147692711554     -0.000282139973983     -0.00112037398047    0.00112037398047
2015     CMS_jer_eta193     0.22281272609     0.224361901889     0.224205212166     0.00695281560182     0.00624958053619    0.00695281560182
2015     CMS_jer_eta193     0.0159369716341     0.0159369716341     0.0161829897692     0.0     0.0154369437819    0.0154369437819
2015     CMS_jer_193eta25     3.10381288009     3.10406648114     3.10381243967     8.17062974932e-05     -1.41896076777e-07    8.17062974932e-05
2015     CMS_jer_193eta25     0.147858368222     0.147862247797     0.147857896952     2.62384533398e-05     -3.18730689486e-06    2.62384533398e-05
2015     CMS_jer_193eta25     0.22281272609     0.222814450653     0.222808518492     7.73996300274e-06     -1.88840111595e-05    1.88840111595e-05
2015     CMS_jer_193eta25     0.0159369716341     0.0159369716341     0.0159369716341     0.0     0.0    0.0
2015     CMS_jec_FlavorQCD     3.10381288009     3.10567797103     3.10216682222     0.00060090315392     -0.000530334119192    0.00060090315392
2015     CMS_jec_FlavorQCD     0.147858368222     0.146861624681     0.147870441065     -0.00674120480002     8.16513973025e-05    0.00674120480002
2015     CMS_jec_FlavorQCD     0.22281272609     0.221707096299     0.225583274924     -0.00496214830767     0.012434428151    0.012434428151
2015     CMS_jec_FlavorQCD     0.0159369716341     0.0159369716341     0.0159410306657     0.0     0.000254692780047    0.000254692780047
2015     CMS_jec_RelativeBal     3.10381288009     3.10617203204     3.10125621801     0.000760081889523     -0.000823716562348    0.000823716562348
2015     CMS_jec_RelativeBal     0.147858368222     0.147669995561     0.147862570138     -0.00127400744059     2.84185178248e-05    0.00127400744059
2015     CMS_jec_RelativeBal     0.22281272609     0.222391732985     0.225114605174     -0.00188944820641     0.0103310036389    0.0103310036389
2015     CMS_jec_RelativeBal     0.0159369716341     0.0159369716506     0.0161504961711     1.03925690276e-09     0.0133980621891    0.0133980621891
2015     CMS_jec_Absolute     3.10381288009     3.10792209336     3.10107209914     0.00132392429262     -0.000883036785756    0.00132392429262
2015     CMS_jec_Absolute     0.147858368222     0.146586871227     0.147862773114     -0.00859942531624     2.97912910101e-05    0.00859942531624
2015     CMS_jec_Absolute     0.22281272609     0.220384609421     0.226433230236     -0.0108975672621     0.0162490904783    0.0162490904783
2015     CMS_jec_Absolute     0.0159369716341     0.0159369716506     0.0159410306657     1.03925690276e-09     0.000254692780047    0.000254692780047
2015     CMS_jec_BBEC1_year     3.10381288009     3.10378933856     3.10398436439     -7.58471230422e-06     5.52495626611e-05    5.52495626611e-05
2015     CMS_jec_BBEC1_year     0.147858368222     0.147851358217     0.147862570355     -4.74102728811e-05     2.8419984609e-05    4.74102728811e-05
2015     CMS_jec_BBEC1_year     0.22281272609     0.223035626471     0.22281714142     0.00100039340104     1.9816326188e-05    0.00100039340104
2015     CMS_jec_BBEC1_year     0.0159369716341     0.0159369716341     0.0159369716341     0.0     0.0    0.0
2015     CMS_jec_Absolute_year     3.10381288009     3.10571970762     3.10161668437     0.000614350028453     -0.000707579933685    0.000707579933685
2015     CMS_jec_Absolute_year     0.147858368222     0.147677329023     0.147858367929     -0.00122440956005     -1.98160388099e-09    0.00122440956005
2015     CMS_jec_Absolute_year     0.22281272609     0.220047059016     0.226006008997     -0.0124125184542     0.0143316899475    0.0143316899475
2015     CMS_jec_Absolute_year     0.0159369716341     0.0159369717831     0.0161545552027     9.3533125689e-09     0.0136527549692    0.0136527549692
2015     CMS_jec_RelativeSample_year     3.10381288009     3.10568874772     3.10284221854     0.000604375234222     -0.000312731979036    0.000604375234222
2015     CMS_jec_RelativeSample_year     0.147858368222     0.14663065129     0.147862062663     -0.00830333072602     2.49863473951e-05    0.00830333072602
2015     CMS_jec_RelativeSample_year     0.22281272609     0.221386641304     0.225662373251     -0.00640037403451     0.012789427294    0.012789427294
2015     CMS_jec_RelativeSample_year     0.0159369716341     0.0159369717831     0.0166408330264     9.3533125689e-09     0.0441653162529    0.0441653162529
2015     CMS_pu     3.10381288009     3.13175830722     3.07907636861     0.00900357985873     -0.00796971738574    0.00900357985873
2015     CMS_pu     0.147858368222     0.145525957842     0.150048833144     -0.0157746254609     0.0148146158266    0.0157746254609
2015     CMS_pu     0.22281272609     0.226821754337     0.220083526241     0.017992815387     -0.0122488508483    0.017992815387
2015     CMS_pu     0.0159369716341     0.015338616525     0.0164012171914     -0.0375450946869     0.0291300987391    0.0375450946869
2015     CMS_L1Prefiring     3.10381288009     3.09340376506     3.11320377792     -0.00335365417545     0.00302560050921    0.00335365417545
2015     CMS_L1Prefiring     0.147858368222     0.147350150563     0.148326147409     -0.0034371924008     0.00316369775036    0.0034371924008
2015     CMS_L1Prefiring     0.22281272609     0.220610323211     0.224968148295     -0.00988454707089     0.00967369432675    0.00988454707089
2015     CMS_L1Prefiring     0.0159369716341     0.015773338987     0.0160988126126     -0.010267486877     0.0101550647314    0.010267486877
2015     CMS_pdf_sig     3.10381288009     3.22069900391     2.98692672656     0.0376588822665     -0.0376588918341    0.0376588918341
2015     CMS_pdf_sig     0.147858368222     0.153797536458     0.141919195656     0.0401679546919     -0.0401679839827    0.0401679839827
2015     CMS_pdf_sig     0.22281272609     0.231315956593     0.21430949632     0.0381631276251     -0.0381631243409    0.0381631276251
2015     CMS_pdf_sig     0.0159369716341     0.0164732505062     0.0154006929161     0.0336499859876     -0.0336499763128    0.0336499859876
2015     CMS_renorm_sig     3.10381288009     3.10381288009     3.10381288009     0.0     0.0    0.0
2015     CMS_renorm_sig     0.147858368222     0.147858368222     0.147858368222     0.0     0.0    0.0
2015     CMS_renorm_sig     0.22281272609     0.22281272609     0.22281272609     0.0     0.0    0.0
2015     CMS_renorm_sig     0.0159369716341     0.0159369716341     0.0159369716341     0.0     0.0    0.0
2015     CMS_fact_sig     3.10381288009     2.61924627447     3.72073539803     -0.156119786966     0.198762793307    0.198762793307
2015     CMS_fact_sig     0.147858368222     0.124953921018     0.176956209811     -0.154908020966     0.196795365309    0.196795365309
2015     CMS_fact_sig     0.22281272609     0.187980463414     0.267173708427     -0.156329772035     0.199095370874    0.199095370874
2015     CMS_fact_sig     0.0159369716341     0.0134979835178     0.0190255619322     -0.153039622096     0.193800326003    0.193800326003
2015     CMS_jec_AbsoluteCal     3.10381288009     3.10587159986     3.10245419885     0.000663287335564     -0.000437745859516    0.000663287335564
2015     CMS_jec_AbsoluteCal     0.147858368222     0.147678260221     0.147858367981     -0.00121811165311     -1.63439273226e-09    0.00121811165311
2015     CMS_jec_AbsoluteCal     0.22281272609     0.222477685033     0.223056543673     -0.00150368905372     0.0010942713527    0.00150368905372
2015     CMS_jec_AbsoluteCal     0.0159369716341     0.0159369716341     0.0159410306657     0.0     0.000254692780047    0.000254692780047
2015     CMS_jec_AbsoluteTheory     3.10381288009     3.10792207746     3.10107207529     0.00132391916986     -0.000883044469903    0.00132391916986
2015     CMS_jec_AbsoluteTheory     0.147858368222     0.146586870962     0.147862773379     -0.00859942710851     2.97930832776e-05    0.00859942710851
2015     CMS_jec_AbsoluteTheory     0.22281272609     0.220384609288     0.226433230634     -0.0108975678568     0.0162490922623    0.0162490922623
2015     CMS_jec_AbsoluteTheory     0.0159369716341     0.0159369716506     0.0159410306657     1.03925690276e-09     0.000254692780047    0.000254692780047
2015     CMS_jec_AbsolutePU     3.10381288009     3.10446815718     3.10374576447     0.000211120038741     -2.16236029983e-05    0.000211120038741
2015     CMS_jec_AbsolutePU     0.147858368222     0.146877125193     0.147862062346     -0.00663637128509     2.49842079489e-05    0.00663637128509
2015     CMS_jec_AbsolutePU     0.22281272609     0.22236742797     0.222882322246     -0.00199853091236     0.000312352697225    0.00199853091236
2015     CMS_jec_AbsolutePU     0.0159369716341     0.0159369716341     0.0159410306657     0.0     0.000254692780047    0.000254692780047
2015     CMS_jec_AbsoluteScale     3.10381288009     3.10792207746     3.10107207529     0.00132391916986     -0.000883044469903    0.00132391916986
2015     CMS_jec_AbsoluteScale     0.147858368222     0.146586870962     0.147862773379     -0.00859942710851     2.97930832776e-05    0.00859942710851
2015     CMS_jec_AbsoluteScale     0.22281272609     0.220384609288     0.226433230634     -0.0108975678568     0.0162490922623    0.0162490922623
2015     CMS_jec_AbsoluteScale     0.0159369716341     0.0159369716506     0.0159410306657     1.03925690276e-09     0.000254692780047    0.000254692780047
2015     CMS_jec_Fragmentation     3.10381288009     3.10565981284     3.10253599796     0.000595052866384     -0.000411391464101    0.000595052866384
2015     CMS_jec_Fragmentation     0.147858368222     0.147678261062     0.147858368511     -0.00121810596445     1.95014226989e-09    0.00121810596445
2015     CMS_jec_Fragmentation     0.22281272609     0.222635984208     0.222805031925     -0.000793230644467     -3.45319808268e-05    0.000793230644467
2015     CMS_jec_Fragmentation     0.0159369716341     0.0159369716341     0.0159369716341     0.0     0.0    0.0
2015     CMS_jec_AbsoluteMPFBias     3.10381288009     3.10792209336     3.10107209914     0.00132392429262     -0.000883036785756    0.00132392429262
2015     CMS_jec_AbsoluteMPFBias     0.147858368222     0.146586871227     0.147862773114     -0.00859942531624     2.97912910101e-05    0.00859942531624
2015     CMS_jec_AbsoluteMPFBias     0.22281272609     0.220384609421     0.226433230236     -0.0108975672621     0.0162490904783    0.0162490904783
2015     CMS_jec_AbsoluteMPFBias     0.0159369716341     0.0159369716506     0.0159410306657     1.03925690276e-09     0.000254692780047    0.000254692780047
2015     CMS_jec_RelativeFSR     3.10381288009     3.10600567375     3.10183708474     0.000706483848631     -0.000636570379447    0.000706483848631
2015     CMS_jec_RelativeFSR     0.147858368222     0.147679763827     0.147610764093     -0.00120794242292     -0.00167460341736    0.00167460341736
2015     CMS_jec_RelativeFSR     0.22281272609     0.221751987543     0.225020070639     -0.00476067308298     0.00990672565209    0.00990672565209
2015     CMS_jec_RelativeFSR     0.0159369716341     0.0164232494577     0.0159410306657     0.0305125612837     0.000254692780047    0.0305125612837
2015     CMS_scale_sig     3.10381288009     3.72073539803     2.61924627447     0.198762793307     -0.156119786966    0.198762793307
2015     CMS_scale_sig     0.147858368222     0.176956209811     0.124953921018     0.196795365309     -0.154908020966    0.196795365309
2015     CMS_scale_sig     0.22281272609     0.267173708427     0.187980463414     0.199095370874     -0.156329772035    0.199095370874
2015     CMS_scale_sig     0.0159369716341     0.0190255619322     0.0134979835178     0.193800326003     -0.153039622096    0.193800326003
2016     CMS_bTagSF_M     735.246950455     793.942028171     674.436857414     0.0798304266059     -0.0827070319758    0.0827070319758
2016     CMS_bTagSF_M     1073.5947321     1022.03102854     1127.27836477     -0.0480290206512     0.050003628985    0.050003628985
2016     CMS_bTagSF_M     575.553789952     627.237067748     521.728703781     0.0897974762708     -0.0935187763699    0.0935187763699
2016     CMS_bTagSF_M     1084.44275512     1034.07648638     1136.67973107     -0.0464443775432     0.0481694176147    0.0481694176147
2016     CMS_bTagSF_T     735.246950455     735.246950455     735.246950455     0.0     0.0    0.0
2016     CMS_bTagSF_T     1073.5947321     1073.5947321     1073.5947321     0.0     0.0    0.0
2016     CMS_bTagSF_T     575.553789952     575.553789952     575.553789952     0.0     0.0    0.0
2016     CMS_bTagSF_T     1084.44275512     1084.44275512     1084.44275512     0.0     0.0    0.0
2016     CMS_bTagSF_M_corr     735.246950455     777.439224053     691.725359363     0.0573851732017     -0.0591931609724    0.0591931609724
2016     CMS_bTagSF_M_corr     1073.5947321     1034.27867022     1114.4842735     -0.0366209526807     0.038086570448    0.038086570448
2016     CMS_bTagSF_M_corr     575.553789952     607.401692051     542.893760097     0.0553343625827     -0.0567453996916    0.0567453996916
2016     CMS_bTagSF_M_corr     1084.44275512     1051.81930821     1118.02470292     -0.0300831433973     0.0309670083053    0.0309670083053
2016     CMS_bTagSF_T_corr     735.246950455     735.246950455     735.246950455     0.0     0.0    0.0
2016     CMS_bTagSF_T_corr     1073.5947321     1073.5947321     1073.5947321     0.0     0.0    0.0
2016     CMS_bTagSF_T_corr     575.553789952     575.553789952     575.553789952     0.0     0.0    0.0
2016     CMS_bTagSF_T_corr     1084.44275512     1084.44275512     1084.44275512     0.0     0.0    0.0
2016     CMS_jer     735.246950455     732.732338955     732.609328692     -0.00342009103039     -0.00358739571985    0.00358739571985
2016     CMS_jer     1073.5947321     1072.1610929     1063.46301265     -0.00133536348105     -0.00943719184696    0.00943719184696
2016     CMS_jer     575.553789952     576.952913412     576.400438795     0.00243091694342     0.00147101601651    0.00243091694342
2016     CMS_jer     1084.44275512     1083.7556681     1085.61023835     -0.000633585330971     0.0010765743322    0.0010765743322
2016     CMS_jec     735.246950455     782.706273623     691.514864768     0.0645488201452     -0.0594794519861    0.0645488201452
2016     CMS_jec     1073.5947321     1142.67594702     1014.86111971     0.0643457096563     -0.054707433482    0.0643457096563
2016     CMS_jec     575.553789952     606.462633859     551.43032976     0.0537027892897     -0.0419134763992    0.0537027892897
2016     CMS_jec     1084.44275512     1145.10484564     1024.04716001     0.0559384902884     -0.0556927461794    0.0559384902884
2016     CMS_bTagSF_bc_T_corr     735.246950455     735.246950455     735.246950455     0.0     0.0    0.0
2016     CMS_bTagSF_bc_T_corr     1073.5947321     1073.5947321     1073.5947321     0.0     0.0    0.0
2016     CMS_bTagSF_bc_T_corr     575.553789952     575.553789952     575.553789952     0.0     0.0    0.0
2016     CMS_bTagSF_bc_T_corr     1084.44275512     1084.44275512     1084.44275512     0.0     0.0    0.0
2016     CMS_bTagSF_light_T_corr     735.246950455     735.246950455     735.246950455     0.0     0.0    0.0
2016     CMS_bTagSF_light_T_corr     1073.5947321     1073.5947321     1073.5947321     0.0     0.0    0.0
2016     CMS_bTagSF_light_T_corr     575.553789952     575.553789952     575.553789952     0.0     0.0    0.0
2016     CMS_bTagSF_light_T_corr     1084.44275512     1084.44275512     1084.44275512     0.0     0.0    0.0
2016     CMS_bTagSF_bc_M_corr     735.246950455     757.798984435     712.12706758     0.0306727337884     -0.031445057828    0.031445057828
2016     CMS_bTagSF_bc_M_corr     1073.5947321     1051.7660042     1096.17116059     -0.0203323724033     0.0210288182396    0.0210288182396
2016     CMS_bTagSF_bc_M_corr     575.553789952     591.523067586     559.36449056     0.0277459342858     -0.0281282126444    0.0281282126444
2016     CMS_bTagSF_bc_M_corr     1084.44275512     1068.30173481     1100.97224126     -0.0148841607703     0.0152423777703    0.0152423777703
2016     CMS_bTagSF_light_M_corr     735.246950455     755.165614957     715.139211766     0.0270911215462     -0.0273482789383    0.0273482789383
2016     CMS_bTagSF_light_M_corr     1073.5947321     1055.81731318     1091.60632862     -0.0165587799431     0.0167769047103    0.0167769047103
2016     CMS_bTagSF_light_M_corr     575.553789952     591.628391726     559.286499521     0.0279289304576     -0.0282637187267    0.0282637187267
2016     CMS_bTagSF_light_M_corr     1084.44275512     1067.77374215     1101.30337282     -0.0153710399993     0.01554772497    0.01554772497
2016     CMS_bTagSF_bc_T_year     735.246950455     735.246950455     735.246950455     0.0     0.0    0.0
2016     CMS_bTagSF_bc_T_year     1073.5947321     1073.5947321     1073.5947321     0.0     0.0    0.0
2016     CMS_bTagSF_bc_T_year     575.553789952     575.553789952     575.553789952     0.0     0.0    0.0
2016     CMS_bTagSF_bc_T_year     1084.44275512     1084.44275512     1084.44275512     0.0     0.0    0.0
2016     CMS_bTagSF_light_T_year     735.246950455     735.246950455     735.246950455     0.0     0.0    0.0
2016     CMS_bTagSF_light_T_year     1073.5947321     1073.5947321     1073.5947321     0.0     0.0    0.0
2016     CMS_bTagSF_light_T_year     575.553789952     575.553789952     575.553789952     0.0     0.0    0.0
2016     CMS_bTagSF_light_T_year     1084.44275512     1084.44275512     1084.44275512     0.0     0.0    0.0
2016     CMS_bTagSF_bc_M_year     735.246950455     762.524923325     707.271209437     0.0371004229978     -0.0380494485569    0.0380494485569
2016     CMS_bTagSF_bc_M_year     1073.5947321     1048.60024087     1099.25782893     -0.0232811232078     0.0239038960044    0.0239038960044
2016     CMS_bTagSF_bc_M_year     575.553789952     601.804225743     548.606191654     0.0456090051864     -0.0468202951117    0.0468202951117
2016     CMS_bTagSF_bc_M_year     1084.44275512     1059.5674721     1109.92567141     -0.0229383090078     0.0234986274495    0.0234986274495
2016     CMS_bTagSF_light_M_year     735.246950455     767.162918649     702.926739821     0.0434085012846     -0.0439583062724    0.0439583062724
2016     CMS_bTagSF_light_M_year     1073.5947321     1046.56090849     1101.13628145     -0.0251806597068     0.0256535809314    0.0256535809314
2016     CMS_bTagSF_light_M_year     575.553789952     601.505041354     549.205131946     0.0450891851555     -0.0457796620682    0.0457796620682
2016     CMS_bTagSF_light_M_year     1084.44275512     1058.5385357     1110.77469803     -0.0238871247868     0.0242815425592    0.0242815425592
2016     CMS_jer_eta193     735.246950455     732.57846479     732.759398067     -0.00362937331902     -0.00338328827696    0.00362937331902
2016     CMS_jer_eta193     1073.5947321     1072.01774803     1063.70576351     -0.00146888208906     -0.00921108151845    0.00921108151845
2016     CMS_jer_eta193     575.553789952     576.715472034     575.680791677     0.00201837274313     0.000220660044094    0.00201837274313
2016     CMS_jer_eta193     1084.44275512     1084.84217795     1085.78488212     0.000368320803736     0.00123761904145    0.00123761904145
2016     CMS_jer_193eta25     735.246950455     735.365290163     735.433603687     0.000160952327695     0.000253864680021    0.000253864680021
2016     CMS_jer_193eta25     1073.5947321     1073.78478005     1073.90806895     0.000177020193345     0.000291857658024    0.000291857658024
2016     CMS_jer_193eta25     575.553789952     575.839079259     576.405801816     0.000495677923082     0.00148033403509    0.00148033403509
2016     CMS_jer_193eta25     1084.44275512     1083.24315741     1083.91670988     -0.0011061881369     -0.000485083458965    0.0011061881369
2016     CMS_jec_FlavorQCD     735.246950455     747.525375959     722.633292494     0.0166997299285     -0.0171556753193    0.0171556753193
2016     CMS_jec_FlavorQCD     1073.5947321     1087.55758372     1057.8862789     0.0130057005728     -0.0146316414669    0.0146316414669
2016     CMS_jec_FlavorQCD     575.553789952     583.344998145     567.65718605     0.0135368897388     -0.0137200102574    0.0137200102574
2016     CMS_jec_FlavorQCD     1084.44275512     1098.94906071     1072.53120855     0.0133767370593     -0.0109840252144    0.0133767370593
2016     CMS_jec_RelativeBal     735.246950455     742.088051513     726.113895503     0.00930449429739     -0.0124217515583    0.0124217515583
2016     CMS_jec_RelativeBal     1073.5947321     1087.31205221     1060.71431753     0.0127770002002     -0.0119974643955    0.0127770002002
2016     CMS_jec_RelativeBal     575.553789952     583.929743156     568.156578096     0.0145528590907     -0.0128523380183    0.0145528590907
2016     CMS_jec_RelativeBal     1084.44275512     1100.14060991     1070.52006277     0.0144755034006     -0.0128385682692    0.0144755034006
2016     CMS_jec_Absolute     735.246950455     755.195453863     715.230113024     0.0271317050622     -0.0272246452959    0.0272246452959
2016     CMS_jec_Absolute     1073.5947321     1102.50280149     1047.14199586     0.0269264262629     -0.0246394057697    0.0269264262629
2016     CMS_jec_Absolute     575.553789952     587.302175487     562.099013641     0.0204123154775     -0.0233770961915    0.0233770961915
2016     CMS_jec_Absolute     1084.44275512     1112.44102827     1059.65248689     0.0258181199663     -0.0228599140983    0.0258181199663
2016     CMS_jec_BBEC1_year     735.246950455     736.447110775     733.99709562     0.00163232274412     -0.00169991162076    0.00169991162076
2016     CMS_jec_BBEC1_year     1073.5947321     1075.88378291     1070.32000429     0.00213213676991     -0.0030502457942    0.0030502457942
2016     CMS_jec_BBEC1_year     575.553789952     578.246666209     573.924215191     0.00467875688468     -0.0028313161856    0.00467875688468
2016     CMS_jec_BBEC1_year     1084.44275512     1090.02759947     1079.94362448     0.00514996694845     -0.00414879495807    0.00514996694845
2016     CMS_jec_Absolute_year     735.246950455     763.652892588     708.089658553     0.0386345596069     -0.036936286353    0.0386345596069
2016     CMS_jec_Absolute_year     1073.5947321     1115.17347948     1034.77506496     0.0387285314817     -0.0361585857133    0.0387285314817
2016     CMS_jec_Absolute_year     575.553789952     593.798451513     558.997723164     0.0316993161705     -0.0287654552486    0.0316993161705
2016     CMS_jec_Absolute_year     1084.44275512     1120.37050834     1047.5666048     0.0331301519171     -0.0340046997812    0.0340046997812
2016     CMS_jec_RelativeSample_year     735.246950455     750.360992436     718.190101456     0.0205564157336     -0.023198802781    0.023198802781
2016     CMS_jec_RelativeSample_year     1073.5947321     1092.11308476     1053.26213917     0.0172489228025     -0.0189387972277    0.0189387972277
2016     CMS_jec_RelativeSample_year     575.553789952     587.82589547     566.468344948     0.0213222564636     -0.0157855706323    0.0213222564636
2016     CMS_jec_RelativeSample_year     1084.44275512     1107.03752779     1062.92456818     0.0208353761105     -0.0198426213279    0.0208353761105
2016     CMS_pu     735.246950455     737.894184183     732.628740442     0.00360046882988     -0.00356099404662    0.00360046882988
2016     CMS_pu     1073.5947321     1063.04014149     1082.15178409     -0.00983107526337     0.00797046756367    0.00983107526337
2016     CMS_pu     575.553789952     576.65141151     574.021418733     0.00190707033388     -0.00266242920374    0.00266242920374
2016     CMS_pu     1084.44275512     1087.2707847     1084.15079073     0.00260781822342     -0.000269229879764    0.00260781822342
2016     CMS_topPt     735.246950455     732.993404803     735.246950455     -0.00306501870055     0.0    0.00306501870055
2016     CMS_topPt     1073.5947321     1073.42676254     1073.5947321     -0.000156455281792     0.0    0.000156455281792
2016     CMS_topPt     575.553789952     575.13402428     575.553789952     -0.000729324833437     0.0    0.000729324833437
2016     CMS_topPt     1084.44275512     1084.39634339     1084.44275512     -4.27977642374e-05     0.0    4.27977642374e-05
2016     CMS_L1Prefiring     735.246950455     730.325519592     740.02784997     -0.00669357534977     0.00650244045401    0.00669357534977
2016     CMS_L1Prefiring     1073.5947321     1066.26581705     1080.76619676     -0.0068265192004     0.00667986200724    0.0068265192004
2016     CMS_L1Prefiring     575.553789952     571.821983325     579.177860869     -0.00648385379798     0.00629666762691    0.00648385379798
2016     CMS_L1Prefiring     1084.44275512     1077.76595761     1090.98296737     -0.00615689253817     0.00603094282562    0.00615689253817
2016     CMS_pdf_allBR     735.246950455     752.361959664     718.62509631     0.0232779057403     -0.0226071718287    0.0232779057403
2016     CMS_pdf_allBR     1073.5947321     1095.42055283     1052.79113892     0.0203296645161     -0.0193775104896    0.0203296645161
2016     CMS_pdf_allBR     575.553789952     587.27979112     563.828059815     0.0203734236019     -0.0203729526966    0.0203734236019
2016     CMS_pdf_allBR     1084.44275512     1103.87845913     1065.00741009     0.0179222959607     -0.0179219649324    0.0179222959607
2016     CMS_renorm_allBR     735.246950455     681.076735756     799.457454527     -0.0736762181272     0.087331887649    0.087331887649
2016     CMS_renorm_allBR     1073.5947321     995.014190418     1166.12780416     -0.0731938592224     0.086189946071    0.086189946071
2016     CMS_renorm_allBR     575.553789952     534.044322379     624.539842881     -0.0721209177967     0.0851111638632    0.0851111638632
2016     CMS_renorm_allBR     1084.44275512     1005.71390557     1176.99737007     -0.0725984374693     0.0853476262476    0.0853476262476
2016     CMS_fact_allBR     735.246950455     635.997918739     860.186875436     -0.134987342218     0.169929198487    0.169929198487
2016     CMS_fact_allBR     1073.5947321     928.319149519     1257.36931562     -0.135316966671     0.171176867787    0.171176867787
2016     CMS_fact_allBR     575.553789952     500.121711153     670.113260003     -0.131059998416     0.164293019526    0.164293019526
2016     CMS_fact_allBR     1084.44275512     941.377574759     1264.44286907     -0.131925064448     0.165983970201    0.165983970201
2016     CMS_jec_AbsoluteCal     735.246950455     738.080346384     732.440245962     0.00385366566522     -0.00381736298439    0.00385366566522
2016     CMS_jec_AbsoluteCal     1073.5947321     1077.6913063     1069.9527987     0.00381575475383     -0.00339227950168    0.00381575475383
2016     CMS_jec_AbsoluteCal     575.553789952     577.737740057     572.986334278     0.00379451954554     -0.00446084400499    0.00446084400499
2016     CMS_jec_AbsoluteCal     1084.44275512     1089.30710399     1078.72223973     0.00448557459266     -0.00527507363311    0.00527507363311
2016     CMS_jec_AbsoluteTheory     735.246950455     755.195441586     715.230090708     0.0271316883639     -0.0272246756475    0.0272246756475
2016     CMS_jec_AbsoluteTheory     1073.5947321     1102.50281893     1047.14197427     0.0269264425084     -0.0246394258832    0.0269264425084
2016     CMS_jec_AbsoluteTheory     575.553789952     587.302167254     562.09900678     0.0204123011729     -0.023377108112    0.023377108112
2016     CMS_jec_AbsoluteTheory     1084.44275512     1112.44101093     1059.65248752     0.0258181039832     -0.0228599135156    0.0258181039832
2016     CMS_jec_AbsolutePU     735.246950455     736.958842255     732.963106389     0.0023283222036     -0.00310622718712    0.00310622718712
2016     CMS_jec_AbsolutePU     1073.5947321     1075.41485085     1071.10062946     0.00169534992083     -0.0023231323351    0.0023231323351
2016     CMS_jec_AbsolutePU     575.553789952     576.643545152     574.175356924     0.00189340287333     -0.00239496820577    0.00239496820577
2016     CMS_jec_AbsolutePU     1084.44275512     1085.06605105     1083.02873725     0.000574761486966     -0.0013039119474    0.0013039119474
2016     CMS_jec_AbsoluteScale     735.246950455     755.195441586     715.230090708     0.0271316883639     -0.0272246756475    0.0272246756475
2016     CMS_jec_AbsoluteScale     1073.5947321     1102.50281893     1047.14197427     0.0269264425084     -0.0246394258832    0.0269264425084
2016     CMS_jec_AbsoluteScale     575.553789952     587.302167254     562.09900678     0.0204123011729     -0.023377108112    0.023377108112
2016     CMS_jec_AbsoluteScale     1084.44275512     1112.44101093     1059.65248752     0.0258181039832     -0.0228599135156    0.0258181039832
2016     CMS_jec_Fragmentation     735.246950455     737.408543491     732.705547599     0.00293995511955     -0.0034565296119    0.0034565296119
2016     CMS_jec_Fragmentation     1073.5947321     1077.2344568     1070.42313434     0.00339022220636     -0.00295418528417    0.00339022220636
2016     CMS_jec_Fragmentation     575.553789952     577.302045143     573.635088142     0.00303751833784     -0.0033336620202    0.0033336620202
2016     CMS_jec_Fragmentation     1084.44275512     1088.06644848     1080.15696135     0.00334152571974     -0.00395207008123    0.00395207008123
2016     CMS_jec_AbsoluteMPFBias     735.246950455     755.195441586     715.230090708     0.0271316883639     -0.0272246756475    0.0272246756475
2016     CMS_jec_AbsoluteMPFBias     1073.5947321     1102.50281893     1047.14197427     0.0269264425084     -0.0246394258832    0.0269264425084
2016     CMS_jec_AbsoluteMPFBias     575.553789952     587.302167254     562.09900678     0.0204123011729     -0.023377108112    0.023377108112
2016     CMS_jec_AbsoluteMPFBias     1084.44275512     1112.44101093     1059.65248752     0.0258181039832     -0.0228599135156    0.0258181039832
2016     CMS_jec_RelativeFSR     735.246950455     738.582603572     728.744516816     0.00453677926153     -0.00884387706056    0.00884387706056
2016     CMS_jec_RelativeFSR     1073.5947321     1081.08937346     1065.62780305     0.00698088499853     -0.00742079744897    0.00742079744897
2016     CMS_jec_RelativeFSR     575.553789952     579.065838412     572.372158744     0.00610203341804     -0.00552794762816    0.00610203341804
2016     CMS_jec_RelativeFSR     1084.44275512     1094.82391845     1075.20880416     0.00957280897017     -0.00851492705987    0.00957280897017
2016     CMS_scale_allBR     735.246950455     936.524260741     588.381363829     0.273754702636     -0.199750011252    0.273754702636
2016     CMS_scale_allBR     1073.5947321     1365.77588011     860.316124478     0.272152181145     -0.198658396178    0.272152181145
2016     CMS_scale_allBR     575.553789952     727.818389202     463.702012766     0.264553204076     -0.194337660769    0.264553204076
2016     CMS_scale_allBR     1084.44275512     1372.53413599     872.942856321     0.265658449481     -0.195030948199    0.265658449481
2016     CMS_bTagSF_M     324.426958052     326.669987181     320.849913199     0.00691381857748     -0.0110257324936    0.0110257324936
2016     CMS_bTagSF_M     11.922202226     7.40274401727     18.0629174055     -0.379079143522     0.51506551081    0.51506551081
2016     CMS_bTagSF_M     53.2991075551     53.3519289803     52.9950374256     0.000991037703849     -0.00570497600227    0.00570497600227
2016     CMS_bTagSF_M     2.99431238721     1.94256418792     4.33395727592     -0.351248655211     0.447396502262    0.447396502262
2016     CMS_bTagSF_T     324.426958052     324.426958052     324.426958052     0.0     0.0    0.0
2016     CMS_bTagSF_T     11.922202226     11.922202226     11.922202226     0.0     0.0    0.0
2016     CMS_bTagSF_T     53.2991075551     53.2991075551     53.2991075551     0.0     0.0    0.0
2016     CMS_bTagSF_T     2.99431238721     2.99431238721     2.99431238721     0.0     0.0    0.0
2016     CMS_bTagSF_M_corr     324.426958052     326.412718744     321.608693218     0.00612082517464     -0.00868690089989    0.00868690089989
2016     CMS_bTagSF_M_corr     11.922202226     8.74736721332     15.7774204555     -0.26629602086     0.323364606337    0.323364606337
2016     CMS_bTagSF_M_corr     53.2991075551     54.0235054137     52.4897405189     0.0135911817638     -0.0151853768922    0.0151853768922
2016     CMS_bTagSF_M_corr     2.99431238721     2.32922632842     3.77390886959     -0.222116457062     0.260359101378    0.260359101378
2016     CMS_bTagSF_T_corr     324.426958052     324.426958052     324.426958052     0.0     0.0    0.0
2016     CMS_bTagSF_T_corr     11.922202226     11.922202226     11.922202226     0.0     0.0    0.0
2016     CMS_bTagSF_T_corr     53.2991075551     53.2991075551     53.2991075551     0.0     0.0    0.0
2016     CMS_bTagSF_T_corr     2.99431238721     2.99431238721     2.99431238721     0.0     0.0    0.0
2016     CMS_jer     324.426958052     323.25339078     324.011954144     -0.00361735436147     -0.00127919057832    0.00361735436147
2016     CMS_jer     11.922202226     11.8843617063     11.8795237883     -0.00317395385109     -0.00357974449145    0.00357974449145
2016     CMS_jer     53.2991075551     53.1961381046     53.3960240002     -0.00193191697291     0.00181835024067    0.00193191697291
2016     CMS_jer     2.99431238721     3.1670171031     2.98374793909     0.0576775878949     -0.0035281716645    0.0576775878949
2016     CMS_jec     324.426958052     332.040704407     316.135678524     0.0234682912936     -0.0255566910261    0.0255566910261
2016     CMS_jec     11.922202226     12.1845610051     11.6361247979     0.0220058990898     -0.0239953510874    0.0239953510874
2016     CMS_jec     53.2991075551     52.9713239171     52.6283111946     -0.00614988980237     -0.0125855082989    0.0125855082989
2016     CMS_jec     2.99431238721     2.95498594574     3.12798090023     -0.0131337136463     0.0446408042114    0.0446408042114
2016     CMS_bTagSF_bc_T_corr     324.426958052     324.426958052     324.426958052     0.0     0.0    0.0
2016     CMS_bTagSF_bc_T_corr     11.922202226     11.922202226     11.922202226     0.0     0.0    0.0
2016     CMS_bTagSF_bc_T_corr     53.2991075551     53.2991075551     53.2991075551     0.0     0.0    0.0
2016     CMS_bTagSF_bc_T_corr     2.99431238721     2.99431238721     2.99431238721     0.0     0.0    0.0
2016     CMS_bTagSF_light_T_corr     324.426958052     324.426958052     324.426958052     0.0     0.0    0.0
2016     CMS_bTagSF_light_T_corr     11.922202226     11.922202226     11.922202226     0.0     0.0    0.0
2016     CMS_bTagSF_light_T_corr     53.2991075551     53.2991075551     53.2991075551     0.0     0.0    0.0
2016     CMS_bTagSF_light_T_corr     2.99431238721     2.99431238721     2.99431238721     0.0     0.0    0.0
2016     CMS_bTagSF_bc_M_corr     324.426958052     326.216211631     321.881066105     0.00551511992013     -0.00784735017731    0.00784735017731
2016     CMS_bTagSF_bc_M_corr     11.922202226     8.81160722133     15.669827135     -0.260907753929     0.314339988365    0.314339988365
2016     CMS_bTagSF_bc_M_corr     53.2991075551     54.0567463028     52.4497162967     0.0142148486614     -0.0159363129577    0.0159363129577
2016     CMS_bTagSF_bc_M_corr     2.99431238721     2.34022824514     3.75671206727     -0.218442185544     0.254615945657    0.254615945657
2016     CMS_bTagSF_light_M_corr     324.426958052     324.660694278     324.199649632     0.000720458704673     -0.000700645905565    0.000720458704673
2016     CMS_bTagSF_light_M_corr     11.922202226     11.8382997288     12.0066875653     -0.00703749992134     0.00708638703988    0.00708638703988
2016     CMS_bTagSF_light_M_corr     53.2991075551     53.2631731232     53.3362655294     -0.000674203256879     0.000697159409276    0.000697159409276
2016     CMS_bTagSF_light_M_corr     2.99431238721     2.98040902855     3.00826702761     -0.00464325590085     0.00466038228608    0.00466038228608
2016     CMS_bTagSF_bc_T_year     324.426958052     324.426958052     324.426958052     0.0     0.0    0.0
2016     CMS_bTagSF_bc_T_year     11.922202226     11.922202226     11.922202226     0.0     0.0    0.0
2016     CMS_bTagSF_bc_T_year     53.2991075551     53.2991075551     53.2991075551     0.0     0.0    0.0
2016     CMS_bTagSF_bc_T_year     2.99431238721     2.99431238721     2.99431238721     0.0     0.0    0.0
2016     CMS_bTagSF_light_T_year     324.426958052     324.426958052     324.426958052     0.0     0.0    0.0
2016     CMS_bTagSF_light_T_year     11.922202226     11.922202226     11.922202226     0.0     0.0    0.0
2016     CMS_bTagSF_light_T_year     53.2991075551     53.2991075551     53.2991075551     0.0     0.0    0.0
2016     CMS_bTagSF_light_T_year     2.99431238721     2.99431238721     2.99431238721     0.0     0.0    0.0
2016     CMS_bTagSF_bc_M_year     324.426958052     326.144786286     321.383109613     0.00529496144493     -0.00938223030728    0.00938223030728
2016     CMS_bTagSF_bc_M_year     11.922202226     7.55393745668     17.7570517251     -0.366397473094     0.48941037809    0.48941037809
2016     CMS_bTagSF_bc_M_year     53.2991075551     53.3596149613     52.9768620137     0.00113524238976     -0.00604598381127    0.00604598381127
2016     CMS_bTagSF_bc_M_year     2.99431238721     1.98224699978     4.26532738105     -0.337995925791     0.424476417116    0.424476417116
2016     CMS_bTagSF_light_M_year     324.426958052     324.94988435     323.920473543     0.00161184601041     -0.00156116653218    0.00161184601041
2016     CMS_bTagSF_light_M_year     11.922202226     11.7035448059     12.1434662355     -0.0183403549073     0.0185589881237    0.0185589881237
2016     CMS_bTagSF_light_M_year     53.2991075551     53.2853407427     53.311652412     -0.000258293488577     0.000235367109534    0.000258293488577
2016     CMS_bTagSF_light_M_year     2.99431238721     2.94140932042     3.04781253084     -0.0176678515612     0.0178672552204    0.0178672552204
2016     CMS_jer_eta193     324.426958052     323.258160726     324.016287829     -0.00360265168225     -0.00126583260775    0.00360265168225
2016     CMS_jer_eta193     11.922202226     11.7866521815     11.8795237883     -0.0113695475003     -0.00357974449145    0.0113695475003
2016     CMS_jer_eta193     53.2991075551     53.1958449115     53.3955859588     -0.00193741787367     0.00181013169071    0.00193741787367
2016     CMS_jer_eta193     2.99431238721     3.1670171031     2.98374793909     0.0576775878949     -0.0035281716645    0.0576775878949
2016     CMS_jer_193eta25     324.426958052     324.422188465     324.422625176     -1.47015747766e-05     -1.33554729578e-05    1.47015747766e-05
2016     CMS_jer_193eta25     11.922202226     12.0199117508     11.922202226     0.00819559364919     0.0    0.00819559364919
2016     CMS_jer_193eta25     53.2991075551     53.2994008733     53.2995456231     5.5032469235e-06     8.21904991599e-06    8.21904991599e-06
2016     CMS_jer_193eta25     2.99431238721     2.99431238721     2.99431238721     0.0     0.0    0.0
2016     CMS_jec_FlavorQCD     324.426958052     326.48892863     322.363466704     0.00635573132099     -0.00636041887465    0.00636041887465
2016     CMS_jec_FlavorQCD     11.922202226     12.1753955689     11.7575320855     0.0212371286867     -0.0138120573218    0.0212371286867
2016     CMS_jec_FlavorQCD     53.2991075551     52.9192812415     52.9654430804     -0.00712631657422     -0.00626022629618    0.00712631657422
2016     CMS_jec_FlavorQCD     2.99431238721     2.95498596298     3.15198542608     -0.0131337078905     0.0526575114702    0.0526575114702
2016     CMS_jec_RelativeBal     324.426958052     325.865433821     322.039250839     0.00443389716448     -0.00735976821086    0.00735976821086
2016     CMS_jec_RelativeBal     11.922202226     12.134882891     11.7379838874     0.0178390418989     -0.0154517038939    0.0178390418989
2016     CMS_jec_RelativeBal     53.2991075551     53.5618294748     53.1999052489     0.00492919922645     -0.00186123765985    0.00492919922645
2016     CMS_jec_RelativeBal     2.99431238721     2.99431238721     2.99415904124     0.0     -5.12124129817e-05    5.12124129817e-05
2016     CMS_jec_Absolute     324.426958052     327.650375182     319.963781417     0.00993572528542     -0.0137571077999    0.0137571077999
2016     CMS_jec_Absolute     11.922202226     12.0061899043     11.7378667187     0.00704464466515     -0.0154615316714    0.0154615316714
2016     CMS_jec_Absolute     53.2991075551     53.3253536492     52.7550804103     0.000492430273821     -0.0102070591756    0.0102070591756
2016     CMS_jec_Absolute     2.99431238721     2.99444900169     3.10095800344     4.56246599934e-05     0.0356160622033    0.0356160622033
2016     CMS_jec_BBEC1_year     324.426958052     324.50093841     324.378985548     0.000228033942908     -0.000147868424899    0.000228033942908
2016     CMS_jec_BBEC1_year     11.922202226     12.0804455864     11.922202226     0.0132729975081     0.0    0.0132729975081
2016     CMS_jec_BBEC1_year     53.2991075551     53.3832206149     53.2065390378     0.00157813261196     -0.00173677424488    0.00173677424488
2016     CMS_jec_BBEC1_year     2.99431238721     2.99431238721     2.99431238721     0.0     0.0    0.0
2016     CMS_jec_Absolute_year     324.426958052     329.157469089     319.187948257     0.0145811281079     -0.0161485032766    0.0161485032766
2016     CMS_jec_Absolute_year     11.922202226     12.174345916     11.6364185595     0.0211490868252     -0.0239707112045    0.0239707112045
2016     CMS_jec_Absolute_year     53.2991075551     53.1328320391     52.4726654543     -0.00311966792021     -0.0155057399397    0.0155057399397
2016     CMS_jec_Absolute_year     2.99431238721     2.95498596755     3.14138886839     -0.0131337063629     0.0491186162856    0.0491186162856
2016     CMS_jec_RelativeSample_year     324.426958052     326.244944453     322.002260185     0.0056036847624     -0.00747378664466    0.00747378664466
2016     CMS_jec_RelativeSample_year     11.922202226     12.1350110621     11.7379838829     0.0178497925184     -0.0154517042776    0.0178497925184
2016     CMS_jec_RelativeSample_year     53.2991075551     53.0437029483     53.2104226565     -0.00479191150747     -0.00166390963609    0.00479191150747
2016     CMS_jec_RelativeSample_year     2.99431238721     2.99444897988     3.15423497959     4.56173766137e-05     0.0534087869625    0.0534087869625
2016     CMS_pu     324.426958052     325.696846727     322.952779699     0.00391425140053     -0.00454394530341    0.00454394530341
2016     CMS_pu     11.922202226     11.6957994199     12.0788147516     -0.0189900155857     0.0131362077764    0.0189900155857
2016     CMS_pu     53.2991075551     53.5491823821     53.0464396338     0.00469191396416     -0.00474056570299    0.00474056570299
2016     CMS_pu     2.99431238721     2.95522777834     3.03741868197     -0.0130529496642     0.0143960579887    0.0143960579887
2016     CMS_L1Prefiring     324.426958052     323.174581902     325.587136217     -0.00386027153108     0.00357608434335    0.00386027153108
2016     CMS_L1Prefiring     11.922202226     11.8710232925     11.9714306178     -0.00429274160318     0.00412913577973    0.00429274160318
2016     CMS_L1Prefiring     53.2991075551     52.9275928844     53.6564433465     -0.00697037319586     0.00670434849335    0.00697037319586
2016     CMS_L1Prefiring     2.99431238721     2.96095674716     3.02724700109     -0.0111396660504     0.0109990574209    0.0111396660504
2016     CMS_pdf_sig     324.426958052     325.965895693     322.888021144     0.00474355661002     -0.00474355434866    0.00474355661002
2016     CMS_pdf_sig     11.922202226     11.9792913601     11.8651128538     0.00478847221421     -0.00478849218567    0.00478849218567
2016     CMS_pdf_sig     53.2991075551     53.5999250975     52.9982884772     0.00564395083194     -0.00564397964026    0.00564397964026
2016     CMS_pdf_sig     2.99431238721     3.00652842245     2.98209637483     0.00407974642173     -0.00407973878401    0.00407974642173
2016     CMS_renorm_sig     324.426958052     324.426958052     324.426958052     0.0     0.0    0.0
2016     CMS_renorm_sig     11.922202226     11.922202226     11.922202226     0.0     0.0    0.0
2016     CMS_renorm_sig     53.2991075551     53.2991075551     53.2991075551     0.0     0.0    0.0
2016     CMS_renorm_sig     2.99431238721     2.99431238721     2.99431238721     0.0     0.0    0.0
2016     CMS_fact_sig     324.426958052     293.297256449     361.281495654     -0.095952881937     0.113598875457    0.113598875457
2016     CMS_fact_sig     11.922202226     10.7942650944     13.2542074702     -0.0946081193889     0.111724765184    0.111724765184
2016     CMS_fact_sig     53.2991075551     48.091261854     59.4823201839     -0.0977098105398     0.116009684073    0.116009684073
2016     CMS_fact_sig     2.99431238721     2.70645959127     3.33516879141     -0.0961331880942     0.113834617142    0.113834617142
2016     CMS_jec_AbsoluteCal     324.426958052     324.5948297     323.260967383     0.000517440501995     -0.00359400055979    0.00359400055979
2016     CMS_jec_AbsoluteCal     11.922202226     11.9603801478     11.860179497     0.00320225416896     -0.00520228795241    0.00520228795241
2016     CMS_jec_AbsoluteCal     53.2991075551     53.2187951523     53.0777659571     -0.00150682453301     -0.00415281996534    0.00415281996534
2016     CMS_jec_AbsoluteCal     2.99431238721     2.99431238721     3.16695941065     0.0     0.0576583205496    0.0576583205496
2016     CMS_jec_AbsoluteTheory     324.426958052     327.650375182     319.963781417     0.00993572528542     -0.0137571077999    0.0137571077999
2016     CMS_jec_AbsoluteTheory     11.922202226     12.0061899043     11.7378667187     0.00704464466515     -0.0154615316714    0.0154615316714
2016     CMS_jec_AbsoluteTheory     53.2991075551     53.3253536492     52.7550804103     0.000492430273821     -0.0102070591756    0.0102070591756
2016     CMS_jec_AbsoluteTheory     2.99431238721     2.99444900169     3.10095800344     4.56246599934e-05     0.0356160622033    0.0356160622033
2016     CMS_jec_AbsolutePU     324.426958052     324.788864648     324.009442923     0.00111552565774     -0.00128693105877    0.00128693105877
2016     CMS_jec_AbsolutePU     11.922202226     11.9228217769     11.8600623309     5.19661482854e-05     -0.00521211550634    0.00521211550634
2016     CMS_jec_AbsolutePU     53.2991075551     53.2656466263     53.2059424499     -0.000627795292076     -0.00174796745164    0.00174796745164
2016     CMS_jec_AbsolutePU     2.99431238721     2.99444900169     3.16695941065     4.56246599934e-05     0.0576583205496    0.0576583205496
2016     CMS_jec_AbsoluteScale     324.426958052     327.650375182     319.963781417     0.00993572528542     -0.0137571077999    0.0137571077999
2016     CMS_jec_AbsoluteScale     11.922202226     12.0061899043     11.7378667187     0.00704464466515     -0.0154615316714    0.0154615316714
2016     CMS_jec_AbsoluteScale     53.2991075551     53.3253536492     52.7550804103     0.000492430273821     -0.0102070591756    0.0102070591756
2016     CMS_jec_AbsoluteScale     2.99431238721     2.99444900169     3.10095800344     4.56246599934e-05     0.0356160622033    0.0356160622033
2016     CMS_jec_Fragmentation     324.426958052     324.709987246     323.350224537     0.000872397275728     -0.00331887806519    0.00331887806519
2016     CMS_jec_Fragmentation     11.922202226     11.9602520408     11.860179497     0.00319150892652     -0.00520228795241    0.00520228795241
2016     CMS_jec_Fragmentation     53.2991075551     53.235918224     53.0277623167     -0.00118556077145     -0.00509099027782    0.00509099027782
2016     CMS_jec_Fragmentation     2.99431238721     2.99431239811     3.16695941065     3.64168961653e-09     0.0576583205496    0.0576583205496
2016     CMS_jec_AbsoluteMPFBias     324.426958052     327.650375182     319.963781417     0.00993572528542     -0.0137571077999    0.0137571077999
2016     CMS_jec_AbsoluteMPFBias     11.922202226     12.0061899043     11.7378667187     0.00704464466515     -0.0154615316714    0.0154615316714
2016     CMS_jec_AbsoluteMPFBias     53.2991075551     53.3253536492     52.7550804103     0.000492430273821     -0.0102070591756    0.0102070591756
2016     CMS_jec_AbsoluteMPFBias     2.99431238721     2.99444900169     3.10095800344     4.56246599934e-05     0.0356160622033    0.0356160622033
2016     CMS_jec_RelativeFSR     324.426958052     325.226087714     322.867979278     0.00246320363393     -0.00480533055415    0.00480533055415
2016     CMS_jec_RelativeFSR     11.922202226     11.988752927     11.8601794806     0.00558208121109     -0.00520228932435    0.00558208121109
2016     CMS_jec_RelativeFSR     53.2991075551     53.4827486626     53.1345069047     0.0034454818452     -0.00308824402393    0.0034454818452
2016     CMS_jec_RelativeFSR     2.99431238721     2.99431238721     2.98182022654     0.0     -0.00417196306012    0.00417196306012
2016     CMS_scale_sig     324.426958052     361.281495654     293.297256449     0.113598875457     -0.095952881937    0.113598875457
2016     CMS_scale_sig     11.922202226     13.2542074702     10.7942650944     0.111724765184     -0.0946081193889    0.111724765184
2016     CMS_scale_sig     53.2991075551     59.4823201839     48.091261854     0.116009684073     -0.0977098105398    0.116009684073
2016     CMS_scale_sig     2.99431238721     3.33516879141     2.70645959127     0.113834617142     -0.0961331880942    0.113834617142
2016     CMS_bTagSF_M     686.62608954     742.964235664     628.38318107     0.082050692484     -0.0848247821583    0.0848247821583
2016     CMS_bTagSF_M     1046.00156201     996.594350742     1097.38059532     -0.0472343570647     0.0491194613575    0.0491194613575
2016     CMS_bTagSF_M     539.489056617     593.067148139     483.802572765     0.0993126567918     -0.103220784868    0.103220784868
2016     CMS_bTagSF_M     1065.6338086     1013.10451234     1120.04276735     -0.049293946784     0.0510578383679    0.0510578383679
2016     CMS_bTagSF_T     686.62608954     686.62608954     686.62608954     0.0     0.0    0.0
2016     CMS_bTagSF_T     1046.00156201     1046.00156201     1046.00156201     0.0     0.0    0.0
2016     CMS_bTagSF_T     539.489056617     539.489056617     539.489056617     0.0     0.0    0.0
2016     CMS_bTagSF_T     1065.6338086     1065.6338086     1065.6338086     0.0     0.0    0.0
2016     CMS_bTagSF_M_corr     686.62608954     727.370417965     644.658946929     0.0593399071863     -0.0611208097824    0.0611208097824
2016     CMS_bTagSF_M_corr     1046.00156201     1008.2644683     1085.21648408     -0.036077473572     0.0374903092817    0.0374903092817
2016     CMS_bTagSF_M_corr     539.489056617     572.299622123     505.845199044     0.0608178518236     -0.0623624467638    0.0623624467638
2016     CMS_bTagSF_M_corr     1065.6338086     1031.97369851     1100.26845427     -0.0315869389801     0.0325014516163    0.0325014516163
2016     CMS_bTagSF_T_corr     686.62608954     686.62608954     686.62608954     0.0     0.0    0.0
2016     CMS_bTagSF_T_corr     1046.00156201     1046.00156201     1046.00156201     0.0     0.0    0.0
2016     CMS_bTagSF_T_corr     539.489056617     539.489056617     539.489056617     0.0     0.0    0.0
2016     CMS_bTagSF_T_corr     1065.6338086     1065.6338086     1065.6338086     0.0     0.0    0.0
2016     CMS_jer     686.62608954     684.52495054     684.185171284     -0.0030600919939     -0.00355494539617    0.00355494539617
2016     CMS_jer     1046.00156201     1044.5060464     1036.26955384     -0.00142974510289     -0.00930400921572    0.00930400921572
2016     CMS_jer     539.489056617     540.612212293     540.894118679     0.00208188778379     0.00260443107302    0.00260443107302
2016     CMS_jer     1065.6338086     1064.42628985     1066.29929844     -0.00113314605901     0.00062450143579    0.00113314605901
2016     CMS_jec     686.62608954     731.250292543     645.094310757     0.0649905438834     -0.0604867473221    0.0649905438834
2016     CMS_jec     1046.00156201     1113.10542605     988.219038599     0.0641527378858     -0.0552413356841    0.0641527378858
2016     CMS_jec     539.489056617     568.774062248     516.812924029     0.0542828538828     -0.0420326090204    0.0542828538828
2016     CMS_jec     1065.6338086     1125.15729175     1005.61623287     0.055857352377     -0.0563210131273    0.0563210131273
2016     CMS_bTagSF_bc_T_corr     686.62608954     686.62608954     686.62608954     0.0     0.0    0.0
2016     CMS_bTagSF_bc_T_corr     1046.00156201     1046.00156201     1046.00156201     0.0     0.0    0.0
2016     CMS_bTagSF_bc_T_corr     539.489056617     539.489056617     539.489056617     0.0     0.0    0.0
2016     CMS_bTagSF_bc_T_corr     1065.6338086     1065.6338086     1065.6338086     0.0     0.0    0.0
2016     CMS_bTagSF_light_T_corr     686.62608954     686.62608954     686.62608954     0.0     0.0    0.0
2016     CMS_bTagSF_light_T_corr     1046.00156201     1046.00156201     1046.00156201     0.0     0.0    0.0
2016     CMS_bTagSF_light_T_corr     539.489056617     539.489056617     539.489056617     0.0     0.0    0.0
2016     CMS_bTagSF_light_T_corr     1065.6338086     1065.6338086     1065.6338086     0.0     0.0    0.0
2016     CMS_bTagSF_bc_M_corr     686.62608954     708.254644952     664.503508882     0.031499757643     -0.032219254402    0.032219254402
2016     CMS_bTagSF_bc_M_corr     1046.00156201     1025.27777612     1067.41585279     -0.019812385227     0.0204725227534    0.0204725227534
2016     CMS_bTagSF_bc_M_corr     539.489056617     556.013626664     522.753815154     0.0306300375225     -0.0310205392635    0.0310205392635
2016     CMS_bTagSF_bc_M_corr     1065.6338086     1048.94509651     1082.69864204     -0.0156608320348     0.0160137875729    0.0160137875729
2016     CMS_bTagSF_light_M_corr     686.62608954     706.005288302     667.0601111     0.0282238019458     -0.0284958272597    0.0284958272597
2016     CMS_bTagSF_light_M_corr     1046.00156201     1028.71326291     1063.51660233     -0.0165279859307     0.0167447554108    0.0167447554108
2016     CMS_bTagSF_light_M_corr     539.489056617     555.983338294     522.796222396     0.0305738948274     -0.0309419329569    0.0309419329569
2016     CMS_bTagSF_light_M_corr     1065.6338086     1048.46464373     1083.00045491     -0.0161116930896     0.0162970113852    0.0162970113852
2016     CMS_bTagSF_bc_T_year     686.62608954     686.62608954     686.62608954     0.0     0.0    0.0
2016     CMS_bTagSF_bc_T_year     1046.00156201     1046.00156201     1046.00156201     0.0     0.0    0.0
2016     CMS_bTagSF_bc_T_year     539.489056617     539.489056617     539.489056617     0.0     0.0    0.0
2016     CMS_bTagSF_bc_T_year     1065.6338086     1065.6338086     1065.6338086     0.0     0.0    0.0
2016     CMS_bTagSF_light_T_year     686.62608954     686.62608954     686.62608954     0.0     0.0    0.0
2016     CMS_bTagSF_light_T_year     1046.00156201     1046.00156201     1046.00156201     0.0     0.0    0.0
2016     CMS_bTagSF_light_T_year     539.489056617     539.489056617     539.489056617     0.0     0.0    0.0
2016     CMS_bTagSF_light_T_year     1065.6338086     1065.6338086     1065.6338086     0.0     0.0    0.0
2016     CMS_bTagSF_bc_M_year     686.62608954     712.433226899     660.22541285     0.0375854307781     -0.0384498595256    0.0384498595256
2016     CMS_bTagSF_bc_M_year     1046.00156201     1022.4438464     1070.15299711     -0.0225216830126     0.0230892916132    0.0230892916132
2016     CMS_bTagSF_bc_M_year     539.489056617     566.925167481     511.457053868     0.0508557319698     -0.0519602805752    0.0519602805752
2016     CMS_bTagSF_bc_M_year     1065.6338086     1039.43687097     1092.39524181     -0.0245834332741     0.0251131608283    0.0251131608283
2016     CMS_bTagSF_light_M_year     686.62608954     717.605110045     655.249708979     0.0451177445449     -0.0456964584349    0.0456964584349
2016     CMS_bTagSF_light_M_year     1046.00156201     1019.71578309     1072.77976113     -0.0251297702372     0.0256005345441    0.0256005345441
2016     CMS_bTagSF_light_M_year     539.489056617     566.174471047     512.391737142     0.049464236768     -0.0502277463145    0.0502277463145
2016     CMS_bTagSF_light_M_year     1065.6338086     1038.86902177     1092.84035662     -0.0251163078816     0.0255308604209    0.0255308604209
2016     CMS_jer_eta193     686.62608954     684.373155462     684.336480894     -0.00328116585102     -0.00333457857351    0.00333457857351
2016     CMS_jer_eta193     1046.00156201     1044.36275321     1036.51204554     -0.00156673647207     -0.00907218193485    0.00907218193485
2016     CMS_jer_eta193     539.489056617     540.376142243     540.183007959     0.00164430698848     0.00128631217526    0.00164430698848
2016     CMS_jer_eta193     1065.6338086     1065.50936535     1066.46543631     -0.000116778623211     0.000780406656133    0.000780406656133
2016     CMS_jer_193eta25     686.62608954     686.748769336     686.82258706     0.000178670456062     0.000286178348152    0.000286178348152
2016     CMS_jer_193eta25     1046.00156201     1046.19155826     1046.31514412     0.000181640502173     0.000299791245769    0.000299791245769
2016     CMS_jer_193eta25     539.489056617     539.769621357     540.264821129     0.000520056406674     0.00143796153598    0.00143796153598
2016     CMS_jer_193eta25     1065.6338086     1064.43420764     1065.11626925     -0.00112571592987     -0.000485663409538    0.00112571592987
2016     CMS_jec_FlavorQCD     686.62608954     698.480269908     674.849947122     0.0172643896713     -0.0171507354539    0.0172643896713
2016     CMS_jec_FlavorQCD     1046.00156201     1059.4209813     1030.52107709     0.0128292535857     -0.0147996766765    0.0147996766765
2016     CMS_jec_FlavorQCD     539.489056617     546.543789274     531.758229909     0.0130766927903     -0.0143299045876    0.0143299045876
2016     CMS_jec_FlavorQCD     1065.6338086     1079.87844203     1053.73187763     0.0133672874479     -0.0111688751532    0.0133672874479
2016     CMS_jec_RelativeBal     686.62608954     693.336625019     678.044381503     0.0097732020108     -0.0124983716277    0.0124983716277
2016     CMS_jec_RelativeBal     1046.00156201     1059.43441037     1033.1545874     0.0128420920631     -0.0122819841545    0.0128420920631
2016     CMS_jec_RelativeBal     539.489056617     547.134816855     532.424641841     0.0141722248942     -0.0130946396206    0.0141722248942
2016     CMS_jec_RelativeBal     1065.6338086     1080.91769976     1051.74707629     0.0143425359101     -0.0130314299322    0.0143425359101
2016     CMS_jec_Absolute     686.62608954     705.181024992     668.129327518     0.0270233475474     -0.0269386239525    0.0270233475474
2016     CMS_jec_Absolute     1046.00156201     1073.86984925     1019.93753969     0.0266426822434     -0.0249177661569    0.0266426822434
2016     CMS_jec_Absolute     539.489056617     550.033833142     526.668200772     0.0195458580591     -0.0237648117002    0.0237648117002
2016     CMS_jec_Absolute     1065.6338086     1093.15148934     1040.78784149     0.0258228300562     -0.0233156708313    0.0258228300562
2016     CMS_jec_BBEC1_year     686.62608954     687.66355732     685.350894572     0.00151096469548     -0.00185718979749    0.00185718979749
2016     CMS_jec_BBEC1_year     1046.00156201     1047.95808485     1042.66238834     0.00187047793462     -0.00319232187945    0.00319232187945
2016     CMS_jec_BBEC1_year     539.489056617     541.879279201     537.846368005     0.00443053024788     -0.00304489700309    0.00443053024788
2016     CMS_jec_BBEC1_year     1065.6338086     1071.18111994     1061.12818937     0.00520564503105     -0.00422811212568    0.00520564503105
2016     CMS_jec_Absolute_year     686.62608954     713.434772338     660.857096496     0.0390440782937     -0.0375298775217    0.0390440782937
2016     CMS_jec_Absolute_year     1046.00156201     1086.40888829     1007.9788186     0.0386302733624     -0.036350560832    0.0386302733624
2016     CMS_jec_Absolute_year     539.489056617     556.606526194     524.042933414     0.0317290394815     -0.0286310222863    0.0317290394815
2016     CMS_jec_Absolute_year     1065.6338086     1100.98651636     1028.88471024     0.0331752873058     -0.0344856723406    0.0344856723406
2016     CMS_jec_RelativeSample_year     686.62608954     701.486381998     670.542720958     0.021642481526     -0.0234237656085    0.0234237656085
2016     CMS_jec_RelativeSample_year     1046.00156201     1064.15138058     1025.92878786     0.0173516170777     -0.0191900039897    0.0191900039897
2016     CMS_jec_RelativeSample_year     539.489056617     550.90910899     531.778928308     0.0211682743757     -0.0142915379168    0.0211682743757
2016     CMS_jec_RelativeSample_year     1065.6338086     1087.78599382     1044.45510347     0.0207878025693     -0.0198742804101    0.0207878025693
2016     CMS_pu     686.62608954     689.4373347     684.007375883     0.00409428829287     -0.00381388603909    0.00409428829287
2016     CMS_pu     1046.00156201     1035.46325329     1054.4518322     -0.0100748498854     0.00807864012747    0.0100748498854
2016     CMS_pu     539.489056617     540.914024881     537.774407763     0.00264132932147     -0.00317828291914    0.00317828291914
2016     CMS_pu     1065.6338086     1068.79277639     1065.13027062     0.00296440274962     -0.000472524397202    0.00296440274962
2016     CMS_L1Prefiring     686.62608954     682.027408711     691.098781342     -0.00669750377732     0.00651401377011    0.00669750377732
2016     CMS_L1Prefiring     1046.00156201     1038.88022106     1052.96872873     -0.00680815517466     0.00666076128993    0.00680815517466
2016     CMS_L1Prefiring     539.489056617     536.004151512     542.872154466     -0.00645964002838     0.00627092951735    0.00645964002838
2016     CMS_L1Prefiring     1065.6338086     1059.08819432     1072.04572482     -0.00614246115531     0.00601699774836    0.00614246115531
2016     CMS_pdf_QCD     686.62608954     702.556056814     671.182065648     0.0232003524438     -0.0224926260842    0.0232003524438
2016     CMS_pdf_QCD     1046.00156201     1067.34725199     1025.65598032     0.0204069389093     -0.0194508138738    0.0204069389093
2016     CMS_pdf_QCD     539.489056617     550.38889327     528.58926443     0.0202039995428     -0.0202039171204    0.0202039995428
2016     CMS_pdf_QCD     1065.6338086     1084.65646163     1046.61122823     0.0178510224416     -0.0178509542524    0.0178510224416
2016     CMS_renorm_QCD     686.62608954     636.879840584     744.999248872     -0.0724502749222     0.0850144790904    0.0850144790904
2016     CMS_renorm_QCD     1046.00156201     969.798968202     1135.50631357     -0.0728513193263     0.085568468358    0.085568468358
2016     CMS_renorm_QCD     539.489056617     500.412377871     585.336551479     -0.0724327551532     0.0849831786202    0.0849831786202
2016     CMS_renorm_QCD     1065.6338086     988.208417583     1156.52346007     -0.0726566578391     0.0852916365238    0.0852916365238
2016     CMS_fact_QCD     686.62608954     592.754373499     805.530431591     -0.136714461438     0.173171896411    0.173171896411
2016     CMS_fact_QCD     1046.00156201     904.080047829     1225.59678549     -0.135680021271     0.171696897983    0.171696897983
2016     CMS_fact_QCD     539.489056617     467.983757414     629.538822132     -0.13254263145     0.16691676024    0.16691676024
2016     CMS_fact_QCD     1065.6338086     924.793966612     1242.99373793     -0.132165328134     0.166436094559    0.166436094559
2016     CMS_jec_AbsoluteCal     686.62608954     689.273246125     684.277087485     0.00385531022727     -0.00342107894057    0.00385531022727
2016     CMS_jec_AbsoluteCal     1046.00156201     1049.86483079     1042.51949676     0.00369336808046     -0.00332892930874    0.00369336808046
2016     CMS_jec_AbsoluteCal     539.489056617     541.509177597     536.925594076     0.00374450779945     -0.00475164882256    0.00475164882256
2016     CMS_jec_AbsoluteCal     1065.6338086     1070.38054052     1059.89348732     0.00445437437396     -0.00538676722507    0.00538676722507
2016     CMS_jec_AbsoluteTheory     686.62608954     705.181012715     668.129305202     0.0270233296667     -0.0269386564533    0.0270233296667
2016     CMS_jec_AbsoluteTheory     1046.00156201     1073.8698667     1019.9375181     0.0266426989175     -0.0249177868009    0.0266426989175
2016     CMS_jec_AbsoluteTheory     539.489056617     550.033824909     526.668193911     0.0195458427982     -0.0237648244175    0.0237648244175
2016     CMS_jec_AbsoluteTheory     1065.6338086     1093.151472     1040.78784212     0.025822813791     -0.0233156702383    0.025822813791
2016     CMS_jec_AbsolutePU     686.62608954     688.585013456     684.571645402     0.00285297040971     -0.0029920857494    0.0029920857494
2016     CMS_jec_AbsolutePU     1046.00156201     1047.72610472     1043.60811606     0.0016486999326     -0.00228818582714    0.00228818582714
2016     CMS_jec_AbsolutePU     539.489056617     540.580399017     538.124662202     0.00202291851392     -0.00252904928904    0.00252904928904
2016     CMS_jec_AbsolutePU     1065.6338086     1066.20051682     1064.26327132     0.000531803912851     -0.00128612405874    0.00128612405874
2016     CMS_jec_AbsoluteScale     686.62608954     705.181012715     668.129305202     0.0270233296667     -0.0269386564533    0.0270233296667
2016     CMS_jec_AbsoluteScale     1046.00156201     1073.8698667     1019.9375181     0.0266426989175     -0.0249177868009    0.0266426989175
2016     CMS_jec_AbsoluteScale     539.489056617     550.033824909     526.668193911     0.0195458427982     -0.0237648244175    0.0237648244175
2016     CMS_jec_AbsoluteScale     1065.6338086     1093.151472     1040.78784212     0.025822813791     -0.0233156702383    0.025822813791
2016     CMS_jec_Fragmentation     686.62608954     688.619675404     684.537862748     0.00290345195897     -0.00304128669618    0.00304128669618
2016     CMS_jec_Fragmentation     1046.00156201     1049.5410311     1042.98951082     0.00338380861088     -0.00287958574984    0.00338380861088
2016     CMS_jec_Fragmentation     539.489056617     541.17336667     537.58345034     0.00312204674566     -0.00353224269096    0.00353224269096
2016     CMS_jec_Fragmentation     1065.6338086     1069.14313324     1061.2584361     0.00329318065637     -0.00410588746195    0.00410588746195
2016     CMS_jec_AbsoluteMPFBias     686.62608954     705.181012715     668.129305202     0.0270233296667     -0.0269386564533    0.0270233296667
2016     CMS_jec_AbsoluteMPFBias     1046.00156201     1073.8698667     1019.9375181     0.0266426989175     -0.0249177868009    0.0266426989175
2016     CMS_jec_AbsoluteMPFBias     539.489056617     550.033824909     526.668193911     0.0195458427982     -0.0237648244175    0.0237648244175
2016     CMS_jec_AbsoluteMPFBias     1065.6338086     1093.151472     1040.78784212     0.025822813791     -0.0233156702383    0.025822813791
2016     CMS_jec_RelativeFSR     686.62608954     689.564563215     680.655817986     0.00427958348865     -0.00869508404217    0.00869508404217
2016     CMS_jec_RelativeFSR     1046.00156201     1052.82559002     1038.19664338     0.00652391760491     -0.00746167015433    0.00746167015433
2016     CMS_jec_RelativeFSR     539.489056617     542.667342065     536.374326473     0.00589128807977     -0.00577348160387    0.00589128807977
2016     CMS_jec_RelativeFSR     1065.6338086     1075.7144533     1056.32590042     0.00945976434597     -0.00873462168679    0.00945976434597
2016     CMS_scale_QCD     686.62608954     874.00594627     549.805661679     0.272899412919     -0.19926482542    0.272899412919
2016     CMS_scale_QCD     1046.00156201     1330.46083549     838.211801383     0.27194918613     -0.198651482154    0.27194918613
2016     CMS_scale_QCD     539.489056617     683.035829538     434.084448386     0.266079119049     -0.195378584492    0.266079119049
2016     CMS_scale_QCD     1065.6338086     1349.00856158     857.5999192     0.265921323719     -0.19522080448    0.265921323719
2016     CMS_bTagSF_M     16.8635859687     17.1367036502     16.5623751337     0.0161957060622     -0.0178616123259    0.0178616123259
2016     CMS_bTagSF_M     1.31048636315     1.04074163677     1.61888687199     -0.205835584376     0.235332863822    0.235332863822
2016     CMS_bTagSF_M     3.54529595547     3.58038618036     3.5081929795     0.00989768564862     -0.0104654100631    0.0104654100631
2016     CMS_bTagSF_M     0.432883351454     0.342217534367     0.534963783627     -0.209446301834     0.235815103144    0.235815103144
2016     CMS_bTagSF_T     16.8635859687     16.8635859687     16.8635859687     0.0     0.0    0.0
2016     CMS_bTagSF_T     1.31048636315     1.31048636315     1.31048636315     0.0     0.0    0.0
2016     CMS_bTagSF_T     3.54529595547     3.54529595547     3.54529595547     0.0     0.0    0.0
2016     CMS_bTagSF_T     0.432883351454     0.432883351454     0.432883351454     0.0     0.0    0.0
2016     CMS_bTagSF_M_corr     16.8635859687     17.0714553583     16.6188703235     0.0123265235489     -0.0145114832424    0.0145114832424
2016     CMS_bTagSF_M_corr     1.31048636315     1.05407827394     1.60528751827     -0.19565872368     0.224955530563    0.224955530563
2016     CMS_bTagSF_M_corr     3.54529595547     3.58622570983     3.50029705568     0.011544806098     -0.0126925651192    0.0126925651192
2016     CMS_bTagSF_M_corr     0.432883351454     0.363139995931     0.509892198452     -0.161113508498     0.177897456068    0.177897456068
2016     CMS_bTagSF_T_corr     16.8635859687     16.8635859687     16.8635859687     0.0     0.0    0.0
2016     CMS_bTagSF_T_corr     1.31048636315     1.31048636315     1.31048636315     0.0     0.0    0.0
2016     CMS_bTagSF_T_corr     3.54529595547     3.54529595547     3.54529595547     0.0     0.0    0.0
2016     CMS_bTagSF_T_corr     0.432883351454     0.432883351454     0.432883351454     0.0     0.0    0.0
2016     CMS_jer     16.8635859687     16.7866568881     16.7536797876     -0.00456184590565     -0.00651736714335    0.00651736714335
2016     CMS_jer     1.31048636315     1.30643922755     1.28780652514     -0.003088269909     -0.0173064280959    0.0173064280959
2016     CMS_jer     3.54529595547     3.5603454976     3.58283966574     0.00424493253065     0.0105897253006    0.0105897253006
2016     CMS_jer     0.432883351454     0.426027683089     0.428871466663     -0.0158372188316     -0.0092678195586    0.0158372188316
2016     CMS_jec     16.8635859687     17.6294169987     16.1336886277     0.0454132965181     -0.0432824514505    0.0454132965181
2016     CMS_jec     1.31048636315     1.36482935366     1.24348336152     0.0414678031273     -0.0511283470855    0.0511283470855
2016     CMS_jec     3.54529595547     3.58622373366     3.4933091987     0.0115442486913     -0.0146635873044    0.0146635873044
2016     CMS_jec     0.432883351454     0.437864503061     0.4162178344     0.0115069142515     -0.0384988634902    0.0384988634902
2016     CMS_bTagSF_bc_T_corr     16.8635859687     16.8635859687     16.8635859687     0.0     0.0    0.0
2016     CMS_bTagSF_bc_T_corr     1.31048636315     1.31048636315     1.31048636315     0.0     0.0    0.0
2016     CMS_bTagSF_bc_T_corr     3.54529595547     3.54529595547     3.54529595547     0.0     0.0    0.0
2016     CMS_bTagSF_bc_T_corr     0.432883351454     0.432883351454     0.432883351454     0.0     0.0    0.0
2016     CMS_bTagSF_light_T_corr     16.8635859687     16.8635859687     16.8635859687     0.0     0.0    0.0
2016     CMS_bTagSF_light_T_corr     1.31048636315     1.31048636315     1.31048636315     0.0     0.0    0.0
2016     CMS_bTagSF_light_T_corr     3.54529595547     3.54529595547     3.54529595547     0.0     0.0    0.0
2016     CMS_bTagSF_light_T_corr     0.432883351454     0.432883351454     0.432883351454     0.0     0.0    0.0
2016     CMS_bTagSF_bc_M_corr     16.8635859687     17.0327836332     16.6635040564     0.0100333146714     -0.011864731064    0.011864731064
2016     CMS_bTagSF_bc_M_corr     1.31048636315     1.06941862417     1.58258024923     -0.183952878684     0.207628170524    0.207628170524
2016     CMS_bTagSF_bc_M_corr     3.54529595547     3.5779428922     3.50861437458     0.00920852226381     -0.0103465497241    0.0103465497241
2016     CMS_bTagSF_bc_M_corr     0.432883351454     0.367326872188     0.504216950489     -0.151441442703     0.164787115962    0.164787115962
2016     CMS_bTagSF_light_M_corr     16.8635859687     16.9052958169     16.8224867874     0.00247336766276     -0.00243715550019    0.00247336766276
2016     CMS_bTagSF_light_M_corr     1.31048636315     1.29179549608     1.32940850839     -0.0142625422127     0.0144390249115    0.0144390249115
2016     CMS_bTagSF_light_M_corr     3.54529595547     3.55368407048     3.53719967067     0.00236598442509     -0.00228366965518    0.00236598442509
2016     CMS_bTagSF_light_M_corr     0.432883351454     0.428008496238     0.437808200671     -0.011261359903     0.0113768505984    0.0113768505984
2016     CMS_bTagSF_bc_T_year     16.8635859687     16.8635859687     16.8635859687     0.0     0.0    0.0
2016     CMS_bTagSF_bc_T_year     1.31048636315     1.31048636315     1.31048636315     0.0     0.0    0.0
2016     CMS_bTagSF_bc_T_year     3.54529595547     3.54529595547     3.54529595547     0.0     0.0    0.0
2016     CMS_bTagSF_bc_T_year     0.432883351454     0.432883351454     0.432883351454     0.0     0.0    0.0
2016     CMS_bTagSF_light_T_year     16.8635859687     16.8635859687     16.8635859687     0.0     0.0    0.0
2016     CMS_bTagSF_light_T_year     1.31048636315     1.31048636315     1.31048636315     0.0     0.0    0.0
2016     CMS_bTagSF_light_T_year     3.54529595547     3.54529595547     3.54529595547     0.0     0.0    0.0
2016     CMS_bTagSF_light_T_year     0.432883351454     0.432883351454     0.432883351454     0.0     0.0    0.0
2016     CMS_bTagSF_bc_M_year     16.8635859687     17.0577540893     16.6478423136     0.0115140469477     -0.0127934625228    0.0127934625228
2016     CMS_bTagSF_bc_M_year     1.31048636315     1.06721620507     1.58085116217     -0.185633490678     0.206308746601    0.206308746601
2016     CMS_bTagSF_bc_M_year     3.54529595547     3.5657962392     3.52740704575     0.00578238995829     -0.00504581562064    0.00578238995829
2016     CMS_bTagSF_bc_M_year     0.432883351454     0.350490113297     0.522675798924     -0.190335890445     0.207428738406    0.207428738406
2016     CMS_bTagSF_light_M_year     16.8635859687     16.9462368876     16.7821978422     0.00490114730517     -0.00482626450978    0.00490114730517
2016     CMS_bTagSF_light_M_year     1.31048636315     1.27877522984     1.34273092356     -0.024197988014     0.0246050331496    0.0246050331496
2016     CMS_bTagSF_light_M_year     3.54529595547     3.56240190469     3.52873354894     0.00482497073212     -0.00467165695957    0.00482497073212
2016     CMS_bTagSF_light_M_year     0.432883351454     0.422746192756     0.443150493017     -0.0234177606157     0.0237180328791    0.0237180328791
2016     CMS_jer_eta193     16.8635859687     16.7845845964     16.7441629445     -0.00468473149322     -0.00708170993234    0.00708170993234
2016     CMS_jer_eta193     1.31048636315     1.30644170511     1.28782031813     -0.00308637934454     -0.0172959030012    0.0172959030012
2016     CMS_jer_eta193     3.54529595547     3.55897444195     3.58348687305     0.003858207228     0.0107722791157    0.0107722791157
2016     CMS_jer_eta193     0.432883351454     0.429464457799     0.428822769986     -0.00789795598328     -0.00938031332095    0.00938031332095
2016     CMS_jer_193eta25     16.8635859687     16.8592382733     16.8620182245     -0.000257815595341     -9.29662423903e-05    0.000257815595341
2016     CMS_jer_193eta25     1.31048636315     1.31048388597     1.31048617376     -1.89027189101e-06     -1.44520990952e-07    1.89027189101e-06
2016     CMS_jer_193eta25     3.54529595547     3.54976355496     3.55068799171     0.00126014853138     0.00152089876732    0.00152089876732
2016     CMS_jer_193eta25     0.432883351454     0.432884165906     0.432932048131     1.88145612845e-06     0.000112493762356    0.000112493762356
2016     CMS_jec_FlavorQCD     16.8635859687     17.0944311344     16.6449576398     0.0136889725684     -0.0129645218592    0.0136889725684
2016     CMS_jec_FlavorQCD     1.31048636315     1.31579227321     1.30911750882     0.00404880981908     -0.00104453916163    0.00404880981908
2016     CMS_jec_FlavorQCD     3.54529595547     3.54882840151     3.53142911222     0.000996375505348     -0.00391133587024    0.00391133587024
2016     CMS_jec_FlavorQCD     0.432883351454     0.436462596713     0.427451299972     0.00826838280239     -0.0125485340655    0.0125485340655
2016     CMS_jec_RelativeBal     16.8635859687     17.0089735803     16.6876559271     0.00862139356946     -0.0104325403814    0.0104325403814
2016     CMS_jec_RelativeBal     1.31048636315     1.31848804059     1.31047944171     0.006105883791     -5.2815839845e-06    0.006105883791
2016     CMS_jec_RelativeBal     3.54529595547     3.54988142917     3.54113219765     0.00129339659015     -0.00117444576492    0.00129339659015
2016     CMS_jec_RelativeBal     0.432883351454     0.438250507822     0.423940123012     0.0123986204365     -0.0206596728934    0.0206596728934
2016     CMS_jec_Absolute     16.8635859687     17.220636121     16.4988468338     0.0211728485806     -0.0216288003982    0.0216288003982
2016     CMS_jec_Absolute     1.31048636315     1.32922699469     1.27264761281     0.0143005162558     -0.0288738222705    0.0288738222705
2016     CMS_jec_Absolute     3.54529595547     3.58600792967     3.53550580862     0.0114833781771     -0.00276144699085    0.0114833781771
2016     CMS_jec_Absolute     0.432883351454     0.434142784345     0.427746995401     0.00290940477581     -0.0118654506718    0.0118654506718
2016     CMS_jec_BBEC1_year     16.8635859687     16.8739733148     16.8191060631     0.000615963066706     -0.00263763031513    0.00263763031513
2016     CMS_jec_BBEC1_year     1.31048636315     1.3112581194     1.31278032058     0.000588908264591     0.00175046264864    0.00175046264864
2016     CMS_jec_BBEC1_year     3.54529595547     3.54525297206     3.55205258205     -1.21240662584e-05     0.00190580043913    0.00190580043913
2016     CMS_jec_BBEC1_year     0.432883351454     0.435731718229     0.429185838229     0.00657998688309     -0.00854159258523    0.00854159258523
2016     CMS_jec_Absolute_year     16.8635859687     17.3597586827     16.3726440929     0.0294227286469     -0.0291125432447    0.0294227286469
2016     CMS_jec_Absolute_year     1.31048636315     1.34399943044     1.25274468662     0.025572999636     -0.0440612570671    0.0440612570671
2016     CMS_jec_Absolute_year     3.54529595547     3.59869869191     3.5090347616     0.0150629840539     -0.0102279737203    0.0150629840539
2016     CMS_jec_Absolute_year     0.432883351454     0.435383649533     0.426843189634     0.00577591646911     -0.0139533243784    0.0139533243784
2016     CMS_jec_RelativeSample_year     16.8635859687     17.0872963041     16.619286657     0.0132658816315     -0.0144867949277    0.0144867949277
2016     CMS_jec_RelativeSample_year     1.31048636315     1.32433307452     1.2910189693     0.0105660858126     -0.0148550907481    0.0148550907481
2016     CMS_jec_RelativeSample_year     3.54529595547     3.54876978945     3.54840997432     0.000979843156947     0.000878352300745    0.000979843156947
2016     CMS_jec_RelativeSample_year     0.432883351454     0.440558062679     0.425447683894     0.0177292824939     -0.0171770698404    0.0177292824939
2016     CMS_pu     16.8635859687     16.8795050634     16.8672788817     0.000943992262761     0.000218987409871    0.000943992262761
2016     CMS_pu     1.31048636315     1.34112236956     1.29609449292     0.023377585045     -0.0109820831678    0.023377585045
2016     CMS_pu     3.54529595547     3.57467993415     3.52422341568     0.00828815959293     -0.00594380273059    0.00828815959293
2016     CMS_pu     0.432883351454     0.425071167699     0.437931705196     -0.0180468565701     0.0116621573098    0.0180468565701
2016     CMS_topPt     16.8635859687     14.610040316     16.8635859687     -0.133633834278     0.0    0.133633834278
2016     CMS_topPt     1.31048636315     1.14251679681     1.31048636315     -0.128173456104     0.0    0.128173456104
2016     CMS_topPt     3.54529595547     3.12553028347     3.54529595547     -0.118400742072     0.0    0.118400742072
2016     CMS_topPt     0.432883351454     0.386471626093     0.432883351454     -0.107215316103     0.0    0.107215316103
2016     CMS_L1Prefiring     16.8635859687     16.7445622377     16.9778773611     -0.0070580320948     0.00677740740215    0.0070580320948
2016     CMS_L1Prefiring     1.31048636315     1.30148498295     1.31921796108     -0.00686873244251     0.00666286821282    0.00686873244251
2016     CMS_L1Prefiring     3.54529595547     3.51406193377     3.57539075398     -0.00880998993936     0.0084886562048    0.00880998993936
2016     CMS_L1Prefiring     0.432883351454     0.429336717889     0.436310938024     -0.00819304681772     0.00791803740656    0.00819304681772
2016     CMS_pdf_TTbar     16.8635859687     17.3009996246     16.4323540569     0.0259383536025     -0.0255717800833    0.0259383536025
2016     CMS_pdf_TTbar     1.31048636315     1.34897353885     1.27215048698     0.0293686197591     -0.0292531668017    0.0293686197591
2016     CMS_pdf_TTbar     3.54529595547     3.64310927554     3.44770961267     0.0275896064253     -0.0275255843309    0.0275896064253
2016     CMS_pdf_TTbar     0.432883351454     0.444684133095     0.421082595628     0.027260881253     -0.0272608216205    0.027260881253
2016     CMS_renorm_TTbar     16.8635859687     13.8954833261     20.8936803653     -0.176006612598     0.238982053051    0.238982053051
2016     CMS_renorm_TTbar     1.31048636315     1.07771022962     1.62797840362     -0.177625757948     0.242270388613    0.242270388613
2016     CMS_renorm_TTbar     3.54529595547     2.94038066875     4.36056887666     -0.170624764284     0.229959058829    0.229959058829
2016     CMS_renorm_TTbar     0.432883351454     0.3577110635     0.534770894025     -0.173654837271     0.23536951058    0.23536951058
2016     CMS_fact_TTbar     16.8635859687     14.3489491919     20.101633061     -0.149116373083     0.192014148018    0.192014148018
2016     CMS_fact_TTbar     1.31048636315     1.11614145773     1.56050387886     -0.148299830422     0.190782233789    0.190782233789
2016     CMS_fact_TTbar     3.54529595547     3.01518500102     4.22851911882     -0.149525162668     0.192712589283    0.192712589283
2016     CMS_fact_TTbar     0.432883351454     0.369760983675     0.514086529583     -0.145818423295     0.187586743301    0.187586743301
2016     CMS_jec_AbsoluteCal     16.8635859687     16.9089747141     16.8031167162     0.00269152393986     -0.00358578849051    0.00358578849051
2016     CMS_jec_AbsoluteCal     1.31048636315     1.31086343569     1.3090093503     0.000287734804324     -0.00112707227417    0.00112707227417
2016     CMS_jec_AbsoluteCal     3.54529595547     3.53994950896     3.54009402137     -0.00150803954717     -0.0014672778135    0.00150803954717
2016     CMS_jec_AbsoluteCal     0.432883351454     0.436320941715     0.427436545668     0.00794114684438     -0.0125826178543    0.0125826178543
2016     CMS_jec_AbsoluteTheory     16.8635859687     17.220636121     16.4988468338     0.0211728485806     -0.0216288003982    0.0216288003982
2016     CMS_jec_AbsoluteTheory     1.31048636315     1.32922699469     1.27264761281     0.0143005162558     -0.0288738222705    0.0288738222705
2016     CMS_jec_AbsoluteTheory     3.54529595547     3.58600792967     3.53550580862     0.0114833781771     -0.00276144699085    0.0114833781771
2016     CMS_jec_AbsoluteTheory     0.432883351454     0.434142784345     0.427746995401     0.00290940477581     -0.0118654506718    0.0118654506718
2016     CMS_jec_AbsolutePU     16.8635859687     16.8890220473     16.8149143918     0.00150834340033     -0.00288619378038    0.00288619378038
2016     CMS_jec_AbsolutePU     1.31048636315     1.3130480258     1.31607898442     0.0019547419365     0.00426759211659    0.00426759211659
2016     CMS_jec_AbsolutePU     3.54529595547     3.54357931727     3.53590467246     -0.000484201661033     -0.00264894189943    0.00264894189943
2016     CMS_jec_AbsolutePU     0.432883351454     0.430906490999     0.43463351736     -0.00456672784733     0.00404304277172    0.00456672784733
2016     CMS_jec_AbsoluteScale     16.8635859687     17.220636121     16.4988468338     0.0211728485806     -0.0216288003982    0.0216288003982
2016     CMS_jec_AbsoluteScale     1.31048636315     1.32922699469     1.27264761281     0.0143005162558     -0.0288738222705    0.0288738222705
2016     CMS_jec_AbsoluteScale     3.54529595547     3.58600792967     3.53550580862     0.0114833781771     -0.00276144699085    0.0114833781771
2016     CMS_jec_AbsoluteScale     0.432883351454     0.434142784345     0.427746995401     0.00290940477581     -0.0118654506718    0.0118654506718
2016     CMS_jec_Fragmentation     16.8635859687     16.8907382358     16.8076408896     0.00161011229174     -0.00331750786756    0.00331750786756
2016     CMS_jec_Fragmentation     1.31048636315     1.3104567539     1.30901743878     -2.2594091971e-05     -0.00112090015452    0.00112090015452
2016     CMS_jec_Fragmentation     3.54529595547     3.53561050298     3.53858222221     -0.00273191649033     -0.00189370177874    0.00273191649033
2016     CMS_jec_Fragmentation     0.432883351454     0.432926536266     0.434637859773     9.97608510713e-05     0.00405307414135    0.00405307414135
2016     CMS_jec_AbsoluteMPFBias     16.8635859687     17.220636121     16.4988468338     0.0211728485806     -0.0216288003982    0.0216288003982
2016     CMS_jec_AbsoluteMPFBias     1.31048636315     1.32922699469     1.27264761281     0.0143005162558     -0.0288738222705    0.0288738222705
2016     CMS_jec_AbsoluteMPFBias     3.54529595547     3.58600792967     3.53550580862     0.0114833781771     -0.00276144699085    0.0114833781771
2016     CMS_jec_AbsoluteMPFBias     0.432883351454     0.434142784345     0.427746995401     0.00290940477581     -0.0118654506718    0.0118654506718
2016     CMS_jec_RelativeFSR     16.8635859687     16.94991974     16.7446782367     0.00511953812331     -0.00705115342914    0.00705115342914
2016     CMS_jec_RelativeFSR     1.31048636315     1.31911051197     1.30700292939     0.00658087643381     -0.00265812286435    0.00658087643381
2016     CMS_jec_RelativeFSR     3.54529595547     3.52370305866     3.55533624942     -0.00609057666047     0.00283200445873    0.00609057666047
2016     CMS_jec_RelativeFSR     0.432883351454     0.435702615669     0.431943499425     0.00651275731565     -0.00217114385763    0.00651275731565
2016     CMS_scale_TTbar     16.8635859687     24.920018449     11.8287558264     0.477741359118     -0.298562248367    0.477741359118
2016     CMS_scale_TTbar     1.31048636315     1.93968471697     0.918311788153     0.480125830768     -0.29925879889    0.480125830768
2016     CMS_scale_TTbar     3.54529595547     5.2039477341     2.50181707251     0.467845787621     -0.294327722161    0.467845787621
2016     CMS_scale_TTbar     0.432883351454     0.635631550274     0.305756979944     0.468366820157     -0.293673506    0.468366820157
2016     CMS_bTagSF_M     442.219479092     448.401554134     432.848728025     0.0139796533941     -0.0211902720489    0.0211902720489
2016     CMS_bTagSF_M     15.5087507497     9.36257077174     23.9244545531     -0.396304001345     0.542642275912    0.542642275912
2016     CMS_bTagSF_M     47.3685162022     47.9538712668     46.4923492862     0.0123574709847     -0.0184968199606    0.0184968199606
2016     CMS_bTagSF_M     2.57689878613     1.64195705295     3.82473431989     -0.362816629903     0.484239249316    0.484239249316
2016     CMS_bTagSF_T     442.219479092     442.219479092     442.219479092     0.0     0.0    0.0
2016     CMS_bTagSF_T     15.5087507497     15.5087507497     15.5087507497     0.0     0.0    0.0
2016     CMS_bTagSF_T     47.3685162022     47.3685162022     47.3685162022     0.0     0.0    0.0
2016     CMS_bTagSF_T     2.57689878613     2.57689878613     2.57689878613     0.0     0.0    0.0
2016     CMS_bTagSF_M_corr     442.219479092     447.075759735     436.410734778     0.0109816072626     -0.0131354329448    0.0131354329448
2016     CMS_bTagSF_M_corr     15.5087507497     11.4277838083     20.4713743432     -0.263139630473     0.319988609891    0.319988609891
2016     CMS_bTagSF_M_corr     47.3685162022     47.7321304608     46.9098456566     0.00767628559492     -0.00968302540075    0.00968302540075
2016     CMS_bTagSF_M_corr     2.57689878613     1.9716953678     3.30409347898     -0.23485727169     0.282197615505    0.282197615505
2016     CMS_bTagSF_T_corr     442.219479092     442.219479092     442.219479092     0.0     0.0    0.0
2016     CMS_bTagSF_T_corr     15.5087507497     15.5087507497     15.5087507497     0.0     0.0    0.0
2016     CMS_bTagSF_T_corr     47.3685162022     47.3685162022     47.3685162022     0.0     0.0    0.0
2016     CMS_bTagSF_T_corr     2.57689878613     2.57689878613     2.57689878613     0.0     0.0    0.0
2016     CMS_jer     442.219479092     441.287049239     441.723008744     -0.0021085227972     -0.00112267860624    0.0021085227972
2016     CMS_jer     15.5087507497     15.612717063     15.4510600434     0.00670371940478     -0.00371988093775    0.00670371940478
2016     CMS_jer     47.3685162022     47.3835970225     47.8165202393     0.000318372234398     0.00945784400721    0.00945784400721
2016     CMS_jer     2.57689878613     2.7016967186     2.6095007241     0.0484295049307     0.0126516175752    0.0484295049307
2016     CMS_jec     442.219479092     446.203466457     437.243771754     0.00900907253787     -0.011251669302    0.011251669302
2016     CMS_jec     15.5087507497     15.7521902272     15.1537761421     0.0156969108245     -0.0228886654586    0.0228886654586
2016     CMS_jec     47.3685162022     47.14276131     47.3521591802     -0.00476592703902     -0.000345314215733    0.00476592703902
2016     CMS_jec     2.57689878613     2.68034069161     2.54530122784     0.0401420133503     -0.0122618546206    0.0401420133503
2016     CMS_bTagSF_bc_T_corr     442.219479092     442.219479092     442.219479092     0.0     0.0    0.0
2016     CMS_bTagSF_bc_T_corr     15.5087507497     15.5087507497     15.5087507497     0.0     0.0    0.0
2016     CMS_bTagSF_bc_T_corr     47.3685162022     47.3685162022     47.3685162022     0.0     0.0    0.0
2016     CMS_bTagSF_bc_T_corr     2.57689878613     2.57689878613     2.57689878613     0.0     0.0    0.0
2016     CMS_bTagSF_light_T_corr     442.219479092     442.219479092     442.219479092     0.0     0.0    0.0
2016     CMS_bTagSF_light_T_corr     15.5087507497     15.5087507497     15.5087507497     0.0     0.0    0.0
2016     CMS_bTagSF_light_T_corr     47.3685162022     47.3685162022     47.3685162022     0.0     0.0    0.0
2016     CMS_bTagSF_light_T_corr     2.57689878613     2.57689878613     2.57689878613     0.0     0.0    0.0
2016     CMS_bTagSF_bc_M_corr     442.219479092     446.534565599     437.080998178     0.00975779383609     -0.0116197525377    0.0116197525377
2016     CMS_bTagSF_bc_M_corr     15.5087507497     11.5309307775     20.2957685687     -0.256488742156     0.308665597654    0.308665597654
2016     CMS_bTagSF_bc_M_corr     47.3685162022     47.7037686053     46.9391685892     0.00707753651576     -0.00906398695576    0.00906398695576
2016     CMS_bTagSF_bc_M_corr     2.57689878613     1.98558183357     3.28315743929     -0.229468443132     0.27407310561    0.27407310561
2016     CMS_bTagSF_light_M_corr     442.219479092     442.82300289     441.616827291     0.00136476077344     -0.00136278890786    0.00136476077344
2016     CMS_bTagSF_light_M_corr     15.5087507497     15.3730466289     15.6455265201     -0.00875016453285     0.00881926421036    0.00881926421036
2016     CMS_bTagSF_light_M_corr     47.3685162022     47.3969450924     47.3401147764     0.000600164254287     -0.000599584451302    0.000600164254287
2016     CMS_bTagSF_light_M_corr     2.57689878613     2.55974419432     2.59413909999     -0.00665706852905     0.00669033411436    0.00669033411436
2016     CMS_bTagSF_bc_T_year     442.219479092     442.219479092     442.219479092     0.0     0.0    0.0
2016     CMS_bTagSF_bc_T_year     15.5087507497     15.5087507497     15.5087507497     0.0     0.0    0.0
2016     CMS_bTagSF_bc_T_year     47.3685162022     47.3685162022     47.3685162022     0.0     0.0    0.0
2016     CMS_bTagSF_bc_T_year     2.57689878613     2.57689878613     2.57689878613     0.0     0.0    0.0
2016     CMS_bTagSF_light_T_year     442.219479092     442.219479092     442.219479092     0.0     0.0    0.0
2016     CMS_bTagSF_light_T_year     15.5087507497     15.5087507497     15.5087507497     0.0     0.0    0.0
2016     CMS_bTagSF_light_T_year     47.3685162022     47.3685162022     47.3685162022     0.0     0.0    0.0
2016     CMS_bTagSF_light_T_year     2.57689878613     2.57689878613     2.57689878613     0.0     0.0    0.0
2016     CMS_bTagSF_bc_M_year     442.219479092     447.676020561     433.928007     0.0123389894094     -0.0187496763119    0.0187496763119
2016     CMS_bTagSF_bc_M_year     15.5087507497     9.55842753847     23.5114795907     -0.383675210677     0.516013763465    0.516013763465
2016     CMS_bTagSF_bc_M_year     47.3685162022     47.9567097959     46.4564463814     0.0124173953688     -0.01925476865    0.01925476865
2016     CMS_bTagSF_bc_M_year     2.57689878613     1.6719273179     3.77140665762     -0.351186268202     0.463544737539    0.463544737539
2016     CMS_bTagSF_light_M_year     442.219479092     443.101874219     441.326560823     0.00199537824251     -0.00201917444112    0.00201917444112
2016     CMS_bTagSF_light_M_year     15.5087507497     15.2188589713     15.802551655     -0.0186921424615     0.0189442018889    0.0189442018889
2016     CMS_bTagSF_light_M_year     47.3685162022     47.3471633063     47.3893880513     -0.000450782451299     0.000440627040421    0.000450782451299
2016     CMS_bTagSF_light_M_year     2.57689878613     2.53653462536     2.61772282036     -0.0156638518311     0.0158423118695    0.0158423118695
2016     CMS_jer_eta193     442.219479092     441.305070161     441.730638905     -0.00206777171585     -0.00110542436514    0.00206777171585
2016     CMS_jer_eta193     15.5087507497     15.612779348     15.4510600434     0.00670773551885     -0.00371988093775    0.00670773551885
2016     CMS_jer_eta193     47.3685162022     47.3836131114     47.7903643017     0.000318711888211     0.00890566421206    0.00890566421206
2016     CMS_jer_eta193     2.57689878613     2.7016967186     2.60974841457     0.0484295049307     0.0127477371695    0.0484295049307
2016     CMS_jer_193eta25     442.219479092     442.202385576     442.21183976     -3.86539198899e-05     -1.72749785496e-05    3.86539198899e-05
2016     CMS_jer_193eta25     15.5087507497     15.5086884648     15.5087507497     -4.01611407108e-06     0.0    4.01611407108e-06
2016     CMS_jer_193eta25     47.3685162022     47.3684793031     47.3783358863     -7.78979474814e-07     0.000207304026664    0.000207304026664
2016     CMS_jer_193eta25     2.57689878613     2.57689878613     2.57665109567     0.0     -9.61195943051e-05    9.61195943051e-05
2016     CMS_jec_FlavorQCD     442.219479092     442.962611413     440.972539614     0.00168046039656     -0.0028197298794    0.0028197298794
2016     CMS_jec_FlavorQCD     15.5087507497     15.6165787152     15.4870325725     0.00695271768013     -0.00140038211787    0.00695271768013
2016     CMS_jec_FlavorQCD     47.3685162022     47.4012170292     47.3276796726     0.000690349405734     -0.000862102781585    0.000862102781585
2016     CMS_jec_FlavorQCD     2.57689878613     2.7016967023     2.57655479361     0.048429498605     -0.000133490892919    0.048429498605
2016     CMS_jec_RelativeBal     442.219479092     443.14245387     440.962137787     0.00208714184099     -0.0028432517427    0.0028432517427
2016     CMS_jec_RelativeBal     15.5087507497     15.5732142908     15.4552944903     0.00415659147091     -0.00344684496588    0.00415659147091
2016     CMS_jec_RelativeBal     47.3685162022     47.4417602258     47.2954857325     0.00154625961487     -0.00154175126375    0.00154625961487
2016     CMS_jec_RelativeBal     2.57689878613     2.57689877496     2.5766510674     -4.33569258274e-09     -9.61305634833e-05    9.61305634833e-05
2016     CMS_jec_Absolute     442.219479092     444.136560026     439.759300885     0.0043351345317     -0.0055632515606    0.0055632515606
2016     CMS_jec_Absolute     15.5087507497     15.7090615901     15.4083332655     0.0129159881148     -0.00647489187262    0.0129159881148
2016     CMS_jec_Absolute     47.3685162022     47.4487957007     47.1777721914     0.00169478600793     -0.00402680991791    0.00402680991791
2016     CMS_jec_Absolute     2.57689878613     2.57689879297     2.57665109567     2.65339439309e-09     -9.61195943049e-05    9.61195943049e-05
2016     CMS_jec_BBEC1_year     442.219479092     442.241624956     442.069242236     5.00788982065e-05     -0.000339733692253    0.000339733692253
2016     CMS_jec_BBEC1_year     15.5087507497     15.5087507876     15.5087508149     2.44075337719e-09     4.20428114545e-09    4.20428114545e-09
2016     CMS_jec_BBEC1_year     47.3685162022     47.377427898     47.4443446626     0.000188135421591     0.00160081983687    0.00160081983687
2016     CMS_jec_BBEC1_year     2.57689878613     2.60800963309     2.57665107937     0.0120729797859     -9.61259200434e-05    0.0120729797859
2016     CMS_jec_Absolute_year     442.219479092     444.711635234     438.840852672     0.00563556392098     -0.00764015738852    0.00764015738852
2016     CMS_jec_Absolute_year     15.5087507497     15.7083534229     15.3915117262     0.01287032569     -0.00755954012143    0.01287032569
2016     CMS_jec_Absolute_year     47.3685162022     47.3731320563     47.2182188567     9.74456124918e-05     -0.00317293758609    0.00317293758609
2016     CMS_jec_Absolute_year     2.57689878613     2.54747917604     2.54577955795     -0.0114166727261     -0.0120762322318    0.0120762322318
2016     CMS_jec_RelativeSample_year     442.219479092     443.533634926     440.956101396     0.00297172760612     -0.00285690195944    0.00297172760612
2016     CMS_jec_RelativeSample_year     15.5087507497     15.636714803     15.408333342     0.00825108710077     -0.00647488693853    0.00825108710077
2016     CMS_jec_RelativeSample_year     47.3685162022     46.9917436088     47.4107365277     -0.0079540721044     0.000891316193446    0.0079540721044
2016     CMS_jec_RelativeSample_year     2.57689878613     2.57859003759     2.54577956479     0.000656312722253     -0.0120762295784    0.0120762295784
2016     CMS_pu     442.219479092     441.654720388     442.32720137     -0.0012771004693     0.00024359460104    0.0012771004693
2016     CMS_pu     15.5087507497     15.3937366555     15.5627870975     -0.00741607728532     0.00348424890234    0.00741607728532
2016     CMS_pu     47.3685162022     46.9955385852     47.666494192     -0.00787395609816     0.0062906338144    0.00787395609816
2016     CMS_pu     2.57689878613     2.50368186022     2.62825565341     -0.028412806242     0.0199297184473    0.028412806242
2016     CMS_L1Prefiring     442.219479092     440.452726134     443.855702286     -0.00399519478918     0.00370002514814    0.00399519478918
2016     CMS_L1Prefiring     15.5087507497     15.4612393557     15.5523060689     -0.00306352167248     0.0028084350501    0.00306352167248
2016     CMS_L1Prefiring     47.3685162022     47.0017032723     47.7240973191     -0.00774381296578     0.00750669738872    0.00774381296578
2016     CMS_L1Prefiring     2.57689878613     2.53082045268     2.62283478414     -0.0178813128798     0.0178260777071    0.0178813128798
2016     CMS_pdf_sig     442.219479092     444.337785917     440.101241646     0.00479017077503     -0.00479001388631    0.00479017077503
2016     CMS_pdf_sig     15.5087507497     15.5756124399     15.4418891085     0.00431122347131     -0.00431122030736    0.00431122347131
2016     CMS_pdf_sig     47.3685162022     47.6348383342     47.1021951444     0.00562234482689     -0.00562232214869    0.00562234482689
2016     CMS_pdf_sig     2.57689878613     2.59922740802     2.55457004412     0.00866492002165     -0.00866496664005    0.00866496664005
2016     CMS_renorm_sig     442.219479092     442.219479092     442.219479092     0.0     0.0    0.0
2016     CMS_renorm_sig     15.5087507497     15.5087507497     15.5087507497     0.0     0.0    0.0
2016     CMS_renorm_sig     47.3685162022     47.3685162022     47.3685162022     0.0     0.0    0.0
2016     CMS_renorm_sig     2.57689878613     2.57689878613     2.57689878613     0.0     0.0    0.0
2016     CMS_fact_sig     442.219479092     399.301398296     493.124856119     -0.097051538489     0.115113375673    0.115113375673
2016     CMS_fact_sig     15.5087507497     14.023744163     17.2658089395     -0.0957528179196     0.113294630761    0.113294630761
2016     CMS_fact_sig     47.3685162022     42.7296084279     52.8763232563     -0.0979323007396     0.116275693132    0.116275693132
2016     CMS_fact_sig     2.57689878613     2.31952934749     2.88324550479     -0.0998756489891     0.118881936808    0.118881936808
2016     CMS_jec_AbsoluteCal     442.219479092     442.443176037     441.895439316     0.000505850500718     -0.000732757808587    0.000732757808587
2016     CMS_jec_AbsoluteCal     15.5087507497     15.5088383231     15.516130046     5.64670713277e-06     0.000475815002211    0.000475815002211
2016     CMS_jec_AbsoluteCal     47.3685162022     47.3096312316     47.2227915998     -0.00124312465987     -0.0030764020938    0.0030764020938
2016     CMS_jec_AbsoluteCal     2.57689878613     2.57689878613     2.57689878613     0.0     2.22044604925e-16    2.22044604925e-16
2016     CMS_jec_AbsoluteTheory     442.219479092     444.136574969     439.759293558     0.00433516832152     -0.00556326812831    0.00556326812831
2016     CMS_jec_AbsoluteTheory     15.5087507497     15.7090617857     15.4083333793     0.0129160007276     -0.00647488453879    0.0129160007276
2016     CMS_jec_AbsoluteTheory     47.3685162022     47.4487958318     47.1777719557     0.00169478877644     -0.00402681489337    0.00402681489337
2016     CMS_jec_AbsoluteTheory     2.57689878613     2.57689877667     2.57665107937     -3.67234409548e-09     -9.61259200434e-05    9.61259200434e-05
2016     CMS_jec_AbsolutePU     442.219479092     442.41624957     442.092779247     0.000444961127848     -0.000286508965034    0.000444961127848
2016     CMS_jec_AbsolutePU     15.5087507497     15.5089970927     15.5161298691     1.58841319713e-05     0.000475803600201    0.000475803600201
2016     CMS_jec_AbsolutePU     47.3685162022     47.3685845138     47.3157255482     1.4421308363e-06     -0.00111446712323    0.00111446712323
2016     CMS_jec_AbsolutePU     2.57689878613     2.57689878613     2.57689878613     0.0     0.0    0.0
2016     CMS_jec_AbsoluteScale     442.219479092     444.136574969     439.759293558     0.00433516832152     -0.00556326812831    0.00556326812831
2016     CMS_jec_AbsoluteScale     15.5087507497     15.7090617857     15.4083333793     0.0129160007276     -0.00647488453879    0.0129160007276
2016     CMS_jec_AbsoluteScale     47.3685162022     47.4487958318     47.1777719557     0.00169478877644     -0.00402681489337    0.00402681489337
2016     CMS_jec_AbsoluteScale     2.57689878613     2.57689877667     2.57665107937     -3.67234409548e-09     -9.61259200434e-05    9.61259200434e-05
2016     CMS_jec_Fragmentation     442.219479092     442.423188866     441.994645367     0.000460653100023     -0.00050842112603    0.00050842112603
2016     CMS_jec_Fragmentation     15.5087507497     15.5087508132     15.5161299751     4.0953591629e-09     0.000475810432158    0.000475810432158
2016     CMS_jec_Fragmentation     47.3685162022     47.4304175373     47.2229246836     0.00130680333832     -0.00307359255173    0.00307359255173
2016     CMS_jec_Fragmentation     2.57689878613     2.57689876983     2.57689876983     -6.32573826653e-09     -6.32573826653e-09    6.32573826653e-09
2016     CMS_jec_AbsoluteMPFBias     442.219479092     444.136560026     439.759300885     0.0043351345317     -0.0055632515606    0.0055632515606
2016     CMS_jec_AbsoluteMPFBias     15.5087507497     15.7090615901     15.4083332655     0.0129159881148     -0.00647489187262    0.0129159881148
2016     CMS_jec_AbsoluteMPFBias     47.3685162022     47.4487957007     47.1777721914     0.00169478600793     -0.00402680991791    0.00402680991791
2016     CMS_jec_AbsoluteMPFBias     2.57689878613     2.57689879297     2.57665109567     2.65339439309e-09     -9.61195943049e-05    9.61195943049e-05
2016     CMS_jec_RelativeFSR     442.219479092     442.538619515     441.267916229     0.00072167879895     -0.00215178866713    0.00215178866713
2016     CMS_jec_RelativeFSR     15.5087507497     15.5413204573     15.5087506295     0.0021000858209     -7.75124331387e-09    0.0021000858209
2016     CMS_jec_RelativeFSR     47.3685162022     47.2980605321     47.3154698306     -0.00148739449145     -0.00111986559488    0.00148739449145
2016     CMS_jec_RelativeFSR     2.57689878613     2.70128837743     2.57689878613     0.0482710426854     2.22044604925e-16    0.0482710426854
2016     CMS_scale_sig     442.219479092     493.124856119     399.301398296     0.115113375673     -0.097051538489    0.115113375673
2016     CMS_scale_sig     15.5087507497     17.2658089395     14.023744163     0.113294630761     -0.0957528179196    0.113294630761
2016     CMS_scale_sig     47.3685162022     52.8763232563     42.7296084279     0.116275693132     -0.0979323007396    0.116275693132
2016     CMS_scale_sig     2.57689878613     2.88324550479     2.31952934749     0.118881936808     -0.0998756489891    0.118881936808
2016     CMS_bTagSF_M     373.42771924     373.014400887     369.724276741     -0.00110682290561     -0.00991742794783    0.00991742794783
2016     CMS_bTagSF_M     17.9953378701     10.0512600916     29.4801470403     -0.44145199361     0.638210254963    0.638210254963
2016     CMS_bTagSF_M     41.1497677252     41.3206742195     40.7582611531     0.00415327968403     -0.00951418668211    0.00951418668211
2016     CMS_bTagSF_M     1.65554297847     1.03757402894     2.48064832538     -0.373272671003     0.498389566225    0.498389566225
2016     CMS_bTagSF_T     373.42771924     373.42771924     373.42771924     0.0     0.0    0.0
2016     CMS_bTagSF_T     17.9953378701     17.9953378701     17.9953378701     0.0     0.0    0.0
2016     CMS_bTagSF_T     41.1497677252     41.1497677252     41.1497677252     0.0     0.0    0.0
2016     CMS_bTagSF_T     1.65554297847     1.65554297847     1.65554297847     0.0     0.0    0.0
2016     CMS_bTagSF_M_corr     373.42771924     374.635360803     371.364296484     0.00323393658372     -0.00552562825509    0.00552562825509
2016     CMS_bTagSF_M_corr     17.9953378701     13.6744176371     23.1424080058     -0.240113315137     0.286022422747    0.286022422747
2016     CMS_bTagSF_M_corr     41.1497677252     41.3138653418     40.8913155044     0.00398781392242     -0.00628076985859    0.00628076985859
2016     CMS_bTagSF_M_corr     1.65554297847     1.32471995775     2.03842309022     -0.199827503738     0.231271623104    0.231271623104
2016     CMS_bTagSF_T_corr     373.42771924     373.42771924     373.42771924     0.0     0.0    0.0
2016     CMS_bTagSF_T_corr     17.9953378701     17.9953378701     17.9953378701     0.0     0.0    0.0
2016     CMS_bTagSF_T_corr     41.1497677252     41.1497677252     41.1497677252     0.0     0.0    0.0
2016     CMS_bTagSF_T_corr     1.65554297847     1.65554297847     1.65554297847     0.0     0.0    0.0
2016     CMS_jer     373.42771924     373.489609162     373.538179434     0.000165734674521     0.000295800733828    0.000295800733828
2016     CMS_jer     17.9953378701     17.9466657412     17.9837747005     -0.00270470769789     -0.000642564737423    0.00270470769789
2016     CMS_jer     41.1497677252     41.2600951591     41.2919142345     0.00268111923841     0.00345436966467    0.00345436966467
2016     CMS_jer     1.65554297847     1.64163389458     1.6213715821     -0.00840152389181     -0.0206405975627    0.0206405975627
2016     CMS_jec     373.42771924     376.027009299     370.52146308     0.00696062430408     -0.00778264711154    0.00778264711154
2016     CMS_jec     17.9953378701     17.9522448346     17.9250244434     -0.0023946777634     -0.00390731350463    0.00390731350463
2016     CMS_jec     41.1497677252     40.4654413446     41.4303079564     -0.0166301395723     0.00681754106266    0.0166301395723
2016     CMS_jec     1.65554297847     1.65571342519     1.67212565439     0.000102955175891     0.0100164575231    0.0100164575231
2016     CMS_bTagSF_bc_T_corr     373.42771924     373.42771924     373.42771924     0.0     0.0    0.0
2016     CMS_bTagSF_bc_T_corr     17.9953378701     17.9953378701     17.9953378701     0.0     0.0    0.0
2016     CMS_bTagSF_bc_T_corr     41.1497677252     41.1497677252     41.1497677252     0.0     0.0    0.0
2016     CMS_bTagSF_bc_T_corr     1.65554297847     1.65554297847     1.65554297847     0.0     0.0    0.0
2016     CMS_bTagSF_light_T_corr     373.42771924     373.42771924     373.42771924     0.0     0.0    0.0
2016     CMS_bTagSF_light_T_corr     17.9953378701     17.9953378701     17.9953378701     0.0     0.0    0.0
2016     CMS_bTagSF_light_T_corr     41.1497677252     41.1497677252     41.1497677252     0.0     0.0    0.0
2016     CMS_bTagSF_light_T_corr     1.65554297847     1.65554297847     1.65554297847     0.0     0.0    0.0
2016     CMS_bTagSF_bc_M_corr     373.42771924     374.286763217     371.672589905     0.00230042905975     -0.00470005102768    0.00470005102768
2016     CMS_bTagSF_bc_M_corr     17.9953378701     13.6871278391     23.1338516677     -0.239407009863     0.285546947479    0.285546947479
2016     CMS_bTagSF_bc_M_corr     41.1497677252     41.2899806689     40.9124651404     0.00340738116973     -0.00576680253493    0.00576680253493
2016     CMS_bTagSF_bc_M_corr     1.65554297847     1.32049215536     2.04381423486     -0.202381229283     0.234528043931    0.234528043931
2016     CMS_bTagSF_light_M_corr     373.42771924     373.756042514     373.095872388     0.00087921505801     -0.000888650829078    0.000888650829078
2016     CMS_bTagSF_light_M_corr     17.9953378701     17.9843525199     18.0066156721     -0.000610455346989     0.000626706878968    0.000626706878968
2016     CMS_bTagSF_light_M_corr     41.1497677252     41.172863106     41.1268195795     0.000561251789452     -0.000557673760158    0.000561251789452
2016     CMS_bTagSF_light_M_corr     1.65554297847     1.66029834278     1.65077917803     0.00287238952734     -0.00287748521345    0.00287748521345
2016     CMS_bTagSF_bc_T_year     373.42771924     373.42771924     373.42771924     0.0     0.0    0.0
2016     CMS_bTagSF_bc_T_year     17.9953378701     17.9953378701     17.9953378701     0.0     0.0    0.0
2016     CMS_bTagSF_bc_T_year     41.1497677252     41.1497677252     41.1497677252     0.0     0.0    0.0
2016     CMS_bTagSF_bc_T_year     1.65554297847     1.65554297847     1.65554297847     0.0     0.0    0.0
2016     CMS_bTagSF_light_T_year     373.42771924     373.42771924     373.42771924     0.0     0.0    0.0
2016     CMS_bTagSF_light_T_year     17.9953378701     17.9953378701     17.9953378701     0.0     0.0    0.0
2016     CMS_bTagSF_light_T_year     41.1497677252     41.1497677252     41.1497677252     0.0     0.0    0.0
2016     CMS_bTagSF_light_T_year     1.65554297847     1.65554297847     1.65554297847     0.0     0.0    0.0
2016     CMS_bTagSF_bc_M_year     373.42771924     372.434660546     370.690844388     -0.00265930632102     -0.00732906185497    0.00732906185497
2016     CMS_bTagSF_bc_M_year     17.9953378701     10.2960091895     28.8769496887     -0.427851298826     0.604690609157    0.604690609157
2016     CMS_bTagSF_bc_M_year     41.1497677252     41.3270246501     40.7661759746     0.00430760450753     -0.00932184485498    0.00932184485498
2016     CMS_bTagSF_bc_M_year     1.65554297847     1.06356242131     2.43108221673     -0.357574865082     0.468450078519    0.468450078519
2016     CMS_bTagSF_light_M_year     373.42771924     374.168768705     372.684988819     0.00198445221453     -0.00198895363858    0.00198895363858
2016     CMS_bTagSF_light_M_year     17.9953378701     17.5998981448     18.396361148     -0.0219745651988     0.0222848429325    0.0222848429325
2016     CMS_bTagSF_light_M_year     41.1497677252     41.1498641693     41.1493192194     2.34373286667e-06     -1.08993515155e-05    1.08993515155e-05
2016     CMS_bTagSF_light_M_year     1.65554297847     1.61912536192     1.69241110888     -0.0219973851611     0.0222695096945    0.0222695096945
2016     CMS_jer_eta193     373.42771924     373.525806205     373.56947027     0.000262666533171     0.000379594288181    0.000379594288181
2016     CMS_jer_eta193     17.9953378701     17.9466657412     17.9838722603     -0.00270470769789     -0.000637143348266    0.00270470769789
2016     CMS_jer_eta193     41.1497677252     41.2979906404     41.2932605723     0.00360203528133     0.00348708765742    0.00360203528133
2016     CMS_jer_eta193     1.65554297847     1.64163389458     1.6214309929     -0.00840152389181     -0.0206047115776    0.0206047115776
2016     CMS_jer_193eta25     373.42771924     373.394250205     373.433410293     -8.96265409944e-05     1.52400387614e-05    8.96265409944e-05
2016     CMS_jer_193eta25     17.9953378701     17.9953378701     17.9952402935     0.0     -5.42232339662e-06    5.42232339662e-06
2016     CMS_jer_193eta25     41.1497677252     41.1502378645     41.110070864     1.14250775152e-05     -0.000964692230126    0.000964692230126
2016     CMS_jer_193eta25     1.65554297847     1.65554297847     1.65548356768     0.0     -3.58859850433e-05    3.58859850433e-05
2016     CMS_jec_FlavorQCD     373.42771924     374.556365355     372.56976715     0.00302239511457     -0.00229750510158    0.00302239511457
2016     CMS_jec_FlavorQCD     17.9953378701     17.8800130019     17.9906519491     -0.00640859699295     -0.000260396386544    0.00640859699295
2016     CMS_jec_FlavorQCD     41.1497677252     40.8885635498     41.3970039452     -0.00634764641133     0.006008204509    0.00634764641133
2016     CMS_jec_FlavorQCD     1.65554297847     1.66268339553     1.65548356768     0.00431303635977     -3.58859850433e-05    0.00431303635977
2016     CMS_jec_RelativeBal     373.42771924     374.042037934     372.962262237     0.00164508059346     -0.00124644470353    0.00164508059346
2016     CMS_jec_RelativeBal     17.9953378701     17.9282094001     17.9913258827     -0.00373032562438     -0.000222945934649    0.00373032562438
2016     CMS_jec_RelativeBal     41.1497677252     40.998495765     41.1128015793     -0.00367613156844     -0.00089833182349    0.00367613156844
2016     CMS_jec_RelativeBal     1.65554297847     1.65554297847     1.65548356768     2.22044604925e-16     -3.58859850431e-05    3.58859850431e-05
2016     CMS_jec_Absolute     373.42771924     374.887559541     371.984336932     0.00390929817418     -0.00386522540794    0.00390929817418
2016     CMS_jec_Absolute     17.9953378701     17.8903477746     17.9804924916     -0.00583429420497     -0.000824956918065    0.00583429420497
2016     CMS_jec_Absolute     41.1497677252     40.8877117479     41.2533111007     -0.00636834645083     0.00251625662106    0.00636834645083
2016     CMS_jec_Absolute     1.65554297847     1.66266419473     1.69412909692     0.00430143847182     0.0233072284768    0.0233072284768
2016     CMS_jec_BBEC1_year     373.42771924     373.430394312     373.302105186     7.16355909258e-06     -0.000336381174365    0.000336381174365
2016     CMS_jec_BBEC1_year     17.9953378701     17.9953378701     17.9953378701     0.0     0.0    0.0
2016     CMS_jec_BBEC1_year     41.1497677252     41.103620353     41.1103520102     -0.00112144915294     -0.000957859963703    0.00112144915294
2016     CMS_jec_BBEC1_year     1.65554297847     1.65554297847     1.65548356768     0.0     -3.58859850433e-05    3.58859850433e-05
2016     CMS_jec_Absolute_year     373.42771924     375.322368609     371.459952654     0.00507367094442     -0.00526947113055    0.00526947113055
2016     CMS_jec_Absolute_year     17.9953378701     17.961799781     17.9805452012     -0.00186370988573     -0.000822027849253    0.00186370988573
2016     CMS_jec_Absolute_year     41.1497677252     40.8686707524     41.2270423898     -0.0068310707046     0.00187788823426    0.0068310707046
2016     CMS_jec_Absolute_year     1.65554297847     1.65569423966     1.65548356215     9.13665137516e-05     -3.58893285811e-05    9.13665137516e-05
2016     CMS_jec_RelativeSample_year     373.42771924     374.465525116     372.712753312     0.00277913454676     -0.00191460325987    0.00277913454676
2016     CMS_jec_RelativeSample_year     17.9953378701     17.832502815     17.9912141385     -0.00904873563585     -0.000229155553726    0.00904873563585
2016     CMS_jec_RelativeSample_year     41.1497677252     40.8395464454     41.2616789     -0.00753883428646     0.00271960647609    0.00753883428646
2016     CMS_jec_RelativeSample_year     1.65554297847     1.65461352368     1.63348012515     -0.000561419911012     -0.0133266569388    0.0133266569388
2016     CMS_pu     373.42771924     374.242013427     372.626371026     0.00218059384643     -0.00214592589962    0.00218059384643
2016     CMS_pu     17.9953378701     18.0343922495     17.8925176139     0.00217024985726     -0.00571371634905    0.00571371634905
2016     CMS_pu     41.1497677252     41.0616523911     41.2457027073     -0.00214133247867     0.00233136144974    0.00233136144974
2016     CMS_pu     1.65554297847     1.68210648802     1.6242423339     0.0160451947767     -0.0189065732362    0.0189065732362
2016     CMS_L1Prefiring     373.42771924     371.926838397     374.822161009     -0.00401920041299     0.00373416781042    0.00401920041299
2016     CMS_L1Prefiring     17.9953378701     17.9078587179     18.0796713042     -0.00486121198795     0.00468640459477    0.00486121198795
2016     CMS_L1Prefiring     41.1497677252     40.7584977868     41.5302927401     -0.00950843613511     0.00924731866007    0.00950843613511
2016     CMS_L1Prefiring     1.65554297847     1.61161093883     1.69880218746     -0.026536332919     0.0261299220565    0.026536332919
2016     CMS_pdf_sig     373.42771924     376.086767288     370.768584911     0.00712064989065     -0.00712088094218    0.00712088094218
2016     CMS_pdf_sig     17.9953378701     18.1356071947     17.8550695955     0.0077947591581     -0.00779470080524    0.0077947591581
2016     CMS_pdf_sig     41.1497677252     41.5034761514     40.7960594866     0.00859563603263     -0.00859563147456    0.00859563603263
2016     CMS_pdf_sig     1.65554297847     1.6689868335     1.64209909107     0.00812051103969     -0.00812053059106    0.00812053059106
2016     CMS_renorm_sig     373.42771924     373.42771924     373.42771924     0.0     0.0    0.0
2016     CMS_renorm_sig     17.9953378701     17.9953378701     17.9953378701     0.0     0.0    0.0
2016     CMS_renorm_sig     41.1497677252     41.1497677252     41.1497677252     0.0     0.0    0.0
2016     CMS_renorm_sig     1.65554297847     1.65554297847     1.65554297847     0.0     0.0    0.0
2016     CMS_fact_sig     373.42771924     331.294065365     424.361877085     -0.112829475972     0.136396296311    0.136396296311
2016     CMS_fact_sig     17.9953378701     15.97723729     20.4308027043     -0.112145745452     0.135338655591    0.135338655591
2016     CMS_fact_sig     41.1497677252     36.457985898     46.8317143088     -0.114017212892     0.138079675725    0.138079675725
2016     CMS_fact_sig     1.65554297847     1.47081940694     1.87846430554     -0.111578843882     0.134651488946    0.134651488946
2016     CMS_jec_AbsoluteCal     373.42771924     373.743068557     373.180652359     0.000844472171895     -0.000661619018421    0.000844472171895
2016     CMS_jec_AbsoluteCal     17.9953378701     17.9364962325     17.9914230736     -0.00326982677181     -0.000217545040557    0.00326982677181
2016     CMS_jec_AbsoluteCal     41.1497677252     41.1069709839     41.2983649448     -0.00104002388392     0.00361113143008    0.00361113143008
2016     CMS_jec_AbsoluteCal     1.65554297847     1.65554297847     1.65554297847     2.22044604925e-16     0.0    2.22044604925e-16
2016     CMS_jec_AbsoluteTheory     373.42771924     374.887557602     371.984337098     0.00390929298225     -0.00386522496159    0.00390929298225
2016     CMS_jec_AbsoluteTheory     17.9953378701     17.8903477746     17.9804924916     -0.00583429420497     -0.000824956918065    0.00583429420497
2016     CMS_jec_AbsoluteTheory     41.1497677252     40.8877117229     41.2533110533     -0.00636834705896     0.00251625546842    0.00636834705896
2016     CMS_jec_AbsoluteTheory     1.65554297847     1.66266419473     1.69412909692     0.00430143847182     0.0233072284768    0.0233072284768
2016     CMS_jec_AbsolutePU     373.42771924     373.665693706     373.438733422     0.000637270489893     2.94948151129e-05    0.000637270489893
2016     CMS_jec_AbsolutePU     17.9953378701     17.9366932176     17.9952679975     -0.00325888031963     -3.88281370078e-06    0.00325888031963
2016     CMS_jec_AbsolutePU     41.1497677252     41.077356443     41.2232793975     -0.00175970087368     0.00178644197397    0.00178644197397
2016     CMS_jec_AbsolutePU     1.65554297847     1.65554297847     1.65554297847     0.0     0.0    0.0
2016     CMS_jec_AbsoluteScale     373.42771924     374.887557602     371.984337098     0.00390929298225     -0.00386522496159    0.00390929298225
2016     CMS_jec_AbsoluteScale     17.9953378701     17.8903477746     17.9804924916     -0.00583429420497     -0.000824956918065    0.00583429420497
2016     CMS_jec_AbsoluteScale     41.1497677252     40.8877117229     41.2533110533     -0.00636834705896     0.00251625546842    0.00636834705896
2016     CMS_jec_AbsoluteScale     1.65554297847     1.66266419473     1.69412909692     0.00430143847182     0.0233072284768    0.0233072284768
2016     CMS_jec_Fragmentation     373.42771924     373.68711708     373.296569765     0.00069464002309     -0.000351204446019    0.00069464002309
2016     CMS_jec_Fragmentation     17.9953378701     17.9364962325     17.9914230736     -0.00326982677181     -0.000217545040557    0.00326982677181
2016     CMS_jec_Fragmentation     41.1497677252     41.0880957954     41.2704683888     -0.0014987187828     0.00293320400842    0.00293320400842
2016     CMS_jec_Fragmentation     1.65554297847     1.65554297847     1.65554297847     2.22044604925e-16     0.0    2.22044604925e-16
2016     CMS_jec_AbsoluteMPFBias     373.42771924     374.887559541     371.984336932     0.00390929817418     -0.00386522540794    0.00390929817418
2016     CMS_jec_AbsoluteMPFBias     17.9953378701     17.8903477746     17.9804924916     -0.00583429420497     -0.000824956918065    0.00583429420497
2016     CMS_jec_AbsoluteMPFBias     41.1497677252     40.8877117479     41.2533111007     -0.00636834645083     0.00251625662106    0.00636834645083
2016     CMS_jec_AbsoluteMPFBias     1.65554297847     1.66266419473     1.69412909692     0.00430143847182     0.0233072284768    0.0233072284768
2016     CMS_jec_RelativeFSR     373.42771924     374.050017794     372.994351737     0.00166644981655     -0.00116051241266    0.00166644981655
2016     CMS_jec_RelativeFSR     17.9953378701     17.9954395107     17.9375170606     5.6481648214e-06     -0.00321309940727    0.00321309940727
2016     CMS_jec_RelativeFSR     41.1497677252     41.097648103     41.1997280722     -0.00126658363117     0.00121411006231    0.00126658363117
2016     CMS_jec_RelativeFSR     1.65554297847     1.65554297847     1.65548356768     2.22044604925e-16     -3.58859850431e-05    3.58859850431e-05
2016     CMS_scale_sig     373.42771924     424.361877085     331.294065365     0.136396296311     -0.112829475972    0.136396296311
2016     CMS_scale_sig     17.9953378701     20.4308027043     15.97723729     0.135338655591     -0.112145745452    0.135338655591
2016     CMS_scale_sig     41.1497677252     46.8317143088     36.457985898     0.138079675725     -0.114017212892    0.138079675725
2016     CMS_scale_sig     1.65554297847     1.87846430554     1.47081940694     0.134651488946     -0.111578843882    0.134651488946
2016     CMS_bTagSF_M     221.538984688     220.991849467     219.388253357     -0.00246970176302     -0.0097081393342    0.0097081393342
2016     CMS_bTagSF_M     11.192694057     6.07741220608     18.7142996156     -0.457019715258     0.672010288173    0.672010288173
2016     CMS_bTagSF_M     23.2114940181     23.1849799931     22.9927376162     -0.00114227998712     -0.0094244860673    0.0094244860673
2016     CMS_bTagSF_M     1.54136518444     0.949029320205     2.32063743301     -0.384293008699     0.505572758776    0.505572758776
2016     CMS_bTagSF_T     221.538984688     221.538984688     221.538984688     0.0     0.0    0.0
2016     CMS_bTagSF_T     11.192694057     11.192694057     11.192694057     0.0     0.0    0.0
2016     CMS_bTagSF_T     23.2114940181     23.2114940181     23.2114940181     0.0     0.0    0.0
2016     CMS_bTagSF_T     1.54136518444     1.54136518444     1.54136518444     0.0     0.0    0.0
2016     CMS_bTagSF_M_corr     221.538984688     221.998673134     220.523142405     0.00207497766895     -0.00458538836507    0.00458538836507
2016     CMS_bTagSF_M_corr     11.192694057     8.50288410322     14.3935742587     -0.240318366611     0.285979424204    0.285979424204
2016     CMS_bTagSF_M_corr     23.2114940181     23.2497971387     23.101969772     0.00165017902291     -0.00471853496852    0.00471853496852
2016     CMS_bTagSF_M_corr     1.54136518444     1.2317587208     1.89903465225     -0.200865094634     0.232047195195    0.232047195195
2016     CMS_bTagSF_T_corr     221.538984688     221.538984688     221.538984688     0.0     0.0    0.0
2016     CMS_bTagSF_T_corr     11.192694057     11.192694057     11.192694057     0.0     0.0    0.0
2016     CMS_bTagSF_T_corr     23.2114940181     23.2114940181     23.2114940181     0.0     0.0    0.0
2016     CMS_bTagSF_T_corr     1.54136518444     1.54136518444     1.54136518444     0.0     0.0    0.0
2016     CMS_jer     221.538984688     221.606042459     221.558118139     0.000302690611703     8.63660650343e-05    0.000302690611703
2016     CMS_jer     11.192694057     11.1984059433     11.189731369     0.0005103227414     -0.000264698375987    0.0005103227414
2016     CMS_jer     23.2114940181     23.1971602997     23.5123369701     -0.000617526750058     0.0129609473528    0.0129609473528
2016     CMS_jer     1.54136518444     1.49882367447     1.47802975816     -0.0275998902751     -0.0410904741568    0.0410904741568
2016     CMS_jec     221.538984688     223.115164501     220.173436154     0.00711468374211     -0.00616391980026    0.00711468374211
2016     CMS_jec     11.192694057     11.3449128789     11.2129345293     0.0135998376413     0.00180836465796    0.0135998376413
2016     CMS_jec     23.2114940181     23.0801365373     23.4840563023     -0.00565915665698     0.0117425566793    0.0117425566793
2016     CMS_jec     1.54136518444     1.54140441132     1.52385986004     2.54494412124e-05     -0.0113570259497    0.0113570259497
2016     CMS_bTagSF_bc_T_corr     221.538984688     221.538984688     221.538984688     0.0     0.0    0.0
2016     CMS_bTagSF_bc_T_corr     11.192694057     11.192694057     11.192694057     0.0     0.0    0.0
2016     CMS_bTagSF_bc_T_corr     23.2114940181     23.2114940181     23.2114940181     0.0     0.0    0.0
2016     CMS_bTagSF_bc_T_corr     1.54136518444     1.54136518444     1.54136518444     0.0     0.0    0.0
2016     CMS_bTagSF_light_T_corr     221.538984688     221.538984688     221.538984688     0.0     0.0    0.0
2016     CMS_bTagSF_light_T_corr     11.192694057     11.192694057     11.192694057     0.0     0.0    0.0
2016     CMS_bTagSF_light_T_corr     23.2114940181     23.2114940181     23.2114940181     0.0     0.0    0.0
2016     CMS_bTagSF_light_T_corr     1.54136518444     1.54136518444     1.54136518444     0.0     0.0    0.0
2016     CMS_bTagSF_bc_M_corr     221.538984688     221.749336141     220.784871836     0.000949500844779     -0.0034039735855    0.0034039735855
2016     CMS_bTagSF_bc_M_corr     11.192694057     8.5284048214     14.353986056     -0.238038243697     0.282442456033    0.282442456033
2016     CMS_bTagSF_bc_M_corr     23.2114940181     23.2216392113     23.1304896819     0.000437076266526     -0.00348983724008    0.00348983724008
2016     CMS_bTagSF_bc_M_corr     1.54136518444     1.23607276592     1.89198437927     -0.198066247761     0.22747315067    0.22747315067
2016     CMS_bTagSF_light_M_corr     221.538984688     221.7901056     221.28158171     0.0011335292151     -0.00116188569933    0.00116188569933
2016     CMS_bTagSF_light_M_corr     11.192694057     11.1609179733     11.2248639171     -0.00283900225856     0.00287418381385    0.00287418381385
2016     CMS_bTagSF_light_M_corr     23.2114940181     23.2395554123     23.1838359936     0.00120894389998     -0.00119156589183    0.00120894389998
2016     CMS_bTagSF_light_M_corr     1.54136518444     1.53579497831     1.54694980295     -0.00361381337996     0.00362316378732    0.00362316378732
2016     CMS_bTagSF_bc_T_year     221.538984688     221.538984688     221.538984688     0.0     0.0    0.0
2016     CMS_bTagSF_bc_T_year     11.192694057     11.192694057     11.192694057     0.0     0.0    0.0
2016     CMS_bTagSF_bc_T_year     23.2114940181     23.2114940181     23.2114940181     0.0     0.0    0.0
2016     CMS_bTagSF_bc_T_year     1.54136518444     1.54136518444     1.54136518444     0.0     0.0    0.0
2016     CMS_bTagSF_light_T_year     221.538984688     221.538984688     221.538984688     0.0     0.0    0.0
2016     CMS_bTagSF_light_T_year     11.192694057     11.192694057     11.192694057     0.0     0.0    0.0
2016     CMS_bTagSF_light_T_year     23.2114940181     23.2114940181     23.2114940181     0.0     0.0    0.0
2016     CMS_bTagSF_light_T_year     1.54136518444     1.54136518444     1.54136518444     0.0     0.0    0.0
2016     CMS_bTagSF_bc_M_year     221.538984688     220.641687272     219.937809564     -0.00405029127062     -0.00722750953526    0.00722750953526
2016     CMS_bTagSF_bc_M_year     11.192694057     6.22909268404     18.3239501764     -0.443467975419     0.637134909894    0.637134909894
2016     CMS_bTagSF_bc_M_year     23.2114940181     23.1406699127     23.0390937385     -0.00305125147923     -0.0074273667819    0.0074273667819
2016     CMS_bTagSF_bc_M_year     1.54136518444     0.972314692286     2.27246757757     -0.369186029304     0.47432133573    0.47432133573
2016     CMS_bTagSF_light_M_year     221.538984688     221.956914798     221.113695443     0.00188648562493     -0.00191970386584    0.00191970386584
2016     CMS_bTagSF_light_M_year     11.192694057     10.941310955     11.4476735547     -0.0224595705641     0.0227808869287    0.0227808869287
2016     CMS_bTagSF_light_M_year     23.2114940181     23.2525759683     23.1700971824     0.00176989685188     -0.00178346278366    0.00178346278366
2016     CMS_bTagSF_light_M_year     1.54136518444     1.50697712879     1.57619270979     -0.022310128703     0.0225952458969    0.0225952458969
2016     CMS_jer_eta193     221.538984688     221.608128409     221.564501791     0.000312106336118     0.000115181092903    0.000312106336118
2016     CMS_jer_eta193     11.192694057     11.1984059433     11.1898739266     0.0005103227414     -0.00025196171004    0.0005103227414
2016     CMS_jer_eta193     23.2114940181     23.2015211693     23.5168369444     -0.000429651313288     0.0131548157144    0.0131548157144
2016     CMS_jer_eta193     1.54136518444     1.49882367447     1.47853361097     -0.0275998902751     -0.0407635867843    0.0407635867843
2016     CMS_jer_193eta25     221.538984688     221.536895743     221.538515291     -9.42924273117e-06     -2.11880330148e-06    9.42924273117e-06
2016     CMS_jer_193eta25     11.192694057     11.192694057     11.1925514994     0.0     -1.2736665947e-05    1.2736665947e-05
2016     CMS_jer_193eta25     23.2114940181     23.2071331486     23.2069849699     -0.00018787543677     -0.000194259285448    0.000194259285448
2016     CMS_jer_193eta25     1.54136518444     1.54136518444     1.54086133239     0.0     -0.000326886873786    0.000326886873786
2016     CMS_jec_FlavorQCD     221.538984688     221.808444265     221.230360174     0.00121630771661     -0.00139309347631    0.00139309347631
2016     CMS_jec_FlavorQCD     11.192694057     11.1934215731     11.2130417689     6.499919377e-05     0.00181794586597    0.00181794586597
2016     CMS_jec_FlavorQCD     23.2114940181     23.1179107195     23.3114263009     -0.00403176540651     0.00430529300095    0.00430529300095
2016     CMS_jec_FlavorQCD     1.54136518444     1.54140441519     1.54104977689     2.54519525105e-05     -0.000204628694205    0.000204628694205
2016     CMS_jec_RelativeBal     221.538984688     221.790751068     221.476583762     0.00113644278042     -0.000281670181365    0.00113644278042
2016     CMS_jec_RelativeBal     11.192694057     11.2182838073     11.1238148698     0.00228629052565     -0.00615394173786    0.00615394173786
2016     CMS_jec_RelativeBal     23.2114940181     23.2418156815     23.3204450751     0.00130632105398     0.00469384076841    0.00469384076841
2016     CMS_jec_RelativeBal     1.54136518444     1.54136517344     1.54117160183     -7.13291725685e-09     -0.000125591652568    0.000125591652568
2016     CMS_jec_Absolute     221.538984688     222.27790375     220.994009023     0.00333539066534     -0.00245995379011    0.00333539066534
2016     CMS_jec_Absolute     11.192694057     11.2841349215     11.2080536343     0.00816969212721     0.00137228599848    0.00816969212721
2016     CMS_jec_Absolute     23.2114940181     23.0615341502     23.3535087551     -0.00646058663096     0.00611829366946    0.00646058663096
2016     CMS_jec_Absolute     1.54136518444     1.52717658634     1.54127981268     -0.00920521511774     -5.53871028468e-05    0.00920521511774
2016     CMS_jec_BBEC1_year     221.538984688     221.538340011     221.543017781     -2.90999349084e-06     1.82048879402e-05    1.82048879402e-05
2016     CMS_jec_BBEC1_year     11.192694057     11.1926938957     11.1923133182     -1.44068664776e-08     -3.40167203103e-05    3.40167203103e-05
2016     CMS_jec_BBEC1_year     23.2114940181     23.1907028969     23.2095048542     -0.000895725249475     -8.56973696788e-05    0.000895725249475
2016     CMS_jec_BBEC1_year     1.54136518444     1.54136517711     1.54117160183     -4.75527817123e-09     -0.000125591652568    0.000125591652568
2016     CMS_jec_Absolute_year     221.538984688     222.495097531     220.73378175     0.00431577694722     -0.00363458801435    0.00431577694722
2016     CMS_jec_Absolute_year     11.192694057     11.2587636392     11.1921216515     0.0059029204145     -5.11409900336e-05    0.0059029204145
2016     CMS_jec_Absolute_year     23.2114940181     23.1227403953     23.3989911617     -0.00382369281112     0.00807777144397    0.00807777144397
2016     CMS_jec_Absolute_year     1.54136518444     1.54136516978     1.5506974135     -9.51055623144e-09     0.00605452176902    0.00605452176902
2016     CMS_jec_RelativeSample_year     221.538984688     222.120768979     221.185265038     0.00262610344517     -0.00159664742797    0.00262610344517
2016     CMS_jec_RelativeSample_year     11.192694057     11.2041890963     11.222062565     0.00102701273178     0.00262389983053    0.00262389983053
2016     CMS_jec_RelativeSample_year     23.2114940181     23.1566180794     23.2970865263     -0.00236417090147     0.00368750534166    0.00368750534166
2016     CMS_jec_RelativeSample_year     1.54136518444     1.53708623012     1.48722433011     -0.00277608081443     -0.0351252609514    0.0351252609514
2016     CMS_pu     221.538984688     222.314947623     220.672713582     0.00350260219747     -0.0039102422863    0.0039102422863
2016     CMS_pu     11.192694057     11.0797688263     11.2616143928     -0.0100891912274     0.00615761812455    0.0100891912274
2016     CMS_pu     23.2114940181     23.3647928923     23.0006061836     0.00660443804326     -0.0090854916263    0.0090854916263
2016     CMS_pu     1.54136518444     1.46303864828     1.6129972899     -0.0508163392728     0.0464731565178    0.0508163392728
2016     CMS_L1Prefiring     221.538984688     220.663448297     222.348250078     -0.00395206465404     0.00365292542483    0.00395206465404
2016     CMS_L1Prefiring     11.192694057     11.1424876538     11.2398886596     -0.0044856406226     0.00421655432988    0.0044856406226
2016     CMS_L1Prefiring     23.2114940181     22.9715591455     23.4446749996     -0.010336899144     0.0100459273014    0.010336899144
2016     CMS_L1Prefiring     1.54136518444     1.51827736581     1.56424268689     -0.0149788115493     0.0148423635674    0.0149788115493
2016     CMS_pdf_sig     221.538984688     223.144265249     219.933659529     0.00724604097511     -0.0072462422855    0.0072462422855
2016     CMS_pdf_sig     11.192694057     11.2668836992     11.118503896     0.00662839901581     -0.0066284453547    0.0066284453547
2016     CMS_pdf_sig     23.2114940181     23.4074784631     23.0155094139     0.0084434222478     -0.00844342910735    0.00844342910735
2016     CMS_pdf_sig     1.54136518444     1.55470785702     1.52802251061     0.00865639935134     -0.008656400156    0.008656400156
2016     CMS_renorm_sig     221.538984688     221.538984688     221.538984688     0.0     0.0    0.0
2016     CMS_renorm_sig     11.192694057     11.192694057     11.192694057     0.0     0.0    0.0
2016     CMS_renorm_sig     23.2114940181     23.2114940181     23.2114940181     0.0     0.0    0.0
2016     CMS_renorm_sig     1.54136518444     1.54136518444     1.54136518444     0.0     0.0    0.0
2016     CMS_fact_sig     221.538984688     196.433241544     251.901662808     -0.113324267418     0.137053431759    0.137053431759
2016     CMS_fact_sig     11.192694057     9.9430041018     12.6995723787     -0.111652292897     0.134630528993    0.134630528993
2016     CMS_fact_sig     23.2114940181     20.568943878     26.4091476985     -0.113846620046     0.13776164851    0.13776164851
2016     CMS_fact_sig     1.54136518444     1.36615277306     1.75330106527     -0.113673523407     0.137498811424    0.137498811424
2016     CMS_jec_AbsoluteCal     221.538984688     221.602790031     221.519812282     0.000288009546694     -8.65419084036e-05    0.000288009546694
2016     CMS_jec_AbsoluteCal     11.192694057     11.1930700727     11.1238075249     3.35947488901e-05     -0.00615459796285    0.00615459796285
2016     CMS_jec_AbsoluteCal     23.2114940181     23.2092560998     23.2980561127     -9.64142324472e-05     0.0037292771618    0.0037292771618
2016     CMS_jec_AbsoluteCal     1.54136518444     1.54136518444     1.54136518444     0.0     0.0    0.0
2016     CMS_jec_AbsoluteTheory     221.538984688     222.277908281     220.993995094     0.0033354111171     -0.00246001666255    0.0033354111171
2016     CMS_jec_AbsoluteTheory     11.192694057     11.2841350388     11.2080536783     0.00816970260493     0.00137228992762    0.00816970260493
2016     CMS_jec_AbsoluteTheory     23.2114940181     23.0615339211     23.3535085968     -0.00646059649967     0.00611828685228    0.00646059649967
2016     CMS_jec_AbsoluteTheory     1.54136518444     1.52717657901     1.54127980535     -0.00920521987302     -5.5391858125e-05    0.00920521987302
2016     CMS_jec_AbsolutePU     221.538984688     221.557231058     221.4744526     8.23618920625e-05     -0.000291289989023    0.000291289989023
2016     CMS_jec_AbsolutePU     11.192694057     11.1247570716     11.1967033561     -0.00606976166501     0.000358206801881    0.00606976166501
2016     CMS_jec_AbsolutePU     23.2114940181     23.2057242399     23.2362203856     -0.00024857418755     0.00106526393439    0.00106526393439
2016     CMS_jec_AbsolutePU     1.54136518444     1.54136518444     1.54127980902     0.0     -5.53894804859e-05    5.53894804859e-05
2016     CMS_jec_AbsoluteScale     221.538984688     222.277908281     220.993995094     0.0033354111171     -0.00246001666255    0.0033354111171
2016     CMS_jec_AbsoluteScale     11.192694057     11.2841350388     11.2080536783     0.00816970260493     0.00137228992762    0.00816970260493
2016     CMS_jec_AbsoluteScale     23.2114940181     23.0615339211     23.3535085968     -0.00646059649967     0.00611828685228    0.00646059649967
2016     CMS_jec_AbsoluteScale     1.54136518444     1.52717657901     1.54127980535     -0.00920521987302     -5.5391858125e-05    0.00920521987302
2016     CMS_jec_Fragmentation     221.538984688     221.603475674     221.512583039     0.000291104454936     -0.000119173831521    0.000291104454936
2016     CMS_jec_Fragmentation     11.192694057     11.192982359     11.1238075197     2.57580537859e-05     -0.00615459842869    0.00615459842869
2016     CMS_jec_Fragmentation     23.2114940181     23.2267371302     23.3111844529     0.000656705340906     0.00429487368196    0.00429487368196
2016     CMS_jec_Fragmentation     1.54136518444     1.54136517711     1.54136517711     -4.75527817123e-09     -4.75527817123e-09    4.75527817123e-09
2016     CMS_jec_AbsoluteMPFBias     221.538984688     222.27790375     220.994009023     0.00333539066534     -0.00245995379011    0.00333539066534
2016     CMS_jec_AbsoluteMPFBias     11.192694057     11.2841349215     11.2080536343     0.00816969212721     0.00137228599848    0.00816969212721
2016     CMS_jec_AbsoluteMPFBias     23.2114940181     23.0615341502     23.3535087551     -0.00646058663096     0.00611829366946    0.00646058663096
2016     CMS_jec_AbsoluteMPFBias     1.54136518444     1.52717658634     1.54127981268     -0.00920521511774     -5.53871028468e-05    0.00920521511774
2016     CMS_jec_RelativeFSR     221.538984688     221.596500994     221.527977739     0.000259621602004     -4.96840301509e-05    0.000259621602004
2016     CMS_jec_RelativeFSR     11.192694057     11.1499845037     11.2029597685     -0.00381584210753     0.000917179680646    0.00381584210753
2016     CMS_jec_RelativeFSR     23.2114940181     23.1994115187     23.3307919113     -0.000520539498487     0.00513960424503    0.00513960424503
2016     CMS_jec_RelativeFSR     1.54136518444     1.52717659367     1.54127980902     -0.00920521036247     -5.53894804859e-05    0.00920521036247
2016     CMS_scale_sig     221.538984688     251.901662808     196.433241544     0.137053431759     -0.113324267418    0.137053431759
2016     CMS_scale_sig     11.192694057     12.6995723787     9.9430041018     0.134630528993     -0.111652292897    0.134630528993
2016     CMS_scale_sig     23.2114940181     26.4091476985     20.568943878     0.13776164851     -0.113846620046    0.13776164851
2016     CMS_scale_sig     1.54136518444     1.75330106527     1.36615277306     0.137498811424     -0.113673523407    0.137498811424
2016     CMS_bTagSF_M     72.2386968079     70.8673124704     72.8373271801     -0.0189840680697     0.00828683792368    0.0189840680697
2016     CMS_bTagSF_M     3.06156919757     1.72744269984     5.04099693567     -0.43576558674     0.646540257745    0.646540257745
2016     CMS_bTagSF_M     6.6583004629     6.72301322207     6.57823236469     0.00971911068532     -0.0120253056556    0.0120253056556
2016     CMS_bTagSF_M     0.507927529919     0.380397474231     0.662081518652     -0.251079235081     0.303496029752    0.303496029752
2016     CMS_bTagSF_T     72.2386968079     72.2386968079     72.2386968079     0.0     0.0    0.0
2016     CMS_bTagSF_T     3.06156919757     3.06156919757     3.06156919757     0.0     0.0    0.0
2016     CMS_bTagSF_T     6.6583004629     6.6583004629     6.6583004629     0.0     0.0    0.0
2016     CMS_bTagSF_T     0.507927529919     0.507927529919     0.507927529919     0.0     0.0    0.0
2016     CMS_bTagSF_M_corr     72.2386968079     72.0484131056     72.2786628728     -0.00263409655358     0.000553250081923    0.00263409655358
2016     CMS_bTagSF_M_corr     3.06156919757     2.29125045074     3.98544254735     -0.251609124966     0.301764647526    0.301764647526
2016     CMS_bTagSF_M_corr     6.6583004629     6.68969192203     6.5973279762     0.00471463540895     -0.00915736486205    0.00915736486205
2016     CMS_bTagSF_M_corr     0.507927529919     0.399337486783     0.629847378759     -0.213790426272     0.240033945117    0.240033945117
2016     CMS_bTagSF_T_corr     72.2386968079     72.2386968079     72.2386968079     0.0     0.0    0.0
2016     CMS_bTagSF_T_corr     3.06156919757     3.06156919757     3.06156919757     0.0     0.0    0.0
2016     CMS_bTagSF_T_corr     6.6583004629     6.6583004629     6.6583004629     0.0     0.0    0.0
2016     CMS_bTagSF_T_corr     0.507927529919     0.507927529919     0.507927529919     0.0     0.0    0.0
2016     CMS_jer     72.2386968079     72.3087096291     72.0326813611     0.000969187213385     -0.00285187103086    0.00285187103086
2016     CMS_jer     3.06156919757     3.03570870653     3.05572444544     -0.00844680925581     -0.00190907072359    0.00844680925581
2016     CMS_jer     6.6583004629     6.75970684339     6.83504377115     0.0152300697541     0.0265448081284    0.0265448081284
2016     CMS_jer     0.507927529919     0.507927529919     0.507851250716     0.0     -0.000150177336506    0.000150177336506
2016     CMS_jec     72.2386968079     74.0326648153     70.2142679067     0.0248338921754     -0.0280241614354    0.0280241614354
2016     CMS_jec     3.06156919757     3.19257181589     3.09160673053     0.0427893703759     0.00981115598708    0.0427893703759
2016     CMS_jec     6.6583004629     6.73509875851     6.75930999758     0.0115342189863     0.0151704680864    0.0151704680864
2016     CMS_jec     0.507927529919     0.507927529919     0.493632871183     0.0     -0.0281431068292    0.0281431068292
2016     CMS_bTagSF_bc_T_corr     72.2386968079     72.2386968079     72.2386968079     0.0     0.0    0.0
2016     CMS_bTagSF_bc_T_corr     3.06156919757     3.06156919757     3.06156919757     0.0     0.0    0.0
2016     CMS_bTagSF_bc_T_corr     6.6583004629     6.6583004629     6.6583004629     0.0     0.0    0.0
2016     CMS_bTagSF_bc_T_corr     0.507927529919     0.507927529919     0.507927529919     0.0     0.0    0.0
2016     CMS_bTagSF_light_T_corr     72.2386968079     72.2386968079     72.2386968079     0.0     0.0    0.0
2016     CMS_bTagSF_light_T_corr     3.06156919757     3.06156919757     3.06156919757     0.0     0.0    0.0
2016     CMS_bTagSF_light_T_corr     6.6583004629     6.6583004629     6.6583004629     0.0     0.0    0.0
2016     CMS_bTagSF_light_T_corr     0.507927529919     0.507927529919     0.507927529919     0.0     0.0    0.0
2016     CMS_bTagSF_bc_M_corr     72.2386968079     72.0873054738     72.222301353     -0.00209570965085     -0.0002269622181    0.00209570965085
2016     CMS_bTagSF_bc_M_corr     3.06156919757     2.27293374188     4.01706642005     -0.257591909505     0.312093949482    0.312093949482
2016     CMS_bTagSF_bc_M_corr     6.6583004629     6.71102543408     6.5865117201     0.00791868307453     -0.0107818418824    0.0107818418824
2016     CMS_bTagSF_bc_M_corr     0.507927529919     0.394772883028     0.638632878883     -0.222777148759     0.257330704214    0.257330704214
2016     CMS_bTagSF_light_M_corr     72.2386968079     72.1957735681     72.2897444111     -0.000594186241653     0.00070665177385    0.00070665177385
2016     CMS_bTagSF_light_M_corr     3.06156919757     3.08615343323     3.03721878812     0.00802994610738     -0.0079535714783    0.00802994610738
2016     CMS_bTagSF_light_M_corr     6.6583004629     6.64158789592     6.673996357     -0.00251003496641     0.00235734241661    0.00251003496641
2016     CMS_bTagSF_light_M_corr     0.507927529919     0.514382161699     0.501459647711     0.0127077809321     -0.0127338681743    0.0127338681743
2016     CMS_bTagSF_bc_T_year     72.2386968079     72.2386968079     72.2386968079     0.0     0.0    0.0
2016     CMS_bTagSF_bc_T_year     3.06156919757     3.06156919757     3.06156919757     0.0     0.0    0.0
2016     CMS_bTagSF_bc_T_year     6.6583004629     6.6583004629     6.6583004629     0.0     0.0    0.0
2016     CMS_bTagSF_bc_T_year     0.507927529919     0.507927529919     0.507927529919     0.0     0.0    0.0
2016     CMS_bTagSF_light_T_year     72.2386968079     72.2386968079     72.2386968079     0.0     0.0    0.0
2016     CMS_bTagSF_light_T_year     3.06156919757     3.06156919757     3.06156919757     0.0     0.0    0.0
2016     CMS_bTagSF_light_T_year     6.6583004629     6.6583004629     6.6583004629     0.0     0.0    0.0
2016     CMS_bTagSF_light_T_year     0.507927529919     0.507927529919     0.507927529919     0.0     0.0    0.0
2016     CMS_bTagSF_bc_M_year     72.2386968079     70.9050838763     72.9321238407     -0.0184611986439     0.00959910772885    0.0184611986439
2016     CMS_bTagSF_bc_M_year     3.06156919757     1.77048956886     4.94035751355     -0.421705192791     0.613668414705    0.613668414705
2016     CMS_bTagSF_bc_M_year     6.6583004629     6.71187220088     6.59980197621     0.0080458576902     -0.00878579857061    0.00878579857061
2016     CMS_bTagSF_bc_M_year     0.507927529919     0.392293627435     0.643239805385     -0.227658269484     0.266400751083    0.266400751083
2016     CMS_bTagSF_light_M_year     72.2386968079     72.2572960702     72.2145061017     0.000257469515974     -0.000334871852299    0.000334871852299
2016     CMS_bTagSF_light_M_year     3.06156919757     2.99433557644     3.12990089852     -0.0219605100473     0.0223191757381    0.0223191757381
2016     CMS_bTagSF_light_M_year     6.6583004629     6.67426114651     6.64167236687     0.00239711074913     -0.00249734840258    0.00249734840258
2016     CMS_bTagSF_light_M_year     0.507927529919     0.492905254967     0.523149878932     -0.0295756265753     0.0299695293451    0.0299695293451
2016     CMS_jer_eta193     72.2386968079     72.3275565942     72.0523933847     0.00123008567778     -0.00257899756468    0.00257899756468
2016     CMS_jer_eta193     3.06156919757     3.03570870653     3.05572444544     -0.00844680925581     -0.00190907072359    0.00844680925581
2016     CMS_jer_eta193     6.6583004629     6.73675407093     6.83932388843     0.0117828278356     0.0271876324212    0.0271876324212
2016     CMS_jer_eta193     0.507927529919     0.507927529919     0.507851250716     0.0     -0.000150177336506    0.000150177336506
2016     CMS_jer_193eta25     72.2386968079     72.2314119937     72.2122102795     -0.000100843654351     -0.000366652909752    0.000366652909752
2016     CMS_jer_193eta25     3.06156919757     3.06156919757     3.06156919757     0.0     0.0    0.0
2016     CMS_jer_193eta25     6.6583004629     6.68125323536     6.68128115147     0.0034472419185     0.00345143459579    0.00345143459579
2016     CMS_jer_193eta25     0.507927529919     0.507927529919     0.507927529919     0.0     0.0    0.0
2016     CMS_jec_FlavorQCD     72.2386968079     72.6908581304     71.6803762231     0.00625926743581     -0.00772882969121    0.00772882969121
2016     CMS_jec_FlavorQCD     3.06156919757     3.06444736937     3.13642523176     0.0009400969308     0.0244502179634    0.0244502179634
2016     CMS_jec_FlavorQCD     6.6583004629     6.65315573407     6.72205095798     -0.00077267898271     0.00957458970684    0.00957458970684
2016     CMS_jec_FlavorQCD     0.507927529919     0.507927529919     0.507851250716     0.0     -0.000150177336506    0.000150177336506
2016     CMS_jec_RelativeBal     72.2386968079     72.573113655     71.9297763742     0.00462933111888     -0.00427638436699    0.00462933111888
2016     CMS_jec_RelativeBal     3.06156919757     3.13330835269     3.13814623918     0.023432152106     0.0250123504214    0.0250123504214
2016     CMS_jec_RelativeBal     6.6583004629     6.7007149574     6.63127576973     0.00637016829408     -0.00405879748373    0.00637016829408
2016     CMS_jec_RelativeBal     0.507927529919     0.507927529919     0.507851248333     0.0     -0.000150182027789    0.000150182027789
2016     CMS_jec_Absolute     72.2386968079     73.1115049618     71.3359346086     0.0120822798924     -0.0124969336261    0.0124969336261
2016     CMS_jec_Absolute     3.06156919757     3.13330836068     3.13793434826     0.0234321547177     0.0249431405166    0.0249431405166
2016     CMS_jec_Absolute     6.6583004629     6.6750199916     6.68853347221     0.00251108053677     0.00454064959611    0.00454064959611
2016     CMS_jec_Absolute     0.507927529919     0.507927529919     0.507851248333     0.0     -0.000150182027789    0.000150182027789
2016     CMS_jec_BBEC1_year     72.2386968079     72.2788117055     72.157017067     0.000555310372098     -0.00113069233706    0.00113069233706
2016     CMS_jec_BBEC1_year     3.06156919757     3.06156919757     3.13834507456     0.0     0.0250772959986    0.0250772959986
2016     CMS_jec_BBEC1_year     6.6583004629     6.68067870463     6.66685080809     0.00336095402382     0.0012841633149    0.00336095402382
2016     CMS_jec_BBEC1_year     0.507927529919     0.507927529919     0.507927529919     0.0     0.0    0.0
2016     CMS_jec_Absolute_year     72.2386968079     73.3842877418     71.2083565837     0.0158584108592     -0.0142629957311    0.0158584108592
2016     CMS_jec_Absolute_year     3.06156919757     3.13330836068     3.1106063857     0.0234321547177     0.0160170112014    0.0234321547177
2016     CMS_jec_Absolute_year     6.6583004629     6.67898731067     6.7217940368     0.00310692614169     0.00953600310718    0.00953600310718
2016     CMS_jec_Absolute_year     0.507927529919     0.507927529919     0.507851248333     0.0     -0.000150182027789    0.000150182027789
2016     CMS_jec_RelativeSample_year     72.2386968079     72.8530929346     71.7873958689     0.0085050832012     -0.00624735715    0.0085050832012
2016     CMS_jec_RelativeSample_year     3.06156919757     3.13330834316     3.11853612686     0.0234321489928     0.0186071016593    0.0234321489928
2016     CMS_jec_RelativeSample_year     6.6583004629     6.60684990249     6.74213089341     -0.00772728126259     0.0125903646098    0.0125903646098
2016     CMS_jec_RelativeSample_year     0.507927529919     0.507927529919     0.507851248333     0.0     -0.000150182027789    0.000150182027789
2016     CMS_pu     72.2386968079     72.2268107595     72.2506764398     -0.000164538521919     0.000165833998854    0.000165833998854
2016     CMS_pu     3.06156919757     2.98112829926     3.14523345117     -0.0262744014982     0.0273272456722    0.0273272456722
2016     CMS_pu     6.6583004629     6.70592437357     6.62941860244     0.00715256256963     -0.00433772260969    0.00715256256963
2016     CMS_pu     0.507927529919     0.64829312207     0.403583937761     0.276349644158     -0.205430078134    0.276349644158
2016     CMS_L1Prefiring     72.2386968079     71.9078378298     72.5463893163     -0.00458007955186     0.00425938620176    0.00458007955186
2016     CMS_L1Prefiring     3.06156919757     3.04887537188     3.07361524861     -0.00414618284398     0.00393460028705    0.00414618284398
2016     CMS_L1Prefiring     6.6583004629     6.57349907512     6.7420589271     -0.0127361912025     0.0125795561001    0.0127361912025
2016     CMS_L1Prefiring     0.507927529919     0.499630587495     0.516293136265     -0.0163348941248     0.0164700786097    0.0164700786097
2016     CMS_pdf_sig     72.2386968079     73.0945156205     71.3828753629     0.0118470965067     -0.011847132947    0.011847132947
2016     CMS_pdf_sig     3.06156919757     3.09343320304     3.02970522033     0.0104077364972     -0.0104077272738    0.0104077364972
2016     CMS_pdf_sig     6.6583004629     6.74138574886     6.57521482177     0.0124784524859     -0.0124785058283    0.0124785058283
2016     CMS_pdf_sig     0.507927529919     0.511876438368     0.503978616996     0.00777455092794     -0.0077745597373    0.0077745597373
2016     CMS_renorm_sig     72.2386968079     72.2386968079     72.2386968079     0.0     0.0    0.0
2016     CMS_renorm_sig     3.06156919757     3.06156919757     3.06156919757     0.0     0.0    0.0
2016     CMS_renorm_sig     6.6583004629     6.6583004629     6.6583004629     0.0     0.0    0.0
2016     CMS_renorm_sig     0.507927529919     0.507927529919     0.507927529919     0.0     0.0    0.0
2016     CMS_fact_sig     72.2386968079     63.1773723925     83.364195435     -0.125435878771     0.154010234386    0.154010234386
2016     CMS_fact_sig     3.06156919757     2.67700722664     3.53350376566     -0.125609432977     0.154147934487    0.154147934487
2016     CMS_fact_sig     6.6583004629     5.81708049835     7.69460746562     -0.126341544548     0.155641369519    0.155641369519
2016     CMS_fact_sig     0.507927529919     0.447900784134     0.581044429947     -0.118179744648     0.14395144134    0.14395144134
2016     CMS_jec_AbsoluteCal     72.2386968079     72.4409553746     72.0842884051     0.00279986455519     -0.00213747492125    0.00279986455519
2016     CMS_jec_AbsoluteCal     3.06156919757     3.06156921386     3.13814623203     5.32275890031e-09     0.0250123480865    0.0250123480865
2016     CMS_jec_AbsoluteCal     6.6583004629     6.62648390501     6.66736322067     -0.00477848034396     0.00136112177904    0.00477848034396
2016     CMS_jec_AbsoluteCal     0.507927529919     0.507927529919     0.507851250716     0.0     -0.000150177336506    0.000150177336506
2016     CMS_jec_AbsoluteTheory     72.2386968079     73.1115049618     71.3359346086     0.0120822798924     -0.0124969336261    0.0124969336261
2016     CMS_jec_AbsoluteTheory     3.06156919757     3.13330836068     3.13793434826     0.0234321547177     0.0249431405166    0.0249431405166
2016     CMS_jec_AbsoluteTheory     6.6583004629     6.6750199916     6.68853347221     0.00251108053677     0.00454064959611    0.00454064959611
2016     CMS_jec_AbsoluteTheory     0.507927529919     0.507927529919     0.507851248333     0.0     -0.000150182027789    0.000150182027789
2016     CMS_jec_AbsolutePU     72.2386968079     72.319568617     72.1984715214     0.00111950814079     -0.000556838484388    0.00111950814079
2016     CMS_jec_AbsolutePU     3.06156919757     3.06156919757     3.13814623203     0.0     0.0250123480865    0.0250123480865
2016     CMS_jec_AbsolutePU     6.6583004629     6.65925709988     6.65878987119     0.000143675850565     7.35034853794e-05    0.000143675850565
2016     CMS_jec_AbsolutePU     0.507927529919     0.507927529919     0.507851250716     0.0     -0.000150177336506    0.000150177336506
2016     CMS_jec_AbsoluteScale     72.2386968079     73.1115049618     71.3359346086     0.0120822798924     -0.0124969336261    0.0124969336261
2016     CMS_jec_AbsoluteScale     3.06156919757     3.13330836068     3.13793434826     0.0234321547177     0.0249431405166    0.0249431405166
2016     CMS_jec_AbsoluteScale     6.6583004629     6.6750199916     6.68853347221     0.00251108053677     0.00454064959611    0.00454064959611
2016     CMS_jec_AbsoluteScale     0.507927529919     0.507927529919     0.507851248333     0.0     -0.000150182027789    0.000150182027789
2016     CMS_jec_Fragmentation     72.2386968079     72.4154033729     72.0759949131     0.00244614829465     -0.00225228169933    0.00244614829465
2016     CMS_jec_Fragmentation     3.06156919757     3.06156920672     3.13814623203     2.98784685882e-09     0.0250123480865    0.0250123480865
2016     CMS_jec_Fragmentation     6.6583004629     6.62648390501     6.66736322067     -0.00477848034396     0.00136112177904    0.00477848034396
2016     CMS_jec_Fragmentation     0.507927529919     0.507927529919     0.507851250716     0.0     -0.000150177336506    0.000150177336506
2016     CMS_jec_AbsoluteMPFBias     72.2386968079     73.1115049618     71.3359346086     0.0120822798924     -0.0124969336261    0.0124969336261
2016     CMS_jec_AbsoluteMPFBias     3.06156919757     3.13330836068     3.13793434826     0.0234321547177     0.0249431405166    0.0249431405166
2016     CMS_jec_AbsoluteMPFBias     6.6583004629     6.6750199916     6.68853347221     0.00251108053677     0.00454064959611    0.00454064959611
2016     CMS_jec_AbsoluteMPFBias     0.507927529919     0.507927529919     0.507851248333     0.0     -0.000150182027789    0.000150182027789
2016     CMS_jec_RelativeFSR     72.2386968079     72.6305706036     71.7634540904     0.00542470743561     -0.00657878309591    0.00657878309591
2016     CMS_jec_RelativeFSR     3.06156919757     3.06156924484     3.13814623203     1.544071071e-08     0.0250123480865    0.0250123480865
2016     CMS_jec_RelativeFSR     6.6583004629     6.66636749713     6.63950709844     0.00121157557711     -0.0028225467697    0.0028225467697
2016     CMS_jec_RelativeFSR     0.507927529919     0.507927529919     0.507851248333     0.0     -0.000150182027789    0.000150182027789
2016     CMS_scale_sig     72.2386968079     83.364195435     63.1773723925     0.154010234386     -0.125435878771    0.154010234386
2016     CMS_scale_sig     3.06156919757     3.53350376566     2.67700722664     0.154147934487     -0.125609432977    0.154147934487
2016     CMS_scale_sig     6.6583004629     7.69460746562     5.81708049835     0.155641369519     -0.126341544548    0.155641369519
2016     CMS_scale_sig     0.507927529919     0.581044429947     0.447900784134     0.14395144134     -0.118179744648    0.14395144134
2016     CMS_bTagSF_M     131.77429584     129.591425438     132.018319598     -0.0165652215263     0.00185183124241    0.0165652215263
2016     CMS_bTagSF_M     7.02189332216     3.73375000969     11.970922313     -0.46827018891     0.704799797396    0.704799797396
2016     CMS_bTagSF_M     12.3063416869     12.0480806597     12.4385391521     -0.020986011421     0.0107422228776    0.020986011421
2016     CMS_bTagSF_M     1.02765554078     0.620560178184     1.59441899865     -0.396139899451     0.551511119611    0.551511119611
2016     CMS_bTagSF_T     131.77429584     131.77429584     131.77429584     0.0     0.0    0.0
2016     CMS_bTagSF_T     7.02189332216     7.02189332216     7.02189332216     0.0     0.0    0.0
2016     CMS_bTagSF_T     12.3063416869     12.3063416869     12.3063416869     0.0     0.0    0.0
2016     CMS_bTagSF_T     1.02765554078     1.02765554078     1.02765554078     0.0     0.0    0.0
2016     CMS_bTagSF_M_corr     131.77429584     131.254271732     132.073393376     -0.00394632431991     0.00226977146115    0.00394632431991
2016     CMS_bTagSF_M_corr     7.02189332216     5.49496035699     8.8007329543     -0.217453170407     0.253327635514    0.253327635514
2016     CMS_bTagSF_M_corr     12.3063416869     12.1656735058     12.4363364504     -0.0114305440787     0.0105632337236    0.0114305440787
2016     CMS_bTagSF_M_corr     1.02765554078     0.814408533628     1.27591499026     -0.207508254165     0.241578466352    0.241578466352
2016     CMS_bTagSF_T_corr     131.77429584     131.77429584     131.77429584     0.0     0.0    0.0
2016     CMS_bTagSF_T_corr     7.02189332216     7.02189332216     7.02189332216     0.0     0.0    0.0
2016     CMS_bTagSF_T_corr     12.3063416869     12.3063416869     12.3063416869     0.0     0.0    0.0
2016     CMS_bTagSF_T_corr     1.02765554078     1.02765554078     1.02765554078     0.0     0.0    0.0
2016     CMS_jer     131.77429584     131.836616847     131.641590722     0.000472937502981     -0.00100706376618    0.00100706376618
2016     CMS_jer     7.02189332216     7.02289899793     7.0628817083     0.00014322002939     0.00583722712075    0.00583722712075
2016     CMS_jer     12.3063416869     12.3814264901     12.3482409632     0.00610130980651     0.00340468982484    0.00610130980651
2016     CMS_jer     1.02765554078     0.992652765409     0.992652765409     -0.0340608053761     -0.0340608053761    0.0340608053761
2016     CMS_jec     131.77429584     132.130529165     131.1283138     0.00270335973238     -0.00490218548076    0.00490218548076
2016     CMS_jec     7.02189332216     7.02347202149     7.02912373158     0.000224825308802     0.00102969513835    0.00102969513835
2016     CMS_jec     12.3063416869     12.201121332     12.6496699213     -0.00855009210466     0.0278984805677    0.0278984805677
2016     CMS_jec     1.02765554078     0.979576364379     1.02765554078     -0.0467853035292     0.0    0.0467853035292
2016     CMS_bTagSF_bc_T_corr     131.77429584     131.77429584     131.77429584     0.0     0.0    0.0
2016     CMS_bTagSF_bc_T_corr     7.02189332216     7.02189332216     7.02189332216     0.0     0.0    0.0
2016     CMS_bTagSF_bc_T_corr     12.3063416869     12.3063416869     12.3063416869     0.0     0.0    0.0
2016     CMS_bTagSF_bc_T_corr     1.02765554078     1.02765554078     1.02765554078     0.0     0.0    0.0
2016     CMS_bTagSF_light_T_corr     131.77429584     131.77429584     131.77429584     0.0     0.0    0.0
2016     CMS_bTagSF_light_T_corr     7.02189332216     7.02189332216     7.02189332216     0.0     0.0    0.0
2016     CMS_bTagSF_light_T_corr     12.3063416869     12.3063416869     12.3063416869     0.0     0.0    0.0
2016     CMS_bTagSF_light_T_corr     1.02765554078     1.02765554078     1.02765554078     0.0     0.0    0.0
2016     CMS_bTagSF_bc_M_corr     131.77429584     131.374418688     131.86996811     -0.00303456110283     0.000726031348313    0.00303456110283
2016     CMS_bTagSF_bc_M_corr     7.02189332216     5.4571107924     8.86242817771     -0.22284339251     0.262113759226    0.262113759226
2016     CMS_bTagSF_bc_M_corr     12.3063416869     12.2224715269     12.3661518657     -0.00681519838907     0.00486011036565    0.00681519838907
2016     CMS_bTagSF_bc_M_corr     1.02765554078     0.806966809433     1.28662458747     -0.214749711929     0.251999854443    0.251999854443
2016     CMS_bTagSF_light_M_corr     131.77429584     131.614881122     131.936313328     -0.00120975579767     0.00122950751954    0.00122950751954
2016     CMS_bTagSF_light_M_corr     7.02189332216     7.0706646009     6.97289328036     0.00694560234686     -0.00697818089141    0.00697818089141
2016     CMS_bTagSF_light_M_corr     12.3063416869     12.2445374656     12.3719172506     -0.00502214410543     0.00532859929668    0.00532859929668
2016     CMS_bTagSF_light_M_corr     1.02765554078     1.03665816354     1.01868445674     0.00876035053573     -0.00872966055158    0.00876035053573
2016     CMS_bTagSF_bc_T_year     131.77429584     131.77429584     131.77429584     0.0     0.0    0.0
2016     CMS_bTagSF_bc_T_year     7.02189332216     7.02189332216     7.02189332216     0.0     0.0    0.0
2016     CMS_bTagSF_bc_T_year     12.3063416869     12.3063416869     12.3063416869     0.0     0.0    0.0
2016     CMS_bTagSF_bc_T_year     1.02765554078     1.02765554078     1.02765554078     0.0     0.0    0.0
2016     CMS_bTagSF_light_T_year     131.77429584     131.77429584     131.77429584     0.0     0.0    0.0
2016     CMS_bTagSF_light_T_year     7.02189332216     7.02189332216     7.02189332216     0.0     0.0    0.0
2016     CMS_bTagSF_light_T_year     12.3063416869     12.3063416869     12.3063416869     0.0     0.0    0.0
2016     CMS_bTagSF_light_T_year     1.02765554078     1.02765554078     1.02765554078     0.0     0.0    0.0
2016     CMS_bTagSF_bc_M_year     131.77429584     129.459328129     132.30811004     -0.0175676727848     0.00405097364603    0.0175676727848
2016     CMS_bTagSF_bc_M_year     7.02189332216     3.84550175747     11.6719811881     -0.452355428793     0.662227073615    0.662227073615
2016     CMS_bTagSF_bc_M_year     12.3063416869     12.0495380921     12.4969464391     -0.0208675820408     0.0154883357692    0.0208675820408
2016     CMS_bTagSF_bc_M_year     1.02765554078     0.638168232533     1.55896542371     -0.379005700635     0.517011646268    0.517011646268
2016     CMS_bTagSF_light_M_year     131.77429584     131.961179909     131.578433274     0.0014182133724     -0.00148634879418    0.00148634879418
2016     CMS_bTagSF_light_M_year     7.02189332216     6.83281594609     7.21411451885     -0.0269268368788     0.0273745538233    0.0273745538233
2016     CMS_bTagSF_light_M_year     12.3063416869     12.3344327499     12.2791972072     0.00228264936337     -0.00220573103046    0.00228264936337
2016     CMS_bTagSF_light_M_year     1.02765554078     1.0023482974     1.05343089641     -0.0246261926969     0.0250817074503    0.0250817074503
2016     CMS_jer_eta193     131.77429584     131.835831459     131.639518987     0.000466977405605     -0.00102278561101    0.00102278561101
2016     CMS_jer_eta193     7.02189332216     7.02264261092     7.0628817083     0.000106707511121     0.00583722712075    0.00583722712075
2016     CMS_jer_eta193     12.3063416869     12.3815327111     12.3481533663     0.00610994120729     0.00339757179211    0.00610994120729
2016     CMS_jer_eta193     1.02765554078     0.992652765409     0.992652765409     -0.0340608053761     -0.0340608053761    0.0340608053761
2016     CMS_jer_193eta25     131.77429584     131.775045684     131.77636699     5.69036374332e-06     1.57174047988e-05    1.57174047988e-05
2016     CMS_jer_193eta25     7.02189332216     7.02214970917     7.02189332216     3.65125182684e-05     0.0    3.65125182684e-05
2016     CMS_jer_193eta25     12.3063416869     12.306235466     12.3064292839     -8.631400778e-06     7.11803273523e-06    8.631400778e-06
2016     CMS_jer_193eta25     1.02765554078     1.02765554078     1.02765554078     0.0     0.0    0.0
2016     CMS_jec_FlavorQCD     131.77429584     131.911004204     131.544408018     0.00103744332988     -0.00174455739098    0.00174455739098
2016     CMS_jec_FlavorQCD     7.02189332216     7.02321977715     7.07221389646     0.000188902754312     0.00716624021417    0.00716624021417
2016     CMS_jec_FlavorQCD     12.3063416869     12.2964075607     12.3312790849     -0.000807236340418     0.00202638596047    0.00202638596047
2016     CMS_jec_FlavorQCD     1.02765554078     1.02790102824     1.02765554078     0.000238881081924     0.0    0.000238881081924
2016     CMS_jec_RelativeBal     131.77429584     131.795922383     131.685199456     0.000164118069067     -0.000676128709111    0.000676128709111
2016     CMS_jec_RelativeBal     7.02189332216     7.02247585963     7.06281779224     8.29601714327e-05     0.00582812472396    0.00582812472396
2016     CMS_jec_RelativeBal     12.3063416869     12.3471960738     12.4248519256     0.00331978324346     0.00963001366998    0.00963001366998
2016     CMS_jec_RelativeBal     1.02765554078     1.02765554078     0.992652769122     0.0     -0.0340608017631    0.0340608017631
2016     CMS_jec_Absolute     131.77429584     132.06918488     131.655716265     0.00223783430698     -0.000899868779416    0.00223783430698
2016     CMS_jec_Absolute     7.02189332216     7.02265637364     7.0628177172     0.000108667484331     0.00582811403761    0.00582811403761
2016     CMS_jec_Absolute     12.3063416869     12.3028185742     12.4980059415     -0.000286284324808     0.0155744297868    0.0155744297868
2016     CMS_jec_Absolute     1.02765554078     1.02765554449     0.992652769122     3.61306007335e-09     -0.0340608017631    0.0340608017631
2016     CMS_jec_BBEC1_year     131.77429584     131.775718853     131.773050571     1.07988686029e-05     -9.4500173079e-06    1.07988686029e-05
2016     CMS_jec_BBEC1_year     7.02189332216     7.02265654073     7.02189332216     0.000108691279075     0.0    0.000108691279075
2016     CMS_jec_BBEC1_year     12.3063416869     12.2936160261     12.2997777933     -0.00103407341972     -0.00053337488481    0.00103407341972
2016     CMS_jec_BBEC1_year     1.02765554078     1.02765554078     1.02765554078     0.0     0.0    0.0
2016     CMS_jec_Absolute_year     131.77429584     132.103437444     131.520858766     0.00249776788409     -0.00192326639273    0.00249776788409
2016     CMS_jec_Absolute_year     7.02189332216     7.02207372585     7.0628176897     2.569160236e-05     0.00582811012081    0.00582811012081
2016     CMS_jec_Absolute_year     12.3063416869     12.2880073049     12.3705883269     -0.00148983203187     0.00522061239988    0.00522061239988
2016     CMS_jec_Absolute_year     1.02765554078     1.02765554449     1.02765554078     3.6130598513e-09     0.0    3.6130598513e-09
2016     CMS_jec_RelativeSample_year     131.77429584     131.857713137     131.503911173     0.000633031627871     -0.00205187715758    0.00205187715758
2016     CMS_jec_RelativeSample_year     7.02189332216     7.02272397348     7.06281781499     0.000118294494019     0.00582812796404    0.00582812796404
2016     CMS_jec_RelativeSample_year     12.3063416869     12.231989515     12.5546411397     -0.00604177698333     0.0201765446704    0.0201765446704
2016     CMS_jec_RelativeSample_year     1.02765554078     0.992652769122     1.02765554078     -0.0340608017631     0.0    0.0340608017631
2016     CMS_pu     131.77429584     132.318507013     131.291711741     0.00412987350321     -0.00366220207358    0.00412987350321
2016     CMS_pu     7.02189332216     6.84931623234     7.16981367803     -0.0245770025124     0.0210655942894    0.0245770025124
2016     CMS_pu     12.3063416869     12.4535173301     12.1942730083     0.0119593334021     -0.00910657947877    0.0119593334021
2016     CMS_pu     1.02765554078     1.01448051151     1.03797877982     -0.0128204721719     0.0100454273138    0.0128204721719
2016     CMS_L1Prefiring     131.77429584     131.244444895     132.265971586     -0.00402089756701     0.00373119615018    0.00402089756701
2016     CMS_L1Prefiring     7.02189332216     6.99482626335     7.04718932095     -0.0038546667635     0.00360244703663    0.0038546667635
2016     CMS_L1Prefiring     12.3063416869     12.1645550614     12.4451978521     -0.011521427665     0.0112833016233    0.011521427665
2016     CMS_L1Prefiring     1.02765554078     1.01652243476     1.03851772673     -0.0108334997205     0.0105698704692    0.0108334997205
2016     CMS_pdf_sig     131.77429584     133.363246462     130.185358701     0.0120581226561     -0.0120580203396    0.0120581226561
2016     CMS_pdf_sig     7.02189332216     7.10049989756     6.94328686368     0.0111944986614     -0.011194482011    0.0111944986614
2016     CMS_pdf_sig     12.3063416869     12.4702112559     12.1424718694     0.0133158637377     -0.0133158839328    0.0133158839328
2016     CMS_pdf_sig     1.02765554078     1.04318524618     1.01212583948     0.0151117809333     -0.0151117769359    0.0151117809333
2016     CMS_renorm_sig     131.77429584     131.77429584     131.77429584     0.0     0.0    0.0
2016     CMS_renorm_sig     7.02189332216     7.02189332216     7.02189332216     0.0     0.0    0.0
2016     CMS_renorm_sig     12.3063416869     12.3063416869     12.3063416869     0.0     0.0    0.0
2016     CMS_renorm_sig     1.02765554078     1.02765554078     1.02765554078     0.0     0.0    0.0
2016     CMS_fact_sig     131.77429584     114.935139978     152.494027645     -0.127787864502     0.157236520767    0.157236520767
2016     CMS_fact_sig     7.02189332216     6.13535861502     8.10963498872     -0.126252944393     0.154907176263    0.154907176263
2016     CMS_fact_sig     12.3063416869     10.7288503926     14.2487090189     -0.128185234448     0.157834666174    0.157834666174
2016     CMS_fact_sig     1.02765554078     0.89663903162     1.18866904488     -0.127490685311     0.156680422292    0.156680422292
2016     CMS_jec_AbsoluteCal     131.77429584     131.782872905     131.715880403     6.50890606189e-05     -0.000443299176982    0.000443299176982
2016     CMS_jec_AbsoluteCal     7.02189332216     7.0218932007     7.06281776529     -1.72968546153e-08     0.00582812088593    0.00582812088593
2016     CMS_jec_AbsoluteCal     12.3063416869     12.3350824236     12.3100101228     0.00233544114354     0.000298093127382    0.00233544114354
2016     CMS_jec_AbsoluteCal     1.02765554078     1.02765554078     1.02765554078     0.0     0.0    0.0
2016     CMS_jec_AbsoluteTheory     131.77429584     132.06918506     131.655716497     0.00223783567191     -0.00089986702112    0.00223783567191
2016     CMS_jec_AbsoluteTheory     7.02189332216     7.02265637364     7.0628177172     0.000108667484331     0.00582811403761    0.00582811403761
2016     CMS_jec_AbsoluteTheory     12.3063416869     12.3028185717     12.4980059421     -0.0002862845278     0.0155744298376    0.0155744298376
2016     CMS_jec_AbsoluteTheory     1.02765554078     1.02765554449     0.992652769122     3.61306007335e-09     -0.0340608017631    0.0340608017631
2016     CMS_jec_AbsolutePU     131.77429584     131.744284874     131.702953046     -0.000227745221617     -0.000541401443069    0.000541401443069
2016     CMS_jec_AbsolutePU     7.02189332216     7.02259773152     7.06281789046     0.000100316158555     0.00582813871155    0.00582813871155
2016     CMS_jec_AbsolutePU     12.3063416869     12.3067004204     12.3148779364     2.91502948986e-05     0.000693646387634    0.000693646387634
2016     CMS_jec_AbsolutePU     1.02765554078     1.02765554078     1.02765554078     0.0     0.0    0.0
2016     CMS_jec_AbsoluteScale     131.77429584     132.06918506     131.655716497     0.00223783567191     -0.00089986702112    0.00223783567191
2016     CMS_jec_AbsoluteScale     7.02189332216     7.02265637364     7.0628177172     0.000108667484331     0.00582811403761    0.00582811403761
2016     CMS_jec_AbsoluteScale     12.3063416869     12.3028185717     12.4980059421     -0.0002862845278     0.0155744298376    0.0155744298376
2016     CMS_jec_AbsoluteScale     1.02765554078     1.02765554449     0.992652769122     3.61306007335e-09     -0.0340608017631    0.0340608017631
2016     CMS_jec_Fragmentation     131.77429584     131.782643762     131.716036945     6.33501555845e-05     -0.00044211122057    0.00044211122057
2016     CMS_jec_Fragmentation     7.02189332216     7.0218932007     7.06281786554     -1.72968546153e-08     0.00582813516277    0.00582813516277
2016     CMS_jec_Fragmentation     12.3063416869     12.3356128201     12.3080167084     0.00237854059039     0.000136110435248    0.00237854059039
2016     CMS_jec_Fragmentation     1.02765554078     1.02765554078     1.02765554078     0.0     0.0    0.0
2016     CMS_jec_AbsoluteMPFBias     131.77429584     132.06918488     131.655716265     0.00223783430698     -0.000899868779416    0.00223783430698
2016     CMS_jec_AbsoluteMPFBias     7.02189332216     7.02265637364     7.0628177172     0.000108667484331     0.00582811403761    0.00582811403761
2016     CMS_jec_AbsoluteMPFBias     12.3063416869     12.3028185742     12.4980059415     -0.000286284324808     0.0155744297868    0.0155744297868
2016     CMS_jec_AbsoluteMPFBias     1.02765554078     1.02765554449     0.992652769122     3.61306007335e-09     -0.0340608017631    0.0340608017631
2016     CMS_jec_RelativeFSR     131.77429584     131.764760879     131.714540629     -7.23582767327e-05     -0.000453466367464    0.000453466367464
2016     CMS_jec_RelativeFSR     7.02189332216     7.02207380754     7.06281774026     2.57032353461e-05     0.00582811732115    0.00582811732115
2016     CMS_jec_RelativeFSR     12.3063416869     12.3744406666     12.4308607392     0.00553364935335     0.0101182833565    0.0101182833565
2016     CMS_jec_RelativeFSR     1.02765554078     1.02765554078     0.992652769122     0.0     -0.0340608017631    0.0340608017631
2016     CMS_scale_sig     131.77429584     152.494027645     114.935139978     0.157236520767     -0.127787864502    0.157236520767
2016     CMS_scale_sig     7.02189332216     8.10963498872     6.13535861502     0.154907176263     -0.126252944393    0.154907176263
2016     CMS_scale_sig     12.3063416869     14.2487090189     10.7288503926     0.157834666174     -0.128185234448    0.157834666174
2016     CMS_scale_sig     1.02765554078     1.18866904488     0.89663903162     0.156680422292     -0.127490685311    0.156680422292
2016     CMS_bTagSF_M     19.6635010495     19.2620301958     19.7009325762     -0.0204170586268     0.00190360437918    0.0204170586268
2016     CMS_bTagSF_M     1.35342537662     0.701054557994     2.34931657092     -0.482014620011     0.735830147347    0.735830147347
2016     CMS_bTagSF_M     1.4591249207     1.41259653678     1.47530123604     -0.0318878687261     0.0110863128389    0.0318878687261
2016     CMS_bTagSF_M     0.130540992497     0.0812422471363     0.197140337076     -0.377649536882     0.51017954824    0.51017954824
2016     CMS_bTagSF_T     19.6635010495     19.6635010495     19.6635010495     0.0     0.0    0.0
2016     CMS_bTagSF_T     1.35342537662     1.35342537662     1.35342537662     0.0     0.0    0.0
2016     CMS_bTagSF_T     1.4591249207     1.4591249207     1.4591249207     0.0     0.0    0.0
2016     CMS_bTagSF_T     0.130540992497     0.130540992497     0.130540992497     0.0     0.0    0.0
2016     CMS_bTagSF_M_corr     19.6635010495     19.4983162613     19.7712949592     -0.00840057870742     0.00548192864774    0.00840057870742
2016     CMS_bTagSF_M_corr     1.35342537662     1.07324437465     1.67611549047     -0.207016217375     0.238424755017    0.238424755017
2016     CMS_bTagSF_M_corr     1.4591249207     1.44859360859     1.46375518437     -0.00721755345574     0.0031733154597    0.00721755345574
2016     CMS_bTagSF_M_corr     0.130540992497     0.106195469913     0.158066175615     -0.186497146359     0.210854710018    0.210854710018
2016     CMS_bTagSF_T_corr     19.6635010495     19.6635010495     19.6635010495     0.0     0.0    0.0
2016     CMS_bTagSF_T_corr     1.35342537662     1.35342537662     1.35342537662     0.0     0.0    0.0
2016     CMS_bTagSF_T_corr     1.4591249207     1.4591249207     1.4591249207     0.0     0.0    0.0
2016     CMS_bTagSF_T_corr     0.130540992497     0.130540992497     0.130540992497     0.0     0.0    0.0
2016     CMS_jer     19.6635010495     19.6831049121     19.7110503826     0.000996967047829     0.00241815193415    0.00241815193415
2016     CMS_jer     1.35342537662     1.3534289729     1.34963569267     2.65717224823e-06     -0.00280006863849    0.00280006863849
2016     CMS_jer     1.4591249207     1.46656094349     1.48559615953     0.00509622081508     0.0181418591739    0.0181418591739
2016     CMS_jer     0.130540992497     0.130983802949     0.130995005819     0.00339211800891     0.00347793679884    0.00347793679884
2016     CMS_jec     19.6635010495     19.7509391953     19.6186816536     0.00444672317463     -0.00227931922386    0.00444672317463
2016     CMS_jec     1.35342537662     1.34893989367     1.35791524501     -0.00331417086552     0.00331741111556    0.00331741111556
2016     CMS_jec     1.4591249207     1.43725829606     1.49937746041     -0.0149861223894     0.0275867673396    0.0275867673396
2016     CMS_jec     0.130540992497     0.128844477254     0.130900245891     -0.0129960345029     0.00275203510661    0.0129960345029
2016     CMS_bTagSF_bc_T_corr     19.6635010495     19.6635010495     19.6635010495     0.0     0.0    0.0
2016     CMS_bTagSF_bc_T_corr     1.35342537662     1.35342537662     1.35342537662     0.0     0.0    0.0
2016     CMS_bTagSF_bc_T_corr     1.4591249207     1.4591249207     1.4591249207     0.0     0.0    0.0
2016     CMS_bTagSF_bc_T_corr     0.130540992497     0.130540992497     0.130540992497     0.0     0.0    0.0
2016     CMS_bTagSF_light_T_corr     19.6635010495     19.6635010495     19.6635010495     0.0     0.0    0.0
2016     CMS_bTagSF_light_T_corr     1.35342537662     1.35342537662     1.35342537662     0.0     0.0    0.0
2016     CMS_bTagSF_light_T_corr     1.4591249207     1.4591249207     1.4591249207     0.0     0.0    0.0
2016     CMS_bTagSF_light_T_corr     0.130540992497     0.130540992497     0.130540992497     0.0     0.0    0.0
2016     CMS_bTagSF_bc_M_corr     19.6635010495     19.5371017911     19.7282288202     -0.00642811562812     0.00329177243352    0.00642811562812
2016     CMS_bTagSF_bc_M_corr     1.35342537662     1.0571129943     1.701130231     -0.218935145917     0.256907296401    0.256907296401
2016     CMS_bTagSF_bc_M_corr     1.4591249207     1.44763650251     1.4646350171     -0.00787349871465     0.00377630202719    0.00787349871465
2016     CMS_bTagSF_bc_M_corr     0.130540992497     0.104141182703     0.161115886764     -0.20223386761     0.234216805634    0.234216805634
2016     CMS_bTagSF_light_M_corr     19.6635010495     19.6210583958     19.702136942     -0.00215844846953     0.00196485317456    0.00215844846953
2016     CMS_bTagSF_light_M_corr     1.35342537662     1.37379612522     1.33321421853     0.0150512536245     -0.0149333376177    0.0150512536245
2016     CMS_bTagSF_light_M_corr     1.4591249207     1.45995259435     1.45802993528     0.000567239743407     -0.000750439803947    0.000750439803947
2016     CMS_bTagSF_light_M_corr     0.130540992497     0.133072630689     0.128036465713     0.0193934345306     -0.0191857495193    0.0193934345306
2016     CMS_bTagSF_bc_T_year     19.6635010495     19.6635010495     19.6635010495     0.0     0.0    0.0
2016     CMS_bTagSF_bc_T_year     1.35342537662     1.35342537662     1.35342537662     0.0     0.0    0.0
2016     CMS_bTagSF_bc_T_year     1.4591249207     1.4591249207     1.4591249207     0.0     0.0    0.0
2016     CMS_bTagSF_bc_T_year     0.130540992497     0.130540992497     0.130540992497     0.0     0.0    0.0
2016     CMS_bTagSF_light_T_year     19.6635010495     19.6635010495     19.6635010495     0.0     0.0    0.0
2016     CMS_bTagSF_light_T_year     1.35342537662     1.35342537662     1.35342537662     0.0     0.0    0.0
2016     CMS_bTagSF_light_T_year     1.4591249207     1.4591249207     1.4591249207     0.0     0.0    0.0
2016     CMS_bTagSF_light_T_year     0.130540992497     0.130540992497     0.130540992497     0.0     0.0    0.0
2016     CMS_bTagSF_bc_M_year     19.6635010495     19.225136561     19.7700384164     -0.0222933081636     0.00541802635275    0.0222933081636
2016     CMS_bTagSF_bc_M_year     1.35342537662     0.719886075377     2.29510175742     -0.468100652009     0.695772664728    0.695772664728
2016     CMS_bTagSF_bc_M_year     1.4591249207     1.40721870515     1.48181421067     -0.0355735241111     0.015549929717    0.0355735241111
2016     CMS_bTagSF_bc_M_year     0.130540992497     0.0835134792291     0.192112746259     -0.360250924773     0.471666045924    0.471666045924
2016     CMS_bTagSF_light_M_year     19.6635010495     19.7133830987     19.6139848501     0.0025367837129     -0.00251817818631    0.0025367837129
2016     CMS_bTagSF_light_M_year     1.35342537662     1.3200576484     1.38729816669     -0.024654280016     0.0250274530508    0.0250274530508
2016     CMS_bTagSF_light_M_year     1.4591249207     1.46503189682     1.45327417104     0.00404830048323     -0.00400976611188    0.00404830048323
2016     CMS_bTagSF_light_M_year     0.130540992497     0.127101694373     0.134029006126     -0.0263464989697     0.0267196806359    0.0267196806359
2016     CMS_jer_eta193     19.6635010495     19.6835571953     19.7110893467     0.00101996820178     0.00242013348073    0.00242013348073
2016     CMS_jer_eta193     1.35342537662     1.35342583787     1.34963036231     3.40805894394e-07     -0.00280400705525    0.00280400705525
2016     CMS_jer_eta193     1.4591249207     1.46656094349     1.48560518163     0.00509622081508     0.0181480424013    0.0181480424013
2016     CMS_jer_eta193     0.130540992497     0.130983802949     0.130995005819     0.00339211800891     0.00347793679884    0.00347793679884
2016     CMS_jer_193eta25     19.6635010495     19.663048712     19.6634619684     -2.30039129828e-05     -1.98749665625e-06    2.30039129828e-05
2016     CMS_jer_193eta25     1.35342537662     1.35342851165     1.35343070697     2.31636635406e-06     3.93841676116e-06    3.93841676116e-06
2016     CMS_jer_193eta25     1.4591249207     1.4591249207     1.4591158986     0.0     -6.18322743473e-06    6.18322743473e-06
2016     CMS_jer_193eta25     0.130540992497     0.130540992497     0.130540992497     0.0     0.0    0.0
2016     CMS_jec_FlavorQCD     19.6635010495     19.6900523567     19.6658667566     0.00135028381466     0.000120309557412    0.00135028381466
2016     CMS_jec_FlavorQCD     1.35342537662     1.35046734548     1.35432458458     -0.00218558864732     0.000664394195054    0.00218558864732
2016     CMS_jec_FlavorQCD     1.4591249207     1.45764900693     1.46860877542     -0.00101150610909     0.00649968661813    0.00649968661813
2016     CMS_jec_FlavorQCD     0.130540992497     0.130552195426     0.130473684521     8.5819244253e-05     -0.000515607966805    0.000515607966805
2016     CMS_jec_RelativeBal     19.6635010495     19.6915331344     19.6572375774     0.00142558971647     -0.000318532905595    0.00142558971647
2016     CMS_jec_RelativeBal     1.35342537662     1.35345961972     1.35342538159     2.53010655047e-05     3.67565200499e-09    2.53010655047e-05
2016     CMS_jec_RelativeBal     1.4591249207     1.45809925313     1.46705686671     -0.000702933352204     0.00543609796433    0.00543609796433
2016     CMS_jec_RelativeBal     0.130540992497     0.129287287969     0.130540992293     -0.00960391447994     -1.55969415161e-09    0.00960391447994
2016     CMS_jec_Absolute     19.6635010495     19.7091712365     19.6508126038     0.00232258675165     -0.000645279070207    0.00232258675165
2016     CMS_jec_Absolute     1.35342537662     1.35041816191     1.3543479122     -0.00222192871533     0.000681630180552    0.00222192871533
2016     CMS_jec_Absolute     1.4591249207     1.46039214488     1.48081626545     0.00086848231035     0.0148659956681    0.0148659956681
2016     CMS_jec_Absolute     0.130540992497     0.129287287969     0.130540992293     -0.00960391447994     -1.55969415161e-09    0.00960391447994
2016     CMS_jec_BBEC1_year     19.6635010495     19.6650526294     19.663386382     7.89065935429e-05     -5.83148822975e-06    7.89065935429e-05
2016     CMS_jec_BBEC1_year     1.35342537662     1.35343385801     1.3534253931     6.26661023384e-06     1.21776853046e-08    6.26661023384e-06
2016     CMS_jec_BBEC1_year     1.4591249207     1.45913722935     1.45910446233     8.43563630282e-06     -1.4020984383e-05    1.4020984383e-05
2016     CMS_jec_BBEC1_year     0.130540992497     0.130552195426     0.130540992497     8.5819244253e-05     0.0    8.5819244253e-05
2016     CMS_jec_Absolute_year     19.6635010495     19.7083953336     19.6407222021     0.0022831277067     -0.00115843294295    0.0022831277067
2016     CMS_jec_Absolute_year     1.35342537662     1.35039660937     1.35340671211     -0.00223785315071     -1.37905712141e-05    0.00223785315071
2016     CMS_jec_Absolute_year     1.4591249207     1.45298194761     1.4760732086     -0.00421003918163     0.0116153782698    0.0116153782698
2016     CMS_jec_Absolute_year     0.130540992497     0.128844477517     0.130983802745     -0.0129960324889     0.00339211644922    0.0129960324889
2016     CMS_jec_RelativeSample_year     19.6635010495     19.7011376347     19.6546431781     0.00191403275982     -0.00045047275167    0.00191403275982
2016     CMS_jec_RelativeSample_year     1.35342537662     1.35040663338     1.3543529139     -0.00223044675256     0.000685325762662    0.00223044675256
2016     CMS_jec_RelativeSample_year     1.4591249207     1.45463904048     1.47610185188     -0.00307436337777     0.0116350087228    0.0116350087228
2016     CMS_jec_RelativeSample_year     0.130540992497     0.130552195367     0.130983802949     8.58187899271e-05     0.00339211800891    0.00339211800891
2016     CMS_pu     19.6635010495     19.7103083483     19.6143654035     0.0023804153043     -0.00249882489904    0.00249882489904
2016     CMS_pu     1.35342537662     1.34987690385     1.35585968367     -0.00262184589287     0.00179862672351    0.00262184589287
2016     CMS_pu     1.4591249207     1.45636742834     1.46875186299     -0.00188982610277     0.00659775058029    0.00659775058029
2016     CMS_pu     0.130540992497     0.12174428139     0.138732612558     -0.0673865805574     0.062751323579    0.0673865805574
2016     CMS_L1Prefiring     19.6635010495     19.579393905     19.741552509     -0.00427732296136     0.00396935720035    0.00427732296136
2016     CMS_L1Prefiring     1.35342537662     1.34775282443     1.35871945604     -0.00419125597009     0.00391161531101    0.00419125597009
2016     CMS_L1Prefiring     1.4591249207     1.43737212375     1.48061466398     -0.0149081114622     0.0147278296589    0.0149081114622
2016     CMS_L1Prefiring     0.130540992497     0.12839022792     0.132697207152     -0.0164757792617     0.0165175291948    0.0165175291948
2016     CMS_pdf_sig     19.6635010495     20.0788306693     19.2481705724     0.0211218550921     -0.0211218986917    0.0211218986917
2016     CMS_pdf_sig     1.35342537662     1.3810845726     1.32576615031     0.0204364396169     -0.0204364620203    0.0204364620203
2016     CMS_pdf_sig     1.4591249207     1.49345323696     1.42479662605     0.0235266465358     -0.023526631727    0.0235266465358
2016     CMS_pdf_sig     0.130540992497     0.133526557619     0.127555426419     0.0228707095361     -0.0228707168582    0.0228707168582
2016     CMS_renorm_sig     19.6635010495     19.6635010495     19.6635010495     0.0     0.0    0.0
2016     CMS_renorm_sig     1.35342537662     1.35342537662     1.35342537662     0.0     0.0    0.0
2016     CMS_renorm_sig     1.4591249207     1.4591249207     1.4591249207     0.0     0.0    0.0
2016     CMS_renorm_sig     0.130540992497     0.130540992497     0.130540992497     0.0     0.0    0.0
2016     CMS_fact_sig     19.6635010495     16.86299822     23.171046088     -0.142421373612     0.178378460159    0.178378460159
2016     CMS_fact_sig     1.35342537662     1.16343064471     1.59053312168     -0.140380648381     0.175190852156    0.175190852156
2016     CMS_fact_sig     1.4591249207     1.25121163115     1.71954575666     -0.142491767908     0.178477409486    0.178477409486
2016     CMS_fact_sig     0.130540992497     0.112016651525     0.153713551676     -0.141904398135     0.177511743517    0.177511743517
2016     CMS_jec_AbsoluteCal     19.6635010495     19.6823020086     19.6642956941     0.000956134874264     4.0412161441e-05    0.000956134874264
2016     CMS_jec_AbsoluteCal     1.35342537662     1.35039124396     1.35340726633     -0.00224181747437     -1.3381076413e-05    0.00224181747437
2016     CMS_jec_AbsoluteCal     1.4591249207     1.45140314327     1.46134563958     -0.00529206054967     0.00152195254062    0.00529206054967
2016     CMS_jec_AbsoluteCal     0.130540992497     0.130552195426     0.130540992497     8.5819244253e-05     0.0    8.5819244253e-05
2016     CMS_jec_AbsoluteTheory     19.6635010495     19.7091712141     19.6508130773     0.00232258561309     -0.000645254992946    0.00232258561309
2016     CMS_jec_AbsoluteTheory     1.35342537662     1.350418209     1.35434795198     -0.00222189391896     0.000681659573066    0.00222189391896
2016     CMS_jec_AbsoluteTheory     1.4591249207     1.46039214561     1.48081627109     0.000868482805598     0.0148659995306    0.0148659995306
2016     CMS_jec_AbsoluteTheory     0.130540992497     0.129287287969     0.130540992293     -0.00960391447994     -1.55969415161e-09    0.00960391447994
2016     CMS_jec_AbsolutePU     19.6635010495     19.6717007399     19.6623933898     0.000417000532376     -5.63307487946e-05    0.000417000532376
2016     CMS_jec_AbsolutePU     1.35342537662     1.35039657747     1.35340493845     -0.00223787672037     -1.51010699421e-05    0.00223787672037
2016     CMS_jec_AbsolutePU     1.4591249207     1.45831884847     1.45908884148     -0.000552435377703     -2.47266163214e-05    0.000552435377703
2016     CMS_jec_AbsolutePU     0.130540992497     0.130552195426     0.130540992497     8.5819244253e-05     0.0    8.5819244253e-05
2016     CMS_jec_AbsoluteScale     19.6635010495     19.7091712141     19.6508130773     0.00232258561309     -0.000645254992946    0.00232258561309
2016     CMS_jec_AbsoluteScale     1.35342537662     1.350418209     1.35434795198     -0.00222189391896     0.000681659573066    0.00222189391896
2016     CMS_jec_AbsoluteScale     1.4591249207     1.46039214561     1.48081627109     0.000868482805598     0.0148659995306    0.0148659995306
2016     CMS_jec_AbsoluteScale     0.130540992497     0.129287287969     0.130540992293     -0.00960391447994     -1.55969415161e-09    0.00960391447994
2016     CMS_jec_Fragmentation     19.6635010495     19.674699246     19.6643290602     0.000569491488464     4.21090156271e-05    0.000569491488464
2016     CMS_jec_Fragmentation     1.35342537662     1.35039127248     1.35340730987     -0.00224179640211     -1.33489051226e-05    0.00224179640211
2016     CMS_jec_Fragmentation     1.4591249207     1.45362886252     1.46217966239     -0.00376668104281     0.00209354363289    0.00376668104281
2016     CMS_jec_Fragmentation     0.130540992497     0.130552195426     0.130540992497     8.5819244253e-05     0.0    8.5819244253e-05
2016     CMS_jec_AbsoluteMPFBias     19.6635010495     19.7091712365     19.6508126038     0.00232258675165     -0.000645279070207    0.00232258675165
2016     CMS_jec_AbsoluteMPFBias     1.35342537662     1.35041816191     1.3543479122     -0.00222192871533     0.000681630180552    0.00222192871533
2016     CMS_jec_AbsoluteMPFBias     1.4591249207     1.46039214488     1.48081626545     0.00086848231035     0.0148659956681    0.0148659956681
2016     CMS_jec_AbsoluteMPFBias     0.130540992497     0.129287287969     0.130540992293     -0.00960391447994     -1.55969415161e-09    0.00960391447994
2016     CMS_jec_RelativeFSR     19.6635010495     19.6914110312     19.653570902     0.00141938007875     -0.000505004040246    0.00141938007875
2016     CMS_jec_RelativeFSR     1.35342537662     1.35345216205     1.35340727554     1.97908461701e-05     -1.33742742316e-05    1.97908461701e-05
2016     CMS_jec_RelativeFSR     1.4591249207     1.46165562917     1.47669662451     0.00173440151318     0.0120426315534    0.0120426315534
2016     CMS_jec_RelativeFSR     0.130540992497     0.128577718991     0.130540992293     -0.0150395172339     -1.55969415161e-09    0.0150395172339
2016     CMS_scale_sig     19.6635010495     23.171046088     16.86299822     0.178378460159     -0.142421373612    0.178378460159
2016     CMS_scale_sig     1.35342537662     1.59053312168     1.16343064471     0.175190852156     -0.140380648381    0.175190852156
2016     CMS_scale_sig     1.4591249207     1.71954575666     1.25121163115     0.178477409486     -0.142491767908    0.178477409486
2016     CMS_scale_sig     0.130540992497     0.153713551676     0.112016651525     0.177511743517     -0.141904398135    0.177511743517
2016     CMS_bTagSF_M     3.62188714773     3.5620386913     3.61992434332     -0.0165241085628     -0.000541928649631    0.0165241085628
2016     CMS_bTagSF_M     0.247272845581     0.130615066905     0.425138722264     -0.471777555688     0.719310186549    0.719310186549
2016     CMS_bTagSF_M     0.215639732742     0.219955259407     0.209669231504     0.0200126693257     -0.0276873893428    0.0276873893428
2016     CMS_bTagSF_M     0.0257398073294     0.0153716312993     0.0402741319848     -0.40280705669     0.564663304174    0.564663304174
2016     CMS_bTagSF_T     3.62188714773     3.62188714773     3.62188714773     0.0     0.0    0.0
2016     CMS_bTagSF_T     0.247272845581     0.247272845581     0.247272845581     0.0     0.0    0.0
2016     CMS_bTagSF_T     0.215639732742     0.215639732742     0.215639732742     0.0     0.0    0.0
2016     CMS_bTagSF_T     0.0257398073294     0.0257398073294     0.0257398073294     0.0     0.0    0.0
2016     CMS_bTagSF_M_corr     3.62188714773     3.5060229209     3.68993886757     -0.0319900157308     0.0187890227001    0.0319900157308
2016     CMS_bTagSF_M_corr     0.247272845581     0.193098951959     0.311407027095     -0.219085494384     0.259366051148    0.259366051148
2016     CMS_bTagSF_M_corr     0.215639732742     0.210336713268     0.216705641866     -0.0245920332354     0.00494300892532    0.0245920332354
2016     CMS_bTagSF_M_corr     0.0257398073294     0.0198834467729     0.0327059755723     -0.227521538197     0.27063793267    0.27063793267
2016     CMS_bTagSF_T_corr     3.62188714773     3.62188714773     3.62188714773     0.0     0.0    0.0
2016     CMS_bTagSF_T_corr     0.247272845581     0.247272845581     0.247272845581     0.0     0.0    0.0
2016     CMS_bTagSF_T_corr     0.215639732742     0.215639732742     0.215639732742     0.0     0.0    0.0
2016     CMS_bTagSF_T_corr     0.0257398073294     0.0257398073294     0.0257398073294     0.0     0.0    0.0
2016     CMS_jer     3.62188714773     3.62271517121     3.62347257603     0.000228616585557     0.000437735420714    0.000437735420714
2016     CMS_jer     0.247272845581     0.246163098306     0.247158400274     -0.00448794638974     -0.000462830064555    0.00448794638974
2016     CMS_jer     0.215639732742     0.213470497507     0.212917254513     -0.010059534056     -0.0126251233702    0.0126251233702
2016     CMS_jer     0.0257398073294     0.025829026513     0.0258284207701     0.00346619469512     0.00344266138178    0.00346619469512
2016     CMS_jec     3.62188714773     3.62987177559     3.61031272394     0.00220454904601     -0.0031956886898    0.0031956886898
2016     CMS_jec     0.247272845581     0.247197320879     0.244813660507     -0.000305430633916     -0.0099452289965    0.0099452289965
2016     CMS_jec     0.215639732742     0.207643279019     0.219907141827     -0.0370824690856     0.0197895305783    0.0370824690856
2016     CMS_jec     0.0257398073294     0.0236671432629     0.0255916027262     -0.0805236822486     -0.0057577976901    0.0805236822486
2016     CMS_bTagSF_bc_T_corr     3.62188714773     3.62188714773     3.62188714773     0.0     0.0    0.0
2016     CMS_bTagSF_bc_T_corr     0.247272845581     0.247272845581     0.247272845581     0.0     0.0    0.0
2016     CMS_bTagSF_bc_T_corr     0.215639732742     0.215639732742     0.215639732742     0.0     0.0    0.0
2016     CMS_bTagSF_bc_T_corr     0.0257398073294     0.0257398073294     0.0257398073294     0.0     0.0    0.0
2016     CMS_bTagSF_light_T_corr     3.62188714773     3.62188714773     3.62188714773     0.0     0.0    0.0
2016     CMS_bTagSF_light_T_corr     0.247272845581     0.247272845581     0.247272845581     0.0     0.0    0.0
2016     CMS_bTagSF_light_T_corr     0.215639732742     0.215639732742     0.215639732742     0.0     0.0    0.0
2016     CMS_bTagSF_light_T_corr     0.0257398073294     0.0257398073294     0.0257398073294     0.0     0.0    0.0
2016     CMS_bTagSF_bc_M_corr     3.62188714773     3.61005179069     3.62254589963     -0.00326773214224     0.00018188084466    0.00326773214224
2016     CMS_bTagSF_bc_M_corr     0.247272845581     0.192935164448     0.311528450878     -0.21974787003     0.259857102976    0.259857102976
2016     CMS_bTagSF_bc_M_corr     0.215639732742     0.216876488616     0.213834203565     0.00573528754822     -0.00837289656434    0.00837289656434
2016     CMS_bTagSF_bc_M_corr     0.0257398073294     0.0201046733644     0.0323413235088     -0.218926812188     0.256471079791    0.256471079791
2016     CMS_bTagSF_light_M_corr     3.62188714773     3.51767156774     3.68899057028     -0.0287738341212     0.0185271986142    0.0287738341212
2016     CMS_bTagSF_light_M_corr     0.247272845581     0.247412792542     0.24711633204     0.000565961703315     -0.000632958869447    0.000632958869447
2016     CMS_bTagSF_light_M_corr     0.215639732742     0.209049319892     0.218514075715     -0.030562145328     0.0133293755102    0.030562145328
2016     CMS_bTagSF_light_M_corr     0.0257398073294     0.02547340729     0.0260473941223     -0.0103497293517     0.011949848303    0.011949848303
2016     CMS_bTagSF_bc_T_year     3.62188714773     3.62188714773     3.62188714773     0.0     0.0    0.0
2016     CMS_bTagSF_bc_T_year     0.247272845581     0.247272845581     0.247272845581     0.0     0.0    0.0
2016     CMS_bTagSF_bc_T_year     0.215639732742     0.215639732742     0.215639732742     0.0     0.0    0.0
2016     CMS_bTagSF_bc_T_year     0.0257398073294     0.0257398073294     0.0257398073294     0.0     0.0    0.0
2016     CMS_bTagSF_light_T_year     3.62188714773     3.62188714773     3.62188714773     0.0     0.0    0.0
2016     CMS_bTagSF_light_T_year     0.247272845581     0.247272845581     0.247272845581     0.0     0.0    0.0
2016     CMS_bTagSF_light_T_year     0.215639732742     0.215639732742     0.215639732742     0.0     0.0    0.0
2016     CMS_bTagSF_light_T_year     0.0257398073294     0.0257398073294     0.0257398073294     0.0     0.0    0.0
2016     CMS_bTagSF_bc_M_year     3.62188714773     3.54779494805     3.63876321963     -0.0204567941143     0.00465946927919    0.0204567941143
2016     CMS_bTagSF_bc_M_year     0.247272845581     0.133366767479     0.417190759896     -0.460649360159     0.687167707056    0.687167707056
2016     CMS_bTagSF_bc_M_year     0.215639732742     0.218342660562     0.211501859017     0.0125344609988     -0.0191888279244    0.0191888279244
2016     CMS_bTagSF_bc_M_year     0.0257398073294     0.0156665636931     0.0395846896658     -0.391348835964     0.537878242801    0.537878242801
2016     CMS_bTagSF_light_M_year     3.62188714773     3.63813564074     3.60596198267     0.00448619527398     -0.00439692470027    0.00448619527398
2016     CMS_bTagSF_light_M_year     0.247272845581     0.242394793869     0.252217995392     -0.0197274055735     0.0199987580503    0.0199987580503
2016     CMS_bTagSF_light_M_year     0.215639732742     0.217332274345     0.21395874624     0.00784893201845     -0.00779534680738    0.00784893201845
2016     CMS_bTagSF_light_M_year     0.0257398073294     0.0252745293458     0.026212629007     -0.018076203042     0.0183692780432    0.0183692780432
2016     CMS_jer_eta193     3.62188714773     3.6227431951     3.62343164293     0.000236353957467     0.000426433827005    0.000426433827005
2016     CMS_jer_eta193     0.247272845581     0.246158388764     0.247158400018     -0.00450699232461     -0.000462831100417    0.00450699232461
2016     CMS_jer_eta193     0.215639732742     0.213535468543     0.212916127422     -0.00975823969153     -0.0126303501018    0.0126303501018
2016     CMS_jer_eta193     0.0257398073294     0.025829026513     0.0258284207701     0.00346619469512     0.00344266138178    0.00346619469512
2016     CMS_jer_193eta25     3.62188714773     3.62185911423     3.62192807944     -7.74002715309e-06     1.13012086711e-05    1.13012086711e-05
2016     CMS_jer_193eta25     0.247272845581     0.247277555123     0.247272845837     1.90459348712e-05     1.03586250688e-09    1.90459348712e-05
2016     CMS_jer_193eta25     0.215639732742     0.215640041987     0.215640860383     1.43408059783e-06     5.22927939195e-06    5.22927939195e-06
2016     CMS_jer_193eta25     0.0257398073294     0.0257398073294     0.0257398073294     0.0     0.0    0.0
2016     CMS_jec_FlavorQCD     3.62188714773     3.62767022142     3.6170180388     0.00159670178804     -0.0013443568878    0.00159670178804
2016     CMS_jec_FlavorQCD     0.247272845581     0.246213051197     0.247086830608     -0.00428593112074     -0.000752266075376    0.00428593112074
2016     CMS_jec_FlavorQCD     0.215639732742     0.21220796606     0.217411003719     -0.0159143523242     0.00821402880558    0.0159143523242
2016     CMS_jec_FlavorQCD     0.0257398073294     0.0257404130723     0.025828420706     2.3533313338e-05     0.00344265889399    0.00344265889399
2016     CMS_jec_RelativeBal     3.62188714773     3.62303750003     3.62100067365     0.000317611303803     -0.000244754749219    0.000317611303803
2016     CMS_jec_RelativeBal     0.247272845581     0.24843989364     0.247098074528     0.00471967739217     -0.000706794361023    0.00471967739217
2016     CMS_jec_RelativeBal     0.215639732742     0.214998952586     0.215555202231     -0.00297153102522     -0.000391998775363    0.00297153102522
2016     CMS_jec_RelativeBal     0.0257398073294     0.0257398073134     0.025828420706     -6.21946827373e-10     0.00344265889399    0.00344265889399
2016     CMS_jec_Absolute     3.62188714773     3.62698527826     3.61803992858     0.00140758955608     -0.00106221397849    0.00140758955608
2016     CMS_jec_Absolute     0.247272845581     0.247278734763     0.246789608063     2.38165318167e-05     -0.00195426843974    0.00195426843974
2016     CMS_jec_Absolute     0.215639732742     0.210686158074     0.219175363435     -0.0229715303625     0.0163960075797    0.0229715303625
2016     CMS_jec_Absolute     0.0257398073294     0.0247038410079     0.025828420706     -0.0402476331013     0.00344265889399    0.0402476331013
2016     CMS_jec_BBEC1_year     3.62188714773     3.62186267469     3.62233913548     -6.75698825126e-06     0.000124793435745    0.000124793435745
2016     CMS_jec_BBEC1_year     0.247272845581     0.247278211004     0.247271854829     2.16983927823e-05     -4.00671702172e-06    2.16983927823e-05
2016     CMS_jec_BBEC1_year     0.215639732742     0.215834269923     0.215542726298     0.000902139777255     -0.000449854222627    0.000902139777255
2016     CMS_jec_BBEC1_year     0.0257398073294     0.0257398073294     0.0257398073294     0.0     0.0    0.0
2016     CMS_jec_Absolute_year     3.62188714773     3.6289910388     3.61493287841     0.00196137835701     -0.00192006792049    0.00196137835701
2016     CMS_jec_Absolute_year     0.247272845581     0.247268409073     0.246792770108     -1.79417533217e-05     -0.0019414807623    0.0019414807623
2016     CMS_jec_Absolute_year     0.215639732742     0.209411106284     0.21899977211     -0.0288844100255     0.0155817266393    0.0288844100255
2016     CMS_jec_Absolute_year     0.0257398073294     0.0247038410079     0.025828420706     -0.0402476331013     0.00344265889399    0.0402476331013
2016     CMS_jec_RelativeSample_year     3.62188714773     3.62498101587     3.62123038306     0.000854214392897     -0.000181332176121    0.000854214392897
2016     CMS_jec_RelativeSample_year     0.247272845581     0.246755628312     0.246744762406     -0.00209168648433     -0.00213562946704    0.00213562946704
2016     CMS_jec_RelativeSample_year     0.215639732742     0.212489624608     0.216221639515     -0.014608199028     0.0026985137004    0.014608199028
2016     CMS_jec_RelativeSample_year     0.0257398073294     0.0247038410079     0.0261116850355     -0.0402476331013     0.0144475714724    0.0402476331013
2016     CMS_pu     3.62188714773     3.62926433064     3.61310968078     0.00203683400595     -0.00242345125604    0.00242345125604
2016     CMS_pu     0.247272845581     0.243151650983     0.250614901713     -0.0166665878249     0.0135156617128    0.0166665878249
2016     CMS_pu     0.215639732742     0.216579129362     0.214354833168     0.00435632435471     -0.00595854742269    0.00595854742269
2016     CMS_pu     0.0257398073294     0.0262321887176     0.0251906049812     0.0191291792485     -0.0213366922749    0.0213366922749
2016     CMS_L1Prefiring     3.62188714773     3.605931992     3.6366142001     -0.00440520509853     0.00406612679037    0.00440520509853
2016     CMS_L1Prefiring     0.247272845581     0.246236806791     0.248231436738     -0.00418986074863     0.00387665355897    0.00418986074863
2016     CMS_L1Prefiring     0.215639732742     0.211827377423     0.219440797646     -0.0176792804856     0.0176269227192    0.0176792804856
2016     CMS_L1Prefiring     0.0257398073294     0.025390789219     0.0260942994127     -0.013559468643     0.0137721342961    0.0137721342961
2016     CMS_pdf_sig     3.62188714773     3.74576319411     3.49801153004     0.034202072378     -0.0342019540197    0.034202072378
2016     CMS_pdf_sig     0.247272845581     0.256033059906     0.238512629101     0.035427320392     -0.035427329108    0.035427329108
2016     CMS_pdf_sig     0.215639732742     0.223126390078     0.20815307503     0.0347183575151     -0.0347183592621    0.0347183592621
2016     CMS_pdf_sig     0.0257398073294     0.0266894120172     0.0247902024489     0.0368924551646     -0.036892462647    0.036892462647
2016     CMS_renorm_sig     3.62188714773     3.62188714773     3.62188714773     0.0     0.0    0.0
2016     CMS_renorm_sig     0.247272845581     0.247272845581     0.247272845581     0.0     0.0    0.0
2016     CMS_renorm_sig     0.215639732742     0.215639732742     0.215639732742     0.0     0.0    0.0
2016     CMS_renorm_sig     0.0257398073294     0.0257398073294     0.0257398073294     0.0     0.0    0.0
2016     CMS_fact_sig     3.62188714773     3.06562527555     4.32872082643     -0.153583435788     0.195156185123    0.195156185123
2016     CMS_fact_sig     0.247272845581     0.209545755923     0.295089387875     -0.152572716058     0.193375629991    0.193375629991
2016     CMS_fact_sig     0.215639732742     0.182457774157     0.257906849341     -0.15387683041     0.196008017914    0.196008017914
2016     CMS_fact_sig     0.0257398073294     0.0217975562776     0.0307522319072     -0.153157752945     0.194734347217    0.194734347217
2016     CMS_jec_AbsoluteCal     3.62188714773     3.62235098057     3.62132279369     0.000128063857789     -0.000155817678934    0.000155817678934
2016     CMS_jec_AbsoluteCal     0.247272845581     0.24727483872     0.247269167546     8.06048556723e-06     -1.48743997819e-05    1.48743997819e-05
2016     CMS_jec_AbsoluteCal     0.215639732742     0.215512221128     0.216123086545     -0.000591317809874     0.00224148767191    0.00224148767191
2016     CMS_jec_AbsoluteCal     0.0257398073294     0.0257404130723     0.0258284207701     2.3533313338e-05     0.00344266138178    0.00344266138178
2016     CMS_jec_AbsoluteTheory     3.62188714773     3.62698527826     3.61803992858     0.00140758955608     -0.00106221397849    0.00140758955608
2016     CMS_jec_AbsoluteTheory     0.247272845581     0.247278734763     0.246789608063     2.38165318167e-05     -0.00195426843974    0.00195426843974
2016     CMS_jec_AbsoluteTheory     0.215639732742     0.210686158074     0.219175363435     -0.0229715303625     0.0163960075797    0.0229715303625
2016     CMS_jec_AbsoluteTheory     0.0257398073294     0.0247038410079     0.025828420706     -0.0402476331013     0.00344265889399    0.0402476331013
2016     CMS_jec_AbsolutePU     3.62188714773     3.62263598382     3.622209051     0.000206753013368     8.88772201446e-05    0.000206753013368
2016     CMS_jec_AbsolutePU     0.247272845581     0.24675352552     0.247267214904     -0.00210019041966     -2.27711085167e-05    0.00210019041966
2016     CMS_jec_AbsolutePU     0.215639732742     0.215841092791     0.215640104415     0.000933779901793     1.72358420447e-06    0.000933779901793
2016     CMS_jec_AbsolutePU     0.0257398073294     0.0257404130723     0.0257398073294     2.35333133378e-05     0.0    2.35333133378e-05
2016     CMS_jec_AbsoluteScale     3.62188714773     3.62698527826     3.61803992858     0.00140758955608     -0.00106221397849    0.00140758955608
2016     CMS_jec_AbsoluteScale     0.247272845581     0.247278734763     0.246789608063     2.38165318167e-05     -0.00195426843974    0.00195426843974
2016     CMS_jec_AbsoluteScale     0.215639732742     0.210686158074     0.219175363435     -0.0229715303625     0.0163960075797    0.0229715303625
2016     CMS_jec_AbsoluteScale     0.0257398073294     0.0247038410079     0.025828420706     -0.0402476331013     0.00344265889399    0.0402476331013
2016     CMS_jec_Fragmentation     3.62188714773     3.62223500182     3.62207861677     9.6042220517e-05     5.28644398337e-05    9.6042220517e-05
2016     CMS_jec_Fragmentation     0.247272845581     0.247274616437     0.247269167985     7.16154728186e-06     -1.48726247394e-05    1.48726247394e-05
2016     CMS_jec_Fragmentation     0.215639732742     0.215511280276     0.216123230926     -0.000595680882257     0.00224215722276    0.00224215722276
2016     CMS_jec_Fragmentation     0.0257398073294     0.0257404130723     0.0257398073294     2.3533313338e-05     0.0    2.3533313338e-05
2016     CMS_jec_AbsoluteMPFBias     3.62188714773     3.62698527826     3.61803992858     0.00140758955608     -0.00106221397849    0.00140758955608
2016     CMS_jec_AbsoluteMPFBias     0.247272845581     0.247278734763     0.246789608063     2.38165318167e-05     -0.00195426843974    0.00195426843974
2016     CMS_jec_AbsoluteMPFBias     0.215639732742     0.210686158074     0.219175363435     -0.0229715303625     0.0163960075797    0.0229715303625
2016     CMS_jec_AbsoluteMPFBias     0.0257398073294     0.0247038410079     0.025828420706     -0.0402476331013     0.00344265889399    0.0402476331013
2016     CMS_jec_RelativeFSR     3.62188714773     3.62259383781     3.6196407893     0.000195116535954     -0.000620217676909    0.000620217676909
2016     CMS_jec_RelativeFSR     0.247272845581     0.248437021267     0.246795458758     0.00470806118298     -0.00193060755096    0.00470806118298
2016     CMS_jec_RelativeFSR     0.215639732742     0.212654352333     0.218274104579     -0.0138442965542     0.0122165419322    0.0138442965542
2016     CMS_jec_RelativeFSR     0.0257398073294     0.0257404130563     0.025828420706     2.35326913911e-05     0.00344265889399    0.00344265889399
2016     CMS_scale_sig     3.62188714773     4.32872082643     3.06562527555     0.195156185123     -0.153583435788    0.195156185123
2016     CMS_scale_sig     0.247272845581     0.295089387875     0.209545755923     0.193375629991     -0.152572716058    0.193375629991
2016     CMS_scale_sig     0.215639732742     0.257906849341     0.182457774157     0.196008017914     -0.15387683041    0.196008017914
2016     CMS_scale_sig     0.0257398073294     0.0307522319072     0.0217975562776     0.194734347217     -0.153157752945    0.194734347217
2016     CMS_bTagSF_M     2.20244559021     2.15235195819     2.2079601892     -0.0227445491725     0.00250385254053    0.0227445491725
2016     CMS_bTagSF_M     0.203537003211     0.10383058806     0.357675144242     -0.489868739238     0.757297879987    0.757297879987
2016     CMS_bTagSF_M     0.162578240201     0.158128342302     0.162524471413     -0.0273708086228     -0.000330725613952    0.0273708086228
2016     CMS_bTagSF_M     0.0117980848856     0.00625124583434     0.0202959983545     -0.470147409942     0.720279058114    0.720279058114
2016     CMS_bTagSF_T     2.20244559021     2.20244559021     2.20244559021     0.0     0.0    0.0
2016     CMS_bTagSF_T     0.203537003211     0.203537003211     0.203537003211     0.0     0.0    0.0
2016     CMS_bTagSF_T     0.162578240201     0.162578240201     0.162578240201     0.0     0.0    0.0
2016     CMS_bTagSF_T     0.0117980848856     0.0117980848856     0.0117980848856     0.0     0.0    0.0
2016     CMS_bTagSF_M_corr     2.20244559021     2.16366279443     2.23022849012     -0.0176089688472     0.0126145681098    0.0176089688472
2016     CMS_bTagSF_M_corr     0.203537003211     0.162010083658     0.252170407705     -0.20402638782     0.238941341015    0.238941341015
2016     CMS_bTagSF_M_corr     0.162578240201     0.15910606224     0.165612977264     -0.0213569660772     0.018666317581    0.0213569660772
2016     CMS_bTagSF_M_corr     0.0117980848856     0.00944519283177     0.0145237786056     -0.199429998734     0.231028488649    0.231028488649
2016     CMS_bTagSF_T_corr     2.20244559021     2.20244559021     2.20244559021     0.0     0.0    0.0
2016     CMS_bTagSF_T_corr     0.203537003211     0.203537003211     0.203537003211     0.0     0.0    0.0
2016     CMS_bTagSF_T_corr     0.162578240201     0.162578240201     0.162578240201     0.0     0.0    0.0
2016     CMS_bTagSF_T_corr     0.0117980848856     0.0117980848856     0.0117980848856     0.0     0.0    0.0
2016     CMS_jer     2.20244559021     2.20162910501     2.2001390143     -0.000370717538071     -0.00104727940565    0.00104727940565
2016     CMS_jer     0.203537003211     0.20221338108     0.202592649371     -0.00650310317106     -0.00463971575276    0.00650310317106
2016     CMS_jer     0.162578240201     0.161718983225     0.162464250949     -0.00528519053219     -0.000701134739377    0.00528519053219
2016     CMS_jer     0.0117980848856     0.01093044591     0.01093044591     -0.0735406622322     -0.0735406622322    0.0735406622322
2016     CMS_jec     2.20244559021     2.20563828131     2.1928901962     0.00144961179146     -0.00433853805707    0.00433853805707
2016     CMS_jec     0.203537003211     0.205144573626     0.20341897435     0.00789817276339     -0.000579888962164    0.00789817276339
2016     CMS_jec     0.162578240201     0.158394914983     0.167892267804     -0.0257311508135     0.0326859707457    0.0326859707457
2016     CMS_jec     0.0117980848856     0.0102951324646     0.0120145470347     -0.127389524281     0.018347227641    0.127389524281
2016     CMS_bTagSF_bc_T_corr     2.20244559021     2.20244559021     2.20244559021     0.0     0.0    0.0
2016     CMS_bTagSF_bc_T_corr     0.203537003211     0.203537003211     0.203537003211     0.0     0.0    0.0
2016     CMS_bTagSF_bc_T_corr     0.162578240201     0.162578240201     0.162578240201     0.0     0.0    0.0
2016     CMS_bTagSF_bc_T_corr     0.0117980848856     0.0117980848856     0.0117980848856     0.0     0.0    0.0
2016     CMS_bTagSF_light_T_corr     2.20244559021     2.20244559021     2.20244559021     0.0     0.0    0.0
2016     CMS_bTagSF_light_T_corr     0.203537003211     0.203537003211     0.203537003211     0.0     0.0    0.0
2016     CMS_bTagSF_light_T_corr     0.162578240201     0.162578240201     0.162578240201     0.0     0.0    0.0
2016     CMS_bTagSF_light_T_corr     0.0117980848856     0.0117980848856     0.0117980848856     0.0     0.0    0.0
2016     CMS_bTagSF_bc_M_corr     2.20244559021     2.18733547399     2.21123958733     -0.00686060817441     0.00399283285899    0.00686060817441
2016     CMS_bTagSF_bc_M_corr     0.203537003211     0.160611010403     0.253917375369     -0.210900190779     0.247524388011    0.247524388011
2016     CMS_bTagSF_bc_M_corr     0.162578240201     0.160911717596     0.163639662944     -0.0102505882892     0.00652868884366    0.0102505882892
2016     CMS_bTagSF_bc_M_corr     0.0117980848856     0.00936305470971     0.0146543749103     -0.206391986451     0.242097768614    0.242097768614
2016     CMS_bTagSF_light_M_corr     2.20244559021     2.17821609763     2.22076346715     -0.0110011764611     0.00831706218897    0.0110011764611
2016     CMS_bTagSF_light_M_corr     0.203537003211     0.205161868284     0.201996442863     0.00798314334811     -0.00756894483255    0.00798314334811
2016     CMS_bTagSF_light_M_corr     0.162578240201     0.160658437021     0.164443757367     -0.0118084878867     0.0114745808782    0.0118084878867
2016     CMS_bTagSF_light_M_corr     0.0117980848856     0.011902056026     0.0116928790885     0.00881254385161     -0.00891719275826    0.00891719275826
2016     CMS_bTagSF_bc_T_year     2.20244559021     2.20244559021     2.20244559021     0.0     0.0    0.0
2016     CMS_bTagSF_bc_T_year     0.203537003211     0.203537003211     0.203537003211     0.0     0.0    0.0
2016     CMS_bTagSF_bc_T_year     0.162578240201     0.162578240201     0.162578240201     0.0     0.0    0.0
2016     CMS_bTagSF_bc_T_year     0.0117980848856     0.0117980848856     0.0117980848856     0.0     0.0    0.0
2016     CMS_bTagSF_light_T_year     2.20244559021     2.20244559021     2.20244559021     0.0     0.0    0.0
2016     CMS_bTagSF_light_T_year     0.203537003211     0.203537003211     0.203537003211     0.0     0.0    0.0
2016     CMS_bTagSF_light_T_year     0.162578240201     0.162578240201     0.162578240201     0.0     0.0    0.0
2016     CMS_bTagSF_light_T_year     0.0117980848856     0.0117980848856     0.0117980848856     0.0     0.0    0.0
2016     CMS_bTagSF_bc_M_year     2.20244559021     2.14581704761     2.219686343     -0.0257116647288     0.00782800395351    0.0257116647288
2016     CMS_bTagSF_bc_M_year     0.203537003211     0.106489911395     0.349647610408     -0.476803187063     0.717857710843    0.717857710843
2016     CMS_bTagSF_bc_M_year     0.162578240201     0.157285780719     0.164070050717     -0.0325533077197     0.00917595438522    0.0325533077197
2016     CMS_bTagSF_bc_M_year     0.0117980848856     0.00639085919605     0.0199067191736     -0.458313848557     0.687283941991    0.687283941991
2016     CMS_bTagSF_light_M_year     2.20244559021     2.21113923546     2.19367625464     0.00394726902214     -0.0039816355113    0.0039816355113
2016     CMS_bTagSF_light_M_year     0.203537003211     0.198692144679     0.208452107385     -0.023803330381     0.0241484550553    0.0241484550553
2016     CMS_bTagSF_light_M_year     0.162578240201     0.163740447166     0.161408864652     0.00714860096536     -0.00719269409753    0.00719269409753
2016     CMS_bTagSF_light_M_year     0.0117980848856     0.0115554623267     0.0120432662787     -0.0205645713889     0.020781456953    0.020781456953
2016     CMS_jer_eta193     2.20244559021     2.20174879238     2.2002676314     -0.000316374594548     -0.000988882004811    0.000988882004811
2016     CMS_jer_eta193     0.203537003211     0.202213861779     0.202591688956     -0.00650074144581     -0.00464443437837    0.00650074144581
2016     CMS_jer_eta193     0.162578240201     0.161717687552     0.162462684611     -0.00529316006719     -0.000710769100439    0.00529316006719
2016     CMS_jer_eta193     0.0117980848856     0.01093044591     0.01093044591     -0.0735406622322     -0.0735406622322    0.0735406622322
2016     CMS_jer_193eta25     2.20244559021     2.20232590286     2.20231698539     -5.43429348085e-05     -5.83918292529e-05    5.83918292529e-05
2016     CMS_jer_193eta25     0.203537003211     0.203536524567     0.203537963606     -2.35163240792e-06     4.71852806205e-06    4.71852806205e-06
2016     CMS_jer_193eta25     0.162578240201     0.162579535874     0.162579806574     7.96953500726e-06     9.6345818601e-06    9.6345818601e-06
2016     CMS_jer_193eta25     0.0117980848856     0.0117980848856     0.0117980848856     0.0     0.0    0.0
2016     CMS_jec_FlavorQCD     2.20244559021     2.20312274125     2.20001753671     0.000307454152398     -0.0011024351796    0.0011024351796
2016     CMS_jec_FlavorQCD     0.203537003211     0.203545680009     0.203479650076     4.26300730476e-05     -0.000281782348492    0.000281782348492
2016     CMS_jec_FlavorQCD     0.162578240201     0.160986753526     0.164127023451     -0.00978905094078     0.00952638709734    0.00978905094078
2016     CMS_jec_FlavorQCD     0.0117980848856     0.0117980848856     0.0117980848856     0.0     0.0    0.0
2016     CMS_jec_RelativeBal     2.20244559021     2.20269738328     2.2001792152     0.000114324306882     -0.00102902656078    0.00102902656078
2016     CMS_jec_RelativeBal     0.203537003211     0.203541455191     0.2026617258     2.18730751298e-05     -0.00430033555049    0.00430033555049
2016     CMS_jec_RelativeBal     0.162578240201     0.160901106225     0.163894090091     -0.0103158576058     0.00809364087069    0.0103158576058
2016     CMS_jec_RelativeBal     0.0117980848856     0.0108120848896     0.0117980848856     -0.0835728853939     -1.11022302463e-16    0.0835728853939
2016     CMS_jec_Absolute     2.20244559021     2.2043609263     2.19816294483     0.00086964059039     -0.00194449543064    0.00194449543064
2016     CMS_jec_Absolute     0.203537003211     0.204679555747     0.202606370565     0.00561348805124     -0.00457230199565    0.00561348805124
2016     CMS_jec_Absolute     0.162578240201     0.158835076024     0.164560847757     -0.02302377103     0.0121947903608    0.02302377103
2016     CMS_jec_Absolute     0.0117980848856     0.0108120848896     0.0117980849426     -0.0835728853939     4.83576423349e-09    0.0835728853939
2016     CMS_jec_BBEC1_year     2.20244559021     2.20244962169     2.20253013757     1.83045634961e-06     3.83879425239e-05    3.83879425239e-05
2016     CMS_jec_BBEC1_year     0.203537003211     0.203541020949     0.203536522741     1.9739595738e-05     -2.3606022177e-06    1.9739595738e-05
2016     CMS_jec_BBEC1_year     0.162578240201     0.162386475048     0.162574000856     -0.00117952533107     -2.60757222516e-05    0.00117952533107
2016     CMS_jec_BBEC1_year     0.0117980848856     0.0117980848856     0.0117980848856     0.0     0.0    0.0
2016     CMS_jec_Absolute_year     2.20244559021     2.20567718112     2.19682485528     0.00146727388743     -0.00255204258283    0.00255204258283
2016     CMS_jec_Absolute_year     0.203537003211     0.203537436339     0.203486607068     2.12800444399e-06     -0.000247601873379    0.000247601873379
2016     CMS_jec_Absolute_year     0.162578240201     0.159120577845     0.164604965056     -0.021267682269     0.0124661507747    0.021267682269
2016     CMS_jec_Absolute_year     0.0117980848856     0.0108120848896     0.0117980849426     -0.0835728853939     4.83576423349e-09    0.0835728853939
2016     CMS_jec_RelativeSample_year     2.20244559021     2.20395995257     2.20125478638     0.000687582188426     -0.000540673439884    0.000687582188426
2016     CMS_jec_RelativeSample_year     0.203537003211     0.203537781584     0.202036633968     3.82423175882e-06     -0.00737148144766    0.00737148144766
2016     CMS_jec_RelativeSample_year     0.162578240201     0.160000027564     0.165464589423     -0.0158582885026     0.0177536010881    0.0177536010881
2016     CMS_jec_RelativeSample_year     0.0117980848856     0.0108120848896     0.0117980848856     -0.0835728853939     -1.11022302463e-16    0.0835728853939
2016     CMS_pu     2.20244559021     2.21414695059     2.19198398652     0.00531289419052     -0.00474999416069    0.00531289419052
2016     CMS_pu     0.203537003211     0.205876646482     0.201236668068     0.0114949283608     -0.0113018031443    0.0114949283608
2016     CMS_pu     0.162578240201     0.162897137484     0.162185653644     0.00196150039673     -0.00241475462046    0.00241475462046
2016     CMS_pu     0.0117980848856     0.0119858294489     0.0113794081795     0.015913138883     -0.0354868362176    0.0354868362176
2016     CMS_L1Prefiring     2.20244559021     2.19302241023     2.21118506971     -0.00427850750233     0.00396807963802    0.00427850750233
2016     CMS_L1Prefiring     0.203537003211     0.20259958838     0.204424552433     -0.00460562362607     0.00436062832544    0.00460562362607
2016     CMS_L1Prefiring     0.162578240201     0.160451462516     0.164676450427     -0.0130815641868     0.0129058490446    0.0130815641868
2016     CMS_L1Prefiring     0.0117980848856     0.0115427438303     0.0120523494629     -0.0216425850228     0.0215513432704    0.0216425850228
2016     CMS_pdf_sig     2.20244559021     2.28590226499     2.11898899834     0.0378927294061     -0.0378926917604    0.0378927294061
2016     CMS_pdf_sig     0.203537003211     0.211303111801     0.195770890826     0.0381557577624     -0.0381557764095    0.0381557764095
2016     CMS_pdf_sig     0.162578240201     0.168811573929     0.156344905504     0.0383405166681     -0.0383405226279    0.0383405226279
2016     CMS_pdf_sig     0.0117980848856     0.0121421336922     0.0114540360749     0.0291614113653     -0.0291614117056    0.0291614117056
2016     CMS_renorm_sig     2.20244559021     2.20244559021     2.20244559021     0.0     0.0    0.0
2016     CMS_renorm_sig     0.203537003211     0.203537003211     0.203537003211     0.0     0.0    0.0
2016     CMS_renorm_sig     0.162578240201     0.162578240201     0.162578240201     0.0     0.0    0.0
2016     CMS_renorm_sig     0.0117980848856     0.0117980848856     0.0117980848856     0.0     0.0    0.0
2016     CMS_fact_sig     2.20244559021     1.85820925437     2.6408253142     -0.156297316662     0.199042249185    0.199042249185
2016     CMS_fact_sig     0.203537003211     0.172082103795     0.243461758191     -0.154541429418     0.196154774561    0.196154774561
2016     CMS_fact_sig     0.162578240201     0.137210487297     0.194870833425     -0.156034121617     0.198628015556    0.198628015556
2016     CMS_fact_sig     0.0117980848856     0.00999105261532     0.0140874003258     -0.15316318604     0.194041275549    0.194041275549
2016     CMS_jec_AbsoluteCal     2.20244559021     2.20196713621     2.20200225703     -0.000217237603631     -0.000201291321242    0.000217237603631
2016     CMS_jec_AbsoluteCal     0.203537003211     0.203537436309     0.20266220374     2.12785682652e-06     -0.00429798737937    0.00429798737937
2016     CMS_jec_AbsoluteCal     0.162578240201     0.161759500756     0.162562493824     -0.00503597187436     -9.68541508153e-05    0.00503597187436
2016     CMS_jec_AbsoluteCal     0.0117980848856     0.0117980848856     0.0117980848856     0.0     0.0    0.0
2016     CMS_jec_AbsoluteTheory     2.20244559021     2.20436092925     2.19816293018     0.000869641931553     -0.00194450207957    0.00194450207957
2016     CMS_jec_AbsoluteTheory     0.203537003211     0.20467955666     0.202606371934     0.00561349253615     -0.00457229526829    0.00561349253615
2016     CMS_jec_AbsoluteTheory     0.162578240201     0.158835075339     0.164560847738     -0.0230237752411     0.0121947902428    0.0230237752411
2016     CMS_jec_AbsoluteTheory     0.0117980848856     0.0108120848896     0.0117980849426     -0.0835728853939     4.83576423349e-09    0.0835728853939
2016     CMS_jec_AbsolutePU     2.20244559021     2.20264441501     2.2025825866     9.02745554467e-05     6.22019407213e-05    9.02745554467e-05
2016     CMS_jec_AbsolutePU     0.203537003211     0.20353778326     0.203537003839     3.8324678171e-06     3.08337222421e-09    3.8324678171e-06
2016     CMS_jec_AbsolutePU     0.162578240201     0.1624341942     0.162840461033     -0.000886010337241     0.00161289008738    0.00161289008738
2016     CMS_jec_AbsolutePU     0.0117980848856     0.0117980848856     0.0117980848856     0.0     0.0    0.0
2016     CMS_jec_AbsoluteScale     2.20244559021     2.20436092925     2.19816293018     0.000869641931553     -0.00194450207957    0.00194450207957
2016     CMS_jec_AbsoluteScale     0.203537003211     0.20467955666     0.202606371934     0.00561349253615     -0.00457229526829    0.00561349253615
2016     CMS_jec_AbsoluteScale     0.162578240201     0.158835075339     0.164560847738     -0.0230237752411     0.0121947902428    0.0230237752411
2016     CMS_jec_AbsoluteScale     0.0117980848856     0.0108120848896     0.0117980849426     -0.0835728853939     4.83576423349e-09    0.0835728853939
2016     CMS_jec_Fragmentation     2.20244559021     2.20210002602     2.20199844394     -0.000156900216466     -0.000203022621297    0.000203022621297
2016     CMS_jec_Fragmentation     0.203537003211     0.203537436145     0.20266220265     2.12705259717e-06     -0.0042979927367    0.0042979927367
2016     CMS_jec_Fragmentation     0.162578240201     0.161759500488     0.162562493574     -0.00503597352027     -9.68556871399e-05    0.00503597352027
2016     CMS_jec_Fragmentation     0.0117980848856     0.0117980848856     0.0117980848856     0.0     0.0    0.0
2016     CMS_jec_AbsoluteMPFBias     2.20244559021     2.2043609263     2.19816294483     0.00086964059039     -0.00194449543064    0.00194449543064
2016     CMS_jec_AbsoluteMPFBias     0.203537003211     0.204679555747     0.202606370565     0.00561348805124     -0.00457230199565    0.00561348805124
2016     CMS_jec_AbsoluteMPFBias     0.162578240201     0.158835076024     0.164560847757     -0.02302377103     0.0121947903608    0.02302377103
2016     CMS_jec_AbsoluteMPFBias     0.0117980848856     0.0108120848896     0.0117980849426     -0.0835728853939     4.83576423349e-09    0.0835728853939
2016     CMS_jec_RelativeFSR     2.20244559021     2.20291344809     2.20044288073     0.000212426529611     -0.00090931167146    0.00090931167146
2016     CMS_jec_RelativeFSR     0.203537003211     0.202911865419     0.202662204495     -0.0030713717036     -0.00429798366927    0.00429798366927
2016     CMS_jec_RelativeFSR     0.162578240201     0.159855235949     0.164400329208     -0.0167488850224     0.0112074592841    0.0167488850224
2016     CMS_jec_RelativeFSR     0.0117980848856     0.0117980848856     0.0117980848856     0.0     0.0    0.0
2016     CMS_scale_sig     2.20244559021     2.6408253142     1.85820925437     0.199042249185     -0.156297316662    0.199042249185
2016     CMS_scale_sig     0.203537003211     0.243461758191     0.172082103795     0.196154774561     -0.154541429418    0.196154774561
2016     CMS_scale_sig     0.162578240201     0.194870833425     0.137210487297     0.198628015556     -0.156034121617    0.198628015556
2016     CMS_scale_sig     0.0117980848856     0.0140874003258     0.00999105261532     0.194041275549     -0.15316318604    0.194041275549
2017     CMS_bTagSF_M     1630.95884924     1730.0268948     1527.44484938     0.060742210388     -0.0634681861603    0.0634681861603
2017     CMS_bTagSF_M     2298.08984578     2204.68183496     2395.38152187     -0.0406459351419     0.0423358887695    0.0423358887695
2017     CMS_bTagSF_M     1209.07283158     1283.94555907     1132.27627918     0.0619257380777     -0.0635168952531    0.0635168952531
2017     CMS_bTagSF_M     2297.30819544     2220.1294718     2376.71128957     -0.033595285034     0.0345635358326    0.0345635358326
2017     CMS_bTagSF_T     1630.95884924     1630.95884924     1630.95884924     0.0     0.0    0.0
2017     CMS_bTagSF_T     2298.08984578     2298.08984578     2298.08984578     0.0     0.0    0.0
2017     CMS_bTagSF_T     1209.07283158     1209.07283158     1209.07283158     0.0     0.0    0.0
2017     CMS_bTagSF_T     2297.30819544     2297.30819544     2297.30819544     0.0     0.0    0.0
2017     CMS_bTagSF_M_corr     1630.95884924     1712.92582201     1546.3033678     0.0502569226688     -0.0519053448132    0.0519053448132
2017     CMS_bTagSF_M_corr     2298.08984578     2212.90314962     2388.040743     -0.037068479424     0.0391415929155    0.0391415929155
2017     CMS_bTagSF_M_corr     1209.07283158     1268.22913963     1149.1265633     0.0489270013416     -0.0495803616714    0.0495803616714
2017     CMS_bTagSF_M_corr     2297.30819544     2235.15711629     2362.13650563     -0.0270538708176     0.0282192482166    0.0282192482166
2017     CMS_bTagSF_T_corr     1630.95884924     1630.95884924     1630.95884924     0.0     0.0    0.0
2017     CMS_bTagSF_T_corr     2298.08984578     2298.08984578     2298.08984578     0.0     0.0    0.0
2017     CMS_bTagSF_T_corr     1209.07283158     1209.07283158     1209.07283158     0.0     0.0    0.0
2017     CMS_bTagSF_T_corr     2297.30819544     2297.30819544     2297.30819544     0.0     0.0    0.0
2017     CMS_jer     1630.95884924     1642.79559959     1623.92415038     0.00725754077526     -0.00431322891361    0.00725754077526
2017     CMS_jer     2298.08984578     2317.00891973     2280.72476839     0.00823252144959     -0.0075563091763    0.00823252144959
2017     CMS_jer     1209.07283158     1212.6805837     1210.67557109     0.00298389975162     0.00132559384599    0.00298389975162
2017     CMS_jer     2297.30819544     2310.1355469     2294.05344483     0.00558364415105     -0.00141676707152    0.00558364415105
2017     CMS_jec     1630.95884924     1705.86131768     1561.14377123     0.0459254189445     -0.042806155435    0.0459254189445
2017     CMS_jec     2298.08984578     2404.01762169     2199.56416297     0.0460938357608     -0.0428728593847    0.0460938357608
2017     CMS_jec     1209.07283158     1244.70268532     1162.54540578     0.0294687406837     -0.0384819049692    0.0384819049692
2017     CMS_jec     2297.30819544     2382.85025067     2208.14450079     0.0372357768114     -0.038812247666    0.038812247666
2017     CMS_bTagSF_bc_T_corr     1630.95884924     1630.95884924     1630.95884924     0.0     0.0    0.0
2017     CMS_bTagSF_bc_T_corr     2298.08984578     2298.08984578     2298.08984578     0.0     0.0    0.0
2017     CMS_bTagSF_bc_T_corr     1209.07283158     1209.07283158     1209.07283158     0.0     0.0    0.0
2017     CMS_bTagSF_bc_T_corr     2297.30819544     2297.30819544     2297.30819544     0.0     0.0    0.0
2017     CMS_bTagSF_light_T_corr     1630.95884924     1630.95884924     1630.95884924     0.0     0.0    0.0
2017     CMS_bTagSF_light_T_corr     2298.08984578     2298.08984578     2298.08984578     0.0     0.0    0.0
2017     CMS_bTagSF_light_T_corr     1209.07283158     1209.07283158     1209.07283158     0.0     0.0    0.0
2017     CMS_bTagSF_light_T_corr     2297.30819544     2297.30819544     2297.30819544     0.0     0.0    0.0
2017     CMS_bTagSF_bc_M_corr     1630.95884924     1694.3510598     1564.9336002     0.0388680625417     -0.0404824738948    0.0404824738948
2017     CMS_bTagSF_bc_M_corr     2298.08984578     2237.91678678     2360.60019166     -0.0261839453803     0.0272010017347    0.0272010017347
2017     CMS_bTagSF_bc_M_corr     1209.07283158     1248.55348405     1168.83479439     0.0326536594262     -0.0332800772173    0.0332800772173
2017     CMS_bTagSF_bc_M_corr     2297.30819544     2256.83272962     2338.81677425     -0.0176186485973     0.0180683544745    0.0180683544745
2017     CMS_bTagSF_light_M_corr     1630.95884924     1650.292026     1613.15747984     0.0118538715815     -0.0109146649626    0.0118538715815
2017     CMS_bTagSF_light_M_corr     2298.08984578     2272.56118284     2324.95870098     -0.0111086444189     0.0116918210378    0.0116918210378
2017     CMS_bTagSF_light_M_corr     1209.07283158     1228.86804184     1189.47177015     0.0163722231957     -0.0162116465807    0.0163722231957
2017     CMS_bTagSF_light_M_corr     2297.30819544     2275.3123307     2320.29943354     -0.00957462510912     0.0100079032285    0.0100079032285
2017     CMS_bTagSF_bc_T_year     1630.95884924     1630.95884924     1630.95884924     0.0     0.0    0.0
2017     CMS_bTagSF_bc_T_year     2298.08984578     2298.08984578     2298.08984578     0.0     0.0    0.0
2017     CMS_bTagSF_bc_T_year     1209.07283158     1209.07283158     1209.07283158     0.0     0.0    0.0
2017     CMS_bTagSF_bc_T_year     2297.30819544     2297.30819544     2297.30819544     0.0     0.0    0.0
2017     CMS_bTagSF_light_T_year     1630.95884924     1630.95884924     1630.95884924     0.0     0.0    0.0
2017     CMS_bTagSF_light_T_year     2298.08984578     2298.08984578     2298.08984578     0.0     0.0    0.0
2017     CMS_bTagSF_light_T_year     1209.07283158     1209.07283158     1209.07283158     0.0     0.0    0.0
2017     CMS_bTagSF_light_T_year     2297.30819544     2297.30819544     2297.30819544     0.0     0.0    0.0
2017     CMS_bTagSF_bc_M_year     1630.95884924     1697.6037139     1561.74656107     0.040862382697     -0.0424365631356    0.0424365631356
2017     CMS_bTagSF_bc_M_year     2298.08984578     2235.07689604     2363.28401131     -0.0274197067865     0.0283688497432    0.0283688497432
2017     CMS_bTagSF_bc_M_year     1209.07283158     1256.40297761     1160.92510416     0.039145818839     -0.0398220240831    0.0398220240831
2017     CMS_bTagSF_bc_M_year     2297.30819544     2247.75913907     2347.98056492     -0.0215683104542     0.0220572797246    0.0220572797246
2017     CMS_bTagSF_light_M_year     1630.95884924     1664.1801794     1597.48201461     0.0203692019405     -0.0205258609979    0.0205258609979
2017     CMS_bTagSF_light_M_year     2298.08984578     2267.02358878     2329.49174735     -0.0135182952287     0.0136643489498    0.0136643489498
2017     CMS_bTagSF_light_M_year     1209.07283158     1237.03587811     1180.85557153     0.0231276775077     -0.0233379324319    0.0233379324319
2017     CMS_bTagSF_light_M_year     2297.30819544     2269.25716914     2325.60834346     -0.0122103888138     0.0123188295235    0.0123188295235
2017     CMS_jer_eta193     1630.95884924     1644.63299897     1623.32813091     0.00838411694589     -0.00467867006035    0.00838411694589
2017     CMS_jer_eta193     2298.08984578     2316.00932527     2280.34161482     0.00779755392446     -0.00772303615057    0.00779755392446
2017     CMS_jer_eta193     1209.07283158     1214.08452625     1211.16431269     0.00414507260571     0.00172982226751    0.00414507260571
2017     CMS_jer_eta193     2297.30819544     2310.14488965     2291.60843196     0.00558771097366     -0.00248106174458    0.00558771097366
2017     CMS_jer_193eta25     1630.95884924     1630.07187791     1631.79104786     -0.000543834282179     0.000510251143097    0.000543834282179
2017     CMS_jer_193eta25     2298.08984578     2300.253114     2299.1745396     0.000941333178933     0.000471998004212    0.000941333178933
2017     CMS_jer_193eta25     1209.07283158     1210.00960244     1209.47503593     0.000774784475575     0.000332655183324    0.000774784475575
2017     CMS_jer_193eta25     2297.30819544     2297.78699081     2299.75855383     0.000208415819985     0.00106662153464    0.00106662153464
2017     CMS_jec_FlavorQCD     1630.95884924     1658.00915559     1607.10285338     0.0165855235166     -0.014626975949    0.0165855235166
2017     CMS_jec_FlavorQCD     2298.08984578     2336.5295356     2265.76490742     0.0167268002582     -0.0140660028682    0.0167268002582
2017     CMS_jec_FlavorQCD     1209.07283158     1223.61063876     1194.27734827     0.0120239300681     -0.0122370488551    0.0122370488551
2017     CMS_jec_FlavorQCD     2297.30819544     2316.9768495     2272.73765629     0.00856160880064     -0.0106953604186    0.0106953604186
2017     CMS_jec_RelativeBal     1630.95884924     1642.91936805     1624.33734346     0.00733342770168     -0.0040598852554    0.00733342770168
2017     CMS_jec_RelativeBal     2298.08984578     2317.33454731     2286.01410192     0.00837421633639     -0.00525468744294    0.00837421633639
2017     CMS_jec_RelativeBal     1209.07283158     1215.94237261     1202.81216525     0.00568166023358     -0.00517807212957    0.00568166023358
2017     CMS_jec_RelativeBal     2297.30819544     2313.56745481     2288.21818551     0.00707752638644     -0.00395680908032    0.00707752638644
2017     CMS_jec_Absolute     1630.95884924     1675.47087174     1588.52013911     0.0272919347539     -0.0260207117773    0.0272919347539
2017     CMS_jec_Absolute     2298.08984578     2366.07177969     2235.56755518     0.0295819304174     -0.0272061994079    0.0295819304174
2017     CMS_jec_Absolute     1209.07283158     1230.69430208     1182.14896815     0.0178826865831     -0.0222681899127    0.0222681899127
2017     CMS_jec_Absolute     2297.30819544     2355.17936416     2235.42116108     0.025190859826     -0.0269389342194    0.0269389342194
2017     CMS_jec_BBEC1_year     1630.95884924     1637.89249784     1621.02243795     0.0042512713298     -0.00609237400322    0.00609237400322
2017     CMS_jec_BBEC1_year     2298.08984578     2319.51578916     2289.20903414     0.00932337063446     -0.00386443187045    0.00932337063446
2017     CMS_jec_BBEC1_year     1209.07283158     1215.6668516     1202.35579435     0.00545378230503     -0.0055555273866    0.0055555273866
2017     CMS_jec_BBEC1_year     2297.30819544     2314.30431109     2291.55502442     0.00739827407255     -0.00250430962239    0.00739827407255
2017     CMS_jec_Absolute_year     1630.95884924     1644.99322346     1619.5443579     0.00860498363975     -0.00699863847112    0.00860498363975
2017     CMS_jec_Absolute_year     2298.08984578     2320.03897821     2281.10659328     0.009551033209     -0.0073901603667    0.009551033209
2017     CMS_jec_Absolute_year     1209.07283158     1215.02345004     1201.64539191     0.00492163772323     -0.00614308706129    0.00614308706129
2017     CMS_jec_Absolute_year     2297.30819544     2310.50046134     2284.85379528     0.00574248850413     -0.00542130140771    0.00574248850413
2017     CMS_jec_RelativeSample_year     1630.95884924     1656.4660607     1602.46615546     0.0156393960968     -0.0174699035435    0.0174699035435
2017     CMS_jec_RelativeSample_year     2298.08984578     2347.16998123     2255.18599787     0.0213569262917     -0.0186693518494    0.0213569262917
2017     CMS_jec_RelativeSample_year     1209.07283158     1223.05571051     1186.92701436     0.0115649599915     -0.0183163632855    0.0183163632855
2017     CMS_jec_RelativeSample_year     2297.30819544     2332.28583291     2260.24890368     0.0152254876124     -0.0161316151782    0.0161316151782
2017     CMS_pu     1630.95884924     1641.37367148     1622.21044025     0.00638570509855     -0.00536396672244    0.00638570509855
2017     CMS_pu     2298.08984578     2305.71519844     2296.98881491     0.00331812643297     -0.000479106970449    0.00331812643297
2017     CMS_pu     1209.07283158     1214.88540349     1204.17513668     0.00480746218218     -0.00405078567255    0.00480746218218
2017     CMS_pu     2297.30819544     2292.32933162     2304.29041379     -0.00216725985228     0.00303930416151    0.00303930416151
2017     CMS_topPt     1630.95884924     1625.38862579     1630.95884924     -0.00341530594603     0.0    0.00341530594603
2017     CMS_topPt     2298.08984578     2297.81398612     2298.08984578     -0.000120038674503     0.0    0.000120038674503
2017     CMS_topPt     1209.07283158     1208.06873813     1209.07283158     -0.000830465643233     0.0    0.000830465643233
2017     CMS_topPt     2297.30819544     2297.23257822     2297.30819544     -3.29155720733e-05     0.0    3.29155720733e-05
2017     CMS_L1Prefiring     1630.95884924     1620.04310936     1641.77644906     -0.00669283586922     0.00663266263665    0.00669283586922
2017     CMS_L1Prefiring     2298.08984578     2282.78584617     2314.11568021     -0.00665944355208     0.00697354564366    0.00697354564366
2017     CMS_L1Prefiring     1209.07283158     1200.1947714     1217.92127486     -0.0073428663274     0.00731837077983    0.0073428663274
2017     CMS_L1Prefiring     2297.30819544     2281.3955945     2313.3372833     -0.00692662872641     0.00697733455881    0.00697733455881
2017     CMS_pdf_allBR     1630.95884924     1666.12210473     1596.45215508     0.0215598667642     -0.0211573052106    0.0215598667642
2017     CMS_pdf_allBR     2298.08984578     2344.50263186     2253.4783406     0.0201962452289     -0.0194124286568    0.0201962452289
2017     CMS_pdf_allBR     1209.07283158     1232.39195236     1185.76083944     0.0192867792337     -0.019280883277    0.0192867792337
2017     CMS_pdf_allBR     2297.30819544     2335.67370278     2259.27036522     0.0167002004437     -0.0165575651928    0.0167002004437
2017     CMS_renorm_allBR     1630.95884924     1510.06423788     1775.51629883     -0.0741248691979     0.0886334131909    0.0886334131909
2017     CMS_renorm_allBR     2298.08984578     2129.941974     2496.04451396     -0.0731685369408     0.086138785456    0.086138785456
2017     CMS_renorm_allBR     1209.07283158     1122.05547244     1312.22757109     -0.0719703204578     0.0853172255727    0.0853172255727
2017     CMS_renorm_allBR     2297.30819544     2130.07334285     2493.78605327     -0.0727960022587     0.0855252500391    0.0855252500391
2017     CMS_fact_allBR     1630.95884924     1409.21219591     1912.33746244     -0.135960912462     0.172523428978    0.172523428978
2017     CMS_fact_allBR     2298.08984578     1987.27187664     2691.18023909     -0.135250573302     0.171050924766    0.171050924766
2017     CMS_fact_allBR     1209.07283158     1051.09668755     1407.90470051     -0.130658914756     0.164449869132    0.164449869132
2017     CMS_fact_allBR     2297.30819544     1993.73771077     2679.71243183     -0.132141819399     0.166457525011    0.166457525011
2017     CMS_jec_AbsoluteCal     1630.95884924     1641.58312473     1620.84284483     0.00651412847751     -0.00620248905802    0.00651412847751
2017     CMS_jec_AbsoluteCal     2298.08984578     2312.4319027     2283.74770994     0.00624085996704     -0.00624089430602    0.00624089430602
2017     CMS_jec_AbsoluteCal     1209.07283158     1214.04208807     1201.8931619     0.00410997283041     -0.00593816145154    0.00593816145154
2017     CMS_jec_AbsoluteCal     2297.30819544     2312.79874767     2285.40198371     0.00674291427954     -0.00518267934292    0.00674291427954
2017     CMS_jec_AbsoluteTheory     1630.95884924     1675.78738003     1588.91070887     0.0274859974588     -0.0257812392975    0.0274859974588
2017     CMS_jec_AbsoluteTheory     2298.08984578     2366.93032382     2236.16643295     0.0299555207429     -0.0269456013402    0.0299555207429
2017     CMS_jec_AbsoluteTheory     1209.07283158     1231.34474543     1182.79942631     0.0184206552887     -0.0217302089531    0.0217302089531
2017     CMS_jec_AbsoluteTheory     2297.30819544     2355.5968047     2235.83653579     0.0253725683727     -0.0267581249064    0.0267581249064
2017     CMS_jec_AbsolutePU     1630.95884924     1646.62959153     1617.21203885     0.00960830023224     -0.00842866783198    0.00960830023224
2017     CMS_jec_AbsolutePU     2298.08984578     2323.34104948     2277.5657359     0.010987909699     -0.00893094319981    0.010987909699
2017     CMS_jec_AbsolutePU     1209.07283158     1216.83187467     1201.01999959     0.00641734962609     -0.00666033657037    0.00666033657037
2017     CMS_jec_AbsolutePU     2297.30819544     2310.84118351     2285.74397435     0.00589080215894     -0.00503381353267    0.00589080215894
2017     CMS_jec_AbsoluteScale     1630.95884924     1675.78738003     1588.91070887     0.0274859974588     -0.0257812392975    0.0274859974588
2017     CMS_jec_AbsoluteScale     2298.08984578     2366.93032382     2236.16643295     0.0299555207429     -0.0269456013402    0.0299555207429
2017     CMS_jec_AbsoluteScale     1209.07283158     1231.34474543     1182.79942631     0.0184206552887     -0.0217302089531    0.0217302089531
2017     CMS_jec_AbsoluteScale     2297.30819544     2355.5968047     2235.83653579     0.0253725683727     -0.0267581249064    0.0267581249064
2017     CMS_jec_Fragmentation     1630.95884924     1637.63157443     1626.68193239     0.00409128972539     -0.00262233277822    0.00409128972539
2017     CMS_jec_Fragmentation     2298.08984578     2306.23956993     2291.7677731     0.00354630353846     -0.00275101197003    0.00354630353846
2017     CMS_jec_Fragmentation     1209.07283158     1212.96729549     1206.49562517     0.00322103334378     -0.00213155596787    0.00322103334378
2017     CMS_jec_Fragmentation     2297.30819544     2305.38019982     2290.75702648     0.00351367935604     -0.00285167178061    0.00351367935604
2017     CMS_jec_AbsoluteMPFBias     1630.95884924     1675.78738003     1588.91070887     0.0274859974588     -0.0257812392975    0.0274859974588
2017     CMS_jec_AbsoluteMPFBias     2298.08984578     2366.93032382     2236.16643295     0.0299555207429     -0.0269456013402    0.0299555207429
2017     CMS_jec_AbsoluteMPFBias     1209.07283158     1231.34474543     1182.79942631     0.0184206552887     -0.0217302089531    0.0217302089531
2017     CMS_jec_AbsoluteMPFBias     2297.30819544     2355.5968047     2235.83653579     0.0253725683727     -0.0267581249064    0.0267581249064
2017     CMS_jec_RelativeFSR     1630.95884924     1646.17987371     1620.18595368     0.00933256192996     -0.00660525283225    0.00933256192996
2017     CMS_jec_RelativeFSR     2298.08984578     2325.33742398     2282.58387969     0.0118566200747     -0.00674732805469    0.0118566200747
2017     CMS_jec_RelativeFSR     1209.07283158     1215.33546917     1204.33583986     0.00517970251977     -0.00391787128263    0.00517970251977
2017     CMS_jec_RelativeFSR     2297.30819544     2311.25987171     2287.79623515     0.00607305380536     -0.00414048071794    0.00607305380536
2017     CMS_scale_allBR     1630.95884924     2083.68847536     1302.27886726     0.27758494724     -0.201525613065    0.27758494724
2017     CMS_scale_allBR     2298.08984578     2923.08830609     1841.69757041     0.27196432788     -0.198596358713    0.27196432788
2017     CMS_scale_allBR     1209.07283158     1529.19390633     973.43800594     0.264765749746     -0.194888859866    0.264765749746
2017     CMS_scale_allBR     2297.30819544     2908.96681589     1848.57081129     0.266250136427     -0.195331817052    0.266250136427
2017     CMS_bTagSF_M     804.113537547     807.84751036     797.644795573     0.00464358904324     -0.00804456295357    0.00804456295357
2017     CMS_bTagSF_M     19.032063514     11.1651369394     29.746474961     -0.41335121485     0.56296635618    0.56296635618
2017     CMS_bTagSF_M     137.346037063     139.228666474     135.134036173     0.0137071986258     -0.016105312813    0.016105312813
2017     CMS_bTagSF_M     6.12834842833     4.12307253406     8.6216902205     -0.327213101167     0.406853791252    0.406853791252
2017     CMS_bTagSF_T     804.113537547     804.113537547     804.113537547     0.0     0.0    0.0
2017     CMS_bTagSF_T     19.032063514     19.032063514     19.032063514     0.0     0.0    0.0
2017     CMS_bTagSF_T     137.346037063     137.346037063     137.346037063     0.0     0.0    0.0
2017     CMS_bTagSF_T     6.12834842833     6.12834842833     6.12834842833     0.0     0.0    0.0
2017     CMS_bTagSF_M_corr     804.113537547     813.066763585     793.710782186     0.0111342809436     -0.0129369235505    0.0129369235505
2017     CMS_bTagSF_M_corr     19.032063514     12.3587769282     27.696964857     -0.350633896363     0.455279131275    0.455279131275
2017     CMS_bTagSF_M_corr     137.346037063     139.526222707     134.775350769     0.0158736698221     -0.0187168581589    0.0187168581589
2017     CMS_bTagSF_M_corr     6.12834842833     4.39562873418     8.15232836143     -0.282738443222     0.330265153291    0.330265153291
2017     CMS_bTagSF_T_corr     804.113537547     804.113537547     804.113537547     0.0     0.0    0.0
2017     CMS_bTagSF_T_corr     19.032063514     19.032063514     19.032063514     0.0     0.0    0.0
2017     CMS_bTagSF_T_corr     137.346037063     137.346037063     137.346037063     0.0     0.0    0.0
2017     CMS_bTagSF_T_corr     6.12834842833     6.12834842833     6.12834842833     0.0     0.0    0.0
2017     CMS_jer     804.113537547     807.575426126     801.436197378     0.00430522359939     -0.00332955490023    0.00430522359939
2017     CMS_jer     19.032063514     18.7329535435     19.1758729723     -0.0157161082525     0.007556167423    0.0157161082525
2017     CMS_jer     137.346037063     137.511063934     137.286700789     0.00120154082211     -0.000432020286648    0.00120154082211
2017     CMS_jer     6.12834842833     6.13813945233     6.05746559179     0.00159766111741     -0.0115663848695    0.0115663848695
2017     CMS_jec     804.113537547     819.14956258     788.452028506     0.0186988830935     -0.0194767384336    0.0194767384336
2017     CMS_jec     19.032063514     18.9660156721     18.5559758684     -0.00347034581126     -0.0250150303078    0.0250150303078
2017     CMS_jec     137.346037063     138.24949306     136.40623196     0.00657795460308     -0.006842608083    0.006842608083
2017     CMS_jec     6.12834842833     5.74067040121     6.36236063288     -0.0632597887761     0.0381851990455    0.0632597887761
2017     CMS_bTagSF_bc_T_corr     804.113537547     804.113537547     804.113537547     0.0     0.0    0.0
2017     CMS_bTagSF_bc_T_corr     19.032063514     19.032063514     19.032063514     0.0     0.0    0.0
2017     CMS_bTagSF_bc_T_corr     137.346037063     137.346037063     137.346037063     0.0     0.0    0.0
2017     CMS_bTagSF_bc_T_corr     6.12834842833     6.12834842833     6.12834842833     0.0     0.0    0.0
2017     CMS_bTagSF_light_T_corr     804.113537547     804.113537547     804.113537547     0.0     0.0    0.0
2017     CMS_bTagSF_light_T_corr     19.032063514     19.032063514     19.032063514     0.0     0.0    0.0
2017     CMS_bTagSF_light_T_corr     137.346037063     137.346037063     137.346037063     0.0     0.0    0.0
2017     CMS_bTagSF_light_T_corr     6.12834842833     6.12834842833     6.12834842833     0.0     0.0    0.0
2017     CMS_bTagSF_bc_M_corr     804.113537547     811.782356924     794.427952021     0.0095369857844     -0.012045047215    0.012045047215
2017     CMS_bTagSF_bc_M_corr     19.032063514     12.1784502982     27.8107039532     -0.360108782251     0.46125531437    0.46125531437
2017     CMS_bTagSF_bc_M_corr     137.346037063     139.237712775     135.085435183     0.0137730636584     -0.0164591707837    0.0164591707837
2017     CMS_bTagSF_bc_M_corr     6.12834842833     4.28433609665     8.34417540207     -0.300898741846     0.361570005304    0.361570005304
2017     CMS_bTagSF_light_M_corr     804.113537547     805.229792288     803.200538212     0.00138818050981     -0.00113541097439    0.00138818050981
2017     CMS_bTagSF_light_M_corr     19.032063514     19.3355296672     18.9942767222     0.0159449947718     -0.00198542799779    0.0159449947718
2017     CMS_bTagSF_light_M_corr     137.346037063     137.592431982     137.005392652     0.00179397181022     -0.00248019104931    0.00248019104931
2017     CMS_bTagSF_light_M_corr     6.12834842833     6.27775414963     5.97950908033     0.0243794430176     -0.0242870244314    0.0243794430176
2017     CMS_bTagSF_bc_T_year     804.113537547     804.113537547     804.113537547     0.0     0.0    0.0
2017     CMS_bTagSF_bc_T_year     19.032063514     19.032063514     19.032063514     0.0     0.0    0.0
2017     CMS_bTagSF_bc_T_year     137.346037063     137.346037063     137.346037063     0.0     0.0    0.0
2017     CMS_bTagSF_bc_T_year     6.12834842833     6.12834842833     6.12834842833     0.0     0.0    0.0
2017     CMS_bTagSF_light_T_year     804.113537547     804.113537547     804.113537547     0.0     0.0    0.0
2017     CMS_bTagSF_light_T_year     19.032063514     19.032063514     19.032063514     0.0     0.0    0.0
2017     CMS_bTagSF_light_T_year     137.346037063     137.346037063     137.346037063     0.0     0.0    0.0
2017     CMS_bTagSF_light_T_year     6.12834842833     6.12834842833     6.12834842833     0.0     0.0    0.0
2017     CMS_bTagSF_bc_M_year     804.113537547     808.313214768     797.240864976     0.00522274159607     -0.00854689325677    0.00854689325677
2017     CMS_bTagSF_bc_M_year     19.032063514     11.2923097659     29.4379439423     -0.406669184475     0.546755238635    0.546755238635
2017     CMS_bTagSF_bc_M_year     137.346037063     139.072995272     135.28617139     0.0125737753045     -0.0149976345708    0.0149976345708
2017     CMS_bTagSF_bc_M_year     6.12834842833     4.18040399367     8.51203297615     -0.317857977143     0.38896034971    0.38896034971
2017     CMS_bTagSF_light_M_year     804.113537547     803.675461375     804.570036193     -0.000544793927389     0.000567704216942    0.000567704216942
2017     CMS_bTagSF_light_M_year     19.032063514     18.8267514459     19.2388744709     -0.0107876935108     0.0108664494923    0.0108664494923
2017     CMS_bTagSF_light_M_year     137.346037063     137.500151196     137.192900131     0.00112208649226     -0.00111497161397    0.00112208649226
2017     CMS_bTagSF_light_M_year     6.12834842833     6.04724786868     6.21003114074     -0.0132336730838     0.0133286665025    0.0133286665025
2017     CMS_jer_eta193     804.113537547     807.487939222     801.396185701     0.00419642440672     -0.00337931364114    0.00419642440672
2017     CMS_jer_eta193     19.032063514     18.7331603133     19.1540191623     -0.0157052439655     0.00640790464929    0.0157052439655
2017     CMS_jer_eta193     137.346037063     137.510439554     137.301890536     0.00119699478464     -0.000321425567018    0.00119699478464
2017     CMS_jer_eta193     6.12834842833     6.13819686099     6.05746559179     0.00160702883991     -0.0115663848695    0.0115663848695
2017     CMS_jer_193eta25     804.113537547     804.227852984     804.087611593     0.000142163302996     -3.22416591876e-05    0.000142163302996
2017     CMS_jer_193eta25     19.032063514     19.0318567442     19.0539173226     -1.08642870192e-05     0.00114826269958    0.00114826269958
2017     CMS_jer_193eta25     137.346037063     137.346661256     137.33084813     4.54466792643e-06     -0.000110588803903    0.000110588803903
2017     CMS_jer_193eta25     6.12834842833     6.12829101966     6.12834842833     -9.3677224946e-06     0.0    9.3677224946e-06
2017     CMS_jec_FlavorQCD     804.113537547     808.216435711     799.130985247     0.00510238663068     -0.00619632933402    0.00619632933402
2017     CMS_jec_FlavorQCD     19.032063514     18.7155408393     18.8518113853     -0.0166310224043     -0.00947097137217    0.0166310224043
2017     CMS_jec_FlavorQCD     137.346037063     137.741564868     137.471611748     0.00287979043984     0.00091429419768    0.00287979043984
2017     CMS_jec_FlavorQCD     6.12834842833     6.00771329916     6.36951687097     -0.0196847699798     0.0393529260711    0.0393529260711
2017     CMS_jec_RelativeBal     804.113537547     804.900894451     802.748355327     0.00097916135827     -0.00169774808677    0.00169774808677
2017     CMS_jec_RelativeBal     19.032063514     19.0320630959     19.0236397495     -2.19652659394e-08     -0.000442609097592    0.000442609097592
2017     CMS_jec_RelativeBal     137.346037063     137.910325093     137.30209582     0.00410851336697     -0.000319930916289    0.00410851336697
2017     CMS_jec_RelativeBal     6.12834842833     6.12834847347     5.97109863356     7.3667882905e-09     -0.0256594083389    0.0256594083389
2017     CMS_jec_Absolute     804.113537547     813.334185212     793.155030508     0.0114668479436     -0.0136280593821    0.0136280593821
2017     CMS_jec_Absolute     19.032063514     18.7136401882     18.8965356852     -0.016730888143     -0.00712102650681    0.016730888143
2017     CMS_jec_Absolute     137.346037063     138.82075587     136.862072922     0.0107372505129     -0.00352368478883    0.0107372505129
2017     CMS_jec_Absolute     6.12834842833     6.0080968154     6.03181439918     -0.0196221892946     -0.0157520464574    0.0196221892946
2017     CMS_jec_BBEC1_year     804.113537547     804.845777663     803.78027099     0.000910617819289     -0.000414452116469    0.000910617819289
2017     CMS_jec_BBEC1_year     19.032063514     19.0318563058     19.0475903171     -1.08873203606e-05     0.000815823417738    0.000815823417738
2017     CMS_jec_BBEC1_year     137.346037063     137.566659028     137.329033788     0.00160632202654     -0.000123798805333    0.00160632202654
2017     CMS_jec_BBEC1_year     6.12834842833     6.12829106481     6.12834847347     -9.36035570631e-06     7.3667882905e-09    9.36035570631e-06
2017     CMS_jec_Absolute_year     804.113537547     806.403682596     801.602568687     0.00284803692755     -0.00312265462927    0.00312265462927
2017     CMS_jec_Absolute_year     19.032063514     18.7719896487     18.9947664533     -0.0136650376901     -0.00195969610204    0.0136650376901
2017     CMS_jec_Absolute_year     137.346037063     137.911989418     137.56284648     0.00412063112131     0.00157856332219    0.00412063112131
2017     CMS_jec_Absolute_year     6.12834842833     5.95700272373     5.95648618263     -0.0279595239406     -0.0280438111034    0.0280438111034
2017     CMS_jec_RelativeSample_year     804.113537547     810.59439008     797.535711036     0.00805962371055     -0.00818022108078    0.00818022108078
2017     CMS_jec_RelativeSample_year     19.032063514     18.7617127472     18.994812417     -0.0142050160008     -0.00195728103656    0.0142050160008
2017     CMS_jec_RelativeSample_year     137.346037063     138.488919513     137.186240535     0.0083211898492     -0.00116345933394    0.0083211898492
2017     CMS_jec_RelativeSample_year     6.12834842833     5.95700284265     6.09900726953     -0.0279595045363     -0.00478777588099    0.0279595045363
2017     CMS_pu     804.113537547     804.314039858     803.871712788     0.000249345771649     -0.000300734595415    0.000300734595415
2017     CMS_pu     19.032063514     19.0750252024     18.9770405555     0.00225733212938     -0.0028910663538    0.0028910663538
2017     CMS_pu     137.346037063     136.554920094     137.950302621     -0.00576002763879     0.00439958494911    0.00576002763879
2017     CMS_pu     6.12834842833     6.35238993298     5.87724261508     0.0365582191142     -0.0409744674577    0.0409744674577
2017     CMS_L1Prefiring     804.113537547     801.777002037     806.477986767     -0.002905728359     0.00294044200086    0.00294044200086
2017     CMS_L1Prefiring     19.032063514     18.9645695293     19.0980575219     -0.00354633036278     0.00346751721716    0.00354633036278
2017     CMS_L1Prefiring     137.346037063     136.608221645     138.103573759     -0.00537194544772     0.00551553369348    0.00551553369348
2017     CMS_L1Prefiring     6.12834842833     6.10095308261     6.15515614526     -0.00447026569035     0.00437437871576    0.00447026569035
2017     CMS_pdf_sig     804.113537547     807.87875152     800.348194648     0.00468244072117     -0.00468260105444    0.00468260105444
2017     CMS_pdf_sig     19.032063514     19.127831597     18.9362949763     0.00503193376314     -0.00503195765203    0.00503195765203
2017     CMS_pdf_sig     137.346037063     138.076515485     136.615570533     0.00531852564996     -0.0053184390784    0.00531852564996
2017     CMS_pdf_sig     6.12834842833     6.15769775438     6.09899909026     0.00478910858136     -0.00478911054273    0.00478911054273
2017     CMS_renorm_sig     804.113537547     804.113537547     804.113537547     0.0     0.0    0.0
2017     CMS_renorm_sig     19.032063514     19.032063514     19.032063514     0.0     0.0    0.0
2017     CMS_renorm_sig     137.346037063     137.346037063     137.346037063     0.0     0.0    0.0
2017     CMS_renorm_sig     6.12834842833     6.12834842833     6.12834842833     0.0     0.0    0.0
2017     CMS_fact_sig     804.113537547     726.944318613     895.481300972     -0.0959680633778     0.113625451082    0.113625451082
2017     CMS_fact_sig     19.032063514     17.2100722066     21.1872071569     -0.0957327252503     0.113237518429    0.113237518429
2017     CMS_fact_sig     137.346037063     123.959302785     153.23286823     -0.0974672044779     0.115670109645    0.115670109645
2017     CMS_fact_sig     6.12834842833     5.53889716579     6.82647712466     -0.0961843585477     0.113917918424    0.113917918424
2017     CMS_jec_AbsoluteCal     804.113537547     805.661833148     801.85928137     0.00192546889014     -0.00280340532963    0.00280340532963
2017     CMS_jec_AbsoluteCal     19.032063514     18.9342683313     18.9948128697     -0.00513844348181     -0.00195725724915    0.00513844348181
2017     CMS_jec_AbsoluteCal     137.346037063     138.046312049     137.642131809     0.00509861806433     0.00215583027719    0.00509861806433
2017     CMS_jec_AbsoluteCal     6.12834842833     6.11430992716     6.12834842833     -0.00229074787921     2.22044604925e-16    0.00229074787921
2017     CMS_jec_AbsoluteTheory     804.113537547     813.334185943     793.154961354     0.0114668488529     -0.0136281453814    0.0136281453814
2017     CMS_jec_AbsoluteTheory     19.032063514     18.7136400189     18.8965350906     -0.0167308970384     -0.00712105774778    0.0167308970384
2017     CMS_jec_AbsoluteTheory     137.346037063     138.82075589     136.862072092     0.0107372506537     -0.00352369083104    0.0107372506537
2017     CMS_jec_AbsoluteTheory     6.12834842833     6.00809694561     6.03181439918     -0.0196221680487     -0.0157520464574    0.0196221680487
2017     CMS_jec_AbsolutePU     804.113537547     807.118626135     800.237389231     0.00373714462917     -0.00482039927902    0.00482039927902
2017     CMS_jec_AbsolutePU     19.032063514     18.7138469793     19.0056864569     -0.0167200227387     -0.00138592733463    0.0167200227387
2017     CMS_jec_AbsolutePU     137.346037063     137.87569525     137.517672355     0.00385637764047     0.00124965594402    0.00385637764047
2017     CMS_jec_AbsolutePU     6.12834842833     6.07005156674     5.95648613748     -0.00951265455527     -0.0280438184702    0.0280438184702
2017     CMS_jec_AbsoluteScale     804.113537547     813.334185943     793.154961354     0.0114668488529     -0.0136281453814    0.0136281453814
2017     CMS_jec_AbsoluteScale     19.032063514     18.7136400189     18.8965350906     -0.0167308970384     -0.00712105774778    0.0167308970384
2017     CMS_jec_AbsoluteScale     137.346037063     138.82075589     136.862072092     0.0107372506537     -0.00352369083104    0.0107372506537
2017     CMS_jec_AbsoluteScale     6.12834842833     6.00809694561     6.03181439918     -0.0196221680487     -0.0157520464574    0.0196221680487
2017     CMS_jec_Fragmentation     804.113537547     805.136269788     802.866914345     0.0012718754168     -0.0015503074427    0.0015503074427
2017     CMS_jec_Fragmentation     19.032063514     18.9149713492     19.0321091498     -0.0061523630726     2.39783764799e-06    0.0061523630726
2017     CMS_jec_Fragmentation     137.346037063     137.604371337     137.359472221     0.00188090082071     9.78197683563e-05    0.00188090082071
2017     CMS_jec_Fragmentation     6.12834842833     6.12834847347     6.12834847347     7.3667882905e-09     7.3667882905e-09    7.3667882905e-09
2017     CMS_jec_AbsoluteMPFBias     804.113537547     813.334185212     793.155030508     0.0114668479436     -0.0136280593821    0.0136280593821
2017     CMS_jec_AbsoluteMPFBias     19.032063514     18.7136401882     18.8965356852     -0.016730888143     -0.00712102650681    0.016730888143
2017     CMS_jec_AbsoluteMPFBias     137.346037063     138.82075587     136.862072922     0.0107372505129     -0.00352368478883    0.0107372505129
2017     CMS_jec_AbsoluteMPFBias     6.12834842833     6.0080968154     6.03181439918     -0.0196221892946     -0.0157520464574    0.0196221892946
2017     CMS_jec_RelativeFSR     804.113537547     806.099842414     800.967586889     0.00247017961241     -0.00391232147064    0.00391232147064
2017     CMS_jec_RelativeFSR     19.032063514     18.9850182832     18.9947670086     -0.0024718933248     -0.00195966692368    0.0024718933248
2017     CMS_jec_RelativeFSR     137.346037063     138.181644363     137.657176408     0.00608395638922     0.00226536819619    0.00608395638922
2017     CMS_jec_RelativeFSR     6.12834842833     6.11430995125     6.11373597739     -0.002290743949     -0.00238440276456    0.00238440276456
2017     CMS_scale_sig     804.113537547     895.481300972     726.944318613     0.113625451082     -0.0959680633778    0.113625451082
2017     CMS_scale_sig     19.032063514     21.1872071569     17.2100722066     0.113237518429     -0.0957327252503    0.113237518429
2017     CMS_scale_sig     137.346037063     153.23286823     123.959302785     0.115670109645     -0.0974672044779    0.115670109645
2017     CMS_scale_sig     6.12834842833     6.82647712466     5.53889716579     0.113917918424     -0.0961843585477    0.113917918424
2017     CMS_bTagSF_M     1529.21608182     1624.24877743     1430.02240028     0.0621447137143     -0.0648657065011    0.0648657065011
2017     CMS_bTagSF_M     2233.35739278     2144.02419607     2326.27839773     -0.0399995079138     0.0416059719132    0.0416059719132
2017     CMS_bTagSF_M     1131.47519201     1209.22836782     1051.77499351     0.0687184097036     -0.0704391921842    0.0704391921842
2017     CMS_bTagSF_M     2265.44775526     2186.33802737     2346.81183613     -0.0349201290148     0.0359152316274    0.0359152316274
2017     CMS_bTagSF_T     1529.21608182     1529.21608182     1529.21608182     0.0     0.0    0.0
2017     CMS_bTagSF_T     2233.35739278     2233.35739278     2233.35739278     0.0     0.0    0.0
2017     CMS_bTagSF_T     1131.47519201     1131.47519201     1131.47519201     0.0     0.0    0.0
2017     CMS_bTagSF_T     2265.44775526     2265.44775526     2265.44775526     0.0     0.0    0.0
2017     CMS_bTagSF_M_corr     1529.21608182     1607.72075453     1447.72676927     0.051336546643     -0.05328829164    0.05328829164
2017     CMS_bTagSF_M_corr     2233.35739278     2151.86095517     2319.32989472     -0.0364905491038     0.0384947354245    0.0384947354245
2017     CMS_bTagSF_M_corr     1131.47519201     1192.16820237     1069.76729735     0.05364060192     -0.0545375586601    0.0545375586601
2017     CMS_bTagSF_M_corr     2265.44775526     2201.70528747     2331.865534     -0.028136807674     0.0293177269638    0.0293177269638
2017     CMS_bTagSF_T_corr     1529.21608182     1529.21608182     1529.21608182     0.0     0.0    0.0
2017     CMS_bTagSF_T_corr     2233.35739278     2233.35739278     2233.35739278     0.0     0.0    0.0
2017     CMS_bTagSF_T_corr     1131.47519201     1131.47519201     1131.47519201     0.0     0.0    0.0
2017     CMS_bTagSF_T_corr     2265.44775526     2265.44775526     2265.44775526     0.0     0.0    0.0
2017     CMS_jer     1529.21608182     1539.8994556     1521.6189048     0.00698617671041     -0.0049680206143    0.00698617671041
2017     CMS_jer     2233.35739278     2250.64452906     2216.12449413     0.00774042539584     -0.00771614014809    0.00774042539584
2017     CMS_jer     1131.47519201     1133.97190702     1131.95679067     0.00220660163347     0.000425637843873    0.00220660163347
2017     CMS_jer     2265.44775526     2277.39329725     2261.62256961     0.00527292759755     -0.00168848989731    0.00527292759755
2017     CMS_jec     1529.21608182     1600.01211495     1462.72155585     0.0462956373346     -0.0434827535259    0.0462956373346
2017     CMS_jec     2233.35739278     2337.89049445     2137.50630971     0.0468053621937     -0.0429179330523    0.0468053621937
2017     CMS_jec     1131.47519201     1164.32465308     1088.95703669     0.029032418297     -0.037577629292    0.037577629292
2017     CMS_jec     2265.44775526     2348.91668046     2177.59756768     0.0368443390521     -0.0387782889173    0.0387782889173
2017     CMS_bTagSF_bc_T_corr     1529.21608182     1529.21608182     1529.21608182     0.0     0.0    0.0
2017     CMS_bTagSF_bc_T_corr     2233.35739278     2233.35739278     2233.35739278     0.0     0.0    0.0
2017     CMS_bTagSF_bc_T_corr     1131.47519201     1131.47519201     1131.47519201     0.0     0.0    0.0
2017     CMS_bTagSF_bc_T_corr     2265.44775526     2265.44775526     2265.44775526     0.0     0.0    0.0
2017     CMS_bTagSF_light_T_corr     1529.21608182     1529.21608182     1529.21608182     0.0     0.0    0.0
2017     CMS_bTagSF_light_T_corr     2233.35739278     2233.35739278     2233.35739278     0.0     0.0    0.0
2017     CMS_bTagSF_light_T_corr     1131.47519201     1131.47519201     1131.47519201     0.0     0.0    0.0
2017     CMS_bTagSF_light_T_corr     2265.44775526     2265.44775526     2265.44775526     0.0     0.0    0.0
2017     CMS_bTagSF_bc_M_corr     1529.21608182     1589.82415078     1466.15059468     0.0396334237419     -0.041240402772    0.041240402772
2017     CMS_bTagSF_bc_M_corr     2233.35739278     2176.08226811     2292.77073609     -0.025645301934     0.0266027029567    0.0266027029567
2017     CMS_bTagSF_bc_M_corr     1131.47519201     1172.37004216     1089.80746737     0.0361429489908     -0.036826016985    0.036826016985
2017     CMS_bTagSF_bc_M_corr     2265.44775526     2223.8852575     2308.00974282     -0.0183462618639     0.0187874504997    0.0187874504997
2017     CMS_bTagSF_light_M_corr     1529.21608182     1547.88169088     1511.59242313     0.0122059984103     -0.0115246359896    0.0122059984103
2017     CMS_bTagSF_light_M_corr     2233.35739278     2208.64797222     2259.37546003     -0.0110638004619     0.0116497553602    0.0116497553602
2017     CMS_bTagSF_light_M_corr     1131.47519201     1151.46576982     1111.61061105     0.0176677119832     -0.0175563557176    0.0176677119832
2017     CMS_bTagSF_light_M_corr     2265.44775526     2242.93561464     2288.96134686     -0.00993717050826     0.0103792248345    0.0103792248345
2017     CMS_bTagSF_bc_T_year     1529.21608182     1529.21608182     1529.21608182     0.0     0.0    0.0
2017     CMS_bTagSF_bc_T_year     2233.35739278     2233.35739278     2233.35739278     0.0     0.0    0.0
2017     CMS_bTagSF_bc_T_year     1131.47519201     1131.47519201     1131.47519201     0.0     0.0    0.0
2017     CMS_bTagSF_bc_T_year     2265.44775526     2265.44775526     2265.44775526     0.0     0.0    0.0
2017     CMS_bTagSF_light_T_year     1529.21608182     1529.21608182     1529.21608182     0.0     0.0    0.0
2017     CMS_bTagSF_light_T_year     2233.35739278     2233.35739278     2233.35739278     0.0     0.0    0.0
2017     CMS_bTagSF_light_T_year     1131.47519201     1131.47519201     1131.47519201     0.0     0.0    0.0
2017     CMS_bTagSF_light_T_year     2265.44775526     2265.44775526     2265.44775526     0.0     0.0    0.0
2017     CMS_bTagSF_bc_M_year     1529.21608182     1592.62095127     1463.38137661     0.0414623349848     -0.043051277049    0.043051277049
2017     CMS_bTagSF_bc_M_year     2233.35739278     2173.48660825     2295.20361183     -0.0268075251736     0.0276920385674    0.0276920385674
2017     CMS_bTagSF_bc_M_year     1131.47519201     1180.88808016     1081.21902236     0.0436712077271     -0.0444165015777    0.0444165015777
2017     CMS_bTagSF_bc_M_year     2265.44775526     2214.53636005     2317.43650755     -0.0224729946163     0.0229485549485    0.0229485549485
2017     CMS_bTagSF_light_M_year     1529.21608182     1561.57537046     1496.61385059     0.0211607038548     -0.0213195712625    0.0213195712625
2017     CMS_bTagSF_light_M_year     2233.35739278     2203.26166866     2263.77677664     -0.0134755521948     0.0136204729098    0.0136204729098
2017     CMS_bTagSF_light_M_year     1131.47519201     1160.23284053     1102.45943613     0.02541606632     -0.0256441821166    0.0256441821166
2017     CMS_bTagSF_light_M_year     2265.44775526     2236.79562843     2294.35967314     -0.012647445418     0.012762120786    0.012762120786
2017     CMS_jer_eta193     1529.21608182     1541.73231298     1521.24480774     0.00818473681476     -0.00521265384065    0.00818473681476
2017     CMS_jer_eta193     2233.35739278     2249.64391537     2215.52158402     0.00729239424084     -0.00798609699019    0.00798609699019
2017     CMS_jer_eta193     1131.47519201     1135.18592589     1132.19215849     0.00327955390251     0.000633656385109    0.00327955390251
2017     CMS_jer_eta193     2265.44775526     2277.45971501     2259.37851238     0.00530224531791     -0.00267904782525    0.00530224531791
2017     CMS_jer_193eta25     1529.21608182     1527.78053248     1529.25621364     -0.000938748524475     2.62433959737e-05    0.000938748524475
2017     CMS_jer_193eta25     2233.35739278     2234.72561462     2233.72253142     0.00061263004869     0.000163493155534    0.00061263004869
2017     CMS_jer_193eta25     1131.47519201     1131.69682619     1131.15077644     0.000195880728642     -0.000286719119238    0.000286719119238
2017     CMS_jer_193eta25     2265.44775526     2265.2204683     2267.12568494     -0.000100327609552     0.000740661388111    0.000740661388111
2017     CMS_jec_FlavorQCD     1529.21608182     1554.94063728     1506.05606689     0.0168220539709     -0.0151450244407    0.0168220539709
2017     CMS_jec_FlavorQCD     2233.35739278     2270.65663759     2201.75337542     0.0167009744787     -0.0141509001022    0.0167009744787
2017     CMS_jec_FlavorQCD     1131.47519201     1144.64778003     1116.84487784     0.0116419592007     -0.0129303004335    0.0129303004335
2017     CMS_jec_FlavorQCD     2265.44775526     2283.94057953     2240.64277809     0.0081629886312     -0.0109492602999    0.0109492602999
2017     CMS_jec_RelativeBal     1529.21608182     1540.37947528     1522.45858154     0.00730007589883     -0.00441893095609    0.00730007589883
2017     CMS_jec_RelativeBal     2233.35739278     2251.83199564     2221.55155185     0.00827212112175     -0.00528614048056    0.00827212112175
2017     CMS_jec_RelativeBal     1131.47519201     1137.11643571     1125.16535138     0.00498574228028     -0.00557664955893    0.00557664955893
2017     CMS_jec_RelativeBal     2265.44775526     2280.82076181     2256.13070797     0.00678585790403     -0.00411267364733    0.00678585790403
2017     CMS_jec_Absolute     1529.21608182     1571.49027168     1488.86932019     0.0276443534474     -0.0263839506439    0.0276443534474
2017     CMS_jec_Absolute     2233.35739278     2300.59996781     2172.43039693     0.0301082913353     -0.0272804505174    0.0301082913353
2017     CMS_jec_Absolute     1131.47519201     1151.42115161     1106.92784944     0.0176282783228     -0.0216949896385    0.0216949896385
2017     CMS_jec_Absolute     2265.44775526     2321.82237871     2204.53778603     0.02488453919     -0.0268865036005    0.0268865036005
2017     CMS_jec_BBEC1_year     1529.21608182     1535.39991459     1518.98580398     0.00404379266514     -0.00668988376215    0.00668988376215
2017     CMS_jec_BBEC1_year     2233.35739278     2254.32521404     2224.63793208     0.00938847554548     -0.00390419407492    0.00938847554548
2017     CMS_jec_BBEC1_year     1131.47519201     1137.30325404     1124.85904324     0.00515085268622     -0.00584736529428    0.00584736529428
2017     CMS_jec_BBEC1_year     2265.44775526     2281.54508177     2259.33920019     0.00710558276012     -0.00269640076935    0.00710558276012
2017     CMS_jec_Absolute_year     1529.21608182     1542.71456374     1518.39231233     0.00882705987855     -0.00707798565365    0.00882705987855
2017     CMS_jec_Absolute_year     2233.35739278     2255.59964687     2217.22580214     0.00995911096418     -0.0072230224731    0.00995911096418
2017     CMS_jec_Absolute_year     1131.47519201     1136.81195525     1124.54323505     0.00471664184461     -0.00612647719187    0.00612647719187
2017     CMS_jec_Absolute_year     2265.44775526     2278.09343503     2253.33985157     0.0055819781075     -0.00534459629665    0.0055819781075
2017     CMS_jec_RelativeSample_year     1529.21608182     1553.2480625     1502.01178075     0.0157152288458     -0.0177897037557    0.0177897037557
2017     CMS_jec_RelativeSample_year     2233.35739278     2282.15016642     2191.68570679     0.0218472752293     -0.0186587628659    0.0218472752293
2017     CMS_jec_RelativeSample_year     1131.47519201     1143.87324918     1111.33578205     0.0109574273071     -0.0177992501329    0.0177992501329
2017     CMS_jec_RelativeSample_year     2265.44775526     2299.61290686     2228.99971196     0.0150809708686     -0.0160886708645    0.0160886708645
2017     CMS_pu     1529.21608182     1539.3060706     1520.73484428     0.00659814456482     -0.00554613415199    0.00659814456482
2017     CMS_pu     2233.35739278     2241.14544771     2231.93974837     0.0034871512101     -0.000634759312728    0.0034871512101
2017     CMS_pu     1131.47519201     1135.88042057     1127.40001334     0.00389334966291     -0.00360165092021    0.00389334966291
2017     CMS_pu     2265.44775526     2260.91260962     2272.21353029     -0.00200187606648     0.00298650675693    0.00298650675693
2017     CMS_L1Prefiring     1529.21608182     1518.91810374     1539.41255942     -0.0067341549695     0.00666778078296    0.0067341549695
2017     CMS_L1Prefiring     2233.35739278     2218.43257322     2249.00764338     -0.00668268303353     0.00700749940629    0.00700749940629
2017     CMS_L1Prefiring     1131.47519201     1123.07063351     1139.84597798     -0.0074279653275     0.00739811710402    0.0074279653275
2017     CMS_L1Prefiring     2265.44775526     2249.74150304     2281.26629785     -0.00693295715286     0.00698252367885    0.00698252367885
2017     CMS_pdf_QCD     1529.21608182     1562.02498061     1497.03908851     0.0214547173404     -0.0210414955018    0.0214547173404
2017     CMS_pdf_QCD     2233.35739278     2278.4491868     2190.0663147     0.020190138025     -0.0193838559908    0.020190138025
2017     CMS_pdf_QCD     1131.47519201     1153.32924293     1109.62102147     0.0193146531872     -0.0193147589062    0.0193147589062
2017     CMS_pdf_QCD     2265.44775526     2303.22376263     2227.99942471     0.0166748525912     -0.0165302115047    0.0166748525912
2017     CMS_renorm_QCD     1529.21608182     1418.44502292     1659.19385335     -0.072436498813     0.0849963409854    0.0849963409854
2017     CMS_renorm_QCD     2233.35739278     2070.77512549     2424.29234282     -0.072797245894     0.0854923402141    0.0854923402141
2017     CMS_renorm_QCD     1131.47519201     1049.57059575     1227.56191487     -0.0723874432549     0.0849216346369    0.0849216346369
2017     CMS_renorm_QCD     2265.44775526     2100.73719781     2458.82573144     -0.0727055201621     0.0853597156369    0.0853597156369
2017     CMS_fact_QCD     1529.21608182     1318.82150133     1796.15970579     -0.137583290547     0.174562396473    0.174562396473
2017     CMS_fact_QCD     2233.35739278     1930.27699113     2616.87628752     -0.135706180581     0.171723028291    0.171723028291
2017     CMS_fact_QCD     1131.47519201     981.484867315     1320.36269199     -0.132561743955     0.166939143969    0.166939143969
2017     CMS_fact_QCD     2265.44775526     1965.57847893     2643.29256524     -0.13236644969     0.166785929673    0.166785929673
2017     CMS_jec_AbsoluteCal     1529.21608182     1539.58594843     1519.58071997     0.00678116502781     -0.00630085045628    0.00678116502781
2017     CMS_jec_AbsoluteCal     2233.35739278     2247.93725982     2219.71414211     0.00652822834659     -0.00610885239767    0.00652822834659
2017     CMS_jec_AbsoluteCal     1131.47519201     1135.84128503     1125.52991002     0.00385876160047     -0.00525445191172    0.00525445191172
2017     CMS_jec_AbsoluteCal     2265.44775526     2280.47886742     2253.71128558     0.00663494098482     -0.00518064018395    0.00663494098482
2017     CMS_jec_AbsoluteTheory     1529.21608182     1571.4901787     1488.86922816     0.0276442926418     -0.0263840108248    0.0276442926418
2017     CMS_jec_AbsoluteTheory     2233.35739278     2300.59999674     2172.43049354     0.0301083042869     -0.0272804072639    0.0301083042869
2017     CMS_jec_AbsoluteTheory     1131.47519201     1151.42115141     1106.9278622     0.0176282781419     -0.0216949783636    0.0216949783636
2017     CMS_jec_AbsoluteTheory     2265.44775526     2321.82235258     2204.53775233     0.0248845276565     -0.0268865184766    0.0268865184766
2017     CMS_jec_AbsolutePU     1529.21608182     1544.46651418     1516.13247314     0.00997271251449     -0.0085557618955    0.00997271251449
2017     CMS_jec_AbsolutePU     2233.35739278     2258.68905792     2213.9059144     0.0113424144399     -0.00870952335812    0.0113424144399
2017     CMS_jec_AbsolutePU     1131.47519201     1138.60393853     1124.50731445     0.00630040019169     -0.00615822389368    0.00630040019169
2017     CMS_jec_AbsolutePU     2265.44775526     2278.24861256     2254.1329096     0.00565047561867     -0.00499452950727    0.00565047561867
2017     CMS_jec_AbsoluteScale     1529.21608182     1571.4901787     1488.86922816     0.0276442926418     -0.0263840108248    0.0276442926418
2017     CMS_jec_AbsoluteScale     2233.35739278     2300.59999674     2172.43049354     0.0301083042869     -0.0272804072639    0.0301083042869
2017     CMS_jec_AbsoluteScale     1131.47519201     1151.42115141     1106.9278622     0.0176282781419     -0.0216949783636    0.0216949783636
2017     CMS_jec_AbsoluteScale     2265.44775526     2321.82235258     2204.53775233     0.0248845276565     -0.0268865184766    0.0268865184766
2017     CMS_jec_Fragmentation     1529.21608182     1535.5091214     1524.9865139     0.0041152062519     -0.00276584059534    0.0041152062519
2017     CMS_jec_Fragmentation     2233.35739278     2240.78282226     2226.9132542     0.00332478335465     -0.00288540409775    0.00332478335465
2017     CMS_jec_Fragmentation     1131.47519201     1134.81262694     1128.65958826     0.0029496315587     -0.00248843613528    0.0029496315587
2017     CMS_jec_Fragmentation     2265.44775526     2272.62413395     2258.57226607     0.00316775289987     -0.00303493610316    0.00316775289987
2017     CMS_jec_AbsoluteMPFBias     1529.21608182     1571.4901787     1488.86922816     0.0276442926418     -0.0263840108248    0.0276442926418
2017     CMS_jec_AbsoluteMPFBias     2233.35739278     2300.59999674     2172.43049354     0.0301083042869     -0.0272804072639    0.0301083042869
2017     CMS_jec_AbsoluteMPFBias     1131.47519201     1151.42115141     1106.9278622     0.0176282781419     -0.0216949783636    0.0216949783636
2017     CMS_jec_AbsoluteMPFBias     2265.44775526     2321.82235258     2204.53775233     0.0248845276565     -0.0268865184766    0.0268865184766
2017     CMS_jec_RelativeFSR     1529.21608182     1543.17695629     1518.86835593     0.00912943215869     -0.00676668654507    0.00912943215869
2017     CMS_jec_RelativeFSR     2233.35739278     2260.27524466     2218.09126241     0.0120526396572     -0.00683550712511    0.0120526396572
2017     CMS_jec_RelativeFSR     1131.47519201     1136.91413436     1126.90094435     0.00480694794525     -0.00404272907893    0.00480694794525
2017     CMS_jec_RelativeFSR     2265.44775526     2278.65045019     2256.01443014     0.00582785230965     -0.00416400029093    0.00582785230965
2017     CMS_scale_QCD     1529.21608182     1948.81344035     1223.2828068     0.274387225924     -0.200058892042    0.274387225924
2017     CMS_scale_QCD     2233.35739278     2840.57934899     1789.74767378     0.271887499142     -0.198629077652    0.271887499142
2017     CMS_scale_QCD     1131.47519201     1432.48425934     910.434116863     0.26603240571     -0.195356536942    0.26603240571
2017     CMS_scale_QCD     2265.44775526     2868.92532532     1822.66961078     0.266383353429     -0.195448402398    0.266383353429
2017     CMS_bTagSF_M     41.6598439677     42.1636274191     41.0559670018     0.0120927829625     -0.0144954207301    0.0144954207301
2017     CMS_bTagSF_M     2.22564606903     1.69931086846     2.84452108759     -0.236486478195     0.278065334451    0.278065334451
2017     CMS_bTagSF_M     8.48074288498     8.53726191883     8.40246859819     0.00666439657677     -0.00922964978959    0.00922964978959
2017     CMS_bTagSF_M     0.686769814533     0.544542612914     0.84861087842     -0.207095883671     0.235655470673    0.235655470673
2017     CMS_bTagSF_T     41.6598439677     41.6598439677     41.6598439677     0.0     0.0    0.0
2017     CMS_bTagSF_T     2.22564606903     2.22564606903     2.22564606903     0.0     0.0    0.0
2017     CMS_bTagSF_T     8.48074288498     8.48074288498     8.48074288498     0.0     0.0    0.0
2017     CMS_bTagSF_T     0.686769814533     0.686769814533     0.686769814533     0.0     0.0    0.0
2017     CMS_bTagSF_M_corr     41.6598439677     42.2543696566     41.115215872     0.0142709533288     -0.0130732149673    0.0142709533288
2017     CMS_bTagSF_M_corr     2.22564606903     1.69052619018     2.8603727547     -0.240433502118     0.285187611141    0.285187611141
2017     CMS_bTagSF_M_corr     8.48074288498     8.55790092844     8.40909823783     0.00909802885267     -0.00844792114604    0.00909802885267
2017     CMS_bTagSF_M_corr     0.686769814533     0.549818237538     0.84363659512     -0.199414089113     0.22841245679    0.22841245679
2017     CMS_bTagSF_T_corr     41.6598439677     41.6598439677     41.6598439677     0.0     0.0    0.0
2017     CMS_bTagSF_T_corr     2.22564606903     2.22564606903     2.22564606903     0.0     0.0    0.0
2017     CMS_bTagSF_T_corr     8.48074288498     8.48074288498     8.48074288498     0.0     0.0    0.0
2017     CMS_bTagSF_T_corr     0.686769814533     0.686769814533     0.686769814533     0.0     0.0    0.0
2017     CMS_jer     41.6598439677     41.9286640006     41.4817180118     0.00645273739044     -0.00427572306912    0.00645273739044
2017     CMS_jer     2.22564606903     2.24335366844     2.24002552198     0.00795616142957     0.00646079947288    0.00795616142957
2017     CMS_jer     8.48074288498     8.48741838042     8.45470895461     0.000787135695238     -0.00306977003298    0.00306977003298
2017     CMS_jer     0.686769814533     0.689132332887     0.698335575973     0.00344004396225     0.0168408121549    0.0168408121549
2017     CMS_jec     41.6598439677     43.1602537302     40.3195513146     0.0360157316877     -0.0321722917186    0.0360157316877
2017     CMS_jec     2.22564606903     2.30257141949     2.20119818596     0.0345631551801     -0.0109846230302    0.0345631551801
2017     CMS_jec     8.48074288498     8.50607884604     8.38549872526     0.00298746954155     -0.0112306387553    0.0112306387553
2017     CMS_jec     0.686769814533     0.685125053452     0.698064933306     -0.00239492337271     0.0164467315453    0.0164467315453
2017     CMS_bTagSF_bc_T_corr     41.6598439677     41.6598439677     41.6598439677     0.0     0.0    0.0
2017     CMS_bTagSF_bc_T_corr     2.22564606903     2.22564606903     2.22564606903     0.0     0.0    0.0
2017     CMS_bTagSF_bc_T_corr     8.48074288498     8.48074288498     8.48074288498     0.0     0.0    0.0
2017     CMS_bTagSF_bc_T_corr     0.686769814533     0.686769814533     0.686769814533     0.0     0.0    0.0
2017     CMS_bTagSF_light_T_corr     41.6598439677     41.6598439677     41.6598439677     0.0     0.0    0.0
2017     CMS_bTagSF_light_T_corr     2.22564606903     2.22564606903     2.22564606903     0.0     0.0    0.0
2017     CMS_bTagSF_light_T_corr     8.48074288498     8.48074288498     8.48074288498     0.0     0.0    0.0
2017     CMS_bTagSF_light_T_corr     0.686769814533     0.686769814533     0.686769814533     0.0     0.0    0.0
2017     CMS_bTagSF_bc_M_corr     41.6598439677     42.1367779689     41.0965426821     0.0114482906266     -0.0135214449194    0.0135214449194
2017     CMS_bTagSF_bc_M_corr     2.22564606903     1.70494604057     2.82918527252     -0.233954551763     0.271174834081    0.271174834081
2017     CMS_bTagSF_bc_M_corr     8.48074288498     8.53758487753     8.40426345995     0.00670247799286     -0.00901801010429    0.00901801010429
2017     CMS_bTagSF_bc_M_corr     0.686769814533     0.551602207891     0.840735362934     -0.196816464239     0.224187995953    0.224187995953
2017     CMS_bTagSF_light_M_corr     41.6598439677     41.7806005289     41.6837039573     0.00289863210355     0.000572733532861    0.00289863210355
2017     CMS_bTagSF_light_M_corr     2.22564606903     2.20730513175     2.25069383456     -0.00824072503592     0.0112541548618    0.0112541548618
2017     CMS_bTagSF_light_M_corr     8.48074288498     8.50110149428     8.48611130148     0.00240056909877     0.000633012528974    0.00240056909877
2017     CMS_bTagSF_light_M_corr     0.686769814533     0.684759890247     0.689322167181     -0.00292663457709     0.00371646015066    0.00371646015066
2017     CMS_bTagSF_bc_T_year     41.6598439677     41.6598439677     41.6598439677     0.0     0.0    0.0
2017     CMS_bTagSF_bc_T_year     2.22564606903     2.22564606903     2.22564606903     0.0     0.0    0.0
2017     CMS_bTagSF_bc_T_year     8.48074288498     8.48074288498     8.48074288498     0.0     0.0    0.0
2017     CMS_bTagSF_bc_T_year     0.686769814533     0.686769814533     0.686769814533     0.0     0.0    0.0
2017     CMS_bTagSF_light_T_year     41.6598439677     41.6598439677     41.6598439677     0.0     0.0    0.0
2017     CMS_bTagSF_light_T_year     2.22564606903     2.22564606903     2.22564606903     0.0     0.0    0.0
2017     CMS_bTagSF_light_T_year     8.48074288498     8.48074288498     8.48074288498     0.0     0.0    0.0
2017     CMS_bTagSF_light_T_year     0.686769814533     0.686769814533     0.686769814533     0.0     0.0    0.0
2017     CMS_bTagSF_bc_M_year     41.6598439677     42.0808615635     41.156970257     0.0101060771154     -0.0120709456107    0.0120709456107
2017     CMS_bTagSF_bc_M_year     2.22564606903     1.72237244053     2.80783658943     -0.22612473542     0.26158270558    0.26158270558
2017     CMS_bTagSF_bc_M_year     8.48074288498     8.52143799112     8.42557525562     0.00479853082414     -0.00650504679908    0.00650504679908
2017     CMS_bTagSF_bc_M_year     0.686769814533     0.55181838995     0.837778657348     -0.196501683282     0.219882760744    0.219882760744
2017     CMS_bTagSF_light_M_year     41.6598439677     41.7495575777     41.5669435298     0.00215347926139     -0.0022299756555    0.0022299756555
2017     CMS_bTagSF_light_M_year     2.22564606903     2.19631803444     2.25515832166     -0.0131773128702     0.0132600834584    0.0132600834584
2017     CMS_bTagSF_light_M_year     8.48074288498     8.49848733248     8.45993047007     0.00209232230507     -0.00245407922264    0.00245407922264
2017     CMS_bTagSF_light_M_year     0.686769814533     0.677853588044     0.695765614079     -0.0129828456345     0.0130987113233    0.0130987113233
2017     CMS_jer_eta193     41.6598439677     41.9150035865     41.482606586     0.00612483376024     -0.00425439379656    0.00612483376024
2017     CMS_jer_eta193     2.22564606903     2.24356975655     2.2367754683     0.00805325148743     0.0050005252072    0.00805325148743
2017     CMS_jer_eta193     8.48074288498     8.49170716138     8.45272891692     0.00129284386394     -0.00330324459029    0.00330324459029
2017     CMS_jer_eta193     0.686769814533     0.684087367854     0.696720693252     -0.00390588902183     0.0144893944216    0.0144893944216
2017     CMS_jer_193eta25     41.6598439677     41.6635444538     41.6558961785     8.88262109153e-05     -9.47624581871e-05    9.47624581871e-05
2017     CMS_jer_193eta25     2.22564606903     2.22542999113     2.23241954322     -9.70854713583e-05     0.00304337436203    0.00304337436203
2017     CMS_jer_193eta25     8.48074288498     8.47642788566     8.48261756845     -0.000508799686513     0.000221051799125    0.000508799686513
2017     CMS_jer_193eta25     0.686769814533     0.69181477426     0.686143122906     0.00734592525805     -0.000912520634687    0.00734592525805
2017     CMS_jec_FlavorQCD     41.6598439677     42.1729497433     41.2271620572     0.012316555385     -0.0103860665162    0.012316555385
2017     CMS_jec_FlavorQCD     2.22564606903     2.26130269178     2.21934248545     0.0160207964973     -0.0028322488776    0.0160207964973
2017     CMS_jec_FlavorQCD     8.48074288498     8.51447157997     8.42263358913     0.00397709203603     -0.00685191104599    0.00685191104599
2017     CMS_jec_FlavorQCD     0.686769814533     0.68593903659     0.694030635951     -0.00120968907691     0.010572423634    0.010572423634
2017     CMS_jec_RelativeBal     41.6598439677     41.8464159579     41.5182536098     0.00447846108948     -0.0033987251124    0.00447846108948
2017     CMS_jec_RelativeBal     2.22564606903     2.23439083863     2.21713813635     0.00392909264588     -0.00382267998572    0.00392909264588
2017     CMS_jec_RelativeBal     8.48074288498     8.49223933472     8.47694962407     0.00135559465704     -0.000447279320049    0.00135559465704
2017     CMS_jec_RelativeBal     0.686769814533     0.697380195608     0.685916283817     0.0154496904938     -0.00124281920562    0.0154496904938
2017     CMS_jec_Absolute     41.6598439677     42.6037553799     40.8506344673     0.0226575839538     -0.0194242086211    0.0226575839538
2017     CMS_jec_Absolute     2.22564606903     2.27662116103     2.20680598325     0.0229035032607     -0.0084649963182    0.0229035032607
2017     CMS_jec_Absolute     8.48074288498     8.47829484227     8.41784224796     -0.000288658993891     -0.00741687819986    0.00741687819986
2017     CMS_jec_Absolute     0.686769814533     0.679824671811     0.69173162545     -0.0101127664245     0.00722485294482    0.0101127664245
2017     CMS_jec_BBEC1_year     41.6598439677     41.7722834694     41.5658269938     0.00269898998686     -0.00225677690926    0.00269898998686
2017     CMS_jec_BBEC1_year     2.22564606903     2.23574589642     2.2370798377     0.00453793059515     0.00513728073252    0.00513728073252
2017     CMS_jec_BBEC1_year     8.48074288498     8.48587044934     8.48540489018     0.000604612641822     0.000549716607136    0.000604612641822
2017     CMS_jec_BBEC1_year     0.686769814533     0.696949007419     0.683878810755     0.0148218408424     -0.00420956733558    0.0148218408424
2017     CMS_jec_Absolute_year     41.6598439677     41.9298528154     41.4717892317     0.00648127362004     -0.00451405281637    0.00648127362004
2017     CMS_jec_Absolute_year     2.22564606903     2.23931880917     2.21181989558     0.00614326794083     -0.00621220671504    0.00621220671504
2017     CMS_jec_Absolute_year     8.48074288498     8.48325054467     8.48295569855     0.000295688682239     0.000260922138632    0.000295688682239
2017     CMS_jec_Absolute_year     0.686769814533     0.691575998087     0.684391665427     0.00699824519451     -0.00346280377386    0.00699824519451
2017     CMS_jec_RelativeSample_year     41.6598439677     42.2939178265     41.0903469326     0.0152202648493     -0.0136701672607    0.0152202648493
2017     CMS_jec_RelativeSample_year     2.22564606903     2.26123540283     2.1958908739     0.0159905630507     -0.0133692394079    0.0159905630507
2017     CMS_jec_RelativeSample_year     8.48074288498     8.48020540373     8.43222539891     -6.33766700482e-05     -0.00572090048259    0.00572090048259
2017     CMS_jec_RelativeSample_year     0.686769814533     0.690362759622     0.684270118759     0.00523165842882     -0.00363978689945    0.00523165842882
2017     CMS_pu     41.6598439677     41.5295041045     41.6937438392     -0.00312866901987     0.000813730159201    0.00312866901987
2017     CMS_pu     2.22564606903     2.22682987115     2.21701850178     0.000531891451963     -0.00387643272193    0.00387643272193
2017     CMS_pu     8.48074288498     8.4768736018     8.48944265977     -0.00045624342424     0.00102582697148    0.00102582697148
2017     CMS_pu     0.686769814533     0.70330588792     0.673872760446     0.0240780433814     -0.0187792966643    0.0240780433814
2017     CMS_topPt     41.6598439677     36.0896205121     41.6598439677     -0.133707256798     0.0    0.133707256798
2017     CMS_topPt     2.22564606903     1.94978641006     2.22564606903     -0.123945879272     0.0    0.123945879272
2017     CMS_topPt     8.48074288498     7.47664943818     8.48074288498     -0.118396874002     0.0    0.118396874002
2017     CMS_topPt     0.686769814533     0.611152601052     0.686769814533     -0.110105616003     0.0    0.110105616003
2017     CMS_L1Prefiring     41.6598439677     41.4060794897     41.9208013621     -0.00609134489765     0.00626400316328    0.00626400316328
2017     CMS_L1Prefiring     2.22564606903     2.21063849715     2.24048761698     -0.00674301817098     0.00666842233093    0.00674301817098
2017     CMS_L1Prefiring     8.48074288498     8.41447519073     8.55467007654     -0.00781390205413     0.00871706554034    0.00871706554034
2017     CMS_L1Prefiring     0.686769814533     0.682539638544     0.694281383984     -0.0061595252143     0.0109375358264    0.0109375358264
2017     CMS_pdf_TTbar     41.6598439677     42.7368665509     40.6064219309     0.0258527752542     -0.025286269378    0.0258527752542
2017     CMS_pdf_TTbar     2.22564606903     2.28664951414     2.16486341063     0.0274093199081     -0.0273101187319    0.0274093199081
2017     CMS_pdf_TTbar     8.48074288498     8.70332616613     8.26510372978     0.0262457291976     -0.0254269181516    0.0262457291976
2017     CMS_pdf_TTbar     0.686769814533     0.700650771133     0.672888918472     0.0202119491947     -0.0202118610448    0.0202119491947
2017     CMS_renorm_TTbar     41.6598439677     34.3004802134     51.6668518987     -0.176653656216     0.24020752307    0.24020752307
2017     CMS_renorm_TTbar     2.22564606903     1.8171572157     2.78718412951     -0.183537202528     0.252303395535    0.252303395535
2017     CMS_renorm_TTbar     8.48074288498     7.04785927405     10.4068616838     -0.168957322532     0.227116754383    0.227116754383
2017     CMS_renorm_TTbar     0.686769814533     0.569365088668     0.845121978773     -0.17095207649     0.230575311974    0.230575311974
2017     CMS_fact_TTbar     41.6598439677     35.4276512734     49.6918091813     -0.149597120411     0.192798734912    0.192798734912
2017     CMS_fact_TTbar     2.22564606903     1.89761227938     2.64741315312     -0.147388119889     0.189503214349    0.189503214349
2017     CMS_fact_TTbar     8.48074288498     7.21491202947     10.1119278963     -0.149259430768     0.192339873219    0.192339873219
2017     CMS_fact_TTbar     0.686769814533     0.584554744098     0.818396394681     -0.148834541461     0.191660404057    0.191660404057
2017     CMS_jec_AbsoluteCal     41.6598439677     41.8868151516     41.4739206833     0.00544820052846     -0.00446288959974    0.00544820052846
2017     CMS_jec_AbsoluteCal     2.22564606903     2.23694080496     2.20875455347     0.00507481224586     -0.00758948864255    0.00758948864255
2017     CMS_jec_AbsoluteCal     8.48074288498     8.48069188933     8.47885648901     -6.01311051407e-06     -0.000222432868491    0.000222432868491
2017     CMS_jec_AbsoluteCal     0.686769814533     0.690632706775     0.686842831     0.00562472630572     0.00010631869012    0.00562472630572
2017     CMS_jec_AbsoluteTheory     41.6598439677     42.6037553799     40.8506344673     0.0226575839538     -0.0194242086211    0.0226575839538
2017     CMS_jec_AbsoluteTheory     2.22564606903     2.27662116103     2.20680598325     0.0229035032607     -0.0084649963182    0.0229035032607
2017     CMS_jec_AbsoluteTheory     8.48074288498     8.47829484227     8.41784224796     -0.000288658993891     -0.00741687819986    0.00741687819986
2017     CMS_jec_AbsoluteTheory     0.686769814533     0.679824671811     0.69173162545     -0.0101127664245     0.00722485294482    0.0101127664245
2017     CMS_jec_AbsolutePU     41.6598439677     41.9347025493     41.4250221913     0.00659768629444     -0.00563664560492    0.00659768629444
2017     CMS_jec_AbsolutePU     2.22564606903     2.23943534552     2.21946102075     0.00619562862108     -0.00277899004898    0.00619562862108
2017     CMS_jec_AbsolutePU     8.48074288498     8.46625519008     8.46813211379     -0.00170830493195     -0.00148698897754    0.00170830493195
2017     CMS_jec_AbsolutePU     0.686769814533     0.68825037862     0.685639596512     0.00215583745254     -0.00164570136375    0.00215583745254
2017     CMS_jec_AbsoluteScale     41.6598439677     42.6037553799     40.8506344673     0.0226575839538     -0.0194242086211    0.0226575839538
2017     CMS_jec_AbsoluteScale     2.22564606903     2.27662116103     2.20680598325     0.0229035032607     -0.0084649963182    0.0229035032607
2017     CMS_jec_AbsoluteScale     8.48074288498     8.47829484227     8.41784224796     -0.000288658993891     -0.00741687819986    0.00741687819986
2017     CMS_jec_AbsoluteScale     0.686769814533     0.679824671811     0.69173162545     -0.0101127664245     0.00722485294482    0.0101127664245
2017     CMS_jec_Fragmentation     41.6598439677     41.7890732828     41.5802350245     0.00310201150036     -0.00191092754033    0.00310201150036
2017     CMS_jec_Fragmentation     2.22564606903     2.22953205279     2.21257051054     0.00174600256974     -0.00587494960371    0.00587494960371
2017     CMS_jec_Fragmentation     8.48074288498     8.48446342283     8.48022938863     0.000438704238584     -6.05485098762e-05    0.000438704238584
2017     CMS_jec_Fragmentation     0.686769814533     0.692754189795     0.688951658155     0.00871380065918     0.00317696493949    0.00871380065918
2017     CMS_jec_AbsoluteMPFBias     41.6598439677     42.6037553799     40.8506344673     0.0226575839538     -0.0194242086211    0.0226575839538
2017     CMS_jec_AbsoluteMPFBias     2.22564606903     2.27662116103     2.20680598325     0.0229035032607     -0.0084649963182    0.0229035032607
2017     CMS_jec_AbsoluteMPFBias     8.48074288498     8.47829484227     8.41784224796     -0.000288658993891     -0.00741687819986    0.00741687819986
2017     CMS_jec_AbsoluteMPFBias     0.686769814533     0.679824671811     0.69173162545     -0.0101127664245     0.00722485294482    0.0101127664245
2017     CMS_jec_RelativeFSR     41.6598439677     41.9091095104     41.4593699327     0.00598335276868     -0.00481216480594    0.00598335276868
2017     CMS_jec_RelativeFSR     2.22564606903     2.23281137761     2.22282642924     0.00321942858629     -0.00126688597605    0.00321942858629
2017     CMS_jec_RelativeFSR     8.48074288498     8.47562642126     8.48199258989     -0.000603303718002     0.000147357953152    0.000603303718002
2017     CMS_jec_RelativeFSR     0.686769814533     0.691016280451     0.693319208687     0.00618324484837     0.00953652012072    0.00953652012072
2017     CMS_scale_TTbar     41.6598439677     61.6609546663     29.1814058907     0.480105271496     -0.299531560576    0.480105271496
2017     CMS_scale_TTbar     2.22564606903     3.31717247194     1.5500024959     0.490431258635     -0.303571885273    0.490431258635
2017     CMS_scale_TTbar     8.48074288498     12.41560015     5.9985329777     0.463975540635     -0.292687791735    0.463975540635
2017     CMS_scale_TTbar     0.686769814533     1.00773561532     0.484856925543     0.467355719474     -0.294003732717    0.467355719474
2017     CMS_bTagSF_M     1116.80275521     1123.36853769     1105.42173298     0.00587908872035     -0.0101907182562    0.0101907182562
2017     CMS_bTagSF_M     25.8664517793     14.6255998388     41.3725682609     -0.43457262853     0.599468246128    0.599468246128
2017     CMS_bTagSF_M     122.779950776     123.870554105     121.209843908     0.00888258483616     -0.0127879744043    0.0127879744043
2017     CMS_bTagSF_M     5.34193893234     3.36921782687     7.8410186938     -0.369289340529     0.467822600205    0.467822600205
2017     CMS_bTagSF_T     1116.80275521     1116.80275521     1116.80275521     0.0     0.0    0.0
2017     CMS_bTagSF_T     25.8664517793     25.8664517793     25.8664517793     0.0     0.0    0.0
2017     CMS_bTagSF_T     122.779950776     122.779950776     122.779950776     0.0     0.0    0.0
2017     CMS_bTagSF_T     5.34193893234     5.34193893234     5.34193893234     0.0     0.0    0.0
2017     CMS_bTagSF_M_corr     1116.80275521     1124.07014382     1107.53423677     0.00650731615925     -0.0082991543419    0.0082991543419
2017     CMS_bTagSF_M_corr     25.8664517793     16.7114553859     37.5456832499     -0.353933213241     0.451520431572    0.451520431572
2017     CMS_bTagSF_M_corr     122.779950776     123.49431126     121.744782187     0.00581821770628     -0.00843108816252    0.00843108816252
2017     CMS_bTagSF_M_corr     5.34193893234     3.72004058485     7.3103262248     -0.303616040549     0.368478059632    0.368478059632
2017     CMS_bTagSF_T_corr     1116.80275521     1116.80275521     1116.80275521     0.0     0.0    0.0
2017     CMS_bTagSF_T_corr     25.8664517793     25.8664517793     25.8664517793     0.0     0.0    0.0
2017     CMS_bTagSF_T_corr     122.779950776     122.779950776     122.779950776     0.0     0.0    0.0
2017     CMS_bTagSF_T_corr     5.34193893234     5.34193893234     5.34193893234     0.0     0.0    0.0
2017     CMS_jer     1116.80275521     1116.65641962     1116.19750032     -0.000131030824151     -0.000541953248971    0.000541953248971
2017     CMS_jer     25.8664517793     25.978323911     25.8771228006     0.00432498947491     0.000412542910683    0.00432498947491
2017     CMS_jer     122.779950776     122.479795396     123.654210689     -0.00244466118708     0.0071205429469    0.0071205429469
2017     CMS_jer     5.34193893234     5.25728074921     5.28661580715     -0.0158478380603     -0.0103563754449    0.0158478380603
2017     CMS_jec     1116.80275521     1125.41001133     1109.14249415     0.00770705129375     -0.00685909935565    0.00770705129375
2017     CMS_jec     25.8664517793     26.0602945222     25.8166195568     0.0074939827296     -0.00192651945153    0.0074939827296
2017     CMS_jec     122.779950776     122.755935797     122.558323956     -0.000195593654201     -0.00180507337702    0.00180507337702
2017     CMS_jec     5.34193893234     5.27913455721     5.3422008969     -0.0117568500725     4.90392275521e-05    0.0117568500725
2017     CMS_bTagSF_bc_T_corr     1116.80275521     1116.80275521     1116.80275521     0.0     0.0    0.0
2017     CMS_bTagSF_bc_T_corr     25.8664517793     25.8664517793     25.8664517793     0.0     0.0    0.0
2017     CMS_bTagSF_bc_T_corr     122.779950776     122.779950776     122.779950776     0.0     0.0    0.0
2017     CMS_bTagSF_bc_T_corr     5.34193893234     5.34193893234     5.34193893234     0.0     0.0    0.0
2017     CMS_bTagSF_light_T_corr     1116.80275521     1116.80275521     1116.80275521     0.0     0.0    0.0
2017     CMS_bTagSF_light_T_corr     25.8664517793     25.8664517793     25.8664517793     0.0     0.0    0.0
2017     CMS_bTagSF_light_T_corr     122.779950776     122.779950776     122.779950776     0.0     0.0    0.0
2017     CMS_bTagSF_light_T_corr     5.34193893234     5.34193893234     5.34193893234     0.0     0.0    0.0
2017     CMS_bTagSF_bc_M_corr     1116.80275521     1124.06810181     1106.82194124     0.00650548771264     -0.0089369532049    0.0089369532049
2017     CMS_bTagSF_bc_M_corr     25.8664517793     16.7217708509     37.5546206688     -0.35353441618     0.451865953214    0.451865953214
2017     CMS_bTagSF_bc_M_corr     122.779950776     123.424592905     121.810427111     0.00525038595315     -0.00789643308571    0.00789643308571
2017     CMS_bTagSF_bc_M_corr     5.34193893234     3.70026230445     7.3470155111     -0.307318494031     0.375346218696    0.375346218696
2017     CMS_bTagSF_light_M_corr     1116.80275521     1116.77584085     1117.51252794     -2.40994694095e-05     0.000635539916868    0.000635539916868
2017     CMS_bTagSF_light_M_corr     25.8664517793     25.865046564     25.8693441128     -5.43257852564e-05     0.000111817947605    0.000111817947605
2017     CMS_bTagSF_light_M_corr     122.779950776     122.881966042     122.742659294     0.000830878863061     -0.000303726158243    0.000830878863061
2017     CMS_bTagSF_light_M_corr     5.34193893234     5.36975237477     5.31422468529     0.00520661931709     -0.00518805014429    0.00520661931709
2017     CMS_bTagSF_bc_T_year     1116.80275521     1116.80275521     1116.80275521     0.0     0.0    0.0
2017     CMS_bTagSF_bc_T_year     25.8664517793     25.8664517793     25.8664517793     0.0     0.0    0.0
2017     CMS_bTagSF_bc_T_year     122.779950776     122.779950776     122.779950776     0.0     0.0    0.0
2017     CMS_bTagSF_bc_T_year     5.34193893234     5.34193893234     5.34193893234     0.0     0.0    0.0
2017     CMS_bTagSF_light_T_year     1116.80275521     1116.80275521     1116.80275521     0.0     0.0    0.0
2017     CMS_bTagSF_light_T_year     25.8664517793     25.8664517793     25.8664517793     0.0     0.0    0.0
2017     CMS_bTagSF_light_T_year     122.779950776     122.779950776     122.779950776     0.0     0.0    0.0
2017     CMS_bTagSF_light_T_year     5.34193893234     5.34193893234     5.34193893234     0.0     0.0    0.0
2017     CMS_bTagSF_bc_M_year     1116.80275521     1123.39393771     1105.53592269     0.00590183223713     -0.0100884712797    0.0100884712797
2017     CMS_bTagSF_bc_M_year     25.8664517793     14.7668031921     41.0137562627     -0.429113690655     0.585596533019    0.585596533019
2017     CMS_bTagSF_bc_M_year     122.779950776     123.917082125     121.203645778     0.00926153937721     -0.0128384560239    0.0128384560239
2017     CMS_bTagSF_bc_M_year     5.34193893234     3.40159386901     7.771122565     -0.363228611915     0.454738188406    0.454738188406
2017     CMS_bTagSF_light_M_year     1116.80275521     1116.8286352     1116.77451619     2.31732886524e-05     -2.52855911158e-05    2.52855911158e-05
2017     CMS_bTagSF_light_M_year     25.8664517793     25.6318449614     26.1026482516     -0.00906992655415     0.00913138277746    0.00913138277746
2017     CMS_bTagSF_light_M_year     122.779950776     122.750861334     122.806954455     -0.000236923389081     0.000219935571955    0.000236923389081
2017     CMS_bTagSF_light_M_year     5.34193893234     5.29269741155     5.39146012747     -0.00921791158804     0.00927026605018    0.00927026605018
2017     CMS_jer_eta193     1116.80275521     1116.60744317     1116.19596826     -0.000174884987377     -0.00054332507733    0.00054332507733
2017     CMS_jer_eta193     25.8664517793     25.9788402993     25.8773779594     0.00434495310736     0.000422407381124    0.00434495310736
2017     CMS_jer_eta193     122.779950776     122.523603367     123.603453824     -0.00208786050026     0.00670714593363    0.00670714593363
2017     CMS_jer_eta193     5.34193893234     5.25690739489     5.28624997462     -0.015917729223     -0.0104248585438    0.015917729223
2017     CMS_jer_193eta25     1116.80275521     1116.86021524     1116.80845498     5.14504763884e-05     5.10364933914e-06    5.14504763884e-05
2017     CMS_jer_193eta25     25.8664517793     25.8659350691     25.8661966204     -1.99760728126e-05     -9.86447044116e-06    1.99760728126e-05
2017     CMS_jer_193eta25     122.779950776     122.73656843     122.830748276     -0.000353334124094     0.000413727971447    0.000413727971447
2017     CMS_jer_193eta25     5.34193893234     5.34231228666     5.34230476487     6.98911626356e-05     6.84830989197e-05    6.98911626356e-05
2017     CMS_jec_FlavorQCD     1116.80275521     1119.84077706     1114.03902264     0.00272028506309     -0.00247468280198    0.00272028506309
2017     CMS_jec_FlavorQCD     25.8664517793     25.7790483371     25.8630326983     -0.00337902712346     -0.000132182065052    0.00337902712346
2017     CMS_jec_FlavorQCD     122.779950776     122.523265189     123.120300851     -0.00209061484324     0.00277203299295    0.00277203299295
2017     CMS_jec_FlavorQCD     5.34193893234     5.34154640683     5.34215872967     -7.34799689801e-05     4.11456096392e-05    7.34799689801e-05
2017     CMS_jec_RelativeBal     1116.80275521     1117.59162461     1115.73509639     0.00070636412348     -0.000955995861976    0.000955995861976
2017     CMS_jec_RelativeBal     25.8664517793     25.9158844696     25.842583809     0.00191107349128     -0.000922738474036    0.00191107349128
2017     CMS_jec_RelativeBal     122.779950776     122.914137653     122.71162189     0.00109290544702     -0.00055651501467    0.00109290544702
2017     CMS_jec_RelativeBal     5.34193893234     5.29197043603     5.3114255622     -0.00935399991344     -0.00571204023989    0.00935399991344
2017     CMS_jec_Absolute     1116.80275521     1122.24752108     1111.88806073     0.00487531558094     -0.00440068261866    0.00487531558094
2017     CMS_jec_Absolute     25.8664517793     25.8846612683     25.8366685885     0.000703980937931     -0.00115142157894    0.00115142157894
2017     CMS_jec_Absolute     122.779950776     122.655148913     122.76054742     -0.00101646777387     -0.000158033590746    0.00101646777387
2017     CMS_jec_Absolute     5.34193893234     5.24890018913     5.34230470998     -0.0174166617004     6.84728239047e-05    0.0174166617004
2017     CMS_jec_BBEC1_year     1116.80275521     1117.22025336     1116.37281293     0.000373833385066     -0.000384976017848    0.000384976017848
2017     CMS_jec_BBEC1_year     25.8664517793     26.0028389383     25.8664514083     0.00527274325108     -1.43403882102e-08    0.00527274325108
2017     CMS_jec_BBEC1_year     122.779950776     122.737393299     122.456557182     -0.000346615856454     -0.00263392836313    0.00263392836313
2017     CMS_jec_BBEC1_year     5.34193893234     5.29197046134     5.34230479504     -0.0093539951758     6.84887462339e-05    0.0093539951758
2017     CMS_jec_Absolute_year     1116.80275521     1118.16620735     1115.20717415     0.00122085313221     -0.00142870443953    0.00142870443953
2017     CMS_jec_Absolute_year     25.8664517793     25.9159512221     25.8019624223     0.00191365415233     -0.00249316595422    0.00249316595422
2017     CMS_jec_Absolute_year     122.779950776     122.526053969     123.273213347     -0.00206790119461     0.00401745209549    0.00401745209549
2017     CMS_jec_Absolute_year     5.34193893234     5.34182537157     5.34193896251     -2.1258343337e-05     5.64731417185e-09    2.1258343337e-05
2017     CMS_jec_RelativeSample_year     1116.80275521     1120.39262124     1112.87577104     0.00321441365792     -0.00351627370727    0.00351627370727
2017     CMS_jec_RelativeSample_year     25.8664517793     25.8321823068     25.7237011703     -0.00132486174517     -0.00551875495833    0.00551875495833
2017     CMS_jec_RelativeSample_year     122.779950776     122.847119197     122.942076179     0.000547063425545     0.00132045502056    0.00132045502056
2017     CMS_jec_RelativeSample_year     5.34193893234     5.29197043269     5.31142548597     -0.00935400053825     -0.00571205450979    0.00935400053825
2017     CMS_pu     1116.80275521     1119.09303881     1114.50116814     0.00205075031707     -0.00206087158265    0.00206087158265
2017     CMS_pu     25.8664517793     26.5403379601     25.4953836746     0.0260525172355     -0.0143455355923    0.0260525172355
2017     CMS_pu     122.779950776     122.377058233     123.154917354     -0.00328141965121     0.00305397237255    0.00328141965121
2017     CMS_pu     5.34193893234     5.27162034192     5.37809769363     -0.0131634957467     0.00676884587235    0.0131634957467
2017     CMS_L1Prefiring     1116.80275521     1113.79560161     1119.85803703     -0.00269264521799     0.00273573987074    0.00273573987074
2017     CMS_L1Prefiring     25.8664517793     25.775782241     25.9551103386     -0.00350529477425     0.00342755009764    0.00350529477425
2017     CMS_L1Prefiring     122.779950776     121.880262746     123.771182549     -0.00732764612671     0.0080732380699    0.0080732380699
2017     CMS_L1Prefiring     5.34193893234     5.29260728976     5.39047541046     -0.00923478220216     0.00908592904827    0.00923478220216
2017     CMS_pdf_sig     1116.80275521     1122.09092429     1111.51415257     0.00473509673855     -0.004735484946    0.004735484946
2017     CMS_pdf_sig     25.8664517793     25.9828268389     25.7500757471     0.00449907318585     -0.00449911078696    0.00449911078696
2017     CMS_pdf_sig     122.779950776     123.475779449     122.084122251     0.00566728254757     -0.00566728134761    0.00566728254757
2017     CMS_pdf_sig     5.34193893234     5.36827416993     5.31560354853     0.00492990240586     -0.00492992977769    0.00492992977769
2017     CMS_renorm_sig     1116.80275521     1116.80275521     1116.80275521     0.0     0.0    0.0
2017     CMS_renorm_sig     25.8664517793     25.8664517793     25.8664517793     0.0     0.0    0.0
2017     CMS_renorm_sig     122.779950776     122.779950776     122.779950776     0.0     0.0    0.0
2017     CMS_renorm_sig     5.34193893234     5.34193893234     5.34193893234     0.0     0.0    0.0
2017     CMS_fact_sig     1116.80275521     1008.36470205     1245.43266988     -0.0970968710877     0.115176931709    0.115176931709
2017     CMS_fact_sig     25.8664517793     23.38591467     28.8019659112     -0.0958978498632     0.113487313874    0.113487313874
2017     CMS_fact_sig     122.779950776     110.747604053     137.067528796     -0.0979992795827     0.116367354195    0.116367354195
2017     CMS_fact_sig     5.34193893234     4.82392532677     5.95580747947     -0.0969710833706     0.11491493162    0.11491493162
2017     CMS_jec_AbsoluteCal     1116.80275521     1117.78746598     1115.46679982     0.000881723089339     -0.00119623217743    0.00119623217743
2017     CMS_jec_AbsoluteCal     25.8664517793     25.8660281987     25.8254808228     -1.63756738041e-05     -0.00158394188739    0.00158394188739
2017     CMS_jec_AbsoluteCal     122.779950776     122.818023433     122.96399715     0.000310088545655     0.00149899370425    0.00149899370425
2017     CMS_jec_AbsoluteCal     5.34193893234     5.29193441118     5.34193896251     -0.00936074369181     5.64731417185e-09    0.00936074369181
2017     CMS_jec_AbsoluteTheory     1116.80275521     1122.24752818     1111.88808263     0.00487532194043     -0.00440066301158    0.00487532194043
2017     CMS_jec_AbsoluteTheory     25.8664517793     25.8846612093     25.8366685492     0.00070397865789     -0.00115142309896    0.00115142309896
2017     CMS_jec_AbsoluteTheory     122.779950776     122.655148957     122.76054783     -0.00101646741413     -0.000158030253969    0.00101646741413
2017     CMS_jec_AbsoluteTheory     5.34193893234     5.24890018913     5.34230470753     -0.0174166617004     6.84723638924e-05    0.0174166617004
2017     CMS_jec_AbsolutePU     1116.80275521     1118.41486741     1114.65917063     0.00144350664611     -0.00191939406048    0.00191939406048
2017     CMS_jec_AbsolutePU     25.8664517793     25.8677073596     25.838989564     4.85408779243e-05     -0.0010616924002    0.0010616924002
2017     CMS_jec_AbsolutePU     122.779950776     122.61700945     123.096804698     -0.00132710043765     0.00258066500406    0.00258066500406
2017     CMS_jec_AbsolutePU     5.34193893234     5.26134351713     5.34193888206     -0.0150872962479     -9.4121906935e-09    0.0150872962479
2017     CMS_jec_AbsoluteScale     1116.80275521     1122.24752818     1111.88808263     0.00487532194043     -0.00440066301158    0.00487532194043
2017     CMS_jec_AbsoluteScale     25.8664517793     25.8846612093     25.8366685492     0.00070397865789     -0.00115142309896    0.00115142309896
2017     CMS_jec_AbsoluteScale     122.779950776     122.655148957     122.76054783     -0.00101646741413     -0.000158030253969    0.00101646741413
2017     CMS_jec_AbsoluteScale     5.34193893234     5.24890018913     5.34230470753     -0.0174166617004     6.84723638924e-05    0.0174166617004
2017     CMS_jec_Fragmentation     1116.80275521     1117.38725432     1116.00347414     0.000523368261932     -0.00071568687237    0.00071568687237
2017     CMS_jec_Fragmentation     25.8664517793     25.8662955067     25.8878346111     -6.04151598615e-06     0.000826662735685    0.000826662735685
2017     CMS_jec_Fragmentation     122.779950776     122.872040015     122.869321957     0.000750034824399     0.000727897187876    0.000750034824399
2017     CMS_jec_Fragmentation     5.34193893234     5.34190288218     5.34193893234     -6.74851600646e-06     0.0    6.74851600646e-06
2017     CMS_jec_AbsoluteMPFBias     1116.80275521     1122.24752108     1111.88806073     0.00487531558094     -0.00440068261866    0.00487531558094
2017     CMS_jec_AbsoluteMPFBias     25.8664517793     25.8846612683     25.8366685885     0.000703980937931     -0.00115142157894    0.00115142157894
2017     CMS_jec_AbsoluteMPFBias     122.779950776     122.655148913     122.76054742     -0.00101646777387     -0.000158033590746    0.00101646777387
2017     CMS_jec_AbsoluteMPFBias     5.34193893234     5.24890018913     5.34230470998     -0.0174166617004     6.84728239047e-05    0.0174166617004
2017     CMS_jec_RelativeFSR     1116.80275521     1118.03088771     1115.61702195     0.00109968613376     -0.00106172128142    0.00109968613376
2017     CMS_jec_RelativeFSR     25.8664517793     25.892256544     25.887925677     0.000997615171485     0.000830183357094    0.000997615171485
2017     CMS_jec_RelativeFSR     122.779950776     122.800355376     122.903996712     0.000166188364918     0.00101031100949    0.00101031100949
2017     CMS_jec_RelativeFSR     5.34193893234     5.26145705259     5.30576586608     -0.0150660426422     -0.00677152373275    0.0150660426422
2017     CMS_scale_sig     1116.80275521     1245.43266988     1008.36470205     0.115176931709     -0.0970968710877    0.115176931709
2017     CMS_scale_sig     25.8664517793     28.8019659112     23.38591467     0.113487313874     -0.0958978498632    0.113487313874
2017     CMS_scale_sig     122.779950776     137.067528796     110.747604053     0.116367354195     -0.0979992795827    0.116367354195
2017     CMS_scale_sig     5.34193893234     5.95580747947     4.82392532677     0.11491493162     -0.0969710833706    0.11491493162
2017     CMS_bTagSF_M     947.197477233     946.494260851     943.120322981     -0.000742417920427     -0.00430443951753    0.00430443951753
2017     CMS_bTagSF_M     25.9263201982     14.1772988005     42.5539601001     -0.453169647983     0.641342071485    0.641342071485
2017     CMS_bTagSF_M     104.604143883     104.779496796     103.869655601     0.00167634767545     -0.0070215983238    0.0070215983238
2017     CMS_bTagSF_M     4.19071632033     2.56225018352     6.32762203296     -0.388588969603     0.509914188718    0.509914188718
2017     CMS_bTagSF_T     947.197477233     947.197477233     947.197477233     0.0     0.0    0.0
2017     CMS_bTagSF_T     25.9263201982     25.9263201982     25.9263201982     0.0     0.0    0.0
2017     CMS_bTagSF_T     104.604143883     104.604143883     104.604143883     0.0     0.0    0.0
2017     CMS_bTagSF_T     4.19071632033     4.19071632033     4.19071632033     0.0     0.0    0.0
2017     CMS_bTagSF_M_corr     947.197477233     950.181330573     945.325574216     0.00315019139358     -0.00197625422522    0.00315019139358
2017     CMS_bTagSF_M_corr     25.9263201982     17.627553915     36.1318882494     -0.320090403104     0.393637352821    0.393637352821
2017     CMS_bTagSF_M_corr     104.604143883     105.02537015     104.654018579     0.00402686023697     0.000476794652324    0.00402686023697
2017     CMS_bTagSF_M_corr     4.19071632033     3.16822399498     5.52490439406     -0.243989868841     0.318367546677    0.318367546677
2017     CMS_bTagSF_T_corr     947.197477233     947.197477233     947.197477233     0.0     0.0    0.0
2017     CMS_bTagSF_T_corr     25.9263201982     25.9263201982     25.9263201982     0.0     0.0    0.0
2017     CMS_bTagSF_T_corr     104.604143883     104.604143883     104.604143883     0.0     0.0    0.0
2017     CMS_bTagSF_T_corr     4.19071632033     4.19071632033     4.19071632033     0.0     0.0    0.0
2017     CMS_jer     947.197477233     947.14169546     946.934969775     -5.88913859395e-05     -0.000277141213118    0.000277141213118
2017     CMS_jer     25.9263201982     25.8272498275     25.9049473537     -0.00382122761501     -0.000824368609382    0.00382122761501
2017     CMS_jer     104.604143883     104.862549376     104.719601276     0.002470317937     0.0011037554483    0.002470317937
2017     CMS_jer     4.19071632033     4.33356294365     4.22502562358     0.0340864454654     0.00818697822243    0.0340864454654
2017     CMS_jec     947.197477233     952.717926365     941.249008174     0.00582819239428     -0.00628007274234    0.00628007274234
2017     CMS_jec     25.9263201982     25.9296471428     25.7793096155     0.000128323053776     -0.00567032195678    0.00567032195678
2017     CMS_jec     104.604143883     103.690644731     105.830873507     -0.00873291551593     0.0117273520804    0.0117273520804
2017     CMS_jec     4.19071632033     4.17771458791     4.41826224658     -0.00310250836078     0.0542976209434    0.0542976209434
2017     CMS_bTagSF_bc_T_corr     947.197477233     947.197477233     947.197477233     0.0     0.0    0.0
2017     CMS_bTagSF_bc_T_corr     25.9263201982     25.9263201982     25.9263201982     0.0     0.0    0.0
2017     CMS_bTagSF_bc_T_corr     104.604143883     104.604143883     104.604143883     0.0     0.0    0.0
2017     CMS_bTagSF_bc_T_corr     4.19071632033     4.19071632033     4.19071632033     0.0     0.0    0.0
2017     CMS_bTagSF_light_T_corr     947.197477233     947.197477233     947.197477233     0.0     0.0    0.0
2017     CMS_bTagSF_light_T_corr     25.9263201982     25.9263201982     25.9263201982     0.0     0.0    0.0
2017     CMS_bTagSF_light_T_corr     104.604143883     104.604143883     104.604143883     0.0     0.0    0.0
2017     CMS_bTagSF_light_T_corr     4.19071632033     4.19071632033     4.19071632033     0.0     0.0    0.0
2017     CMS_bTagSF_bc_M_corr     947.197477233     949.203204549     942.751798222     0.00211753870231     -0.00469350807824    0.00469350807824
2017     CMS_bTagSF_bc_M_corr     25.9263201982     17.0597301837     37.2105855411     -0.341991842528     0.435243615624    0.435243615624
2017     CMS_bTagSF_bc_M_corr     104.604143883     104.889240259     104.010458471     0.00272547879608     -0.00567554390753    0.00567554390753
2017     CMS_bTagSF_bc_M_corr     4.19071632033     2.91001698643     5.7656443896     -0.305603919715     0.375813571924    0.375813571924
2017     CMS_bTagSF_light_M_corr     947.197477233     947.764595317     949.391135313     0.000598732680578     0.00231594586492    0.00231594586492
2017     CMS_bTagSF_light_M_corr     25.9263201982     26.7731934651     25.1740067402     0.0326646149721     -0.0290173635219    0.0326646149721
2017     CMS_bTagSF_light_M_corr     104.604143883     104.658762892     105.16628804     0.000522149574506     0.00537401423004    0.00537401423004
2017     CMS_bTagSF_light_M_corr     4.19071632033     4.55703908676     4.01542046787     0.0874129238111     -0.0418295678026    0.0874129238111
2017     CMS_bTagSF_bc_T_year     947.197477233     947.197477233     947.197477233     0.0     0.0    0.0
2017     CMS_bTagSF_bc_T_year     25.9263201982     25.9263201982     25.9263201982     0.0     0.0    0.0
2017     CMS_bTagSF_bc_T_year     104.604143883     104.604143883     104.604143883     0.0     0.0    0.0
2017     CMS_bTagSF_bc_T_year     4.19071632033     4.19071632033     4.19071632033     0.0     0.0    0.0
2017     CMS_bTagSF_light_T_year     947.197477233     947.197477233     947.197477233     0.0     0.0    0.0
2017     CMS_bTagSF_light_T_year     25.9263201982     25.9263201982     25.9263201982     0.0     0.0    0.0
2017     CMS_bTagSF_light_T_year     104.604143883     104.604143883     104.604143883     0.0     0.0    0.0
2017     CMS_bTagSF_light_T_year     4.19071632033     4.19071632033     4.19071632033     0.0     0.0    0.0
2017     CMS_bTagSF_bc_M_year     947.197477233     946.481592226     943.322817675     -0.000755792771406     -0.00409065654281    0.00409065654281
2017     CMS_bTagSF_bc_M_year     25.9263201982     14.3674513197     42.0507174527     -0.445835305207     0.621931578845    0.621931578845
2017     CMS_bTagSF_bc_M_year     104.604143883     104.767068965     103.926928158     0.00155753946986     -0.00647408123451    0.00647408123451
2017     CMS_bTagSF_bc_M_year     4.19071632033     2.60342756731     6.24011784665     -0.37876311153     0.489033704423    0.489033704423
2017     CMS_bTagSF_light_M_year     947.197477233     947.28766754     947.11223863     9.52180613614e-05     -8.99903180595e-05    9.52180613614e-05
2017     CMS_bTagSF_light_M_year     25.9263201982     25.603106793     26.2522427451     -0.0124666131841     0.0125711070616    0.0125711070616
2017     CMS_bTagSF_light_M_year     104.604143883     104.636277946     104.572686665     0.000307196853395     -0.000300726301441    0.000307196853395
2017     CMS_bTagSF_light_M_year     4.19071632033     4.12897883732     4.25320648292     -0.0147319642507     0.0149115706751    0.0149115706751
2017     CMS_jer_eta193     947.197477233     947.131466278     946.926192315     -6.96908047526e-05     -0.000286407981784    0.000286407981784
2017     CMS_jer_eta193     25.9263201982     25.8278016466     25.9090143931     -0.00379994348642     -0.00066749947358    0.00379994348642
2017     CMS_jer_eta193     104.604143883     104.886017845     104.716308691     0.00269467300515     0.00107227882046    0.00269467300515
2017     CMS_jer_eta193     4.19071632033     4.31410269652     4.2249151355     0.0294427889535     0.00816061325885    0.0294427889535
2017     CMS_jer_193eta25     947.197477233     947.207656622     947.206613525     1.07468499944e-05     9.64560464167e-06    1.07468499944e-05
2017     CMS_jer_193eta25     25.9263201982     25.9257683914     25.9222531405     -2.12836517526e-05     -0.000156869840925    0.000156869840925
2017     CMS_jer_193eta25     104.604143883     104.580674761     104.605724423     -0.000224361298046     1.51097325194e-05    0.000224361298046
2017     CMS_jer_193eta25     4.19071632033     4.21017656746     4.19082678767     0.00464365651189     2.63600139763e-05    0.00464365651189
2017     CMS_jec_FlavorQCD     947.197477233     949.272112384     945.19694219     0.00219028787722     -0.00211205697886    0.00219028787722
2017     CMS_jec_FlavorQCD     25.9263201982     25.8870149396     25.8698977218     -0.00151603691831     -0.00217626242365    0.00217626242365
2017     CMS_jec_FlavorQCD     104.604143883     104.411892701     105.107252388     -0.00183789260036     0.00480964221093    0.00480964221093
2017     CMS_jec_FlavorQCD     4.19071632033     4.13765056282     4.38698840179     -0.0126626937871     0.0468349719855    0.0468349719855
2017     CMS_jec_RelativeBal     947.197477233     947.802835718     946.356596706     0.000639104833173     -0.000887756298715    0.000887756298715
2017     CMS_jec_RelativeBal     25.9263201982     25.9262904806     25.9689773872     -1.14623371816e-06     0.00164532369764    0.00164532369764
2017     CMS_jec_RelativeBal     104.604143883     104.548418905     104.683409393     -0.000532722465901     0.000757766443264    0.000757766443264
2017     CMS_jec_RelativeBal     4.19071632033     4.19071632033     4.23817433916     0.0     0.0113245600992    0.0113245600992
2017     CMS_jec_Absolute     947.197477233     950.689877631     943.620494079     0.00368708794395     -0.00377638585372    0.00377638585372
2017     CMS_jec_Absolute     25.9263201982     25.8720108626     25.8722558655     -0.0020947568022     -0.00208530683451    0.0020947568022
2017     CMS_jec_Absolute     104.604143883     104.11480212     105.435239275     -0.00467803420178     0.00794514788538    0.00794514788538
2017     CMS_jec_Absolute     4.19071632033     4.20774819123     4.39938571634     0.00406419084266     0.0497932525267    0.0497932525267
2017     CMS_jec_BBEC1_year     947.197477233     947.295994634     946.833599077     0.000104009357445     -0.000384162927422    0.000384162927422
2017     CMS_jec_BBEC1_year     25.9263201982     25.9262353523     25.8664990173     -3.27257738908e-06     -0.00230735331586    0.00230735331586
2017     CMS_jec_BBEC1_year     104.604143883     104.838722957     104.511957721     0.00224254093159     -0.000881285939335    0.00224254093159
2017     CMS_jec_BBEC1_year     4.19071632033     4.19069652474     4.27785711483     -4.72367847193e-06     0.0207937707618    0.0207937707618
2017     CMS_jec_Absolute_year     947.197477233     948.368671066     946.049331076     0.00123648326887     -0.00121215077525    0.00123648326887
2017     CMS_jec_Absolute_year     25.9263201982     25.8806344728     25.945159161     -0.00176213689741     0.000726634658097    0.00176213689741
2017     CMS_jec_Absolute_year     104.604143883     104.442147683     104.920991264     -0.00154865948621     0.00302901366597    0.00302901366597
2017     CMS_jec_Absolute_year     4.19071632033     4.19063994863     4.27650012084     -1.82240209438e-05     0.0204699612065    0.0204699612065
2017     CMS_jec_RelativeSample_year     947.197477233     949.507903117     944.904467937     0.00243922301288     -0.00242083551819    0.00243922301288
2017     CMS_jec_RelativeSample_year     25.9263201982     25.9586322434     25.8423881914     0.00124630279099     -0.00323732817202    0.00323732817202
2017     CMS_jec_RelativeSample_year     104.604143883     104.059124746     105.243063022     -0.00521030158566     0.00610797159576    0.00610797159576
2017     CMS_jec_RelativeSample_year     4.19071632033     4.20352542279     4.40364566196     0.00305654248117     0.0508097722091    0.0508097722091
2017     CMS_pu     947.197477233     948.927206684     945.220243237     0.00182615504426     -0.00208745699078    0.00208745699078
2017     CMS_pu     25.9263201982     26.6704077918     25.4431087556     0.0287000850047     -0.0186378722062    0.0287000850047
2017     CMS_pu     104.604143883     104.368399538     104.957383253     -0.00225368074076     0.00337691565207    0.00337691565207
2017     CMS_pu     4.19071632033     4.07188437054     4.26550753256     -0.0283559994772     0.0178468802246    0.0283559994772
2017     CMS_L1Prefiring     947.197477233     944.52978361     949.871081624     -0.00281640701852     0.00282264728884    0.00282264728884
2017     CMS_L1Prefiring     25.9263201982     25.8475023486     26.0021501799     -0.00304007082525     0.00292482624335    0.00304007082525
2017     CMS_L1Prefiring     104.604143883     103.710559255     105.538606523     -0.00854253564206     0.00893332334128    0.00893332334128
2017     CMS_L1Prefiring     4.19071632033     4.1141918107     4.26687230818     -0.0182604843147     0.0181725466536    0.0182604843147
2017     CMS_pdf_sig     947.197477233     953.885455023     940.509146079     0.00706080616842     -0.00706117923054    0.00706117923054
2017     CMS_pdf_sig     25.9263201982     26.1237930092     25.7288470887     0.00761669259364     -0.00761670410489    0.00761670410489
2017     CMS_pdf_sig     104.604143883     105.489229386     103.719060371     0.00846128528214     -0.00846126624247    0.00846128528214
2017     CMS_pdf_sig     4.19071632033     4.22967787542     4.15175489205     0.00929711106755     -0.00929708081066    0.00929711106755
2017     CMS_renorm_sig     947.197477233     947.197477233     947.197477233     0.0     0.0    0.0
2017     CMS_renorm_sig     25.9263201982     25.9263201982     25.9263201982     0.0     0.0    0.0
2017     CMS_renorm_sig     104.604143883     104.604143883     104.604143883     0.0     0.0    0.0
2017     CMS_renorm_sig     4.19071632033     4.19071632033     4.19071632033     0.0     0.0    0.0
2017     CMS_fact_sig     947.197477233     840.24690859     1076.50858659     -0.112912640937     0.136519693586    0.136519693586
2017     CMS_fact_sig     25.9263201982     23.0203744119     29.433764149     -0.112084775783     0.135285066451    0.135285066451
2017     CMS_fact_sig     104.604143883     92.6998313944     119.016543119     -0.113803450287     0.137780385184    0.137780385184
2017     CMS_fact_sig     4.19071632033     3.71493961381     4.76626763948     -0.113531117392     0.137339603817    0.137339603817
2017     CMS_jec_AbsoluteCal     947.197477233     948.117872669     946.167353369     0.000971703851     -0.00108754920522    0.00108754920522
2017     CMS_jec_AbsoluteCal     25.9263201982     25.825954967     25.9694566169     -0.00387117147323     0.00166380798913    0.00387117147323
2017     CMS_jec_AbsoluteCal     104.604143883     104.523299603     104.874503219     -0.000772859242714     0.00258459489202    0.00258459489202
2017     CMS_jec_AbsoluteCal     4.19071632033     4.19063993826     4.28952622446     -1.82264957478e-05     0.0235782850897    0.0235782850897
2017     CMS_jec_AbsoluteTheory     947.197477233     950.68992232     943.620512557     0.00368713512367     -0.00377636634557    0.00377636634557
2017     CMS_jec_AbsoluteTheory     25.9263201982     25.8720105756     25.8722557722     -0.00209476787079     -0.00208531043474    0.00209476787079
2017     CMS_jec_AbsoluteTheory     104.604143883     104.114802212     105.435240469     -0.0046780333185     0.0079451592962    0.0079451592962
2017     CMS_jec_AbsoluteTheory     4.19071632033     4.2077482016     4.39938572671     0.00406419331746     0.0497932550015    0.0497932550015
2017     CMS_jec_AbsolutePU     947.197477233     948.830372355     945.473566394     0.00172392258394     -0.0018200120673    0.0018200120673
2017     CMS_jec_AbsolutePU     25.9263201982     25.8805143971     25.9000323243     -0.00176676831785     -0.00101394543058    0.00176676831785
2017     CMS_jec_AbsolutePU     104.604143883     104.404927904     104.948328065     -0.0019044750158     0.00329034940712    0.00329034940712
2017     CMS_jec_AbsolutePU     4.19071632033     4.1904763321     4.3798303895     -5.72666368925e-05     0.0451269078383    0.0451269078383
2017     CMS_jec_AbsoluteScale     947.197477233     950.68992232     943.620512557     0.00368713512367     -0.00377636634557    0.00377636634557
2017     CMS_jec_AbsoluteScale     25.9263201982     25.8720105756     25.8722557722     -0.00209476787079     -0.00208531043474    0.00209476787079
2017     CMS_jec_AbsoluteScale     104.604143883     104.114802212     105.435240469     -0.0046780333185     0.0079451592962    0.0079451592962
2017     CMS_jec_AbsoluteScale     4.19071632033     4.2077482016     4.39938572671     0.00406419331746     0.0497932550015    0.0497932550015
2017     CMS_jec_Fragmentation     947.197477233     947.762089063     946.469829275     0.000596086712968     -0.000768211460991    0.000768211460991
2017     CMS_jec_Fragmentation     25.9263201982     25.8805774698     25.9509286713     -0.00176433555041     0.000949169528706    0.00176433555041
2017     CMS_jec_Fragmentation     104.604143883     104.587054735     104.689520954     -0.000163369702302     0.000816192060049    0.000816192060049
2017     CMS_jec_Fragmentation     4.19071632033     4.19063992391     4.25085397482     -1.82299209198e-05     0.0143502088638    0.0143502088638
2017     CMS_jec_AbsoluteMPFBias     947.197477233     950.689877631     943.620494079     0.00368708794395     -0.00377638585372    0.00377638585372
2017     CMS_jec_AbsoluteMPFBias     25.9263201982     25.8720108626     25.8722558655     -0.0020947568022     -0.00208530683451    0.0020947568022
2017     CMS_jec_AbsoluteMPFBias     104.604143883     104.11480212     105.435239275     -0.00467803420178     0.00794514788538    0.00794514788538
2017     CMS_jec_AbsoluteMPFBias     4.19071632033     4.20774819123     4.39938571634     0.00406419084266     0.0497932525267    0.0497932525267
2017     CMS_jec_RelativeFSR     947.197477233     948.366694243     945.920798747     0.001234396246     -0.0013478482744    0.0013478482744
2017     CMS_jec_RelativeFSR     25.9263201982     25.8714729369     25.9601115475     -0.00211550504856     0.00130336079332    0.00211550504856
2017     CMS_jec_RelativeFSR     104.604143883     104.38660207     105.089473806     -0.00207966725517     0.00463968162047    0.00463968162047
2017     CMS_jec_RelativeFSR     4.19071632033     4.19512250051     4.33336662879     0.0010514145658     0.0340396002869    0.0340396002869
2017     CMS_scale_sig     947.197477233     1076.50858659     840.24690859     0.136519693586     -0.112912640937    0.136519693586
2017     CMS_scale_sig     25.9263201982     29.433764149     23.0203744119     0.135285066451     -0.112084775783    0.135285066451
2017     CMS_scale_sig     104.604143883     119.016543119     92.6998313944     0.137780385184     -0.113803450287    0.137780385184
2017     CMS_scale_sig     4.19071632033     4.76626763948     3.71493961381     0.137339603817     -0.113531117392    0.137339603817
2017     CMS_bTagSF_M     557.252056663     553.824451626     557.590186348     -0.00615090603304     0.000606780507025    0.00615090603304
2017     CMS_bTagSF_M     15.3715356426     8.33522119539     25.3856706487     -0.457749610112     0.651472646517    0.651472646517
2017     CMS_bTagSF_M     60.3977744825     60.1519564288     60.2057245176     -0.00406998529142     -0.00317975234291    0.00406998529142
2017     CMS_bTagSF_M     2.35522002074     1.43695147036     3.57329608182     -0.389886525376     0.51718143118    0.51718143118
2017     CMS_bTagSF_T     557.252056663     557.252056663     557.252056663     0.0     0.0    0.0
2017     CMS_bTagSF_T     15.3715356426     15.3715356426     15.3715356426     0.0     0.0    0.0
2017     CMS_bTagSF_T     60.3977744825     60.3977744825     60.3977744825     0.0     0.0    0.0
2017     CMS_bTagSF_T     2.35522002074     2.35522002074     2.35522002074     0.0     0.0    0.0
2017     CMS_bTagSF_M_corr     557.252056663     555.748178639     558.898212349     -0.00269873929812     0.00295405941766    0.00295405941766
2017     CMS_bTagSF_M_corr     15.3715356426     10.5362427427     21.3080436228     -0.314561473385     0.386201360635    0.386201360635
2017     CMS_bTagSF_M_corr     60.3977744825     60.5059182143     60.1091422     0.0017905251085     -0.00477885625817    0.00477885625817
2017     CMS_bTagSF_M_corr     2.35522002074     1.68461235114     3.15273048031     -0.28473249365     0.338613994677    0.338613994677
2017     CMS_bTagSF_T_corr     557.252056663     557.252056663     557.252056663     0.0     0.0    0.0
2017     CMS_bTagSF_T_corr     15.3715356426     15.3715356426     15.3715356426     0.0     0.0    0.0
2017     CMS_bTagSF_T_corr     60.3977744825     60.3977744825     60.3977744825     0.0     0.0    0.0
2017     CMS_bTagSF_T_corr     2.35522002074     2.35522002074     2.35522002074     0.0     0.0    0.0
2017     CMS_jer     557.252056663     556.853476772     557.638409924     -0.00071525961473     0.000693318680438    0.00071525961473
2017     CMS_jer     15.3715356426     15.4891040571     15.3218100493     0.00764844952597     -0.0032349138344    0.00764844952597
2017     CMS_jer     60.3977744825     60.3690512762     60.2286554362     -0.000475567297326     -0.0028000873842    0.0028000873842
2017     CMS_jer     2.35522002074     2.30639715133     2.4292282756     -0.0207296426614     0.031423074789    0.031423074789
2017     CMS_jec     557.252056663     559.59420479     554.443697532     0.00420303182248     -0.00503965682601    0.00503965682601
2017     CMS_jec     15.3715356426     15.4619241114     15.3341955871     0.00588024975778     -0.00242916884609    0.00588024975778
2017     CMS_jec     60.3977744825     59.8447915712     61.1608645248     -0.00915568356782     0.0126344066281    0.0126344066281
2017     CMS_jec     2.35522002074     2.29710855416     2.43720022665     -0.0246734768194     0.0348078757734    0.0348078757734
2017     CMS_bTagSF_bc_T_corr     557.252056663     557.252056663     557.252056663     0.0     0.0    0.0
2017     CMS_bTagSF_bc_T_corr     15.3715356426     15.3715356426     15.3715356426     0.0     0.0    0.0
2017     CMS_bTagSF_bc_T_corr     60.3977744825     60.3977744825     60.3977744825     0.0     0.0    0.0
2017     CMS_bTagSF_bc_T_corr     2.35522002074     2.35522002074     2.35522002074     0.0     0.0    0.0
2017     CMS_bTagSF_light_T_corr     557.252056663     557.252056663     557.252056663     0.0     0.0    0.0
2017     CMS_bTagSF_light_T_corr     15.3715356426     15.3715356426     15.3715356426     0.0     0.0    0.0
2017     CMS_bTagSF_light_T_corr     60.3977744825     60.3977744825     60.3977744825     0.0     0.0    0.0
2017     CMS_bTagSF_light_T_corr     2.35522002074     2.35522002074     2.35522002074     0.0     0.0    0.0
2017     CMS_bTagSF_bc_M_corr     557.252056663     556.062623868     557.161824853     -0.0021344610223     -0.000161922793344    0.0021344610223
2017     CMS_bTagSF_bc_M_corr     15.3715356426     10.3225272636     21.7503771827     -0.328464799902     0.414977507025    0.414977507025
2017     CMS_bTagSF_bc_M_corr     60.3977744825     60.2971736653     60.2689821337     -0.00166563781771     -0.00213240222767    0.00213240222767
2017     CMS_bTagSF_bc_M_corr     2.35522002074     1.65059426658     3.21958494009     -0.299176190743     0.366999648328    0.366999648328
2017     CMS_bTagSF_light_M_corr     557.252056663     556.601892183     558.686009897     -0.001166733209     0.0025732578585    0.0025732578585
2017     CMS_bTagSF_light_M_corr     15.3715356426     15.6896675798     15.0571018141     0.0206961714576     -0.0204555898533    0.0206961714576
2017     CMS_bTagSF_light_M_corr     60.3977744825     60.6015519554     60.2302700799     0.0033739235362     -0.00277335388751    0.0033739235362
2017     CMS_bTagSF_light_M_corr     2.35522002074     2.40465260313     2.30651093231     0.0209885199495     -0.0206813325297    0.0209885199495
2017     CMS_bTagSF_bc_T_year     557.252056663     557.252056663     557.252056663     0.0     0.0    0.0
2017     CMS_bTagSF_bc_T_year     15.3715356426     15.3715356426     15.3715356426     0.0     0.0    0.0
2017     CMS_bTagSF_bc_T_year     60.3977744825     60.3977744825     60.3977744825     0.0     0.0    0.0
2017     CMS_bTagSF_bc_T_year     2.35522002074     2.35522002074     2.35522002074     0.0     0.0    0.0
2017     CMS_bTagSF_light_T_year     557.252056663     557.252056663     557.252056663     0.0     0.0    0.0
2017     CMS_bTagSF_light_T_year     15.3715356426     15.3715356426     15.3715356426     0.0     0.0    0.0
2017     CMS_bTagSF_light_T_year     60.3977744825     60.3977744825     60.3977744825     0.0     0.0    0.0
2017     CMS_bTagSF_light_T_year     2.35522002074     2.35522002074     2.35522002074     0.0     0.0    0.0
2017     CMS_bTagSF_bc_M_year     557.252056663     553.635062986     557.937021648     -0.00649076774814     0.00122918341276    0.00649076774814
2017     CMS_bTagSF_bc_M_year     15.3715356426     8.43733078101     25.1053964592     -0.451106839474     0.633239322532    0.633239322532
2017     CMS_bTagSF_bc_M_year     60.3977744825     60.15761852     60.238977546     -0.00397623860477     -0.0026291852288    0.00397623860477
2017     CMS_bTagSF_bc_M_year     2.35522002074     1.45327843898     3.53687894098     -0.382954277657     0.501719121709    0.501719121709
2017     CMS_bTagSF_light_M_year     557.252056663     557.504627744     557.003689254     0.000453243874805     -0.000445700300054    0.000453243874805
2017     CMS_bTagSF_light_M_year     15.3715356426     15.1941321059     15.55042231     -0.0115410418862     0.0116375274091    0.0116375274091
2017     CMS_bTagSF_light_M_year     60.3977744825     60.4124326176     60.385822688     0.000242693297234     -0.000197884684069    0.000242693297234
2017     CMS_bTagSF_light_M_year     2.35522002074     2.33007092422     2.3805486517     -0.0106780242622     0.0107542525671    0.0107542525671
2017     CMS_jer_eta193     557.252056663     556.855227831     557.650826643     -0.000712117303916     0.000715600731941    0.000715600731941
2017     CMS_jer_eta193     15.3715356426     15.4894592345     15.3224750238     0.00767155569875     -0.00319165371516    0.00767155569875
2017     CMS_jer_eta193     60.3977744825     60.3601839234     60.2575215691     -0.000622383183392     -0.00232215366584    0.00232215366584
2017     CMS_jer_eta193     2.35522002074     2.30639715133     2.42911326194     -0.0207296426614     0.0313742412791    0.0313742412791
2017     CMS_jer_193eta25     557.252056663     557.250553273     557.239322185     -2.69786367835e-06     -2.28522757948e-05    2.28522757948e-05
2017     CMS_jer_193eta25     15.3715356426     15.3711804653     15.3708706075     -2.31061727748e-05     -4.32640675927e-05    4.32640675927e-05
2017     CMS_jer_193eta25     60.3977744825     60.4064666985     60.3605579873     0.000143916162993     -0.000616189844467    0.000616189844467
2017     CMS_jer_193eta25     2.35522002074     2.35522002074     2.3553350344     0.0     4.8833509918e-05    4.8833509918e-05
2017     CMS_jec_FlavorQCD     557.252056663     558.053482507     556.337535973     0.00143817476194     -0.00164112573324    0.00164112573324
2017     CMS_jec_FlavorQCD     15.3715356426     15.3619058536     15.4120712314     -0.000626468898083     0.00263705524975    0.00263705524975
2017     CMS_jec_FlavorQCD     60.3977744825     60.3117503541     60.4114909473     -0.0014242930171     0.000227102156082    0.0014242930171
2017     CMS_jec_FlavorQCD     2.35522002074     2.35507602986     2.3793403246     -6.11369128891e-05     0.0102412104372    0.0102412104372
2017     CMS_jec_RelativeBal     557.252056663     557.368558464     556.954310243     0.000209064820403     -0.00053431192633    0.00053431192633
2017     CMS_jec_RelativeBal     15.3715356426     15.3675354335     15.4018292121     -0.000260234838198     0.00197075752058    0.00197075752058
2017     CMS_jec_RelativeBal     60.3977744825     60.381101651     60.4936694582     -0.000276050429473     0.00158772366234    0.00158772366234
2017     CMS_jec_RelativeBal     2.35522002074     2.34373288872     2.3614004203     -0.00487730739379     0.00262412831995    0.00487730739379
2017     CMS_jec_Absolute     557.252056663     558.767595987     555.44428602     0.00271966573535     -0.00324408070106    0.00324408070106
2017     CMS_jec_Absolute     15.3715356426     15.3672968026     15.3888863608     -0.000275759048996     0.00112875633019    0.00112875633019
2017     CMS_jec_Absolute     60.3977744825     59.9334351028     60.8560848628     -0.00768802135061     0.0075881997995    0.00768802135061
2017     CMS_jec_Absolute     2.35522002074     2.32086116089     2.39327046954     -0.0145883864578     0.0161557937086    0.0161557937086
2017     CMS_jec_BBEC1_year     557.252056663     557.488946994     557.04136069     0.000425104454197     -0.000378098151354    0.000425104454197
2017     CMS_jec_BBEC1_year     15.3715356426     15.3714753207     15.3748887854     -3.92425829165e-06     0.000218139738455    0.000218139738455
2017     CMS_jec_BBEC1_year     60.3977744825     60.3573652366     60.3330464591     -0.000669051903297     -0.00107169550554    0.00107169550554
2017     CMS_jec_BBEC1_year     2.35522002074     2.35520358974     2.35537999054     -6.9764184536e-06     6.79213816204e-05    6.79213816204e-05
2017     CMS_jec_Absolute_year     557.252056663     557.585946396     556.921279248     0.000599171828102     -0.000593586709662    0.000599171828102
2017     CMS_jec_Absolute_year     15.3715356426     15.3719233779     15.372422636     2.52242419387e-05     5.7703626106e-05    5.7703626106e-05
2017     CMS_jec_Absolute_year     60.3977744825     60.3574573734     60.3877034389     -0.00066752640319     -0.000166745276959    0.00066752640319
2017     CMS_jec_Absolute_year     2.35522002074     2.3437164532     2.37141620334     -0.00488428573207     0.00687671744342    0.00687671744342
2017     CMS_jec_RelativeSample_year     557.252056663     558.122196192     556.040103769     0.0015614828491     -0.00217487379315    0.00217487379315
2017     CMS_jec_RelativeSample_year     15.3715356426     15.3679168163     15.3724174893     -0.000235423861317     5.73688073162e-05    0.000235423861317
2017     CMS_jec_RelativeSample_year     60.3977744825     60.0243767302     60.7510671263     -0.00618230978808     0.00584943148706    0.00618230978808
2017     CMS_jec_RelativeSample_year     2.35522002074     2.3020746588     2.39322482497     -0.0225649244971     0.0161364135376    0.0225649244971
2017     CMS_pu     557.252056663     557.30992943     557.30593863     0.000103853841738     9.66922707961e-05    0.000103853841738
2017     CMS_pu     15.3715356426     15.5534280836     15.1116438001     0.0118330689434     -0.016907344102    0.016907344102
2017     CMS_pu     60.3977744825     60.1715192493     60.479860469     -0.00374608559901     0.00135908958888    0.00374608559901
2017     CMS_pu     2.35522002074     2.34733061101     2.3541053465     -0.00334975486777     -0.0004732781793    0.00334975486777
2017     CMS_L1Prefiring     557.252056663     555.714978815     558.778839067     -0.00275831704817     0.00273984166822    0.00275831704817
2017     CMS_L1Prefiring     15.3715356426     15.3281067265     15.4140775672     -0.00282528155397     0.00276757804521    0.00282528155397
2017     CMS_L1Prefiring     60.3977744825     59.7943961681     61.0602555812     -0.00999007529008     0.0109686342632    0.0109686342632
2017     CMS_L1Prefiring     2.35522002074     2.30234382212     2.40808751805     -0.0224506407706     0.0224469462894    0.0224506407706
2017     CMS_pdf_sig     557.252056663     561.232131953     553.272073275     0.00714232498972     -0.00714216006998    0.00714232498972
2017     CMS_pdf_sig     15.3715356426     15.4858196878     15.2572516738     0.00743478386571     -0.00743477889718    0.00743478386571
2017     CMS_pdf_sig     60.3977744825     60.8944776159     59.9010727971     0.00822386482999     -0.00822384085734    0.00822386482999
2017     CMS_pdf_sig     2.35522002074     2.37329821617     2.3371418616     0.00767579897753     -0.00767578357109    0.00767579897753
2017     CMS_renorm_sig     557.252056663     557.252056663     557.252056663     0.0     0.0    0.0
2017     CMS_renorm_sig     15.3715356426     15.3715356426     15.3715356426     0.0     0.0    0.0
2017     CMS_renorm_sig     60.3977744825     60.3977744825     60.3977744825     0.0     0.0    0.0
2017     CMS_renorm_sig     2.35522002074     2.35522002074     2.35522002074     0.0     0.0    0.0
2017     CMS_fact_sig     557.252056663     494.101465059     633.628777082     -0.113325004097     0.137059557709    0.137059557709
2017     CMS_fact_sig     15.3715356426     13.6447747242     17.4558152212     -0.112334964997     0.135593451884    0.135593451884
2017     CMS_fact_sig     60.3977744825     53.541394953     68.691095744     -0.113520400185     0.137311702831    0.137311702831
2017     CMS_fact_sig     2.35522002074     2.08874544031     2.67726157757     -0.113142117547     0.136735232372    0.136735232372
2017     CMS_jec_AbsoluteCal     557.252056663     557.574319065     556.79731083     0.000578306348618     -0.000816050524355    0.000816050524355
2017     CMS_jec_AbsoluteCal     15.3715356426     15.3678680181     15.4019766505     -0.000238598445629     0.001980349173    0.001980349173
2017     CMS_jec_AbsoluteCal     60.3977744825     60.3271234335     60.4458627793     -0.00116976245611     0.000796193191018    0.00116976245611
2017     CMS_jec_AbsoluteCal     2.35522002074     2.34366606965     2.37137999628     -0.00490567802269     0.00686134432819    0.00686134432819
2017     CMS_jec_AbsoluteTheory     557.252056663     558.767594767     555.444279274     0.00271966354454     -0.00324409280731    0.00324409280731
2017     CMS_jec_AbsoluteTheory     15.3715356426     15.3672970558     15.3888867677     -0.000275742576353     0.00112878280408    0.00112878280408
2017     CMS_jec_AbsoluteTheory     60.3977744825     59.9334363508     60.8560843563     -0.00768800068821     0.00758819141476    0.00768800068821
2017     CMS_jec_AbsoluteTheory     2.35522002074     2.32086116541     2.39327046049     -0.0145883845379     0.016155789869    0.016155789869
2017     CMS_jec_AbsolutePU     557.252056663     557.81170128     556.338284909     0.00100429349681     -0.00163978175277    0.00163978175277
2017     CMS_jec_AbsolutePU     15.3715356426     15.3681889221     15.434802466     -0.000217721939475     0.00411584273827    0.00411584273827
2017     CMS_jec_AbsolutePU     60.3977744825     60.2355080438     60.4176108387     -0.00268662943529     0.000328428594715    0.00268662943529
2017     CMS_jec_AbsolutePU     2.35522002074     2.34366606965     2.38207806479     -0.00490567802269     0.0114036242105    0.0114036242105
2017     CMS_jec_AbsoluteScale     557.252056663     558.767594767     555.444279274     0.00271966354454     -0.00324409280731    0.00324409280731
2017     CMS_jec_AbsoluteScale     15.3715356426     15.3672970558     15.3888867677     -0.000275742576353     0.00112878280408    0.00112878280408
2017     CMS_jec_AbsoluteScale     60.3977744825     59.9334363508     60.8560843563     -0.00768800068821     0.00758819141476    0.00768800068821
2017     CMS_jec_AbsoluteScale     2.35522002074     2.32086116541     2.39327046049     -0.0145883845379     0.016155789869    0.016155789869
2017     CMS_jec_Fragmentation     557.252056663     557.357532553     557.016518327     0.000189278602504     -0.000422678271623    0.000422678271623
2017     CMS_jec_Fragmentation     15.3715356426     15.3718721444     15.4019760779     2.18912264862e-05     0.00198031192332    0.00198031192332
2017     CMS_jec_Fragmentation     60.3977744825     60.398077877     60.4099683725     5.02327205343e-06     0.000201893033782    0.000201893033782
2017     CMS_jec_Fragmentation     2.35522002074     2.34373288872     2.35526821165     -0.00487730739379     2.04613162662e-05    0.00487730739379
2017     CMS_jec_AbsoluteMPFBias     557.252056663     558.767595987     555.44428602     0.00271966573535     -0.00324408070106    0.00324408070106
2017     CMS_jec_AbsoluteMPFBias     15.3715356426     15.3672968026     15.3888863608     -0.000275759048996     0.00112875633019    0.00112875633019
2017     CMS_jec_AbsoluteMPFBias     60.3977744825     59.9334351028     60.8560848628     -0.00768802135061     0.0075881997995    0.00768802135061
2017     CMS_jec_AbsoluteMPFBias     2.35522002074     2.32086116089     2.39327046954     -0.0145883864578     0.0161557937086    0.0161557937086
2017     CMS_jec_RelativeFSR     557.252056663     557.702669789     556.554468079     0.000808634299362     -0.0012518367143    0.0012518367143
2017     CMS_jec_RelativeFSR     15.3715356426     15.3858140613     15.3903516415     0.000928886935973     0.00122408062336    0.00122408062336
2017     CMS_jec_RelativeFSR     60.3977744825     60.3285684108     60.4117016622     -0.00114583811024     0.000230590941213    0.00114583811024
2017     CMS_jec_RelativeFSR     2.35522002074     2.35520358522     2.36516553773     -6.9783382759e-06     0.00422275494365    0.00422275494365
2017     CMS_scale_sig     557.252056663     633.628777082     494.101465059     0.137059557709     -0.113325004097    0.137059557709
2017     CMS_scale_sig     15.3715356426     17.4558152212     13.6447747242     0.135593451884     -0.112334964997    0.135593451884
2017     CMS_scale_sig     60.3977744825     68.691095744     53.541394953     0.137311702831     -0.113520400185    0.137311702831
2017     CMS_scale_sig     2.35522002074     2.67726157757     2.08874544031     0.136735232372     -0.113142117547    0.136735232372
2017     CMS_bTagSF_M     181.625904228     180.545276296     182.062378974     -0.00594974564389     0.00240315250195    0.00594974564389
2017     CMS_bTagSF_M     4.74490728555     2.75085250626     7.54623678456     -0.420251579069     0.590386561934    0.590386561934
2017     CMS_bTagSF_M     16.9590234819     16.7049510432     17.181361328     -0.01498154885     0.0131102976765    0.01498154885
2017     CMS_bTagSF_M     0.558500181764     0.367812171682     0.815359275265     -0.341428734149     0.459908701712    0.459908701712
2017     CMS_bTagSF_T     181.625904228     181.625904228     181.625904228     0.0     0.0    0.0
2017     CMS_bTagSF_T     4.74490728555     4.74490728555     4.74490728555     0.0     0.0    0.0
2017     CMS_bTagSF_T     16.9590234819     16.9590234819     16.9590234819     0.0     0.0    0.0
2017     CMS_bTagSF_T     0.558500181764     0.558500181764     0.558500181764     0.0     0.0    0.0
2017     CMS_bTagSF_M_corr     181.625904228     191.239785368     198.609598638     0.0529323236193     0.0935092077403    0.0935092077403
2017     CMS_bTagSF_M_corr     4.74490728555     3.79606266393     6.59705568929     -0.199971161609     0.390344487737    0.390344487737
2017     CMS_bTagSF_M_corr     16.9590234819     18.289108462     18.1347889044     0.0784293377211     0.0693297832742    0.0784293377211
2017     CMS_bTagSF_M_corr     0.558500181764     0.639363348106     0.828655142531     0.144786284737     0.483715081192    0.483715081192
2017     CMS_bTagSF_T_corr     181.625904228     181.625904228     181.625904228     0.0     0.0    0.0
2017     CMS_bTagSF_T_corr     4.74490728555     4.74490728555     4.74490728555     0.0     0.0    0.0
2017     CMS_bTagSF_T_corr     16.9590234819     16.9590234819     16.9590234819     0.0     0.0    0.0
2017     CMS_bTagSF_T_corr     0.558500181764     0.558500181764     0.558500181764     0.0     0.0    0.0
2017     CMS_jer     181.625904228     181.959592752     181.378162489     0.00183722979918     -0.00136402205409    0.00183722979918
2017     CMS_jer     4.74490728555     4.79928801427     4.8668530087     0.0114608622362     0.0257003384507    0.0257003384507
2017     CMS_jer     16.9590234819     17.062868272     16.948327856     0.00612327650919     -0.000630674632827    0.00612327650919
2017     CMS_jer     0.558500181764     0.558500178064     0.558761263618     -6.62403865093e-09     0.000467469596848    0.000467469596848
2017     CMS_jec     181.625904228     187.048155233     177.775061506     0.0298539518768     -0.0212020567158    0.0298539518768
2017     CMS_jec     4.74490728555     4.94577759996     4.70513434656     0.0423338755258     -0.00838223733257    0.0423338755258
2017     CMS_jec     16.9590234819     16.9087745659     16.9039267792     -0.00296296045745     -0.00324881339456    0.00324881339456
2017     CMS_jec     0.558500181764     0.558500178064     0.543092038009     -6.62403887297e-09     -0.0275884310483    0.0275884310483
2017     CMS_bTagSF_bc_T_corr     181.625904228     181.625904228     181.625904228     0.0     0.0    0.0
2017     CMS_bTagSF_bc_T_corr     4.74490728555     4.74490728555     4.74490728555     0.0     0.0    0.0
2017     CMS_bTagSF_bc_T_corr     16.9590234819     16.9590234819     16.9590234819     0.0     0.0    0.0
2017     CMS_bTagSF_bc_T_corr     0.558500181764     0.558500181764     0.558500181764     0.0     0.0    0.0
2017     CMS_bTagSF_light_T_corr     181.625904228     181.625904228     181.625904228     0.0     0.0    0.0
2017     CMS_bTagSF_light_T_corr     4.74490728555     4.74490728555     4.74490728555     0.0     0.0    0.0
2017     CMS_bTagSF_light_T_corr     16.9590234819     16.9590234819     16.9590234819     0.0     0.0    0.0
2017     CMS_bTagSF_light_T_corr     0.558500181764     0.558500181764     0.558500181764     0.0     0.0    0.0
2017     CMS_bTagSF_bc_M_corr     181.625904228     181.559868526     181.439529549     -0.000363580859549     -0.00102614591202    0.00102614591202
2017     CMS_bTagSF_bc_M_corr     4.74490728555     3.09750026061     6.88141742653     -0.347194776588     0.45027437048    0.45027437048
2017     CMS_bTagSF_bc_M_corr     16.9590234819     17.0225442669     16.8775322346     0.00374554496698     -0.00480518512307    0.00480518512307
2017     CMS_bTagSF_bc_M_corr     0.558500181764     0.389530500142     0.773589205568     -0.302541856098     0.385118986219    0.385118986219
2017     CMS_bTagSF_light_M_corr     181.625904228     191.074431163     198.338695301     0.0520219127049     0.0920176620393    0.0920176620393
2017     CMS_bTagSF_light_M_corr     4.74490728555     5.78173279788     4.69583738448     0.21851333439     -0.010341593232    0.21851333439
2017     CMS_bTagSF_light_M_corr     16.9590234819     18.2188904791     18.1111584567     0.0742888880689     0.0679363983436    0.0742888880689
2017     CMS_bTagSF_light_M_corr     0.558500181764     0.907029447467     0.632513517281     0.624045035406     0.132521596114    0.624045035406
2017     CMS_bTagSF_bc_T_year     181.625904228     181.625904228     181.625904228     0.0     0.0    0.0
2017     CMS_bTagSF_bc_T_year     4.74490728555     4.74490728555     4.74490728555     0.0     0.0    0.0
2017     CMS_bTagSF_bc_T_year     16.9590234819     16.9590234819     16.9590234819     0.0     0.0    0.0
2017     CMS_bTagSF_bc_T_year     0.558500181764     0.558500181764     0.558500181764     0.0     0.0    0.0
2017     CMS_bTagSF_light_T_year     181.625904228     181.625904228     181.625904228     0.0     0.0    0.0
2017     CMS_bTagSF_light_T_year     4.74490728555     4.74490728555     4.74490728555     0.0     0.0    0.0
2017     CMS_bTagSF_light_T_year     16.9590234819     16.9590234819     16.9590234819     0.0     0.0    0.0
2017     CMS_bTagSF_light_T_year     0.558500181764     0.558500181764     0.558500181764     0.0     0.0    0.0
2017     CMS_bTagSF_bc_M_year     181.625904228     180.717646774     181.948204481     -0.00500070437751     0.0017745280002    0.00500070437751
2017     CMS_bTagSF_bc_M_year     4.74490728555     2.81658543197     7.38604446459     -0.406398215503     0.556625666236    0.556625666236
2017     CMS_bTagSF_bc_M_year     16.9590234819     16.7675477717     17.1332155718     -0.0112904914859     0.0102713514172    0.0112904914859
2017     CMS_bTagSF_bc_M_year     0.558500181764     0.380637865355     0.790985446283     -0.318464205055     0.416267124184    0.416267124184
2017     CMS_bTagSF_light_M_year     181.625904228     181.474459868     181.778846803     -0.000833825772274     0.000842074675408    0.000842074675408
2017     CMS_bTagSF_light_M_year     4.74490728555     4.63908389825     4.85202417604     -0.0223025195086     0.022575128247    0.022575128247
2017     CMS_bTagSF_light_M_year     16.9590234819     16.9024766144     17.0159487667     -0.00333432332342     0.00335663694544    0.00335663694544
2017     CMS_bTagSF_light_M_year     0.558500181764     0.540493977756     0.576774937431     -0.032240283165     0.0327211275199    0.0327211275199
2017     CMS_jer_eta193     181.625904228     181.966299279     181.37538437     0.00187415474656     -0.00137931788576    0.00187415474656
2017     CMS_jer_eta193     4.74490728555     4.79940867064     4.86656564991     0.0114862908405     0.025639776932    0.025639776932
2017     CMS_jer_eta193     16.9590234819     17.0628105311     16.9480891758     0.006119871778     -0.000644748566658    0.006119871778
2017     CMS_jer_eta193     0.558500181764     0.558500178064     0.558761263618     -6.62403865093e-09     0.000467469596848    0.000467469596848
2017     CMS_jer_193eta25     181.625904228     181.612609072     181.62861414     -7.32007693144e-05     1.49202927788e-05    7.32007693144e-05
2017     CMS_jer_193eta25     4.74490728555     4.74478662918     4.74519464434     -2.54286042977e-05     6.05615186902e-05    6.05615186902e-05
2017     CMS_jer_193eta25     16.9590234819     16.9590812031     16.959262167     3.40356774831e-06     1.40742246912e-05    1.40742246912e-05
2017     CMS_jer_193eta25     0.558500181764     0.558500181764     0.558500181764     0.0     0.0    0.0
2017     CMS_jec_FlavorQCD     181.625904228     183.113061313     180.378197655     0.00818802301838     -0.00686965099117    0.00818802301838
2017     CMS_jec_FlavorQCD     4.74490728555     4.8476788189     4.7180727664     0.0216593343499     -0.00565543593052    0.0216593343499
2017     CMS_jec_FlavorQCD     16.9590234819     17.0527570084     16.9881414689     0.00552705918448     0.001716961298    0.00552705918448
2017     CMS_jec_FlavorQCD     0.558500181764     0.558500178064     0.55865322184     -6.62403865093e-09     0.000274019743413    0.000274019743413
2017     CMS_jec_RelativeBal     181.625904228     182.301158837     181.281828438     0.00371783205324     -0.00189442024395    0.00371783205324
2017     CMS_jec_RelativeBal     4.74490728555     4.77453847816     4.74490729644     0.00624484122209     2.29477481462e-09    0.00624484122209
2017     CMS_jec_RelativeBal     16.9590234819     17.0906191438     16.9449530852     0.00775962495712     -0.00082967021608    0.00775962495712
2017     CMS_jec_RelativeBal     0.558500181764     0.558500178064     0.558500181764     -6.62403865093e-09     0.0    6.62403865093e-09
2017     CMS_jec_Absolute     181.625904228     184.829463726     178.940627071     0.0176382301407     -0.0147846595378    0.0176382301407
2017     CMS_jec_Absolute     4.74490728555     4.91440248676     4.70436228835     0.0357214990742     -0.00854495035672    0.0357214990742
2017     CMS_jec_Absolute     16.9590234819     16.9545161254     16.9040657282     -0.000265779248367     -0.00324062017806    0.00324062017806
2017     CMS_jec_Absolute     0.558500181764     0.558500178064     0.543092038009     -6.62403887297e-09     -0.0275884310483    0.0275884310483
2017     CMS_jec_BBEC1_year     181.625904228     181.770846354     181.463866984     0.00079802562373     -0.000892148314929    0.000892148314929
2017     CMS_jec_BBEC1_year     4.74490728555     4.7447866394     4.74490729541     -2.54264497717e-05     2.0791564026e-09    2.54264497717e-05
2017     CMS_jec_BBEC1_year     16.9590234819     17.1306040278     16.9653064023     0.0101173600064     0.000370476545912    0.0101173600064
2017     CMS_jec_BBEC1_year     0.558500181764     0.558500181764     0.558500181764     0.0     0.0    0.0
2017     CMS_jec_Absolute_year     181.625904228     182.472695716     180.790114713     0.00466228367075     -0.00460170876537    0.00466228367075
2017     CMS_jec_Absolute_year     4.74490728555     4.77453847882     4.71735925723     0.00624484136234     -0.00580580960932    0.00624484136234
2017     CMS_jec_Absolute_year     16.9590234819     17.079783886     16.9593763004     0.00712071683906     2.08041767711e-05    0.00712071683906
2017     CMS_jec_Absolute_year     0.558500181764     0.558500178064     0.558500181764     -6.62403865093e-09     0.0    6.62403865093e-09
2017     CMS_jec_RelativeSample_year     181.625904228     183.875950102     179.950256196     0.0123883533217     -0.009225820729    0.0123883533217
2017     CMS_jec_RelativeSample_year     4.74490728555     4.91267450236     4.70738835171     0.0353573224329     -0.00790720062163    0.0353573224329
2017     CMS_jec_RelativeSample_year     16.9590234819     16.9641445984     16.8999216244     0.000301970011642     -0.00348497999314    0.00348497999314
2017     CMS_jec_RelativeSample_year     0.558500181764     0.558500178064     0.558500181764     -6.62403887297e-09     0.0    6.62403887297e-09
2017     CMS_pu     181.625904228     181.871873741     181.530579606     0.00135426449223     -0.000524840457474    0.00135426449223
2017     CMS_pu     4.74490728555     4.76075975739     4.65025999177     0.00334094448753     -0.0199471323847    0.0199471323847
2017     CMS_pu     16.9590234819     16.9048633259     16.9840801645     -0.00319358930081     0.00147748380607    0.00319358930081
2017     CMS_pu     0.558500181764     0.5305881504     0.590461140322     -0.0499767632573     0.0572264067271    0.0572264067271
2017     CMS_L1Prefiring     181.625904228     180.99873729     182.26578197     -0.00345306987578     0.00352305330383    0.00352305330383
2017     CMS_L1Prefiring     4.74490728555     4.72686445887     4.76247770419     -0.00380256675066     0.00370300568244    0.00380256675066
2017     CMS_L1Prefiring     16.9590234819     16.761960591     17.1552710753     -0.011619943278     0.011571868724    0.011619943278
2017     CMS_L1Prefiring     0.558500181764     0.546431101656     0.570540025887     -0.0216098051557     0.021557457842    0.0216098051557
2017     CMS_pdf_sig     181.625904228     183.725506283     179.526295249     0.0115600363486     -0.011560074473    0.011560074473
2017     CMS_pdf_sig     4.74490728555     4.7982543676     4.6915601137     0.0112430188497     -0.0112430377747    0.0112430377747
2017     CMS_pdf_sig     16.9590234819     17.1591282862     16.7589181453     0.011799311708     -0.0117993430958    0.0117993430958
2017     CMS_pdf_sig     0.558500181764     0.573373580006     0.543626786187     0.0266309640147     -0.0266309592405    0.0266309640147
2017     CMS_renorm_sig     181.625904228     181.625904228     181.625904228     0.0     0.0    0.0
2017     CMS_renorm_sig     4.74490728555     4.74490728555     4.74490728555     0.0     0.0    0.0
2017     CMS_renorm_sig     16.9590234819     16.9590234819     16.9590234819     0.0     0.0    0.0
2017     CMS_renorm_sig     0.558500181764     0.558500181764     0.558500181764     0.0     0.0    0.0
2017     CMS_fact_sig     181.625904228     158.806321521     209.650194604     -0.125640573154     0.154296770027    0.154296770027
2017     CMS_fact_sig     4.74490728555     4.155620964     5.46704214011     -0.124193432259     0.15219156268    0.15219156268
2017     CMS_fact_sig     16.9590234819     14.8183598726     19.5968350296     -0.126225640972     0.155540296913    0.155540296913
2017     CMS_fact_sig     0.558500181764     0.485383207867     0.649069473637     -0.130916651926     0.162165196773    0.162165196773
2017     CMS_jec_AbsoluteCal     181.625904228     182.418428292     180.805932181     0.00436349686364     -0.00451462059111    0.00451462059111
2017     CMS_jec_AbsoluteCal     4.74490728555     4.84815108773     4.70738835157     0.0217588660797     -0.00790720065136    0.0217588660797
2017     CMS_jec_AbsoluteCal     16.9590234819     17.0699319705     16.938202009     0.0065397921472     -0.00122775187776    0.0065397921472
2017     CMS_jec_AbsoluteCal     0.558500181764     0.558500178064     0.558500181764     -6.62403865093e-09     0.0    6.62403865093e-09
2017     CMS_jec_AbsoluteTheory     181.625904228     184.829464003     178.940627241     0.0176382316616     -0.0147846586008    0.0176382316616
2017     CMS_jec_AbsoluteTheory     4.74490728555     4.91440249662     4.70436227848     0.0357215011533     -0.00854495243588    0.0357215011533
2017     CMS_jec_AbsoluteTheory     16.9590234819     16.954516081     16.9040657282     -0.000265781866108     -0.00324062017806    0.00324062017806
2017     CMS_jec_AbsoluteTheory     0.558500181764     0.558500178064     0.543092038009     -6.62403887297e-09     -0.0275884310483    0.0275884310483
2017     CMS_jec_AbsolutePU     181.625904228     183.043780065     180.358158263     0.00780657275995     -0.00697998432843    0.00780657275995
2017     CMS_jec_AbsolutePU     4.74490728555     4.78505613638     4.70740483666     0.00846146160908     -0.00790372638077    0.00846146160908
2017     CMS_jec_AbsolutePU     16.9590234819     17.084368196     16.9924389478     0.00739103370475     0.00197036497798    0.00739103370475
2017     CMS_jec_AbsolutePU     0.558500181764     0.558500178064     0.558500181764     -6.62403887297e-09     0.0    6.62403887297e-09
2017     CMS_jec_AbsoluteScale     181.625904228     184.829464003     178.940627241     0.0176382316616     -0.0147846586008    0.0176382316616
2017     CMS_jec_AbsoluteScale     4.74490728555     4.91440249662     4.70436227848     0.0357215011533     -0.00854495243588    0.0357215011533
2017     CMS_jec_AbsoluteScale     16.9590234819     16.954516081     16.9040657282     -0.000265781866108     -0.00324062017806    0.00324062017806
2017     CMS_jec_AbsoluteScale     0.558500181764     0.558500178064     0.543092038009     -6.62403887297e-09     -0.0275884310483    0.0275884310483
2017     CMS_jec_Fragmentation     181.625904228     182.289069526     181.199570173     0.00365127045641     -0.00234731965498    0.00365127045641
2017     CMS_jec_Fragmentation     4.74490728555     4.7745384778     4.74490727066     0.00624484114672     -3.13748371727e-09    0.00624484114672
2017     CMS_jec_Fragmentation     16.9590234819     17.0165257016     16.9593763227     0.00339065629242     2.08054887132e-05    0.00339065629242
2017     CMS_jec_Fragmentation     0.558500181764     0.558500178064     0.558500181764     -6.62403865093e-09     0.0    6.62403865093e-09
2017     CMS_jec_AbsoluteMPFBias     181.625904228     184.829463726     178.940627071     0.0176382301407     -0.0147846595378    0.0176382301407
2017     CMS_jec_AbsoluteMPFBias     4.74490728555     4.91440248676     4.70436228835     0.0357214990742     -0.00854495035672    0.0357214990742
2017     CMS_jec_AbsoluteMPFBias     16.9590234819     16.9545161254     16.9040657282     -0.000265779248367     -0.00324062017806    0.00324062017806
2017     CMS_jec_AbsoluteMPFBias     0.558500181764     0.558500178064     0.543092038009     -6.62403887297e-09     -0.0275884310483    0.0275884310483
2017     CMS_jec_RelativeFSR     181.625904228     182.877608703     180.632837266     0.00689166272938     -0.00546765048119    0.00689166272938
2017     CMS_jec_RelativeFSR     4.74490728555     4.78520806703     4.70434579185     0.0084934813389     -0.00854842702997    0.00854842702997
2017     CMS_jec_RelativeFSR     16.9590234819     17.0552805121     16.9751688934     0.00567585924402     0.00095202483127    0.00567585924402
2017     CMS_jec_RelativeFSR     0.558500181764     0.558500178064     0.519218693037     -6.62403887297e-09     -0.0703338870948    0.0703338870948
2017     CMS_scale_sig     181.625904228     209.650194604     158.806321521     0.154296770027     -0.125640573154    0.154296770027
2017     CMS_scale_sig     4.74490728555     5.46704214011     4.155620964     0.15219156268     -0.124193432259    0.15219156268
2017     CMS_scale_sig     16.9590234819     19.5968350296     14.8183598726     0.155540296913     -0.126225640972    0.155540296913
2017     CMS_scale_sig     0.558500181764     0.649069473637     0.485383207867     0.162165196773     -0.130916651926    0.162165196773
2017     CMS_bTagSF_M     333.241715535     328.027973506     336.537817463     -0.0156455263129     0.0098910243658    0.0156455263129
2017     CMS_bTagSF_M     10.5434193055     5.6361893783     17.6692594596     -0.465430595616     0.675856659743    0.675856659743
2017     CMS_bTagSF_M     30.2101702315     29.7200411892     30.5229710016     -0.0162239748584     0.0103541544994    0.0162239748584
2017     CMS_bTagSF_M     1.30901681741     0.755353031794     2.07435024908     -0.422961552711     0.584662795382    0.584662795382
2017     CMS_bTagSF_T     333.241715535     333.241715535     333.241715535     0.0     0.0    0.0
2017     CMS_bTagSF_T     10.5434193055     10.5434193055     10.5434193055     0.0     0.0    0.0
2017     CMS_bTagSF_T     30.2101702315     30.2101702315     30.2101702315     0.0     0.0    0.0
2017     CMS_bTagSF_T     1.30901681741     1.30901681741     1.30901681741     0.0     0.0    0.0
2017     CMS_bTagSF_M_corr     333.241715535     335.44980825     348.562158149     0.00662609935196     0.0459739639431    0.0459739639431
2017     CMS_bTagSF_M_corr     10.5434193055     7.84766907991     14.0310064826     -0.255680832515     0.330783313842    0.330783313842
2017     CMS_bTagSF_M_corr     30.2101702315     29.4796333115     32.8178195416     -0.0241818207067     0.086316935327    0.086316935327
2017     CMS_bTagSF_M_corr     1.30901681741     0.998034505714     1.73069738558     -0.237569378453     0.322135332842    0.322135332842
2017     CMS_bTagSF_T_corr     333.241715535     333.241715535     333.241715535     0.0     0.0    0.0
2017     CMS_bTagSF_T_corr     10.5434193055     10.5434193055     10.5434193055     0.0     0.0    0.0
2017     CMS_bTagSF_T_corr     30.2101702315     30.2101702315     30.2101702315     0.0     0.0    0.0
2017     CMS_bTagSF_T_corr     1.30901681741     1.30901681741     1.30901681741     0.0     0.0    0.0
2017     CMS_jer     333.241715535     333.168279491     333.350100991     -0.000220368701139     0.000325245762732    0.000325245762732
2017     CMS_jer     10.5434193055     10.5634717496     10.4797354265     0.00190189193367     -0.00604015425686    0.00604015425686
2017     CMS_jer     30.2101702315     30.0940882808     30.2486213763     -0.0038424792014     0.0012727880871    0.0038424792014
2017     CMS_jer     1.30901681741     1.33407698598     1.28338928556     0.01914426785     -0.0195776948853    0.0195776948853
2017     CMS_jec     333.241715535     333.90107679     332.359301171     0.00197862759743     -0.00264797089581    0.00264797089581
2017     CMS_jec     10.5434193055     10.5804889629     10.4473089549     0.00351590469315     -0.00911567185047    0.00911567185047
2017     CMS_jec     30.2101702315     29.7512819634     30.6869695932     -0.0151898603899     0.0157827432962    0.0157827432962
2017     CMS_jec     1.30901681741     1.29589567724     1.37284870081     -0.0100236605067     0.0487632263735    0.0487632263735
2017     CMS_bTagSF_bc_T_corr     333.241715535     333.241715535     333.241715535     0.0     0.0    0.0
2017     CMS_bTagSF_bc_T_corr     10.5434193055     10.5434193055     10.5434193055     0.0     0.0    0.0
2017     CMS_bTagSF_bc_T_corr     30.2101702315     30.2101702315     30.2101702315     0.0     0.0    0.0
2017     CMS_bTagSF_bc_T_corr     1.30901681741     1.30901681741     1.30901681741     0.0     0.0    0.0
2017     CMS_bTagSF_light_T_corr     333.241715535     333.241715535     333.241715535     0.0     0.0    0.0
2017     CMS_bTagSF_light_T_corr     10.5434193055     10.5434193055     10.5434193055     0.0     0.0    0.0
2017     CMS_bTagSF_light_T_corr     30.2101702315     30.2101702315     30.2101702315     0.0     0.0    0.0
2017     CMS_bTagSF_light_T_corr     1.30901681741     1.30901681741     1.30901681741     0.0     0.0    0.0
2017     CMS_bTagSF_bc_M_corr     333.241715535     330.93043589     334.865011928     -0.00693574524686     0.00487122805438    0.00693574524686
2017     CMS_bTagSF_bc_M_corr     10.5434193055     7.10941605628     14.882028976     -0.325701098449     0.411499300636    0.411499300636
2017     CMS_bTagSF_bc_M_corr     30.2101702315     29.837335676     30.5152379522     -0.0123413589755     0.0100981794655    0.0123413589755
2017     CMS_bTagSF_bc_M_corr     1.30901681741     0.922144243787     1.78907490525     -0.295544387573     0.366731795535    0.366731795535
2017     CMS_bTagSF_light_M_corr     333.241715535     337.626493183     347.059522865     0.013157949451     0.0414648187364    0.0414648187364
2017     CMS_bTagSF_light_M_corr     10.5434193055     11.6441092428     10.032253923     0.104395918002     -0.0484819362407    0.104395918002
2017     CMS_bTagSF_light_M_corr     30.2101702315     29.7253580609     32.2927062385     -0.0160479787726     0.0689349312162    0.0689349312162
2017     CMS_bTagSF_light_M_corr     1.30901681741     1.40805529528     1.27241567544     0.0756586749303     -0.0279607881888    0.0756586749303
2017     CMS_bTagSF_bc_T_year     333.241715535     333.241715535     333.241715535     0.0     0.0    0.0
2017     CMS_bTagSF_bc_T_year     10.5434193055     10.5434193055     10.5434193055     0.0     0.0    0.0
2017     CMS_bTagSF_bc_T_year     30.2101702315     30.2101702315     30.2101702315     0.0     0.0    0.0
2017     CMS_bTagSF_bc_T_year     1.30901681741     1.30901681741     1.30901681741     0.0     0.0    0.0
2017     CMS_bTagSF_light_T_year     333.241715535     333.241715535     333.241715535     0.0     0.0    0.0
2017     CMS_bTagSF_light_T_year     10.5434193055     10.5434193055     10.5434193055     0.0     0.0    0.0
2017     CMS_bTagSF_light_T_year     30.2101702315     30.2101702315     30.2101702315     0.0     0.0    0.0
2017     CMS_bTagSF_light_T_year     1.30901681741     1.30901681741     1.30901681741     0.0     0.0    0.0
2017     CMS_bTagSF_bc_M_year     333.241715535     327.836377185     336.825006304     -0.0162204733022     0.0107528277588    0.0162204733022
2017     CMS_bTagSF_bc_M_year     10.5434193055     5.74048971659     17.3860449483     -0.455538137082     0.648994927027    0.648994927027
2017     CMS_bTagSF_bc_M_year     30.2101702315     29.6076021118     30.6844735317     -0.0199458697217     0.0157001200775    0.0199458697217
2017     CMS_bTagSF_bc_M_year     1.30901681741     0.766399774602     2.04968924907     -0.414522590995     0.565823465218    0.565823465218
2017     CMS_bTagSF_light_M_year     333.241715535     333.477966503     333.022928923     0.000708947762753     -0.000656540287816    0.000708947762753
2017     CMS_bTagSF_light_M_year     10.5434193055     10.3638959305     10.7253604188     -0.0170270544839     0.0172563670358    0.0172563670358
2017     CMS_bTagSF_light_M_year     30.2101702315     30.3471160247     30.071507937     0.00453310233317     -0.00458992099233    0.00458992099233
2017     CMS_bTagSF_light_M_year     1.30901681741     1.2920372275     1.32613960098     -0.0129712542169     0.0130806444527    0.0130806444527
2017     CMS_jer_eta193     333.241715535     333.155242101     333.362180001     -0.000259491622133     0.000361492756449    0.000361492756449
2017     CMS_jer_eta193     10.5434193055     10.6015596474     10.4796202042     0.00551437254435     -0.00605108261299    0.00605108261299
2017     CMS_jer_eta193     30.2101702315     30.0937317934     30.2479460735     -0.00385427944523     0.00125043459407    0.00385427944523
2017     CMS_jer_eta193     1.30901681741     1.33407698598     1.28338928556     0.01914426785     -0.0195776948853    0.0195776948853
2017     CMS_jer_193eta25     333.241715535     333.268190943     333.229648321     7.94480621094e-05     -3.62115946728e-05    7.94480621094e-05
2017     CMS_jer_193eta25     10.5434193055     10.5053314077     10.543534601     -0.00361248061068     1.09353080047e-05    0.00361248061068
2017     CMS_jer_193eta25     30.2101702315     30.2104755287     30.2107913054     1.01057736959e-05     2.05584348039e-05    2.05584348039e-05
2017     CMS_jer_193eta25     1.30901681741     1.30901681741     1.30901681741     0.0     0.0    0.0
2017     CMS_jec_FlavorQCD     333.241715535     333.42126966     332.869691837     0.000538810468999     -0.00111637793492    0.00111637793492
2017     CMS_jec_FlavorQCD     10.5434193055     10.5423916098     10.5146222695     -9.7472712645e-05     -0.00273128054069    0.00273128054069
2017     CMS_jec_FlavorQCD     30.2101702315     30.0825561819     30.3787656211     -0.00422420822775     0.00558074940518    0.00558074940518
2017     CMS_jec_FlavorQCD     1.30901681741     1.30901681741     1.37106516003     0.0     0.0474007222777    0.0474007222777
2017     CMS_jec_RelativeBal     333.241715535     333.208558749     333.126715849     -9.94977044239e-05     -0.000345093908696    0.000345093908696
2017     CMS_jec_RelativeBal     10.5434193055     10.5434193277     10.5159914881     2.10388684252e-09     -0.00260141577879    0.00260141577879
2017     CMS_jec_RelativeBal     30.2101702315     30.2341828374     30.2785580499     0.000794851723656     0.00226373495387    0.00226373495387
2017     CMS_jec_RelativeBal     1.30901681741     1.30901681741     1.33407698369     0.0     0.0191442661002    0.0191442661002
2017     CMS_jec_Absolute     333.241715535     333.546261005     332.577742548     0.000913887596895     -0.00199246659792    0.00199246659792
2017     CMS_jec_Absolute     10.5434193055     10.5697275877     10.4223072828     0.00249523246985     -0.011486977723    0.011486977723
2017     CMS_jec_Absolute     30.2101702315     29.9400752518     30.5537670161     -0.00894053153948     0.0113735467867    0.0113735467867
2017     CMS_jec_Absolute     1.30901681741     1.29596960276     1.33586052484     -0.00996718642502     0.0205067704778    0.0205067704778
2017     CMS_jec_BBEC1_year     333.241715535     333.346233368     333.228404161     0.000313639705964     -3.9945099591e-05    0.000313639705964
2017     CMS_jec_BBEC1_year     10.5434193055     10.5432981418     10.5047792936     -1.14918797969e-05     -0.00366484635862    0.00366484635862
2017     CMS_jec_BBEC1_year     30.2101702315     30.2352828838     30.2041144935     0.000831264837404     -0.000200453621923    0.000831264837404
2017     CMS_jec_BBEC1_year     1.30901681741     1.30901681741     1.30901681741     0.0     0.0    0.0
2017     CMS_jec_Absolute_year     333.241715535     333.381215355     332.94938441     0.000418614518165     -0.000877234483876    0.000877234483876
2017     CMS_jec_Absolute_year     10.5434193055     10.5431904826     10.5159914256     -2.17029077627e-05     -0.00260142170836    0.00260142170836
2017     CMS_jec_Absolute_year     30.2101702315     30.1573907868     30.3736511209     -0.00174707538285     0.00541145210641    0.00541145210641
2017     CMS_jec_Absolute_year     1.30901681741     1.30901681741     1.33407698369     0.0     0.0191442661002    0.0191442661002
2017     CMS_jec_RelativeSample_year     333.241715535     333.456952992     332.83716507     0.000645889896899     -0.00121398506293    0.00121398506293
2017     CMS_jec_RelativeSample_year     10.5434193055     10.5534298481     10.4773661279     0.000949458833605     -0.00626487249625    0.00626487249625
2017     CMS_jec_RelativeSample_year     30.2101702315     29.9874912794     30.5883074018     -0.00737099296092     0.0125168831348    0.0125168831348
2017     CMS_jec_RelativeSample_year     1.30901681741     1.29596960276     1.33586052713     -0.00996718642502     0.0205067722276    0.0205067722276
2017     CMS_pu     333.241715535     331.959974153     333.849893874     -0.00384628130824     0.00182503663581    0.00384628130824
2017     CMS_pu     10.5434193055     10.8070962381     10.3243051854     0.0250086736553     -0.0207820739918    0.0250086736553
2017     CMS_pu     30.2101702315     29.9337199988     30.2489312112     -0.00915089953503     0.0012830440666    0.00915089953503
2017     CMS_pu     1.30901681741     1.46955054889     1.25418279619     0.122636874744     -0.0418894703987    0.122636874744
2017     CMS_L1Prefiring     333.241715535     332.181319506     334.268628015     -0.00318206268582     0.00308158442377    0.00318206268582
2017     CMS_L1Prefiring     10.5434193055     10.5106392406     10.5751555265     -0.00310905446304     0.00301005016144    0.00310905446304
2017     CMS_L1Prefiring     30.2101702315     29.92895782     30.5490584247     -0.00930853448808     0.011217685653    0.011217685653
2017     CMS_L1Prefiring     1.30901681741     1.29251049678     1.32543674224     -0.012609708605     0.0125437080825    0.012609708605
2017     CMS_pdf_sig     333.241715535     337.285638401     329.197785013     0.0121351039723     -0.012135126946    0.012135126946
2017     CMS_pdf_sig     10.5434193055     10.6748038768     10.4120349764     0.0124612867507     -0.0124612637827    0.0124612867507
2017     CMS_pdf_sig     30.2101702315     30.6052869407     29.815053745     0.0130789302447     -0.0130789228767    0.0130789302447
2017     CMS_pdf_sig     1.30901681741     1.32628190855     1.29175173593     0.013189357775     -0.0131893503954    0.013189357775
2017     CMS_renorm_sig     333.241715535     333.241715535     333.241715535     0.0     0.0    0.0
2017     CMS_renorm_sig     10.5434193055     10.5434193055     10.5434193055     0.0     0.0    0.0
2017     CMS_renorm_sig     30.2101702315     30.2101702315     30.2101702315     0.0     0.0    0.0
2017     CMS_renorm_sig     1.30901681741     1.30901681741     1.30901681741     0.0     0.0    0.0
2017     CMS_fact_sig     333.241715535     290.627364426     385.687581461     -0.127878201083     0.157380854442    0.157380854442
2017     CMS_fact_sig     10.5434193055     9.20678109079     12.184812552     -0.126774642644     0.155679405221    0.155679405221
2017     CMS_fact_sig     30.2101702315     26.341244479     34.9728217256     -0.128066996076     0.157650601025    0.157650601025
2017     CMS_fact_sig     1.30901681741     1.14233118065     1.51402266491     -0.127336512831     0.156610552875    0.156610552875
2017     CMS_jec_AbsoluteCal     333.241715535     333.308961308     333.114387999     0.000201792782525     -0.000382087624695    0.000382087624695
2017     CMS_jec_AbsoluteCal     10.5434193055     10.5432580313     10.499180895     -1.52961899903e-05     -0.00419583146351    0.00419583146351
2017     CMS_jec_AbsoluteCal     30.2101702315     30.1006953574     30.3086008688     -0.00362377548151     0.00325819538731    0.00362377548151
2017     CMS_jec_AbsoluteCal     1.30901681741     1.30901681741     1.33407698598     0.0     0.01914426785    0.01914426785
2017     CMS_jec_AbsoluteTheory     333.241715535     333.546261005     332.577742548     0.000913887596895     -0.00199246659792    0.00199246659792
2017     CMS_jec_AbsoluteTheory     10.5434193055     10.5697275877     10.4223072828     0.00249523246985     -0.011486977723    0.011486977723
2017     CMS_jec_AbsoluteTheory     30.2101702315     29.9400752518     30.5537670161     -0.00894053153948     0.0113735467867    0.0113735467867
2017     CMS_jec_AbsoluteTheory     1.30901681741     1.29596960276     1.33586052484     -0.00996718642502     0.0205067704778    0.0205067704778
2017     CMS_jec_AbsolutePU     333.241715535     333.429880359     332.963333553     0.00056464966947     -0.000835375551729    0.000835375551729
2017     CMS_jec_AbsolutePU     10.5434193055     10.5430821192     10.4993884863     -3.19807294177e-05     -0.00417614228466    0.00417614228466
2017     CMS_jec_AbsolutePU     30.2101702315     30.1490002534     30.3741047179     -0.00202481408447     0.00542646682051    0.00542646682051
2017     CMS_jec_AbsolutePU     1.30901681741     1.29596960276     1.31939227561     -0.00996718642502     0.00792614583439    0.00996718642502
2017     CMS_jec_AbsoluteScale     333.241715535     333.546261005     332.577742548     0.000913887596895     -0.00199246659792    0.00199246659792
2017     CMS_jec_AbsoluteScale     10.5434193055     10.5697275877     10.4223072828     0.00249523246985     -0.011486977723    0.011486977723
2017     CMS_jec_AbsoluteScale     30.2101702315     29.9400752518     30.5537670161     -0.00894053153948     0.0113735467867    0.0113735467867
2017     CMS_jec_AbsoluteScale     1.30901681741     1.29596960276     1.33586052484     -0.00996718642502     0.0205067704778    0.0205067704778
2017     CMS_jec_Fragmentation     333.241715535     333.298292432     333.186697112     0.000169777356064     -0.000165100648294    0.000169777356064
2017     CMS_jec_Fragmentation     10.5434193055     10.5432580444     10.5158759708     -1.52949492186e-05     -0.00261237212874    0.00261237212874
2017     CMS_jec_Fragmentation     30.2101702315     30.1347672484     30.2908628721     -0.0024959469786     0.00267104223169    0.00267104223169
2017     CMS_jec_Fragmentation     1.30901681741     1.30901681741     1.33407698369     0.0     0.0191442661002    0.0191442661002
2017     CMS_jec_AbsoluteMPFBias     333.241715535     333.546261005     332.577742548     0.000913887596895     -0.00199246659792    0.00199246659792
2017     CMS_jec_AbsoluteMPFBias     10.5434193055     10.5697275877     10.4223072828     0.00249523246985     -0.011486977723    0.011486977723
2017     CMS_jec_AbsoluteMPFBias     30.2101702315     29.9400752518     30.5537670161     -0.00894053153948     0.0113735467867    0.0113735467867
2017     CMS_jec_AbsoluteMPFBias     1.30901681741     1.29596960276     1.33586052484     -0.00996718642502     0.0205067704778    0.0205067704778
2017     CMS_jec_RelativeFSR     333.241715535     333.373141444     333.020289847     0.000394386126063     -0.000664459691504    0.000664459691504
2017     CMS_jec_RelativeFSR     10.5434193055     10.5433479394     10.487853497     -6.76878133221e-06     -0.00527018862909    0.00527018862909
2017     CMS_jec_RelativeFSR     30.2101702315     30.2403706981     30.4952601015     0.000999678795021     0.00943688393082    0.00943688393082
2017     CMS_jec_RelativeFSR     1.30901681741     1.3090168197     1.33407698598     1.74980074874e-09     0.01914426785    0.01914426785
2017     CMS_scale_sig     333.241715535     385.687581461     290.627364426     0.157380854442     -0.127878201083    0.157380854442
2017     CMS_scale_sig     10.5434193055     12.184812552     9.20678109079     0.155679405221     -0.126774642644    0.155679405221
2017     CMS_scale_sig     30.2101702315     34.9728217256     26.341244479     0.157650601025     -0.128066996076    0.157650601025
2017     CMS_scale_sig     1.30901681741     1.51402266491     1.14233118065     0.156610552875     -0.127336512831    0.156610552875
2017     CMS_bTagSF_M     47.0018069137     45.7576249786     47.9287515802     -0.0264709383912     0.0197214687555    0.0264709383912
2017     CMS_bTagSF_M     1.54995519078     0.827947788901     2.60442940522     -0.465824693626     0.68032561245    0.68032561245
2017     CMS_bTagSF_M     3.61163077081     3.51652980526     3.67911162174     -0.0263318626935     0.0186843160908    0.0263318626935
2017     CMS_bTagSF_M     0.170631485538     0.0963862282334     0.276200347199     -0.435120500009     0.618695086243    0.618695086243
2017     CMS_bTagSF_T     47.0018069137     47.0018069137     47.0018069137     0.0     0.0    0.0
2017     CMS_bTagSF_T     1.54995519078     1.54995519078     1.54995519078     0.0     0.0    0.0
2017     CMS_bTagSF_T     3.61163077081     3.61163077081     3.61163077081     0.0     0.0    0.0
2017     CMS_bTagSF_T     0.170631485538     0.170631485538     0.170631485538     0.0     0.0    0.0
2017     CMS_bTagSF_M_corr     47.0018069137     49.9930473224     53.6413586884     0.0636409662752     0.141261628237    0.141261628237
2017     CMS_bTagSF_M_corr     1.54995519078     1.29695965091     1.96254579027     -0.163227647727     0.266195179027    0.266195179027
2017     CMS_bTagSF_M_corr     3.61163077081     3.77031909431     4.06014672785     0.0439381358637     0.124186547713    0.124186547713
2017     CMS_bTagSF_M_corr     0.170631485538     0.153754672077     0.210628687283     -0.098907967706     0.234406924484    0.234406924484
2017     CMS_bTagSF_T_corr     47.0018069137     47.0018069137     47.0018069137     0.0     0.0    0.0
2017     CMS_bTagSF_T_corr     1.54995519078     1.54995519078     1.54995519078     0.0     0.0    0.0
2017     CMS_bTagSF_T_corr     3.61163077081     3.61163077081     3.61163077081     0.0     0.0    0.0
2017     CMS_bTagSF_T_corr     0.170631485538     0.170631485538     0.170631485538     0.0     0.0    0.0
2017     CMS_jer     47.0018069137     46.9806335241     47.0071069628     -0.000450480332464     0.000112762665493    0.000450480332464
2017     CMS_jer     1.54995519078     1.55057498     1.56012575075     0.000399875571946     0.00656184129001    0.00656184129001
2017     CMS_jer     3.61163077081     3.60604162797     3.61276307187     -0.00154753993316     0.000313515175705    0.00154753993316
2017     CMS_jer     0.170631485538     0.170626381063     0.174099391141     -2.99152002579e-05     0.0203239489615    0.0203239489615
2017     CMS_jec     47.0018069137     47.0688920172     46.905784382     0.00142728775467     -0.00204295404801    0.00204295404801
2017     CMS_jec     1.54995519078     1.55514551716     1.54808390206     0.00334869447476     -0.00120731794827    0.00334869447476
2017     CMS_jec     3.61163077081     3.56526968695     3.67132137285     -0.0128366067319     0.0165273268015    0.0165273268015
2017     CMS_jec     0.170631485538     0.163697136182     0.170666850692     -0.040639330624     0.000207260423347    0.040639330624
2017     CMS_bTagSF_bc_T_corr     47.0018069137     47.0018069137     47.0018069137     0.0     0.0    0.0
2017     CMS_bTagSF_bc_T_corr     1.54995519078     1.54995519078     1.54995519078     0.0     0.0    0.0
2017     CMS_bTagSF_bc_T_corr     3.61163077081     3.61163077081     3.61163077081     0.0     0.0    0.0
2017     CMS_bTagSF_bc_T_corr     0.170631485538     0.170631485538     0.170631485538     0.0     0.0    0.0
2017     CMS_bTagSF_light_T_corr     47.0018069137     47.0018069137     47.0018069137     0.0     0.0    0.0
2017     CMS_bTagSF_light_T_corr     1.54995519078     1.54995519078     1.54995519078     0.0     0.0    0.0
2017     CMS_bTagSF_light_T_corr     3.61163077081     3.61163077081     3.61163077081     0.0     0.0    0.0
2017     CMS_bTagSF_light_T_corr     0.170631485538     0.170631485538     0.170631485538     0.0     0.0    0.0
2017     CMS_bTagSF_bc_M_corr     47.0018069137     46.3618175307     47.5352148317     -0.0136162719073     0.0113486683382    0.0136162719073
2017     CMS_bTagSF_bc_M_corr     1.54995519078     1.07972808788     2.1362474155     -0.303381094949     0.378263983507    0.378263983507
2017     CMS_bTagSF_bc_M_corr     3.61163077081     3.55177631837     3.66403791773     -0.0165726942307     0.0145106602083    0.0165726942307
2017     CMS_bTagSF_bc_M_corr     0.170631485538     0.121113252049     0.231703621964     -0.290205722194     0.357918330452    0.357918330452
2017     CMS_bTagSF_light_M_corr     47.0018069137     50.5919785136     53.2462484734     0.0763836932162     0.132855351096    0.132855351096
2017     CMS_bTagSF_light_M_corr     1.54995519078     1.86391202609     1.46168561401     0.202558652779     -0.056949760415    0.202558652779
2017     CMS_bTagSF_light_M_corr     3.61163077081     3.81057127159     3.98622888123     0.0550832887969     0.103719935451    0.103719935451
2017     CMS_bTagSF_light_M_corr     0.170631485538     0.214193269237     0.15938089152     0.255297453233     -0.0659350411368    0.255297453233
2017     CMS_bTagSF_bc_T_year     47.0018069137     47.0018069137     47.0018069137     0.0     0.0    0.0
2017     CMS_bTagSF_bc_T_year     1.54995519078     1.54995519078     1.54995519078     0.0     0.0    0.0
2017     CMS_bTagSF_bc_T_year     3.61163077081     3.61163077081     3.61163077081     0.0     0.0    0.0
2017     CMS_bTagSF_bc_T_year     0.170631485538     0.170631485538     0.170631485538     0.0     0.0    0.0
2017     CMS_bTagSF_light_T_year     47.0018069137     47.0018069137     47.0018069137     0.0     0.0    0.0
2017     CMS_bTagSF_light_T_year     1.54995519078     1.54995519078     1.54995519078     0.0     0.0    0.0
2017     CMS_bTagSF_light_T_year     3.61163077081     3.61163077081     3.61163077081     0.0     0.0    0.0
2017     CMS_bTagSF_light_T_year     0.170631485538     0.170631485538     0.170631485538     0.0     0.0    0.0
2017     CMS_bTagSF_bc_M_year     47.0018069137     45.798514611     47.917214894     -0.0256009796596     0.0194760167836    0.0256009796596
2017     CMS_bTagSF_bc_M_year     1.54995519078     0.847934661162     2.54900394996     -0.452929564541     0.644566220444    0.644566220444
2017     CMS_bTagSF_bc_M_year     3.61163077081     3.51856802202     3.6812809322     -0.0257675146481     0.019284961783    0.0257675146481
2017     CMS_bTagSF_bc_M_year     0.170631485538     0.0990938315767     0.270017791083     -0.419252365621     0.582461702372    0.582461702372
2017     CMS_bTagSF_light_M_year     47.0018069137     46.9752906329     47.0318330372     -0.000564154499004     0.000638829129943    0.000638829129943
2017     CMS_bTagSF_light_M_year     1.54995519078     1.51518087056     1.58521468523     -0.0224356939001     0.0227487185813    0.0227487185813
2017     CMS_bTagSF_light_M_year     3.61163077081     3.61164646901     3.61158360467     4.34656693349e-06     -1.3059512908e-05    1.3059512908e-05
2017     CMS_bTagSF_light_M_year     0.170631485538     0.166426933398     0.174907363397     -0.0246411272057     0.025059137508    0.025059137508
2017     CMS_jer_eta193     47.0018069137     46.980115074     47.0094620006     -0.000461510762783     0.000162867926456    0.000461510762783
2017     CMS_jer_eta193     1.54995519078     1.5505949758     1.56011513183     0.000412776460417     0.00655499017851    0.00655499017851
2017     CMS_jer_eta193     3.61163077081     3.60569670763     3.61265898459     -0.00164304259255     0.000284695153719    0.00164304259255
2017     CMS_jer_eta193     0.170631485538     0.170626381063     0.174087203404     -2.99152002579e-05     0.0202525217117    0.0202525217117
2017     CMS_jer_193eta25     47.0018069137     47.0023258311     46.9994573636     1.104037084e-05     -4.99885075383e-05    4.99885075383e-05
2017     CMS_jer_193eta25     1.54995519078     1.54993519381     1.5499658097     -1.29016438348e-05     6.85111150123e-06    1.29016438348e-05
2017     CMS_jer_193eta25     3.61163077081     3.61197455966     3.61173485217     9.51893677179e-05     2.8818383575e-05    9.51893677179e-05
2017     CMS_jer_193eta25     0.170631485538     0.170631485538     0.170643673276     0.0     7.14272497651e-05    7.14272497651e-05
2017     CMS_jec_FlavorQCD     47.0018069137     47.0290963442     46.9810648028     0.000580603858267     -0.000441304543734    0.000580603858267
2017     CMS_jec_FlavorQCD     1.54995519078     1.5495466052     1.54772746115     -0.000263611217527     -0.00143728647505    0.00143728647505
2017     CMS_jec_FlavorQCD     3.61163077081     3.60280811642     3.61368139583     -0.00244284506119     0.000567783682541    0.00244284506119
2017     CMS_jec_FlavorQCD     0.170631485538     0.170620190631     0.170656228399     -6.61947415942e-05     0.000145007595312    0.000145007595312
2017     CMS_jec_RelativeBal     47.0018069137     46.9999761028     47.0044852906     -3.89519269834e-05     5.69845519938e-05    5.69845519938e-05
2017     CMS_jec_RelativeBal     1.54995519078     1.54962740083     1.54995591294     -0.000211483499625     4.65925517279e-07    0.000211483499625
2017     CMS_jec_RelativeBal     3.61163077081     3.59294123624     3.6163664738     -0.0051748187332     0.00131123674715    0.0051748187332
2017     CMS_jec_RelativeBal     0.170631485538     0.170631485789     0.170631485538     1.47220480251e-09     0.0    1.47220480251e-09
2017     CMS_jec_Absolute     47.0018069137     47.0449676357     46.9423250798     0.000918277929755     -0.00126552228163    0.00126552228163
2017     CMS_jec_Absolute     1.54995519078     1.55185879298     1.55138203552     0.00122816595787     0.000920571606952    0.00122816595787
2017     CMS_jec_Absolute     3.61163077081     3.57096419875     3.63822130776     -0.0112598918997     0.00736247380645    0.0112598918997
2017     CMS_jec_Absolute     0.170631485538     0.163711598287     0.17063995755     -0.0405545742608     4.96509324486e-05    0.0405545742608
2017     CMS_jec_BBEC1_year     47.0018069137     46.9998234441     47.001027937     -4.21998592846e-05     -1.65733358818e-05    4.21998592846e-05
2017     CMS_jec_BBEC1_year     1.54995519078     1.54962258543     1.54996760543     -0.000214590303197     8.00968573555e-06    0.000214590303197
2017     CMS_jec_BBEC1_year     3.61163077081     3.61057324142     3.61043467804     -0.000292812155624     -0.000331178033364    0.000331178033364
2017     CMS_jec_BBEC1_year     0.170631485538     0.170626380812     0.170631485538     -2.99166724625e-05     0.0    2.99166724625e-05
2017     CMS_jec_Absolute_year     47.0018069137     47.0187797289     46.9923275704     0.000361109843919     -0.000201680403301    0.000361109843919
2017     CMS_jec_Absolute_year     1.54995519078     1.5496226133     1.54997034764     -0.000214572318221     9.7789039859e-06    0.000214572318221
2017     CMS_jec_Absolute_year     3.61163077081     3.6008060737     3.61823257962     -0.00299717712077     0.00182793015762    0.00299717712077
2017     CMS_jec_Absolute_year     0.170631485538     0.170626381063     0.170631485538     -2.99152002579e-05     0.0    2.99152002579e-05
2017     CMS_jec_RelativeSample_year     47.0018069137     47.0272803569     46.9628010479     0.000541967316472     -0.000829880134312    0.000829880134312
2017     CMS_jec_RelativeSample_year     1.54995519078     1.55189149807     1.55136936764     0.0012492666248     0.000912398545195    0.0012492666248
2017     CMS_jec_RelativeSample_year     3.61163077081     3.57218468466     3.64747830962     -0.0109219598169     0.00992558239686    0.0109219598169
2017     CMS_jec_RelativeSample_year     0.170631485538     0.170206617049     0.170631485915     -0.00248997708622     2.20830709274e-09    0.00248997708622
2017     CMS_pu     47.0018069137     47.0564095464     46.9277983934     0.00116171347893     -0.00157458883338    0.00157458883338
2017     CMS_pu     1.54995519078     1.55807321097     1.54302197381     0.0052375837967     -0.00447317251905    0.0052375837967
2017     CMS_pu     3.61163077081     3.56650510418     3.6469886595     -0.0124945404156     0.00979000649041    0.0124945404156
2017     CMS_pu     0.170631485538     0.173737825362     0.169576231874     0.0182049626661     -0.00618440178853    0.0182049626661
2017     CMS_L1Prefiring     47.0018069137     46.869495367     47.1473013246     -0.00281503106898     0.00309550675638    0.00309550675638
2017     CMS_L1Prefiring     1.54995519078     1.54670023965     1.55564944438     -0.00210002917809     0.00367381820874    0.00367381820874
2017     CMS_L1Prefiring     3.61163077081     3.55467737812     3.66886073707     -0.0157694394327     0.0158460180142    0.0158460180142
2017     CMS_L1Prefiring     0.170631485538     0.167228063968     0.174020705689     -0.0199460349245     0.0198628063312    0.0199460349245
2017     CMS_pdf_sig     47.0018069137     47.9873774559     46.0162445008     0.0209687798587     -0.0209686069038    0.0209687798587
2017     CMS_pdf_sig     1.54995519078     1.58383720903     1.51607304196     0.0218599985668     -0.0218600828092    0.0218600828092
2017     CMS_pdf_sig     3.61163077081     3.69208470418     3.53117676306     0.0222763450848     -0.0222763656818    0.0222763656818
2017     CMS_pdf_sig     0.170631485538     0.17506791788     0.166195053074     0.0260000803974     -0.0260000811095    0.0260000811095
2017     CMS_renorm_sig     47.0018069137     47.0018069137     47.0018069137     0.0     0.0    0.0
2017     CMS_renorm_sig     1.54995519078     1.54995519078     1.54995519078     0.0     0.0    0.0
2017     CMS_renorm_sig     3.61163077081     3.61163077081     3.61163077081     0.0     0.0    0.0
2017     CMS_renorm_sig     0.170631485538     0.170631485538     0.170631485538     0.0     0.0    0.0
2017     CMS_fact_sig     47.0018069137     40.2998478174     55.3986792867     -0.142589392546     0.178649990805    0.178649990805
2017     CMS_fact_sig     1.54995519078     1.33117309581     1.82326679807     -0.14115381933     0.176335166926    0.176335166926
2017     CMS_fact_sig     3.61163077081     3.09710238563     4.25617305655     -0.142464282157     0.178462951126    0.178462951126
2017     CMS_fact_sig     0.170631485538     0.146332961097     0.201053315909     -0.142403521629     0.178289664858    0.178289664858
2017     CMS_jec_AbsoluteCal     47.0018069137     47.0162353008     46.9937650704     0.000306975157579     -0.000171096472846    0.000306975157579
2017     CMS_jec_AbsoluteCal     1.54995519078     1.5496038542     1.55137807622     -0.000226675314201     0.000918017147056    0.000918017147056
2017     CMS_jec_AbsoluteCal     3.61163077081     3.60035888259     3.61849026133     -0.00312099684135     0.00189927790422    0.00312099684135
2017     CMS_jec_AbsoluteCal     0.170631485538     0.170631485789     0.170631485538     1.47220480251e-09     0.0    1.47220480251e-09
2017     CMS_jec_AbsoluteTheory     47.0018069137     47.0449686959     46.9423252596     0.000918300487371     -0.00126551845641    0.00126551845641
2017     CMS_jec_AbsoluteTheory     1.54995519078     1.55185879269     1.55138203494     0.00122816576986     0.000920571230945    0.00122816576986
2017     CMS_jec_AbsoluteTheory     3.61163077081     3.57096419963     3.63822130718     -0.0112598916577     0.00736247364508    0.0112598916577
2017     CMS_jec_AbsoluteTheory     0.170631485538     0.163711598287     0.17063995755     -0.0405545742608     4.96509324486e-05    0.0405545742608
2017     CMS_jec_AbsolutePU     47.0018069137     47.0205548322     46.9731889481     0.000398876547107     -0.000608869478446    0.000608869478446
2017     CMS_jec_AbsolutePU     1.54995519078     1.54959756338     1.55137600769     -0.000230734022379     0.000916682574469    0.000916682574469
2017     CMS_jec_AbsolutePU     3.61163077081     3.60178917853     3.62428974005     -0.0027249718786     0.00350505631326    0.00350505631326
2017     CMS_jec_AbsolutePU     0.170631485538     0.170631485789     0.170639957835     1.47220480251e-09     4.96526019544e-05    4.96526019544e-05
2017     CMS_jec_AbsoluteScale     47.0018069137     47.0449686959     46.9423252596     0.000918300487371     -0.00126551845641    0.00126551845641
2017     CMS_jec_AbsoluteScale     1.54995519078     1.55185879269     1.55138203494     0.00122816576986     0.000920571230945    0.00122816576986
2017     CMS_jec_AbsoluteScale     3.61163077081     3.57096419963     3.63822130718     -0.0112598916577     0.00736247364508    0.0112598916577
2017     CMS_jec_AbsoluteScale     0.170631485538     0.163711598287     0.17063995755     -0.0405545742608     4.96509324486e-05    0.0405545742608
2017     CMS_jec_Fragmentation     47.0018069137     47.0134597129     46.9952292607     0.000247922365723     -0.000139944684335    0.000247922365723
2017     CMS_jec_Fragmentation     1.54995519078     1.54961575865     1.55136914789     -0.00021899479962     0.000912256763184    0.000912256763184
2017     CMS_jec_Fragmentation     3.61163077081     3.61001301825     3.61597963367     -0.000447928558794     0.0012041272018    0.0012041272018
2017     CMS_jec_Fragmentation     0.170631485538     0.170631485789     0.170631485538     1.47220480251e-09     0.0    1.47220480251e-09
2017     CMS_jec_AbsoluteMPFBias     47.0018069137     47.0449676357     46.9423250798     0.000918277929755     -0.00126552228163    0.00126552228163
2017     CMS_jec_AbsoluteMPFBias     1.54995519078     1.55185879298     1.55138203552     0.00122816595787     0.000920571606952    0.00122816595787
2017     CMS_jec_AbsoluteMPFBias     3.61163077081     3.57096419875     3.63822130776     -0.0112598918997     0.00736247380645    0.0112598918997
2017     CMS_jec_AbsoluteMPFBias     0.170631485538     0.163711598287     0.17063995755     -0.0405545742608     4.96509324486e-05    0.0405545742608
2017     CMS_jec_RelativeFSR     47.0018069137     47.0277864045     46.9784125702     0.000552733872172     -0.000497732855238    0.000552733872172
2017     CMS_jec_RelativeFSR     1.54995519078     1.54961548926     1.54996700802     -0.000219168607727     7.62424898992e-06    0.000219168607727
2017     CMS_jec_RelativeFSR     3.61163077081     3.59595666577     3.60702334115     -0.00433989685978     -0.00127572001451    0.00433989685978
2017     CMS_jec_RelativeFSR     0.170631485538     0.169068159554     0.170631485538     -0.00916200183733     0.0    0.00916200183733
2017     CMS_scale_sig     47.0018069137     55.3986792867     40.2998478174     0.178649990805     -0.142589392546    0.178649990805
2017     CMS_scale_sig     1.54995519078     1.82326679807     1.33117309581     0.176335166926     -0.14115381933    0.176335166926
2017     CMS_scale_sig     3.61163077081     4.25617305655     3.09710238563     0.178462951126     -0.142464282157    0.178462951126
2017     CMS_scale_sig     0.170631485538     0.201053315909     0.146332961097     0.178289664858     -0.142403521629    0.178289664858
2017     CMS_bTagSF_M     8.68832761086     8.56047143056     8.85718528531     -0.0147158562649     0.019435003146    0.019435003146
2017     CMS_bTagSF_M     0.269969965836     0.148392767894     0.449964289415     -0.450336012624     0.666719807224    0.666719807224
2017     CMS_bTagSF_M     0.586435359949     0.587967646422     0.5887629339     0.00261288213111     0.00396902047606    0.00396902047606
2017     CMS_bTagSF_M     0.0218434228141     0.0140106899564     0.0344791644903     -0.358585416046     0.578468941602    0.578468941602
2017     CMS_bTagSF_T     8.68832761086     8.68832761086     8.68832761086     0.0     0.0    0.0
2017     CMS_bTagSF_T     0.269969965836     0.269969965836     0.269969965836     0.0     0.0    0.0
2017     CMS_bTagSF_T     0.586435359949     0.586435359949     0.586435359949     0.0     0.0    0.0
2017     CMS_bTagSF_T     0.0218434228141     0.0218434228141     0.0218434228141     0.0     0.0    0.0
2017     CMS_bTagSF_M_corr     8.68832761086     10.9158987078     13.2036592998     0.256386636954     0.519700901158    0.519700901158
2017     CMS_bTagSF_M_corr     0.269969965836     0.318073615139     0.419292666457     0.178181484572     0.553108565829    0.553108565829
2017     CMS_bTagSF_M_corr     0.586435359949     0.681280231931     0.859734593825     0.161731161625     0.466034711652    0.466034711652
2017     CMS_bTagSF_M_corr     0.0218434228141     0.0285752823669     0.0322668482172     0.308187027741     0.477188281882    0.477188281882
2017     CMS_bTagSF_T_corr     8.68832761086     8.68832761086     8.68832761086     0.0     0.0    0.0
2017     CMS_bTagSF_T_corr     0.269969965836     0.269969965836     0.269969965836     0.0     0.0    0.0
2017     CMS_bTagSF_T_corr     0.586435359949     0.586435359949     0.586435359949     0.0     0.0    0.0
2017     CMS_bTagSF_T_corr     0.0218434228141     0.0218434228141     0.0218434228141     0.0     0.0    0.0
2017     CMS_jer     8.68832761086     8.68546345122     8.69394383197     -0.00032965603682     0.000646409914561    0.000646409914561
2017     CMS_jer     0.269969965836     0.270199651784     0.269358676077     0.000850783335199     -0.00226428801914    0.00226428801914
2017     CMS_jer     0.586435359949     0.587587908536     0.589359707686     0.0019653463385     0.00498664974276    0.00498664974276
2017     CMS_jer     0.0218434228141     0.0220440787497     0.0224440146981     0.00918610317211     0.0274953192592    0.0274953192592
2017     CMS_jec     8.68832761086     8.70436013711     8.66337437448     0.00184529485594     -0.00287204137592    0.00287204137592
2017     CMS_jec     0.269969965836     0.270497553878     0.26849342261     0.00195424717081     -0.00546928700673    0.00546928700673
2017     CMS_jec     0.586435359949     0.575686820628     0.595240641546     -0.0183286003116     0.0150149226988    0.0183286003116
2017     CMS_jec     0.0218434228141     0.0208222906588     0.0226573746018     -0.046747808896     0.0372630148062    0.046747808896
2017     CMS_bTagSF_bc_T_corr     8.68832761086     8.68832761086     8.68832761086     0.0     0.0    0.0
2017     CMS_bTagSF_bc_T_corr     0.269969965836     0.269969965836     0.269969965836     0.0     0.0    0.0
2017     CMS_bTagSF_bc_T_corr     0.586435359949     0.586435359949     0.586435359949     0.0     0.0    0.0
2017     CMS_bTagSF_bc_T_corr     0.0218434228141     0.0218434228141     0.0218434228141     0.0     0.0    0.0
2017     CMS_bTagSF_light_T_corr     8.68832761086     8.68832761086     8.68832761086     0.0     0.0    0.0
2017     CMS_bTagSF_light_T_corr     0.269969965836     0.269969965836     0.269969965836     0.0     0.0    0.0
2017     CMS_bTagSF_light_T_corr     0.586435359949     0.586435359949     0.586435359949     0.0     0.0    0.0
2017     CMS_bTagSF_light_T_corr     0.0218434228141     0.0218434228141     0.0218434228141     0.0     0.0    0.0
2017     CMS_bTagSF_bc_M_corr     8.68832761086     8.54747418884     8.81668690546     -0.0162117991325     0.0147737631855    0.0162117991325
2017     CMS_bTagSF_bc_M_corr     0.269969965836     0.18926335065     0.37130213082     -0.298946643698     0.375346067367    0.375346067367
2017     CMS_bTagSF_bc_M_corr     0.586435359949     0.581446120687     0.591072548649     -0.00850773947559     0.00790741660033    0.00850773947559
2017     CMS_bTagSF_bc_M_corr     0.0218434228141     0.0156561582985     0.029386445936     -0.283255264901     0.345322396865    0.345322396865
2017     CMS_bTagSF_light_M_corr     8.68832761086     11.0451268832     13.0126712588     0.271260405671     0.497718760348    0.497718760348
2017     CMS_bTagSF_light_M_corr     0.269969965836     0.456550975383     0.329352807377     0.691117654398     0.219960918085    0.691117654398
2017     CMS_bTagSF_light_M_corr     0.586435359949     0.681981347886     0.842466542392     0.162926717013     0.436588923398    0.436588923398
2017     CMS_bTagSF_light_M_corr     0.0218434228141     0.0396526551577     0.0250434723788     0.815313263636     0.14649945624    0.815313263636
2017     CMS_bTagSF_bc_T_year     8.68832761086     8.68832761086     8.68832761086     0.0     0.0    0.0
2017     CMS_bTagSF_bc_T_year     0.269969965836     0.269969965836     0.269969965836     0.0     0.0    0.0
2017     CMS_bTagSF_bc_T_year     0.586435359949     0.586435359949     0.586435359949     0.0     0.0    0.0
2017     CMS_bTagSF_bc_T_year     0.0218434228141     0.0218434228141     0.0218434228141     0.0     0.0    0.0
2017     CMS_bTagSF_light_T_year     8.68832761086     8.68832761086     8.68832761086     0.0     0.0    0.0
2017     CMS_bTagSF_light_T_year     0.269969965836     0.269969965836     0.269969965836     0.0     0.0    0.0
2017     CMS_bTagSF_light_T_year     0.586435359949     0.586435359949     0.586435359949     0.0     0.0    0.0
2017     CMS_bTagSF_light_T_year     0.0218434228141     0.0218434228141     0.0218434228141     0.0     0.0    0.0
2017     CMS_bTagSF_bc_M_year     8.68832761086     8.42605986085     8.91371979584     -0.0301862178503     0.0259419528217    0.0301862178503
2017     CMS_bTagSF_bc_M_year     0.269969965836     0.152090625374     0.437199126629     -0.436638720524     0.619436166812    0.619436166812
2017     CMS_bTagSF_bc_M_year     0.586435359949     0.576152539338     0.594239614425     -0.0175344484886     0.0133079534583    0.0175344484886
2017     CMS_bTagSF_bc_M_year     0.0218434228141     0.0132205724607     0.0334432814661     -0.394757288122     0.531045832457    0.531045832457
2017     CMS_bTagSF_light_M_year     8.68832761086     8.82638237619     8.63676817836     0.0158896822851     -0.00593433337363    0.0158896822851
2017     CMS_bTagSF_light_M_year     0.269969965836     0.262648997796     0.277829816276     -0.0271177129564     0.0291137957328    0.0291137957328
2017     CMS_bTagSF_light_M_year     0.586435359949     0.598472169123     0.581289239173     0.020525380965     -0.00877525662261    0.020525380965
2017     CMS_bTagSF_light_M_year     0.0218434228141     0.0224061271519     0.0225828056464     0.0257608133396     0.0338492203603    0.0338492203603
2017     CMS_jer_eta193     8.68832761086     8.68534241554     8.69390846312     -0.000343586874285     0.000642339067428    0.000642339067428
2017     CMS_jer_eta193     0.269969965836     0.270269202685     0.269360243962     0.00110840791985     -0.00225848039258    0.00225848039258
2017     CMS_jer_eta193     0.586435359949     0.587684476126     0.590001336145     0.00213001510861     0.00608076599623    0.00608076599623
2017     CMS_jer_eta193     0.0218434228141     0.0220440787497     0.0218434228711     0.00918610317211     2.60781574113e-09    0.00918610317211
2017     CMS_jer_193eta25     8.68832761086     8.68844866465     8.68836301676     1.39329217592e-05     4.07511054945e-06    1.39329217592e-05
2017     CMS_jer_193eta25     0.269969965836     0.269900414982     0.269968397952     -0.000257624414919     -5.80762656077e-06    0.000257624414919
2017     CMS_jer_193eta25     0.586435359949     0.586338792546     0.585793732384     -0.000164668452652     -0.00109411472861    0.00109411472861
2017     CMS_jer_193eta25     0.0218434228141     0.0218434228141     0.0224440146411     0.0     0.0274953166514    0.0274953166514
2017     CMS_jec_FlavorQCD     8.68832761086     8.69651831969     8.6755457551     0.000942725595679     -0.00147115260147    0.00147115260147
2017     CMS_jec_FlavorQCD     0.269969965836     0.26968710684     0.269046495542     -0.00104774245953     -0.00342064085515    0.00342064085515
2017     CMS_jec_FlavorQCD     0.586435359949     0.58459782534     0.587774888718     -0.00313339667804     0.00228418826736    0.00313339667804
2017     CMS_jec_FlavorQCD     0.0218434228141     0.021843214879     0.0220465467704     -9.51934838922e-06     0.00929909007432    0.00929909007432
2017     CMS_jec_RelativeBal     8.68832761086     8.68871890914     8.68693381251     4.50372383245e-05     -0.000160421938481    0.000160421938481
2017     CMS_jec_RelativeBal     0.269969965836     0.269906125139     0.269971470763     -0.000236473331944     5.5744234968e-06    0.000236473331944
2017     CMS_jec_RelativeBal     0.586435359949     0.585710854727     0.588681594387     -0.00123543918288     0.00383031889242    0.00383031889242
2017     CMS_jec_RelativeBal     0.0218434228141     0.0220250176886     0.0218434228141     0.00831348072132     0.0    0.00831348072132
2017     CMS_jec_Absolute     8.68832761086     8.69810513143     8.6709101639     0.00112536278655     -0.00200469500488    0.00200469500488
2017     CMS_jec_Absolute     0.269969965836     0.270240817439     0.268437753563     0.0010032656833     -0.00567549160068    0.00567549160068
2017     CMS_jec_Absolute     0.586435359949     0.580345922221     0.591349167772     -0.0103838174559     0.00837911244621    0.0103838174559
2017     CMS_jec_Absolute     0.0218434228141     0.0217467293859     0.0220444114315     -0.00442666101557     0.00920133346819    0.00920133346819
2017     CMS_jec_BBEC1_year     8.68832761086     8.68704834708     8.68805189231     -0.000147239358497     -3.1734363739e-05    0.000147239358497
2017     CMS_jec_BBEC1_year     0.269969965836     0.270223432943     0.269974363432     0.000938871497983     1.62892018118e-05    0.000938871497983
2017     CMS_jec_BBEC1_year     0.586435359949     0.587968290874     0.588555376777     0.0026139810619     0.00361509037947    0.00361509037947
2017     CMS_jec_BBEC1_year     0.0218434228141     0.0218434228141     0.0214602298809     0.0     -0.0175427146403    0.0175427146403
2017     CMS_jec_Absolute_year     8.68832761086     8.69078771806     8.68537280111     0.0002831508324     -0.000340089587165    0.000340089587165
2017     CMS_jec_Absolute_year     0.269969965836     0.269891455108     0.269726948977     -0.000290812824853     -0.000900162575236    0.000900162575236
2017     CMS_jec_Absolute_year     0.586435359949     0.583967840669     0.584641819691     -0.00420765773691     -0.0030583767282    0.00420765773691
2017     CMS_jec_Absolute_year     0.0218434228141     0.0218434228141     0.0218434228141     0.0     0.0    0.0
2017     CMS_jec_RelativeSample_year     8.68832761086     8.6964002672     8.68047004971     0.000929138115308     -0.000904381314988    0.000929138115308
2017     CMS_jec_RelativeSample_year     0.269969965836     0.270484594609     0.269441672042     0.00190624453546     -0.00195686136031    0.00195686136031
2017     CMS_jec_RelativeSample_year     0.586435359949     0.577014770472     0.587573920732     -0.0160641566314     0.00194149408662    0.0160641566314
2017     CMS_jec_RelativeSample_year     0.0218434228141     0.0218434228946     0.0218434228635     3.68566599462e-09     2.26057550456e-09    3.68566599462e-09
2017     CMS_pu     8.68832761086     8.64505192766     8.71154256671     -0.00498089910333     0.00267197058973    0.00498089910333
2017     CMS_pu     0.269969965836     0.27478174894     0.266906873802     0.0178234015346     -0.0113460474206    0.0178234015346
2017     CMS_pu     0.586435359949     0.587506896257     0.58346463725     0.00182720276003     -0.00506572915229    0.00506572915229
2017     CMS_pu     0.0218434228141     0.0220007425576     0.0213941937922     0.00720215622208     -0.0205658712788    0.0205658712788
2017     CMS_L1Prefiring     8.68832761086     8.66334865965     8.71364091414     -0.00287500107407     0.0029134839768    0.0029134839768
2017     CMS_L1Prefiring     0.269969965836     0.268786792391     0.27113076616     -0.00438261138221     0.00429973874921    0.00438261138221
2017     CMS_L1Prefiring     0.586435359949     0.580953835442     0.594761507872     -0.00934719302621     0.0141978954404    0.0141978954404
2017     CMS_L1Prefiring     0.0218434228141     0.0214807115457     0.0222050619962     -0.0166050564267     0.016555975919    0.0166050564267
2017     CMS_pdf_sig     8.68832761086     8.98885382759     8.38780113737     0.0345896506421     -0.0345896801954    0.0345896801954
2017     CMS_pdf_sig     0.269969965836     0.279855655958     0.260084260803     0.0366177403864     -0.0366177956248    0.0366177956248
2017     CMS_pdf_sig     0.586435359949     0.606431271123     0.566439460302     0.0340973831729     -0.0340973635162    0.0340973831729
2017     CMS_pdf_sig     0.0218434228141     0.0226477596678     0.0210390861416     0.0368228395571     -0.0368228312638    0.0368228395571
2017     CMS_renorm_sig     8.68832761086     8.68832761086     8.68832761086     0.0     0.0    0.0
2017     CMS_renorm_sig     0.269969965836     0.269969965836     0.269969965836     0.0     0.0    0.0
2017     CMS_renorm_sig     0.586435359949     0.586435359949     0.586435359949     0.0     0.0    0.0
2017     CMS_renorm_sig     0.0218434228141     0.0218434228141     0.0218434228141     0.0     0.0    0.0
2017     CMS_fact_sig     8.68832761086     7.35393491481     10.3841273758     -0.153584528096     0.195181379079    0.195181379079
2017     CMS_fact_sig     0.269969965836     0.228819737065     0.322129459264     -0.152425210132     0.193204800639    0.193204800639
2017     CMS_fact_sig     0.586435359949     0.496272755648     0.701191835356     -0.153746875544     0.195684781725    0.195684781725
2017     CMS_fact_sig     0.0218434228141     0.0184868708044     0.0261146699365     -0.153664196235     0.195539277829    0.195539277829
2017     CMS_jec_AbsoluteCal     8.68832761086     8.68897982113     8.68618263576     7.50674113212e-05     -0.000246880090025    0.000246880090025
2017     CMS_jec_AbsoluteCal     0.269969965836     0.269892317759     0.269728252132     -0.000287617465046     -0.000895335536636    0.000895335536636
2017     CMS_jec_AbsoluteCal     0.586435359949     0.58376586235     0.586883273624     -0.00455207475792     0.000763790360727    0.00455207475792
2017     CMS_jec_AbsoluteCal     0.0218434228141     0.0218434228141     0.0218434228141     0.0     0.0    0.0
2017     CMS_jec_AbsoluteTheory     8.68832761086     8.69810516212     8.67091018506     0.00112536631804     -0.00200469256911    0.00200469256911
2017     CMS_jec_AbsoluteTheory     0.269969965836     0.270240817439     0.268437753563     0.0010032656833     -0.00567549160068    0.00567549160068
2017     CMS_jec_AbsoluteTheory     0.586435359949     0.580345922031     0.591349167677     -0.01038381778     0.00837911228414    0.01038381778
2017     CMS_jec_AbsoluteTheory     0.0218434228141     0.0217467293859     0.0220444114315     -0.00442666101557     0.00920133346819    0.00920133346819
2017     CMS_jec_AbsolutePU     8.68832761086     8.6937699878     8.68171894062     0.000626400980277     -0.000760637782197    0.000760637782197
2017     CMS_jec_AbsolutePU     0.269969965836     0.270185651516     0.269733572852     0.00079892471994     -0.000875626973383    0.000875626973383
2017     CMS_jec_AbsolutePU     0.586435359949     0.583784232119     0.58905317123     -0.0045207503002     0.00446393833013    0.0045207503002
2017     CMS_jec_AbsolutePU     0.0218434228141     0.0218434228141     0.0218440105564     0.0     2.69070620404e-05    2.69070620404e-05
2017     CMS_jec_AbsoluteScale     8.68832761086     8.69810516212     8.67091018506     0.00112536631804     -0.00200469256911    0.00200469256911
2017     CMS_jec_AbsoluteScale     0.269969965836     0.270240817439     0.268437753563     0.0010032656833     -0.00567549160068    0.00567549160068
2017     CMS_jec_AbsoluteScale     0.586435359949     0.580345922031     0.591349167677     -0.01038381778     0.00837911228414    0.01038381778
2017     CMS_jec_AbsoluteScale     0.0218434228141     0.0217467293859     0.0220444114315     -0.00442666101557     0.00920133346819    0.00920133346819
2017     CMS_jec_Fragmentation     8.68832761086     8.68887844393     8.6873075992     6.33992058303e-05     -0.000117400230776    0.000117400230776
2017     CMS_jec_Fragmentation     0.269969965836     0.269892776087     0.269973157259     -0.000285919766267     1.18213986324e-05    0.000285919766267
2017     CMS_jec_Fragmentation     0.586435359949     0.585264890718     0.586938136044     -0.00199590493895     0.000857342734547    0.00199590493895
2017     CMS_jec_Fragmentation     0.0218434228141     0.0218434228141     0.0220250176886     0.0     0.00831348072132    0.00831348072132
2017     CMS_jec_AbsoluteMPFBias     8.68832761086     8.69810513143     8.6709101639     0.00112536278655     -0.00200469500488    0.00200469500488
2017     CMS_jec_AbsoluteMPFBias     0.269969965836     0.270240817439     0.268437753563     0.0010032656833     -0.00567549160068    0.00567549160068
2017     CMS_jec_AbsoluteMPFBias     0.586435359949     0.580345922221     0.591349167772     -0.0103838174559     0.00837911244621    0.0103838174559
2017     CMS_jec_AbsoluteMPFBias     0.0218434228141     0.0217467293859     0.0220444114315     -0.00442666101557     0.00920133346819    0.00920133346819
2017     CMS_jec_RelativeFSR     8.68832761086     8.69109014138     8.6831929271     0.000317958833632     -0.000590986435004    0.000590986435004
2017     CMS_jec_RelativeFSR     0.269969965836     0.271152821101     0.269972627521     0.00438143280314     9.8591885036e-06    0.00438143280314
2017     CMS_jec_RelativeFSR     0.586435359949     0.583515492789     0.588148881971     -0.0049790093837     0.00292192821054    0.0049790093837
2017     CMS_jec_RelativeFSR     0.0218434228141     0.0218434228141     0.0220638142234     0.0     0.0100896004794    0.0100896004794
2017     CMS_scale_sig     8.68832761086     10.3841273758     7.35393491481     0.195181379079     -0.153584528096    0.195181379079
2017     CMS_scale_sig     0.269969965836     0.322129459264     0.228819737065     0.193204800639     -0.152425210132    0.193204800639
2017     CMS_scale_sig     0.586435359949     0.701191835356     0.496272755648     0.195684781725     -0.153746875544    0.195684781725
2017     CMS_scale_sig     0.0218434228141     0.0261146699365     0.0184868708044     0.195539277829     -0.153664196235    0.195539277829
2017     CMS_bTagSF_M     5.24155621158     5.0386897532     5.41868490464     -0.0387034785455     0.0337931495749    0.0387034785455
2017     CMS_bTagSF_M     0.178177699526     0.0951543209791     0.303798199183     -0.465958303243     0.705029304966    0.705029304966
2017     CMS_bTagSF_M     0.356410337968     0.345640434702     0.365945941219     -0.0302177072828     0.0267545641521    0.0302177072828
2017     CMS_bTagSF_M     0.0192712755508     0.0110658206372     0.0307384898398     -0.425786808555     0.595041789466    0.595041789466
2017     CMS_bTagSF_T     5.24155621158     5.24155621158     5.24155621158     0.0     0.0    0.0
2017     CMS_bTagSF_T     0.178177699526     0.178177699526     0.178177699526     0.0     0.0    0.0
2017     CMS_bTagSF_T     0.356410337968     0.356410337968     0.356410337968     0.0     0.0    0.0
2017     CMS_bTagSF_T     0.0192712755508     0.0192712755508     0.0192712755508     0.0     0.0    0.0
2017     CMS_bTagSF_M_corr     5.24155621158     5.83177487101     7.05345451574     0.112603706916     0.345679456831    0.345679456831
2017     CMS_bTagSF_M_corr     0.178177699526     0.196139010524     0.254762003815     0.100805606122     0.429819806253    0.429819806253
2017     CMS_bTagSF_M_corr     0.356410337968     0.389990292966     0.475693264761     0.0942171183651     0.33467863888    0.33467863888
2017     CMS_bTagSF_M_corr     0.0192712755508     0.0192591904982     0.025914588606     -0.000627101852821     0.34472617226    0.34472617226
2017     CMS_bTagSF_T_corr     5.24155621158     5.24155621158     5.24155621158     0.0     0.0    0.0
2017     CMS_bTagSF_T_corr     0.178177699526     0.178177699526     0.178177699526     0.0     0.0    0.0
2017     CMS_bTagSF_T_corr     0.356410337968     0.356410337968     0.356410337968     0.0     0.0    0.0
2017     CMS_bTagSF_T_corr     0.0192712755508     0.0192712755508     0.0192712755508     0.0     0.0    0.0
2017     CMS_jer     5.24155621158     5.24535354446     5.24500887118     0.000724466691127     0.000658708877247    0.000724466691127
2017     CMS_jer     0.178177699526     0.178667923843     0.179294114659     0.00275132251658     0.00626573996571    0.00626573996571
2017     CMS_jer     0.356410337968     0.356975843189     0.354971331663     0.0015866689633     -0.00403749877826    0.00403749877826
2017     CMS_jer     0.0192712755508     0.0190137165575     0.0196766208203     -0.0133649167453     0.0210336502329    0.0210336502329
2017     CMS_jec     5.24155621158     5.2613651915     5.22659391443     0.00377921730178     -0.00285455245312    0.00377921730178
2017     CMS_jec     0.178177699526     0.178132655561     0.179235236816     -0.000252803607425     0.00593529545577    0.00593529545577
2017     CMS_jec     0.356410337968     0.350099436111     0.362720847834     -0.0177068428834     0.017705743055    0.0177068428834
2017     CMS_jec     0.0192712755508     0.0198028638575     0.0196840291792     0.0275844899496     0.021418075174    0.0275844899496
2017     CMS_bTagSF_bc_T_corr     5.24155621158     5.24155621158     5.24155621158     0.0     0.0    0.0
2017     CMS_bTagSF_bc_T_corr     0.178177699526     0.178177699526     0.178177699526     0.0     0.0    0.0
2017     CMS_bTagSF_bc_T_corr     0.356410337968     0.356410337968     0.356410337968     0.0     0.0    0.0
2017     CMS_bTagSF_bc_T_corr     0.0192712755508     0.0192712755508     0.0192712755508     0.0     0.0    0.0
2017     CMS_bTagSF_light_T_corr     5.24155621158     5.24155621158     5.24155621158     0.0     0.0    0.0
2017     CMS_bTagSF_light_T_corr     0.178177699526     0.178177699526     0.178177699526     0.0     0.0    0.0
2017     CMS_bTagSF_light_T_corr     0.356410337968     0.356410337968     0.356410337968     0.0     0.0    0.0
2017     CMS_bTagSF_light_T_corr     0.0192712755508     0.0192712755508     0.0192712755508     0.0     0.0    0.0
2017     CMS_bTagSF_bc_M_corr     5.24155621158     5.12316904616     5.34939992589     -0.0225862626738     0.0205747510784    0.0225862626738
2017     CMS_bTagSF_bc_M_corr     0.178177699526     0.126415552553     0.2423149716     -0.290508560331     0.359962398464    0.359962398464
2017     CMS_bTagSF_bc_M_corr     0.356410337968     0.349290772183     0.362447070705     -0.0199757555449     0.0169375915758    0.0199757555449
2017     CMS_bTagSF_bc_M_corr     0.0192712755508     0.0140189913063     0.0256276986527     -0.272544711981     0.32983925144    0.32983925144
2017     CMS_bTagSF_light_M_corr     5.24155621158     5.9456925189     6.92317555057     0.134337261473     0.320824440513    0.320824440513
2017     CMS_bTagSF_light_M_corr     0.178177699526     0.27620885668     0.205058725964     0.550187579115     0.150866390741    0.550187579115
2017     CMS_bTagSF_light_M_corr     0.356410337968     0.395880242835     0.465933216528     0.110742873207     0.307294337154    0.307294337154
2017     CMS_bTagSF_light_M_corr     0.0192712755508     0.0260862804825     0.020612768644     0.353635384112     0.0696110171677    0.353635384112
2017     CMS_bTagSF_bc_T_year     5.24155621158     5.24155621158     5.24155621158     0.0     0.0    0.0
2017     CMS_bTagSF_bc_T_year     0.178177699526     0.178177699526     0.178177699526     0.0     0.0    0.0
2017     CMS_bTagSF_bc_T_year     0.356410337968     0.356410337968     0.356410337968     0.0     0.0    0.0
2017     CMS_bTagSF_bc_T_year     0.0192712755508     0.0192712755508     0.0192712755508     0.0     0.0    0.0
2017     CMS_bTagSF_light_T_year     5.24155621158     5.24155621158     5.24155621158     0.0     0.0    0.0
2017     CMS_bTagSF_light_T_year     0.178177699526     0.178177699526     0.178177699526     0.0     0.0    0.0
2017     CMS_bTagSF_light_T_year     0.356410337968     0.356410337968     0.356410337968     0.0     0.0    0.0
2017     CMS_bTagSF_light_T_year     0.0192712755508     0.0192712755508     0.0192712755508     0.0     0.0    0.0
2017     CMS_bTagSF_bc_M_year     5.24155621158     5.02319222494     5.43119716587     -0.0416601440151     0.0361802767411    0.0416601440151
2017     CMS_bTagSF_bc_M_year     0.178177699526     0.0973769470462     0.2938555351     -0.453484093097     0.649227349339    0.649227349339
2017     CMS_bTagSF_bc_M_year     0.356410337968     0.343904113739     0.36684151045     -0.0350893980803     0.0292673117773    0.0350893980803
2017     CMS_bTagSF_bc_M_year     0.0192712755508     0.0113850820677     0.0299643348113     -0.409220109083     0.554870342255    0.554870342255
2017     CMS_bTagSF_light_M_year     5.24155621158     5.25868346719     5.23151136475     0.00326758979995     -0.00191638635892    0.00326758979995
2017     CMS_bTagSF_light_M_year     0.178177699526     0.173308981471     0.184488928801     -0.0273250696793     0.0354209830493    0.0354209830493
2017     CMS_bTagSF_light_M_year     0.356410337968     0.358125563633     0.355560334027     0.00481250256435     -0.00238490259577    0.00481250256435
2017     CMS_bTagSF_light_M_year     0.0192712755508     0.0187579406511     0.0197923616713     -0.0266373078595     0.0270395241424    0.0270395241424
2017     CMS_jer_eta193     5.24155621158     5.24440559519     5.24481759909     0.00054361405319     0.000622217407151    0.000622217407151
2017     CMS_jer_eta193     0.178177699526     0.178668151813     0.179294114659     0.002752601975     0.00626573996571    0.00626573996571
2017     CMS_jer_eta193     0.356410337968     0.356977496473     0.35491578076     0.00159130767237     -0.00419336099036    0.00419336099036
2017     CMS_jer_eta193     0.0192712755508     0.0190157935169     0.0196766208203     -0.0132571418659     0.0210336502329    0.0210336502329
2017     CMS_jer_193eta25     5.24155621158     5.24250567559     5.24174662545     0.00018114162531     3.6327737533e-05    0.00018114162531
2017     CMS_jer_193eta25     0.178177699526     0.178177471555     0.178177699526     -1.27945841866e-06     0.0    1.27945841866e-06
2017     CMS_jer_193eta25     0.356410337968     0.356408684811     0.356465888867     -4.63835130138e-06     0.000155862200082    0.000155862200082
2017     CMS_jer_193eta25     0.0192712755508     0.0192691985914     0.0192712755508     -0.00010777487937     0.0    0.00010777487937
2017     CMS_jec_FlavorQCD     5.24155621158     5.24766008045     5.23729159834     0.00116451462549     -0.000813615854581    0.00116451462549
2017     CMS_jec_FlavorQCD     0.178177699526     0.178088575658     0.179566439445     -0.000500196536804     0.0077941286842    0.0077941286842
2017     CMS_jec_FlavorQCD     0.356410337968     0.355241132924     0.358058624953     -0.00328050260765     0.00462468904501    0.00462468904501
2017     CMS_jec_FlavorQCD     0.0192712755508     0.0192704951952     0.0193587919853     -4.04931984238e-05     0.00454128914623    0.00454128914623
2017     CMS_jec_RelativeBal     5.24155621158     5.24247850517     5.23869973192     0.000175957970532     -0.00054496785732    0.00054496785732
2017     CMS_jec_RelativeBal     0.178177699526     0.178311316626     0.179485362662     0.000749909223747     0.00733909540867    0.00733909540867
2017     CMS_jec_RelativeBal     0.356410337968     0.3556671266     0.357114658608     -0.00208526882696     0.00197615098411    0.00208526882696
2017     CMS_jec_RelativeBal     0.0192712755508     0.0192704951952     0.0192712755156     -4.04931984238e-05     -1.82632142742e-09    4.04931984238e-05
2017     CMS_jec_Absolute     5.24155621158     5.25278687696     5.23276499265     0.00214262042147     -0.00167721542455    0.00214262042147
2017     CMS_jec_Absolute     0.178177699526     0.178666530435     0.179339430352     0.00274350219057     0.00652006861232    0.00652006861232
2017     CMS_jec_Absolute     0.356410337968     0.352672376592     0.362012278033     -0.0104878028979     0.0157176699672    0.0157176699672
2017     CMS_jec_Absolute     0.0192712755508     0.0194707562089     0.0194791323492     0.0103511912128     0.0107858350023    0.0107858350023
2017     CMS_jec_BBEC1_year     5.24155621158     5.24317229101     5.23911294876     0.00030832053928     -0.000466133093946    0.000466133093946
2017     CMS_jec_BBEC1_year     0.178177699526     0.178177702045     0.179155364452     1.41406513166e-08     0.00548702182693    0.00548702182693
2017     CMS_jec_BBEC1_year     0.356410337968     0.356373644662     0.356738196855     -0.000102952415896     0.000919891632746    0.000919891632746
2017     CMS_jec_BBEC1_year     0.0192712755508     0.0192704951952     0.0192712755508     -4.04931984238e-05     0.0    4.04931984238e-05
2017     CMS_jec_Absolute_year     5.24155621158     5.24536579292     5.23869615271     0.000726803488499     -0.000545650709012    0.000726803488499
2017     CMS_jec_Absolute_year     0.178177699526     0.178280803742     0.179335583973     0.000578659487848     0.00649848129073    0.00649848129073
2017     CMS_jec_Absolute_year     0.356410337968     0.354667043586     0.358457196559     -0.00489125649791     0.00574298322218    0.00574298322218
2017     CMS_jec_Absolute_year     0.0192712755508     0.0192712755508     0.0193587919853     0.0     0.00454128914623    0.00454128914623
2017     CMS_jec_RelativeSample_year     5.24155621158     5.25121958798     5.23659015626     0.00184360827504     -0.000947439102346    0.00184360827504
2017     CMS_jec_RelativeSample_year     0.178177699526     0.178699872175     0.179006720894     0.00293062852947     0.00465277849378    0.00465277849378
2017     CMS_jec_RelativeSample_year     0.356410337968     0.354623070086     0.359394259895     -0.00501463535357     0.00837215313318    0.00837215313318
2017     CMS_jec_RelativeSample_year     0.0192712755508     0.0198078420171     0.0193587920557     0.0278428101381     0.00454129279887    0.0278428101381
2017     CMS_pu     5.24155621158     5.24198105875     5.24070260456     8.105363361e-05     -0.000162853736871    0.000162853736871
2017     CMS_pu     0.178177699526     0.178255797475     0.177942145563     0.000438314948031     -0.0013220170832    0.0013220170832
2017     CMS_pu     0.356410337968     0.354830637269     0.357610644863     -0.00443225274457     0.00336776677683    0.00443225274457
2017     CMS_pu     0.0192712755508     0.018211941224     0.0202110058043     -0.0549696009499     0.048763261726    0.0549696009499
2017     CMS_L1Prefiring     5.24155621158     5.22574949196     5.25829095595     -0.003015653935     0.00319270531506    0.00319270531506
2017     CMS_L1Prefiring     0.178177699526     0.177753310923     0.178870054412     -0.00238182782784     0.00388575499764    0.00388575499764
2017     CMS_L1Prefiring     0.356410337968     0.350557839309     0.362555542587     -0.0164206759307     0.0172419370739    0.0172419370739
2017     CMS_L1Prefiring     0.0192712755508     0.0189858579656     0.019555417218     -0.0148105186097     0.0147443103312    0.0148105186097
2017     CMS_pdf_sig     5.24155621158     5.4379442345     5.04516881472     0.0374675029693     -0.0374673835273    0.0374675029693
2017     CMS_pdf_sig     0.178177699526     0.18491936432     0.171436035423     0.03783674844     -0.0378367445605    0.03783674844
2017     CMS_pdf_sig     0.356410337968     0.370260841541     0.342559835503     0.0388611162415     -0.0388611131316    0.0388611162415
2017     CMS_pdf_sig     0.0192712755508     0.0200488312796     0.0184937198987     0.0403479119369     -0.0403479079523    0.0403479119369
2017     CMS_renorm_sig     5.24155621158     5.24155621158     5.24155621158     0.0     0.0    0.0
2017     CMS_renorm_sig     0.178177699526     0.178177699526     0.178177699526     0.0     0.0    0.0
2017     CMS_renorm_sig     0.356410337968     0.356410337968     0.356410337968     0.0     0.0    0.0
2017     CMS_renorm_sig     0.0192712755508     0.0192712755508     0.0192712755508     0.0     0.0    0.0
2017     CMS_fact_sig     5.24155621158     4.4224083153     6.28473672466     -0.156279521426     0.199021143907    0.199021143907
2017     CMS_fact_sig     0.178177699526     0.150633213417     0.213145990911     -0.154589974963     0.196255151337    0.196255151337
2017     CMS_fact_sig     0.356410337968     0.300578774876     0.42754807981     -0.156649673546     0.199595057337    0.199595057337
2017     CMS_fact_sig     0.0192712755508     0.016283335963     0.0230666208419     -0.155046280144     0.196943128188    0.196943128188
2017     CMS_jec_AbsoluteCal     5.24155621158     5.24638075526     5.23714972899     0.000920441085218     -0.000840682119721    0.000920441085218
2017     CMS_jec_AbsoluteCal     0.178177699526     0.178279025074     0.179335659672     0.000568676935386     0.00649890614637    0.00649890614637
2017     CMS_jec_AbsoluteCal     0.356410337968     0.354631081206     0.358544672141     -0.00499215811698     0.00598841825318    0.00598841825318
2017     CMS_jec_AbsoluteCal     0.0192712755508     0.0192712755508     0.0193587920205     2.22044604925e-16     0.00454129097255    0.00454129097255
2017     CMS_jec_AbsoluteTheory     5.24155621158     5.25278684175     5.23276505673     0.0021426137041     -0.00167720319868    0.0021426137041
2017     CMS_jec_AbsoluteTheory     0.178177699526     0.178666530383     0.179339430326     0.00274350190223     0.00652006846816    0.00652006846816
2017     CMS_jec_AbsoluteTheory     0.356410337968     0.352672376524     0.362012278084     -0.0104878030901     0.0157176701113    0.0157176701113
2017     CMS_jec_AbsoluteTheory     0.0192712755508     0.0194707562089     0.0194791323492     0.0103511912128     0.0107858350023    0.0107858350023
2017     CMS_jec_AbsolutePU     5.24155621158     5.2484589533     5.23687175199     0.0013169260125     -0.000893715415716    0.0013169260125
2017     CMS_jec_AbsolutePU     0.178177699526     0.178666879183     0.179372968677     0.00274545949555     0.00670829825857    0.00670829825857
2017     CMS_jec_AbsolutePU     0.356410337968     0.352499580921     0.360356471859     -0.010972625173     0.0110718839256    0.0110718839256
2017     CMS_jec_AbsolutePU     0.0192712755508     0.0194715365293     0.0193587920205     0.0103916825849     0.00454129097255    0.0103916825849
2017     CMS_jec_AbsoluteScale     5.24155621158     5.25278684175     5.23276505673     0.0021426137041     -0.00167720319868    0.0021426137041
2017     CMS_jec_AbsoluteScale     0.178177699526     0.178666530383     0.179339430326     0.00274350190223     0.00652006846816    0.00652006846816
2017     CMS_jec_AbsoluteScale     0.356410337968     0.352672376524     0.362012278084     -0.0104878030901     0.0157176701113    0.0157176701113
2017     CMS_jec_AbsoluteScale     0.0192712755508     0.0194707562089     0.0194791323492     0.0103511912128     0.0107858350023    0.0107858350023
2017     CMS_jec_Fragmentation     5.24155621158     5.24211646845     5.23880159693     0.00010688750572     -0.000525533740551    0.000525533740551
2017     CMS_jec_Fragmentation     0.178177699526     0.178281508439     0.17948573756     0.000582614510705     0.00734119947227    0.00734119947227
2017     CMS_jec_Fragmentation     0.356410337968     0.356548589579     0.357276793782     0.00038790011562     0.00243106251887    0.00243106251887
2017     CMS_jec_Fragmentation     0.0192712755508     0.0192712755508     0.0192712755156     0.0     -1.82632142742e-09    1.82632142742e-09
2017     CMS_jec_AbsoluteMPFBias     5.24155621158     5.25278687696     5.23276499265     0.00214262042147     -0.00167721542455    0.00214262042147
2017     CMS_jec_AbsoluteMPFBias     0.178177699526     0.178666530435     0.179339430352     0.00274350219057     0.00652006861232    0.00652006861232
2017     CMS_jec_AbsoluteMPFBias     0.356410337968     0.352672376592     0.362012278033     -0.0104878028979     0.0157176699672    0.0157176699672
2017     CMS_jec_AbsoluteMPFBias     0.0192712755508     0.0194707562089     0.0194791323492     0.0103511912128     0.0107858350023    0.0107858350023
2017     CMS_jec_RelativeFSR     5.24155621158     5.24755897761     5.23885984775     0.00114522591908     -0.000514420473549    0.00114522591908
2017     CMS_jec_RelativeFSR     0.178177699526     0.178309895001     0.178828358379     0.000741930530242     0.00365174123866    0.00365174123866
2017     CMS_jec_RelativeFSR     0.356410337968     0.353976201461     0.36019085292     -0.00682959007475     0.0106071977981    0.0106071977981
2017     CMS_jec_RelativeFSR     0.0192712755508     0.0194715365293     0.019695097473     0.0103916825849     0.0219924166993    0.0219924166993
2017     CMS_scale_sig     5.24155621158     6.28473672466     4.4224083153     0.199021143907     -0.156279521426    0.199021143907
2017     CMS_scale_sig     0.178177699526     0.213145990911     0.150633213417     0.196255151337     -0.154589974963    0.196255151337
2017     CMS_scale_sig     0.356410337968     0.42754807981     0.300578774876     0.199595057337     -0.156649673546    0.199595057337
2017     CMS_scale_sig     0.0192712755508     0.0230666208419     0.016283335963     0.196943128188     -0.155046280144    0.196943128188
2018     CMS_bTagSF_M     2470.46123077     2586.59206622     2351.37462164     0.0470077546656     -0.0482042007579    0.0482042007579
2018     CMS_bTagSF_M     3329.65903602     3221.22420134     3441.5460868     -0.0325663479374     0.0336031556288    0.0336031556288
2018     CMS_bTagSF_M     1881.26244316     1978.08086309     1782.61090739     0.0514646004208     -0.0524390077136    0.0524390077136
2018     CMS_bTagSF_M     3403.29419049     3307.05079216     3501.72140336     -0.0282794824488     0.0289211591377    0.0289211591377
2018     CMS_bTagSF_T     2470.46123077     2470.46123077     2470.46123077     0.0     0.0    0.0
2018     CMS_bTagSF_T     3329.65903602     3329.65903602     3329.65903602     0.0     0.0    0.0
2018     CMS_bTagSF_T     1881.26244316     1881.26244316     1881.26244316     0.0     0.0    0.0
2018     CMS_bTagSF_T     3403.29419049     3403.29419049     3403.29419049     0.0     0.0    0.0
2018     CMS_bTagSF_M_corr     2470.46123077     2618.73034393     2324.12058152     0.0600167739146     -0.0592361650654    0.0600167739146
2018     CMS_bTagSF_M_corr     3329.65903602     3173.55229292     3503.597203     -0.0468837023269     0.0522390326144    0.0522390326144
2018     CMS_bTagSF_M_corr     1881.26244316     1990.86939053     1774.73883165     0.0582624437985     -0.0566234721247    0.0582624437985
2018     CMS_bTagSF_M_corr     3403.29419049     3281.29539562     3533.63848141     -0.0358472668082     0.038299448601    0.038299448601
2018     CMS_bTagSF_T_corr     2470.46123077     2470.46123077     2470.46123077     0.0     0.0    0.0
2018     CMS_bTagSF_T_corr     3329.65903602     3329.65903602     3329.65903602     0.0     0.0    0.0
2018     CMS_bTagSF_T_corr     1881.26244316     1881.26244316     1881.26244316     0.0     0.0    0.0
2018     CMS_bTagSF_T_corr     3403.29419049     3403.29419049     3403.29419049     0.0     0.0    0.0
2018     CMS_jer     2470.46123077     2473.93050964     2465.04699465     0.00140430411422     -0.00219158918711    0.00219158918711
2018     CMS_jer     3329.65903602     3337.65488594     3322.73574342     0.00240140201539     -0.00207927974732    0.00240140201539
2018     CMS_jer     1881.26244316     1890.25316399     1884.60696895     0.00477908909797     0.00177780926061    0.00477908909797
2018     CMS_jer     3403.29419049     3411.70223922     3405.59333388     0.00247056183184     0.000675564104331    0.00247056183184
2018     CMS_jec     2470.46123077     2614.80861848     2336.0067666     0.0584293272475     -0.054424842817    0.0584293272475
2018     CMS_jec     3329.65903602     3527.80957652     3132.83505943     0.059510760217     -0.0591123518828    0.059510760217
2018     CMS_jec     1881.26244316     1987.40512446     1782.95853039     0.0564209856446     -0.0522542259455    0.0564209856446
2018     CMS_jec     3403.29419049     3578.9161426     3229.22769343     0.0516035177327     -0.0511464737735    0.0516035177327
2018     CMS_bTagSF_bc_T_corr     2470.46123077     2470.46123077     2470.46123077     0.0     0.0    0.0
2018     CMS_bTagSF_bc_T_corr     3329.65903602     3329.65903602     3329.65903602     0.0     0.0    0.0
2018     CMS_bTagSF_bc_T_corr     1881.26244316     1881.26244316     1881.26244316     0.0     0.0    0.0
2018     CMS_bTagSF_bc_T_corr     3403.29419049     3403.29419049     3403.29419049     0.0     0.0    0.0
2018     CMS_bTagSF_light_T_corr     2470.46123077     2470.46123077     2470.46123077     0.0     0.0    0.0
2018     CMS_bTagSF_light_T_corr     3329.65903602     3329.65903602     3329.65903602     0.0     0.0    0.0
2018     CMS_bTagSF_light_T_corr     1881.26244316     1881.26244316     1881.26244316     0.0     0.0    0.0
2018     CMS_bTagSF_light_T_corr     3403.29419049     3403.29419049     3403.29419049     0.0     0.0    0.0
2018     CMS_bTagSF_bc_M_corr     2470.46123077     2579.23971428     2357.60549947     0.0440316496978     -0.0456820491244    0.0456820491244
2018     CMS_bTagSF_bc_M_corr     3329.65903602     3220.48036333     3443.9457779     -0.032789745589     0.0343238573811    0.0343238573811
2018     CMS_bTagSF_bc_M_corr     1881.26244316     1952.57290531     1808.00352092     0.0379056427788     -0.0389413622256    0.0389413622256
2018     CMS_bTagSF_bc_M_corr     3403.29419049     3326.51854463     3482.40825334     -0.02255921515     0.0232463191333    0.0232463191333
2018     CMS_bTagSF_light_M_corr     2470.46123077     2510.68220629     2438.00700382     0.0162807555996     -0.0131369100424    0.0162807555996
2018     CMS_bTagSF_light_M_corr     3329.65903602     3281.53257053     3387.82345723     -0.0144538719934     0.0174685817926    0.0174685817926
2018     CMS_bTagSF_light_M_corr     1881.26244316     1920.49243351     1848.99083449     0.0208530130866     -0.0171542300173    0.0208530130866
2018     CMS_bTagSF_light_M_corr     3403.29419049     3357.25013342     3453.65380672     -0.0135292615006     0.0147973150182    0.0147973150182
2018     CMS_bTagSF_bc_T_year     2470.46123077     2470.46123077     2470.46123077     0.0     0.0    0.0
2018     CMS_bTagSF_bc_T_year     3329.65903602     3329.65903602     3329.65903602     0.0     0.0    0.0
2018     CMS_bTagSF_bc_T_year     1881.26244316     1881.26244316     1881.26244316     0.0     0.0    0.0
2018     CMS_bTagSF_bc_T_year     3403.29419049     3403.29419049     3403.29419049     0.0     0.0    0.0
2018     CMS_bTagSF_light_T_year     2470.46123077     2470.46123077     2470.46123077     0.0     0.0    0.0
2018     CMS_bTagSF_light_T_year     3329.65903602     3329.65903602     3329.65903602     0.0     0.0    0.0
2018     CMS_bTagSF_light_T_year     1881.26244316     1881.26244316     1881.26244316     0.0     0.0    0.0
2018     CMS_bTagSF_light_T_year     3403.29419049     3403.29419049     3403.29419049     0.0     0.0    0.0
2018     CMS_bTagSF_bc_M_year     2470.46123077     2536.05495781     2403.71779478     0.0265512068011     -0.0270165891151    0.0270165891151
2018     CMS_bTagSF_bc_M_year     3329.65903602     3265.77518712     3395.07040631     -0.019186303524     0.0196450656312    0.0196450656312
2018     CMS_bTagSF_bc_M_year     1881.26244316     1934.34435943     1827.43298629     0.0282161143772     -0.0286134755233    0.0286134755233
2018     CMS_bTagSF_bc_M_year     3403.29419049     3348.53793099     3458.86648353     -0.0160891937142     0.0163289712636    0.0163289712636
2018     CMS_bTagSF_light_M_year     2470.46123077     2521.60172362     2418.74771767     0.0207007874509     -0.0209327361447    0.0209327361447
2018     CMS_bTagSF_light_M_year     3329.65903602     3284.41086524     3375.41599772     -0.0135894307162     0.0137422364282    0.0137422364282
2018     CMS_bTagSF_light_M_year     1881.26244316     1925.38278187     1836.83982483     0.0234525166158     -0.0236131957504    0.0236131957504
2018     CMS_bTagSF_light_M_year     3403.29419049     3361.32158959     3445.65584509     -0.0123329334907     0.0124472502903    0.0124472502903
2018     CMS_jer_eta193     2470.46123077     2474.00860051     2465.41784347     0.00143591394807     -0.00204147599866    0.00204147599866
2018     CMS_jer_eta193     3329.65903602     3335.86480194     3324.05926876     0.00186378420587     -0.00168178399065    0.00186378420587
2018     CMS_jer_eta193     1881.26244316     1891.23561465     1883.50849008     0.00530131855025     0.00119390408746    0.00530131855025
2018     CMS_jer_eta193     3403.29419049     3410.50101608     3412.53743634     0.00211760288305     0.00271597027343    0.00271597027343
2018     CMS_jer_193eta25     2470.46123077     2469.36124941     2469.65837244     -0.000445253442665     -0.000324983174402    0.000445253442665
2018     CMS_jer_193eta25     3329.65903602     3330.29196218     3329.52671419     0.000190087379196     -3.97403553598e-05    0.000190087379196
2018     CMS_jer_193eta25     1881.26244316     1879.6841199     1881.38200558     -0.0008389702728     6.35543524037e-05    0.0008389702728
2018     CMS_jer_193eta25     3403.29419049     3405.21523816     3398.1237513     0.000564467121638     -0.00151924544168    0.00151924544168
2018     CMS_jec_FlavorQCD     2470.46123077     2514.99029548     2425.07750165     0.0180245956324     -0.0183705490132    0.0183705490132
2018     CMS_jec_FlavorQCD     3329.65903602     3386.18031001     3270.35460751     0.0169750936604     -0.0178109613815    0.0178109613815
2018     CMS_jec_FlavorQCD     1881.26244316     1908.44204221     1857.71830102     0.0144475318433     -0.0125150758325    0.0144475318433
2018     CMS_jec_FlavorQCD     3403.29419049     3439.47893169     3373.13264279     0.010632269552     -0.00886245678833    0.010632269552
2018     CMS_jec_RelativeBal     2470.46123077     2489.7699571     2448.43132805     0.00781583863032     -0.00891732379802    0.00891732379802
2018     CMS_jec_RelativeBal     3329.65903602     3355.94321275     3305.24159191     0.00789395443937     -0.00733331666927    0.00789395443937
2018     CMS_jec_RelativeBal     1881.26244316     1902.49092509     1865.08690269     0.011284168246     -0.00859823706471    0.011284168246
2018     CMS_jec_RelativeBal     3403.29419049     3439.40517487     3373.77391822     0.0106105973681     -0.00867402893076    0.0106105973681
2018     CMS_jec_Absolute     2470.46123077     2538.871971     2404.24069214     0.027691485044     -0.0268049293026    0.027691485044
2018     CMS_jec_Absolute     3329.65903602     3422.72644864     3225.76663908     0.0279510339102     -0.0312021128328    0.0312021128328
2018     CMS_jec_Absolute     1881.26244316     1915.96082518     1834.9865669     0.0184442006744     -0.0245983097321    0.0245983097321
2018     CMS_jec_Absolute     3403.29419049     3490.2372252     3323.38439198     0.025546729093     -0.0234801324933    0.025546729093
2018     CMS_jec_BBEC1_year     2470.46123077     2478.899077     2454.71218996     0.00341549428868     -0.00637493947117    0.00637493947117
2018     CMS_jec_BBEC1_year     3329.65903602     3350.60431886     3310.28167044     0.00629051882205     -0.00581962458318    0.00629051882205
2018     CMS_jec_BBEC1_year     1881.26244316     1893.37818541     1870.26934002     0.00644021906018     -0.00584347132372    0.00644021906018
2018     CMS_jec_BBEC1_year     3403.29419049     3436.96812122     3376.21820014     0.00989451068368     -0.00795581834213    0.00989451068368
2018     CMS_jec_Absolute_year     2470.46123077     2529.04617342     2415.2151133     0.0237141720392     -0.0223626733274    0.0237141720392
2018     CMS_jec_Absolute_year     3329.65903602     3408.98033793     3243.43586553     0.0238226500227     -0.0258954954702    0.0258954954702
2018     CMS_jec_Absolute_year     1881.26244316     1913.45437204     1847.38582234     0.0171118755892     -0.0180073869801    0.0180073869801
2018     CMS_jec_Absolute_year     3403.29419049     3472.90082504     3340.50303266     0.0204527233489     -0.0184501116591    0.0204527233489
2018     CMS_jec_RelativeSample_year     2470.46123077     2537.90367916     2406.82143451     0.0272995372453     -0.025760289403    0.0272995372453
2018     CMS_jec_RelativeSample_year     3329.65903602     3417.24066142     3242.52281661     0.026303481663     -0.0261697124126    0.026303481663
2018     CMS_jec_RelativeSample_year     1881.26244316     1931.63837992     1821.95323719     0.0267777294652     -0.0315262797008    0.0315262797008
2018     CMS_jec_RelativeSample_year     3403.29419049     3506.56190237     3309.39825996     0.030343457279     -0.0275897190407    0.030343457279
2018     CMS_pu     2470.46123077     2474.42323312     2464.69995125     0.00160375006053     -0.00233206635839    0.00233206635839
2018     CMS_pu     3329.65903602     3318.93609612     3342.51705351     -0.00322043181776     0.00386166191483    0.00386166191483
2018     CMS_pu     1881.26244316     1868.55233461     1888.54532066     -0.00675615919355     0.00387127140374    0.00675615919355
2018     CMS_pu     3403.29419049     3396.00381554     3405.94341945     -0.00214215243751     0.000778430783916    0.00214215243751
2018     CMS_topPt     2470.46123077     2462.06929196     2470.46123077     -0.00339691176286     0.0    0.00339691176286
2018     CMS_topPt     3329.65903602     3329.19911303     3329.65903602     -0.000138129156119     0.0    0.000138129156119
2018     CMS_topPt     1881.26244316     1879.70162278     1881.26244316     -0.000829666474962     0.0    0.000829666474962
2018     CMS_topPt     3403.29419049     3403.17400131     3403.29419049     -3.53155429631e-05     0.0    3.53155429631e-05
2018     CMS_L1Prefiring     2470.46123077     2470.0242439     2470.75581471     -0.000176884730523     0.00011924248302    0.000176884730523
2018     CMS_L1Prefiring     3329.65903602     3329.36538051     3329.81979649     -8.81938679637e-05     4.82813628888e-05    8.81938679637e-05
2018     CMS_L1Prefiring     1881.26244316     1880.97957643     1881.44967185     -0.000150360056986     9.95228954941e-05    0.000150360056986
2018     CMS_L1Prefiring     3403.29419049     3403.03488228     3403.43977629     -7.61932966696e-05     4.27779075056e-05    7.61932966696e-05
2018     CMS_pdf_allBR     2470.46123077     2527.33926773     2413.9998478     0.0230232461232     -0.0228545917956    0.0230232461232
2018     CMS_pdf_allBR     3329.65903602     3399.83838717     3260.83126391     0.0210770383369     -0.0206711171804    0.0210770383369
2018     CMS_pdf_allBR     1881.26244316     1922.03471842     1840.8544413     0.0216728268857     -0.0214791944684    0.0216728268857
2018     CMS_pdf_allBR     3403.29419049     3468.31758939     3339.37028837     0.0191060176575     -0.0187829492663    0.0191060176575
2018     CMS_renorm_allBR     2470.46123077     2287.24482482     2688.76516659     -0.0741628339142     0.0883656594546    0.0883656594546
2018     CMS_renorm_allBR     3329.65903602     3085.60401982     3617.0954051     -0.0732972996806     0.0863260670164    0.0863260670164
2018     CMS_renorm_allBR     1881.26244316     1745.67615111     2042.20957643     -0.072071970897     0.0855527275609    0.0855527275609
2018     CMS_renorm_allBR     3403.29419049     3155.61602668     3694.30944357     -0.0727760075826     0.0855098727281    0.0855098727281
2018     CMS_fact_allBR     2470.46123077     2132.76393711     2899.16946414     -0.136694026789     0.1735336819    0.1735336819
2018     CMS_fact_allBR     3329.65903602     2878.43024628     3900.8540174     -0.135518016966     0.171547589468    0.171547589468
2018     CMS_fact_allBR     1881.26244316     1634.09992792     2192.77638329     -0.131381198907     0.165587710136    0.165587710136
2018     CMS_fact_allBR     3403.29419049     2953.65660783     3969.43403777     -0.132118341081     0.166350546145    0.166350546145
2018     CMS_jec_AbsoluteCal     2470.46123077     2485.78162479     2453.06437229     0.00620143065622     -0.00704194758058    0.00704194758058
2018     CMS_jec_AbsoluteCal     3329.65903602     3349.30492155     3310.52830368     0.0059002694629     -0.00574555296198    0.0059002694629
2018     CMS_jec_AbsoluteCal     1881.26244316     1893.71773568     1867.99116008     0.00662070970434     -0.00705445597618    0.00705445597618
2018     CMS_jec_AbsoluteCal     3403.29419049     3422.05447827     3384.42080897     0.00551239085785     -0.0055456215244    0.0055456215244
2018     CMS_jec_AbsoluteTheory     2470.46123077     2538.91309522     2404.28082029     0.0277081314183     -0.0267886861206    0.0277081314183
2018     CMS_jec_AbsoluteTheory     3329.65903602     3422.77197816     3225.81141403     0.0279647078391     -0.0311886655269    0.0311886655269
2018     CMS_jec_AbsoluteTheory     1881.26244316     1915.98716869     1835.01167386     0.0184582037763     -0.024584963927    0.024584963927
2018     CMS_jec_AbsoluteTheory     3403.29419049     3490.25394451     3323.40006692     0.0255516417782     -0.0234755266803    0.0255516417782
2018     CMS_jec_AbsolutePU     2470.46123077     2493.13178925     2448.93250626     0.00917665017102     -0.00871445552135    0.00917665017102
2018     CMS_jec_AbsolutePU     3329.65903602     3355.09882813     3306.17347337     0.00764035951882     -0.00705344373083    0.00764035951882
2018     CMS_jec_AbsolutePU     1881.26244316     1894.96286352     1867.53674315     0.00728256730162     -0.00729600490415    0.00729600490415
2018     CMS_jec_AbsolutePU     3403.29419049     3420.55008038     3384.29548848     0.00507034917649     -0.00558244481548    0.00558244481548
2018     CMS_jec_AbsoluteScale     2470.46123077     2538.91309522     2404.28082029     0.0277081314183     -0.0267886861206    0.0277081314183
2018     CMS_jec_AbsoluteScale     3329.65903602     3422.77197816     3225.81141403     0.0279647078391     -0.0311886655269    0.0311886655269
2018     CMS_jec_AbsoluteScale     1881.26244316     1915.98716869     1835.01167386     0.0184582037763     -0.024584963927    0.024584963927
2018     CMS_jec_AbsoluteScale     3403.29419049     3490.25394451     3323.40006692     0.0255516417782     -0.0234755266803    0.0255516417782
2018     CMS_jec_Fragmentation     2470.46123077     2479.79647118     2461.12226096     0.0037787439408     -0.00378025354207    0.00378025354207
2018     CMS_jec_Fragmentation     3329.65903602     3337.84394875     3317.91681711     0.00245818344961     -0.00352655295467    0.00352655295467
2018     CMS_jec_Fragmentation     1881.26244316     1887.87009985     1873.46467063     0.00351235241516     -0.00414496794894    0.00414496794894
2018     CMS_jec_Fragmentation     3403.29419049     3410.83594899     3392.27972053     0.00221601721238     -0.00323641429349    0.00323641429349
2018     CMS_jec_AbsoluteMPFBias     2470.46123077     2538.91309522     2404.28082031     0.0277081314183     -0.0267886861123    0.0277081314183
2018     CMS_jec_AbsoluteMPFBias     3329.65903602     3422.77197816     3225.81141403     0.0279647078391     -0.0311886655269    0.0311886655269
2018     CMS_jec_AbsoluteMPFBias     1881.26244316     1915.98716869     1835.01167386     0.0184582037763     -0.024584963927    0.024584963927
2018     CMS_jec_AbsoluteMPFBias     3403.29419049     3490.25394451     3323.40006692     0.0255516417782     -0.0234755266803    0.0255516417782
2018     CMS_jec_RelativeFSR     2470.46123077     2488.60167312     2452.71388518     0.00734293747361     -0.00718381870227    0.00734293747361
2018     CMS_jec_RelativeFSR     3329.65903602     3352.57653038     3307.2819311     0.00688283518244     -0.00672053945207    0.00688283518244
2018     CMS_jec_RelativeFSR     1881.26244316     1889.89628359     1870.29849118     0.00458938648363     -0.0058279757945    0.0058279757945
2018     CMS_jec_RelativeFSR     3403.29419049     3430.70845194     3371.39646652     0.00805521354236     -0.00937260259723    0.00937260259723
2018     CMS_scale_allBR     2470.46123077     3157.77083283     1972.10382262     0.278211045569     -0.201726463847    0.278211045569
2018     CMS_scale_allBR     3329.65903602     4237.72676167     2667.27535113     0.272720935036     -0.198934388694    0.272720935036
2018     CMS_scale_allBR     1881.26244316     2381.97379562     1514.22522686     0.266157098004     -0.19510154877    0.266157098004
2018     CMS_scale_allBR     3403.29419049     4308.99473     2738.6105666     0.266124668872     -0.19530595555    0.266124668872
2018     CMS_bTagSF_M     1233.19356001     1235.82568706     1228.07617964     0.00213439895783     -0.00414969761527    0.00414969761527
2018     CMS_bTagSF_M     34.0434714144     23.7723855508     46.9685141461     -0.301705009414     0.379662889676    0.379662889676
2018     CMS_bTagSF_M     206.039814173     207.631749407     204.220099981     0.00772634764888     -0.008831857083    0.008831857083
2018     CMS_bTagSF_M     6.66842282491     5.00363911709     8.6637237381     -0.249651791966     0.299216316299    0.299216316299
2018     CMS_bTagSF_T     1233.19356001     1233.19356001     1233.19356001     0.0     0.0    0.0
2018     CMS_bTagSF_T     34.0434714144     34.0434714144     34.0434714144     0.0     0.0    0.0
2018     CMS_bTagSF_T     206.039814173     206.039814173     206.039814173     0.0     0.0    0.0
2018     CMS_bTagSF_T     6.66842282491     6.66842282491     6.66842282491     0.0     0.0    0.0
2018     CMS_bTagSF_M_corr     1233.19356001     1244.83651786     1216.79739168     0.00944130607625     -0.0132956973326    0.0132956973326
2018     CMS_bTagSF_M_corr     34.0434714144     20.5157872439     52.2430095156     -0.397365004462     0.534597012145    0.534597012145
2018     CMS_bTagSF_M_corr     206.039814173     209.867667037     201.684976803     0.0185782193556     -0.0211359022394    0.0211359022394
2018     CMS_bTagSF_M_corr     6.66842282491     4.20716368218     9.81661109651     -0.36909164391     0.472103877372    0.472103877372
2018     CMS_bTagSF_T_corr     1233.19356001     1233.19356001     1233.19356001     0.0     0.0    0.0
2018     CMS_bTagSF_T_corr     34.0434714144     34.0434714144     34.0434714144     0.0     0.0    0.0
2018     CMS_bTagSF_T_corr     206.039814173     206.039814173     206.039814173     0.0     0.0    0.0
2018     CMS_bTagSF_T_corr     6.66842282491     6.66842282491     6.66842282491     0.0     0.0    0.0
2018     CMS_jer     1233.19356001     1234.05071286     1230.65687264     0.000695067570778     -0.00205700666418    0.00205700666418
2018     CMS_jer     34.0434714144     33.9019376648     33.790159968     -0.00415744175621     -0.00744082303615    0.00744082303615
2018     CMS_jer     206.039814173     206.0066183     205.992738086     -0.000161113874195     -0.000228480535409    0.000228480535409
2018     CMS_jer     6.66842282491     6.86998017211     6.67182055442     0.0302256399288     0.000509525205384    0.0302256399288
2018     CMS_jec     1233.19356001     1259.2121417     1207.81681973     0.0210985384073     -0.0205780674734    0.0210985384073
2018     CMS_jec     34.0434714144     34.6102051317     33.7456524993     0.0166473539215     -0.00874819466722    0.0166473539215
2018     CMS_jec     206.039814173     208.218211839     204.704325397     0.0105727025368     -0.00648170248966    0.0105727025368
2018     CMS_jec     6.66842282491     6.29889467756     6.67040210182     -0.0554146245756     0.000296813348576    0.0554146245756
2018     CMS_bTagSF_bc_T_corr     1233.19356001     1233.19356001     1233.19356001     0.0     0.0    0.0
2018     CMS_bTagSF_bc_T_corr     34.0434714144     34.0434714144     34.0434714144     0.0     0.0    0.0
2018     CMS_bTagSF_bc_T_corr     206.039814173     206.039814173     206.039814173     0.0     0.0    0.0
2018     CMS_bTagSF_bc_T_corr     6.66842282491     6.66842282491     6.66842282491     0.0     0.0    0.0
2018     CMS_bTagSF_light_T_corr     1233.19356001     1233.19356001     1233.19356001     0.0     0.0    0.0
2018     CMS_bTagSF_light_T_corr     34.0434714144     34.0434714144     34.0434714144     0.0     0.0    0.0
2018     CMS_bTagSF_light_T_corr     206.039814173     206.039814173     206.039814173     0.0     0.0    0.0
2018     CMS_bTagSF_light_T_corr     6.66842282491     6.66842282491     6.66842282491     0.0     0.0    0.0
2018     CMS_bTagSF_bc_M_corr     1233.19356001     1244.47406272     1217.2906149     0.00914739022218     -0.0128957412895    0.0128957412895
2018     CMS_bTagSF_bc_M_corr     34.0434714144     20.4905908599     52.334252876     -0.398105128279     0.537277213566    0.537277213566
2018     CMS_bTagSF_bc_M_corr     206.039814173     209.612641858     201.888504277     0.0173404722727     -0.0201480957088    0.0201480957088
2018     CMS_bTagSF_bc_M_corr     6.66842282491     4.16020975246     9.92193916612     -0.37613287854     0.487898927022    0.487898927022
2018     CMS_bTagSF_light_M_corr     1233.19356001     1233.72544982     1232.89178774     0.000431310889392     -0.000244707954925    0.000431310889392
2018     CMS_bTagSF_light_M_corr     34.0434714144     34.0976114182     33.9884797115     0.00159031971743     -0.00161533770079    0.00161533770079
2018     CMS_bTagSF_light_M_corr     206.039814173     206.33540711     205.887824211     0.00143463989384     -0.000737672775791    0.00143463989384
2018     CMS_bTagSF_light_M_corr     6.66842282491     6.74065831239     6.59545510935     0.0108324695928     -0.0109422748789    0.0109422748789
2018     CMS_bTagSF_bc_T_year     1233.19356001     1233.19356001     1233.19356001     0.0     0.0    0.0
2018     CMS_bTagSF_bc_T_year     34.0434714144     34.0434714144     34.0434714144     0.0     0.0    0.0
2018     CMS_bTagSF_bc_T_year     206.039814173     206.039814173     206.039814173     0.0     0.0    0.0
2018     CMS_bTagSF_bc_T_year     6.66842282491     6.66842282491     6.66842282491     0.0     0.0    0.0
2018     CMS_bTagSF_light_T_year     1233.19356001     1233.19356001     1233.19356001     0.0     0.0    0.0
2018     CMS_bTagSF_light_T_year     34.0434714144     34.0434714144     34.0434714144     0.0     0.0    0.0
2018     CMS_bTagSF_light_T_year     206.039814173     206.039814173     206.039814173     0.0     0.0    0.0
2018     CMS_bTagSF_light_T_year     6.66842282491     6.66842282491     6.66842282491     0.0     0.0    0.0
2018     CMS_bTagSF_bc_M_year     1233.19356001     1236.32565432     1227.8550633     0.00253982376307     -0.00432900145417    0.00432900145417
2018     CMS_bTagSF_bc_M_year     34.0434714144     24.0248255099     46.5191544657     -0.294289785624     0.366463305093    0.366463305093
2018     CMS_bTagSF_bc_M_year     206.039814173     207.416211302     204.453883869     0.00668024835095     -0.0076972031387    0.0076972031387
2018     CMS_bTagSF_bc_M_year     6.66842282491     5.05874078056     8.58020806857     -0.241388719135     0.286692265002    0.286692265002
2018     CMS_bTagSF_light_M_year     1233.19356001     1232.82600635     1233.5606279     -0.000298050261839     0.000297656343812    0.000298050261839
2018     CMS_bTagSF_light_M_year     34.0434714144     33.7029573226     34.3865611243     -0.0100023316563     0.010077988397    0.010077988397
2018     CMS_bTagSF_light_M_year     206.039814173     206.266263087     205.813251865     0.00109905415612     -0.00109960450425    0.00109960450425
2018     CMS_bTagSF_light_M_year     6.66842282491     6.60017562309     6.737155412     -0.0102343842938     0.010307172909    0.010307172909
2018     CMS_jer_eta193     1233.19356001     1233.97767823     1230.96945735     0.000635843585312     -0.00180353087779    0.00180353087779
2018     CMS_jer_eta193     34.0434714144     33.9019376648     34.047402642     -0.00415744175621     0.000115476695708    0.00415744175621
2018     CMS_jer_eta193     206.039814173     206.003195491     205.933695725     -0.000177726241267     -0.000515038555086    0.000515038555086
2018     CMS_jer_eta193     6.66842282491     6.86998017211     6.67164137824     0.0302256399288     0.000482655855897    0.0302256399288
2018     CMS_jer_193eta25     1233.19356001     1233.34402132     1232.8819089     0.000122009481271     -0.000252718729002    0.000252718729002
2018     CMS_jer_193eta25     34.0434714144     34.0434714144     33.7862288957     0.0     -0.00755629517172    0.00755629517172
2018     CMS_jer_193eta25     206.039814173     205.985258149     206.184352499     -0.000264783891661     0.000701506778387    0.000701506778387
2018     CMS_jer_193eta25     6.66842282491     6.66842282491     6.6686020011     0.0     2.68693494865e-05    2.68693494865e-05
2018     CMS_jec_FlavorQCD     1233.19356001     1240.52403896     1226.1882503     0.0059443052504     -0.00568062462925    0.0059443052504
2018     CMS_jec_FlavorQCD     34.0434714144     34.047853916     33.6077756007     0.000128732514393     -0.0127982193227    0.0127982193227
2018     CMS_jec_FlavorQCD     206.039814173     206.130221236     206.518789226     0.000438784432552     0.00232467232232    0.00232467232232
2018     CMS_jec_FlavorQCD     6.66842282491     6.66834275469     6.47246473252     -1.20073699271e-05     -0.0293859728966    0.0293859728966
2018     CMS_jec_RelativeBal     1233.19356001     1235.23732443     1229.5712154     0.00165729410619     -0.00293736905959    0.00293736905959
2018     CMS_jec_RelativeBal     34.0434714144     33.9578456247     34.1818424894     -0.00251518973138     0.00406454069798    0.00406454069798
2018     CMS_jec_RelativeBal     206.039814173     206.304022559     206.149157531     0.00128231714361     0.000530690430683    0.00128231714361
2018     CMS_jec_RelativeBal     6.66842282491     6.66842282491     6.47317891487     0.0     -0.0292788737566    0.0292788737566
2018     CMS_jec_Absolute     1233.19356001     1247.93188441     1220.0523972     0.0119513471977     -0.0106562045401    0.0119513471977
2018     CMS_jec_Absolute     34.0434714144     34.2555399029     33.304076573     0.00622934382794     -0.0217191376402    0.0217191376402
2018     CMS_jec_Absolute     206.039814173     208.114003075     205.014174844     0.0100669325039     -0.00497786960808    0.0100669325039
2018     CMS_jec_Absolute     6.66842282491     6.50580630987     6.68811076867     -0.0243860533911     0.00295241382718    0.0243860533911
2018     CMS_jec_BBEC1_year     1233.19356001     1233.92455431     1232.12626903     0.000592765258643     -0.000865469151994    0.000865469151994
2018     CMS_jec_BBEC1_year     34.0434714144     34.1243157918     34.256869858     0.00237473953218     0.00626841020542    0.00626841020542
2018     CMS_jec_BBEC1_year     206.039814173     206.430391113     206.180482845     0.0018956381858     0.000682725677429    0.0018956381858
2018     CMS_jec_BBEC1_year     6.66842282491     6.66842282491     6.66842282491     0.0     0.0    0.0
2018     CMS_jec_Absolute_year     1233.19356001     1244.10042245     1221.60303739     0.00884440431354     -0.00939878620296    0.00939878620296
2018     CMS_jec_Absolute_year     34.0434714144     34.1614295698     33.1303670675     0.00346492735553     -0.0268217167319    0.0268217167319
2018     CMS_jec_Absolute_year     206.039814173     207.762792572     206.082202306     0.00836235659617     0.000205727873366    0.00836235659617
2018     CMS_jec_Absolute_year     6.66842282491     6.66834275706     6.68770747584     -1.2007014364e-05     0.00289193583451    0.00289193583451
2018     CMS_jec_RelativeSample_year     1233.19356001     1242.37789181     1224.88117497     0.00744759955081     -0.00674053555762    0.00744759955081
2018     CMS_jec_RelativeSample_year     34.0434714144     34.2248202018     33.8206349909     0.00532697694585     -0.00654564338614    0.00654564338614
2018     CMS_jec_RelativeSample_year     206.039814173     207.711757584     205.706749723     0.00811466180864     -0.00161650529143    0.00811466180864
2018     CMS_jec_RelativeSample_year     6.66842282491     6.46143112001     6.47358219141     -0.03104057891     -0.0292183982053    0.03104057891
2018     CMS_pu     1233.19356001     1232.42013518     1233.56190615     -0.000627172288093     0.000298692883107    0.000627172288093
2018     CMS_pu     34.0434714144     34.3182052665     33.5504618468     0.00807008923286     -0.0144817654332    0.0144817654332
2018     CMS_pu     206.039814173     207.009542122     205.400879792     0.00470650758633     -0.00310102386425    0.00470650758633
2018     CMS_pu     6.66842282491     6.78249725215     6.58953074826     0.017106657786     -0.0118306950125    0.017106657786
2018     CMS_L1Prefiring     1233.19356001     1232.68049902     1233.60959491     -0.000416042547881     0.000337363825372    0.000416042547881
2018     CMS_L1Prefiring     34.0434714144     34.0304432969     34.0543611688     -0.000382690627182     0.000319877909272    0.000382690627182
2018     CMS_L1Prefiring     206.039814173     205.962606243     206.101367857     -0.000374723354071     0.000298746549552    0.000374723354071
2018     CMS_L1Prefiring     6.66842282491     6.66663604062     6.66998900333     -0.000267947059558     0.000234864893712    0.000267947059558
2018     CMS_pdf_sig     1233.19356001     1238.99486159     1227.39228918     0.00470429116907     -0.00470426623621    0.00470429116907
2018     CMS_pdf_sig     34.0434714144     34.2040970376     33.8828455176     0.00471825041767     -0.00471825845339    0.00471825845339
2018     CMS_pdf_sig     206.039814173     207.149096464     204.930558742     0.00538382494358     -0.00538369458122    0.00538382494358
2018     CMS_pdf_sig     6.66842282491     6.71921525828     6.61763050961     0.00761685854359     -0.00761684083931    0.00761685854359
2018     CMS_renorm_sig     1233.19356001     1233.19356001     1233.19356001     0.0     0.0    0.0
2018     CMS_renorm_sig     34.0434714144     34.0434714144     34.0434714144     0.0     0.0    0.0
2018     CMS_renorm_sig     206.039814173     206.039814173     206.039814173     0.0     0.0    0.0
2018     CMS_renorm_sig     6.66842282491     6.66842282491     6.66842282491     0.0     0.0    0.0
2018     CMS_fact_sig     1233.19356001     1114.76118357     1373.42622129     -0.0960371350303     0.113715045086    0.113715045086
2018     CMS_fact_sig     34.0434714144     30.805501674     37.8714437014     -0.0951127956653     0.112443653013    0.112443653013
2018     CMS_fact_sig     206.039814173     185.952491487     229.878080943     -0.0974924325505     0.115697380458    0.115697380458
2018     CMS_fact_sig     6.66842282491     6.00905525592     7.45200522459     -0.0988790882494     0.117506405974    0.117506405974
2018     CMS_jec_AbsoluteCal     1233.19356001     1236.7111111     1229.05992722     0.00285239171389     -0.00335197403451    0.00335197403451
2018     CMS_jec_AbsoluteCal     34.0434714144     34.0637910836     33.5720677039     0.000596874184025     -0.0138471104995    0.0138471104995
2018     CMS_jec_AbsoluteCal     206.039814173     206.659611938     205.365973275     0.00300814561934     -0.00327044023279    0.00327044023279
2018     CMS_jec_AbsoluteCal     6.66842282491     6.66834275706     6.47150338998     -1.2007014364e-05     -0.0295301363015    0.0295301363015
2018     CMS_jec_AbsoluteTheory     1233.19356001     1247.93189282     1220.0524043     0.011951354016     -0.0106561987785    0.011951354016
2018     CMS_jec_AbsoluteTheory     34.0434714144     34.2555398935     33.3040765635     0.00622934355059     -0.0217191379176    0.0217191379176
2018     CMS_jec_AbsoluteTheory     206.039814173     208.114003562     205.01417508     0.010066934864     -0.00497786846241    0.010066934864
2018     CMS_jec_AbsoluteTheory     6.66842282491     6.50580630987     6.68811076867     -0.0243860533911     0.00295241382718    0.0243860533911
2018     CMS_jec_AbsolutePU     1233.19356001     1238.35227743     1227.58810269     0.00418321793286     -0.0045454805296    0.0045454805296
2018     CMS_jec_AbsolutePU     34.0434714144     33.9827428632     33.3171401982     -0.00178385307536     -0.0213354040002    0.0213354040002
2018     CMS_jec_AbsolutePU     206.039814173     206.726800452     205.775132275     0.00333424042935     -0.00128461530311    0.00333424042935
2018     CMS_jec_AbsolutePU     6.66842282491     6.66834275706     6.47190666652     -1.2007014364e-05     -0.0294696607502    0.0294696607502
2018     CMS_jec_AbsoluteScale     1233.19356001     1247.93189282     1220.0524043     0.011951354016     -0.0106561987785    0.011951354016
2018     CMS_jec_AbsoluteScale     34.0434714144     34.2555398935     33.3040765635     0.00622934355059     -0.0217191379176    0.0217191379176
2018     CMS_jec_AbsoluteScale     206.039814173     208.114003562     205.01417508     0.010066934864     -0.00497786846241    0.010066934864
2018     CMS_jec_AbsoluteScale     6.66842282491     6.50580630987     6.68811076867     -0.0243860533911     0.00295241382718    0.0243860533911
2018     CMS_jec_Fragmentation     1233.19356001     1234.69938527     1231.602692     0.00122107778125     -0.001290039181    0.001290039181
2018     CMS_jec_Fragmentation     34.0434714144     34.0417719378     33.8084999662     -4.99207771181e-05     -0.00690210012029    0.00690210012029
2018     CMS_jec_Fragmentation     206.039814173     206.374871837     205.843412386     0.00162617921885     -0.000953222501162    0.00162617921885
2018     CMS_jec_Fragmentation     6.66842282491     6.66842282491     6.47150338998     0.0     -0.0295301363015    0.0295301363015
2018     CMS_jec_AbsoluteMPFBias     1233.19356001     1247.93188441     1220.0523972     0.0119513471977     -0.0106562045401    0.0119513471977
2018     CMS_jec_AbsoluteMPFBias     34.0434714144     34.2555399029     33.304076573     0.00622934382794     -0.0217191376402    0.0217191376402
2018     CMS_jec_AbsoluteMPFBias     206.039814173     208.114003075     205.014174844     0.0100669325039     -0.00497786960808    0.0100669325039
2018     CMS_jec_AbsoluteMPFBias     6.66842282491     6.50580630987     6.68811076867     -0.0243860533911     0.00295241382718    0.0243860533911
2018     CMS_jec_RelativeFSR     1233.19356001     1237.73178612     1228.7344796     0.00368005984884     -0.0036158803867    0.00368005984884
2018     CMS_jec_RelativeFSR     34.0434714144     34.1517204841     33.6779494957     0.00317973065594     -0.0107369167561    0.0107369167561
2018     CMS_jec_RelativeFSR     206.039814173     206.63917381     205.622823719     0.00290895057971     -0.002023834355    0.00290895057971
2018     CMS_jec_RelativeFSR     6.66842282491     6.66842282728     6.66842282491     3.55563134491e-10     2.22044604925e-16    3.55563134491e-10
2018     CMS_scale_sig     1233.19356001     1373.42622129     1114.76118357     0.113715045086     -0.0960371350303    0.113715045086
2018     CMS_scale_sig     34.0434714144     37.8714437014     30.805501674     0.112443653013     -0.0951127956653    0.112443653013
2018     CMS_scale_sig     206.039814173     229.878080943     185.952491487     0.115697380458     -0.0974924325505    0.115697380458
2018     CMS_scale_sig     6.66842282491     7.45200522459     6.00905525592     0.117506405974     -0.0988790882494    0.117506405974
2018     CMS_bTagSF_M     2308.41340299     2420.09402532     2194.00663534     0.0483798188751     -0.0495607794983    0.0495607794983
2018     CMS_bTagSF_M     3232.05292445     3128.81875491     3338.45711176     -0.0319407422928     0.0329215485631    0.0329215485631
2018     CMS_bTagSF_M     1762.41913809     1862.19632468     1660.81060418     0.0566137670845     -0.0576528770632    0.0576528770632
2018     CMS_bTagSF_M     3349.34350973     3249.91338504     3451.08115966     -0.0296864518076     0.0303754003232    0.0303754003232
2018     CMS_bTagSF_T     2308.41340299     2308.41340299     2308.41340299     0.0     0.0    0.0
2018     CMS_bTagSF_T     3232.05292445     3232.05292445     3232.05292445     0.0     0.0    0.0
2018     CMS_bTagSF_T     1762.41913809     1762.41913809     1762.41913809     0.0     0.0    0.0
2018     CMS_bTagSF_T     3349.34350973     3349.34350973     3349.34350973     0.0     0.0    0.0
2018     CMS_bTagSF_M_corr     2308.41340299     2452.16694554     2166.90915643     0.0622737428057     -0.0612993523526    0.0622737428057
2018     CMS_bTagSF_M_corr     3232.05292445     3083.16133533     3397.98356858     -0.0460671878235     0.0513390863368    0.0513390863368
2018     CMS_bTagSF_M_corr     1762.41913809     1875.93956386     1651.75984462     0.0644117073604     -0.0627882954019    0.0644117073604
2018     CMS_bTagSF_M_corr     3349.34350973     3223.69788291     3483.36553285     -0.0375135086788     0.0400144155809    0.0400144155809
2018     CMS_bTagSF_T_corr     2308.41340299     2308.41340299     2308.41340299     0.0     0.0    0.0
2018     CMS_bTagSF_T_corr     3232.05292445     3232.05292445     3232.05292445     0.0     0.0    0.0
2018     CMS_bTagSF_T_corr     1762.41913809     1762.41913809     1762.41913809     0.0     0.0    0.0
2018     CMS_bTagSF_T_corr     3349.34350973     3349.34350973     3349.34350973     0.0     0.0    0.0
2018     CMS_jer     2308.41340299     2311.32171224     2303.24477805     0.00125987366248     -0.00223903783429    0.00223903783429
2018     CMS_jer     3232.05292445     3239.64821683     3225.59095617     0.0023499901007     -0.00199933863612    0.0023499901007
2018     CMS_jer     1762.41913809     1771.01979615     1766.82730803     0.00488002988565     0.00250120408223    0.00488002988565
2018     CMS_jer     3349.34350973     3357.39612384     3350.85801697     0.00240423655655     0.000452180326306    0.00240423655655
2018     CMS_jec     2308.41340299     2444.10016828     2180.61994724     0.0587792312715     -0.0553598656057    0.0587792312715
2018     CMS_jec     3232.05292445     3426.64391503     3039.05808984     0.0602066225797     -0.0597127705288    0.0602066225797
2018     CMS_jec     1762.41913809     1863.84995175     1670.25958592     0.0575520382584     -0.0522915066969    0.0575520382584
2018     CMS_jec     3349.34350973     3522.13841097     3176.31297986     0.0515906776167     -0.0516610283071    0.0516610283071
2018     CMS_bTagSF_bc_T_corr     2308.41340299     2308.41340299     2308.41340299     0.0     0.0    0.0
2018     CMS_bTagSF_bc_T_corr     3232.05292445     3232.05292445     3232.05292445     0.0     0.0    0.0
2018     CMS_bTagSF_bc_T_corr     1762.41913809     1762.41913809     1762.41913809     0.0     0.0    0.0
2018     CMS_bTagSF_bc_T_corr     3349.34350973     3349.34350973     3349.34350973     0.0     0.0    0.0
2018     CMS_bTagSF_light_T_corr     2308.41340299     2308.41340299     2308.41340299     0.0     0.0    0.0
2018     CMS_bTagSF_light_T_corr     3232.05292445     3232.05292445     3232.05292445     0.0     0.0    0.0
2018     CMS_bTagSF_light_T_corr     1762.41913809     1762.41913809     1762.41913809     0.0     0.0    0.0
2018     CMS_bTagSF_light_T_corr     3349.34350973     3349.34350973     3349.34350973     0.0     0.0    0.0
2018     CMS_bTagSF_bc_M_corr     2308.41340299     2412.44896433     2200.67008455     0.0450679939767     -0.0466741868241    0.0466741868241
2018     CMS_bTagSF_bc_M_corr     3232.05292445     3128.40771672     3340.35215697     -0.0320679178695     0.0335078772056    0.0335078772056
2018     CMS_bTagSF_bc_M_corr     1762.41913809     1836.33656322     1686.63926814     0.0419408888235     -0.0429976435844    0.0429976435844
2018     CMS_bTagSF_bc_M_corr     3349.34350973     3269.89663975     3431.19411308     -0.023720131946     0.0244378049349    0.0244378049349
2018     CMS_bTagSF_light_M_corr     2308.41340299     2348.65275678     2275.38286538     0.0174316063718     -0.0143087618384    0.0174316063718
2018     CMS_bTagSF_light_M_corr     3232.05292445     3185.69615114     3288.30855807     -0.014342826182     0.0174055422138    0.0174055422138
2018     CMS_bTagSF_light_M_corr     1762.41913809     1802.98977383     1728.566906     0.0230198565534     -0.0192078214301    0.0230198565534
2018     CMS_bTagSF_light_M_corr     3349.34350973     3302.31108421     3400.63153787     -0.0140422818338     0.0153128599668    0.0153128599668
2018     CMS_bTagSF_bc_T_year     2308.41340299     2308.41340299     2308.41340299     0.0     0.0    0.0
2018     CMS_bTagSF_bc_T_year     3232.05292445     3232.05292445     3232.05292445     0.0     0.0    0.0
2018     CMS_bTagSF_bc_T_year     1762.41913809     1762.41913809     1762.41913809     0.0     0.0    0.0
2018     CMS_bTagSF_bc_T_year     3349.34350973     3349.34350973     3349.34350973     0.0     0.0    0.0
2018     CMS_bTagSF_light_T_year     2308.41340299     2308.41340299     2308.41340299     0.0     0.0    0.0
2018     CMS_bTagSF_light_T_year     3232.05292445     3232.05292445     3232.05292445     0.0     0.0    0.0
2018     CMS_bTagSF_light_T_year     1762.41913809     1762.41913809     1762.41913809     0.0     0.0    0.0
2018     CMS_bTagSF_light_T_year     3349.34350973     3349.34350973     3349.34350973     0.0     0.0    0.0
2018     CMS_bTagSF_bc_M_year     2308.41340299     2370.9515103     2244.84140273     0.0270913811321     -0.027539261458    0.027539261458
2018     CMS_bTagSF_bc_M_year     3232.05292445     3171.81319065     3293.66800563     -0.0186382262936     0.0190637599745    0.0190637599745
2018     CMS_bTagSF_bc_M_year     1762.41913809     1817.20646076     1706.92928357     0.0310864319888     -0.0314850499044    0.0314850499044
2018     CMS_bTagSF_bc_M_year     3349.34350973     3292.38531735     3407.16954855     -0.0170057780609     0.0172648874794    0.0172648874794
2018     CMS_bTagSF_light_M_year     2308.41340299     2358.1170267     2258.1614522     0.02153150889     -0.0217690430676    0.0217690430676
2018     CMS_bTagSF_light_M_year     3232.05292445     3188.41337504     3276.17837306     -0.0135021147343     0.0136524523714    0.0136524523714
2018     CMS_bTagSF_light_M_year     1762.41913809     1807.81254191     1716.71935204     0.0257563044104     -0.0259301462764    0.0259301462764
2018     CMS_bTagSF_light_M_year     3349.34350973     3306.35519959     3392.73058316     -0.0128348465942     0.0129539037427    0.0129539037427
2018     CMS_jer_eta193     2308.41340299     2311.43783242     2303.64297599     0.00131017668903     -0.00206653929471    0.00206653929471
2018     CMS_jer_eta193     3232.05292445     3237.9849714     3226.79683179     0.00183538051025     -0.00162623966389    0.00183538051025
2018     CMS_jer_eta193     1762.41913809     1772.13619104     1765.55940837     0.00551347448442     0.00178179538371    0.00551347448442
2018     CMS_jer_eta193     3349.34350973     3356.17700594     3358.11939504     0.00204024943617     0.00262018072648    0.00262018072648
2018     CMS_jer_193eta25     2308.41340299     2307.23578332     2307.55505562     -0.000510142450597     -0.000371834339037    0.000510142450597
2018     CMS_jer_193eta25     3232.05292445     3232.64303784     3231.9933323     0.000182581597495     -1.84378625239e-05    0.000182581597495
2018     CMS_jer_193eta25     1762.41913809     1760.69542888     1762.92182338     -0.000978035910915     0.000285224601872    0.000978035910915
2018     CMS_jer_193eta25     3349.34350973     3351.26463446     3343.84825717     0.000573582471927     -0.00164069541927    0.00164069541927
2018     CMS_jec_FlavorQCD     2308.41340299     2349.80025409     2265.16362446     0.0179286998777     -0.0187357162609    0.0187357162609
2018     CMS_jec_FlavorQCD     3232.05292445     3287.11304357     3174.33390408     0.0170356489843     -0.0178583153557    0.0178583153557
2018     CMS_jec_FlavorQCD     1762.41913809     1788.64920643     1739.89177493     0.0148829910982     -0.0127820690705    0.0148829910982
2018     CMS_jec_FlavorQCD     3349.34350973     3384.54462614     3319.60305055     0.0105098555305     -0.00887948909841    0.0105098555305
2018     CMS_jec_RelativeBal     2308.41340299     2325.3444759     2287.39187684     0.0073345064125     -0.00910648245598    0.00910648245598
2018     CMS_jec_RelativeBal     3232.05292445     3258.11488642     3208.38389127     0.0080635938128     -0.00732321955524    0.0080635938128
2018     CMS_jec_RelativeBal     1762.41913809     1782.35628825     1747.00490557     0.0113123772527     -0.00874606509937    0.0113123772527
2018     CMS_jec_RelativeBal     3349.34350973     3384.44720916     3319.91647334     0.0104807701349     -0.00878591171822    0.0104807701349
2018     CMS_jec_Absolute     2308.41340299     2372.27081576     2246.66161991     0.0276629015785     -0.0267507470728    0.0276629015785
2018     CMS_jec_Absolute     3232.05292445     3323.20174046     3130.73949565     0.0282015233466     -0.0313464634295    0.0313464634295
2018     CMS_jec_Absolute     1762.41913809     1795.1625941     1719.61756853     0.0185786997572     -0.0242856926776    0.0242856926776
2018     CMS_jec_Absolute     3349.34350973     3434.94654994     3270.09224556     0.0255581548927     -0.0236617307062    0.0255581548927
2018     CMS_jec_BBEC1_year     2308.41340299     2316.07272272     2293.16455105     0.00331800175806     -0.00660577170757    0.00660577170757
2018     CMS_jec_BBEC1_year     3232.05292445     3252.91594391     3213.03194014     0.00645503645605     -0.00588510917204    0.00645503645605
2018     CMS_jec_BBEC1_year     1762.41913809     1773.9203002     1752.17753483     0.00652578144892     -0.00581110533424    0.00652578144892
2018     CMS_jec_BBEC1_year     3349.34350973     3382.10295142     3322.26654732     0.00978085454517     -0.0080842595966    0.00978085454517
2018     CMS_jec_Absolute_year     2308.41340299     2363.19224262     2256.8303709     0.023730082125     -0.0223456647861    0.023730082125
2018     CMS_jec_Absolute_year     3232.05292445     3309.7194876     3148.34107692     0.0240301025284     -0.0259005188011    0.0259005188011
2018     CMS_jec_Absolute_year     1762.41913809     1792.70850944     1730.46135993     0.0171862474118     -0.0181329046326    0.0181329046326
2018     CMS_jec_Absolute_year     3349.34350973     3417.55558231     3286.67477556     0.02036580374     -0.0187107515214    0.02036580374
2018     CMS_jec_RelativeSample_year     2308.41340299     2370.98775917     2248.43390464     0.0271070840667     -0.0259829969261    0.0271070840667
2018     CMS_jec_RelativeSample_year     3232.05292445     3318.24044041     3146.99998402     0.026666492775     -0.0263154541147    0.026666492775
2018     CMS_jec_RelativeSample_year     1762.41913809     1809.96339202     1706.34421549     0.0269767008904     -0.0318170186586    0.0318170186586
2018     CMS_jec_RelativeSample_year     3349.34350973     3450.77787986     3256.62904393     0.0302848512961     -0.0276813845839    0.0302848512961
2018     CMS_pu     2308.41340299     2312.24977577     2302.83045664     0.00166190890118     -0.00241852102429    0.00241852102429
2018     CMS_pu     3232.05292445     3219.41212882     3246.28770061     -0.00391107321756     0.00440425218623    0.00440425218623
2018     CMS_pu     1762.41913809     1750.65688843     1769.0429118     -0.00667392302148     0.00375834191198    0.00667392302148
2018     CMS_pu     3349.34350973     3341.09759543     3352.58911941     -0.00246194941782     0.000969028609278    0.00246194941782
2018     CMS_L1Prefiring     2308.41340299     2308.02208021     2308.6733318     -0.000169520233037     0.000112600630783    0.000169520233037
2018     CMS_L1Prefiring     3232.05292445     3231.77105288     3232.20598981     -8.72113120846e-05     4.73585542198e-05    8.72113120846e-05
2018     CMS_L1Prefiring     1762.41913809     1762.15729332     1762.59111091     -0.000148571223054     9.75777111671e-05    0.000148571223054
2018     CMS_L1Prefiring     3349.34350973     3349.09364106     3349.48216218     -7.46022820394e-05     4.13969036155e-05    7.46022820394e-05
2018     CMS_pdf_QCD     2308.41340299     2361.53310369     2255.57856169     0.0230113465062     -0.0228879459936    0.0230113465062
2018     CMS_pdf_QCD     3232.05292445     3300.40889484     3165.04422041     0.0211493969895     -0.0207325516025    0.0211493969895
2018     CMS_pdf_QCD     1762.41913809     1801.03682158     1724.11297529     0.0219117477003     -0.0217349902586    0.0219117477003
2018     CMS_pdf_QCD     3349.34350973     3413.28515869     3286.5012772     0.0190908005632     -0.0187625522279    0.0190908005632
2018     CMS_renorm_QCD     2308.41340299     2141.54112834     2504.15119665     -0.0722887306206     0.084793214856    0.084793214856
2018     CMS_renorm_QCD     3232.05292445     2996.57577845     3508.63780007     -0.0728568348066     0.0855756022839    0.0855756022839
2018     CMS_renorm_QCD     1762.41913809     1635.03890352     1911.81552704     -0.072275789459     0.084767797697    0.084767797697
2018     CMS_renorm_QCD     3349.34350973     3105.98766607     3635.01870386     -0.0726577739656     0.0852928919669    0.0852928919669
2018     CMS_fact_QCD     2308.41340299     1988.72176863     2714.36611242     -0.138489767017     0.175857889622    0.175857889622
2018     CMS_fact_QCD     3232.05292445     2792.71725329     3788.53972423     -0.135930840685     0.172177502282    0.172177502282
2018     CMS_fact_QCD     1762.41913809     1527.24601017     2058.83462177     -0.133437683939     0.168186714092    0.168186714092
2018     CMS_fact_QCD     3349.34350973     2906.08680551     3907.66205928     -0.13234136867     0.16669492034    0.16669492034
2018     CMS_jec_AbsoluteCal     2308.41340299     2322.17021159     2291.89307206     0.00595942155628     -0.00715657382362    0.00715657382362
2018     CMS_jec_AbsoluteCal     3232.05292445     3251.41316801     3213.61599636     0.00599007627878     -0.00570440166799    0.00599007627878
2018     CMS_jec_AbsoluteCal     1762.41913809     1774.29307666     1749.8551407     0.00673729552431     -0.00712883621979    0.00712883621979
2018     CMS_jec_AbsoluteCal     3349.34350973     3367.66726746     3330.52793164     0.00547085053497     -0.00561769135899    0.00561769135899
2018     CMS_jec_AbsoluteTheory     2308.41340299     2372.27099823     2246.66167899     0.0276629806245     -0.0267507214785    0.0276629806245
2018     CMS_jec_AbsoluteTheory     3232.05292445     3323.20165668     3130.73934968     0.0282014974267     -0.0313465085925    0.0313465085925
2018     CMS_jec_AbsoluteTheory     1762.41913809     1795.16264514     1719.61758561     0.0185787287159     -0.0242856829863    0.0242856829863
2018     CMS_jec_AbsoluteTheory     3349.34350973     3434.94657825     3270.09227662     0.0255581633465     -0.0236617214328    0.0255581633465
2018     CMS_jec_AbsolutePU     2308.41340299     2329.02038809     2287.66619449     0.00892690411072     -0.00898764860707    0.00898764860707
2018     CMS_jec_AbsolutePU     3232.05292445     3257.24463097     3209.77105244     0.00779433601683     -0.00689403067611    0.00779433601683
2018     CMS_jec_AbsolutePU     1762.41913809     1775.57801584     1749.47329305     0.0074663724818     -0.00734549731072    0.0074663724818
2018     CMS_jec_AbsolutePU     3349.34350973     3366.30218382     3330.47696236     0.00506328301196     -0.00563290904969    0.00563290904969
2018     CMS_jec_AbsoluteScale     2308.41340299     2372.27099823     2246.66167899     0.0276629806245     -0.0267507214785    0.0276629806245
2018     CMS_jec_AbsoluteScale     3232.05292445     3323.20165668     3130.73934968     0.0282014974267     -0.0313465085925    0.0313465085925
2018     CMS_jec_AbsoluteScale     1762.41913809     1795.16264514     1719.61758561     0.0185787287159     -0.0242856829863    0.0242856829863
2018     CMS_jec_AbsoluteScale     3349.34350973     3434.94657825     3270.09227662     0.0255581633465     -0.0236617214328    0.0255581633465
2018     CMS_jec_Fragmentation     2308.41340299     2316.52372935     2299.71155478     0.0035133769149     -0.00376962297938    0.00376962297938
2018     CMS_jec_Fragmentation     3232.05292445     3240.04168834     3220.76551474     0.00247173053011     -0.00349233443267    0.00349233443267
2018     CMS_jec_Fragmentation     1762.41913809     1769.04571188     1754.66478305     0.00375993068153     -0.00439983592161    0.00439983592161
2018     CMS_jec_Fragmentation     3349.34350973     3356.1192431     3338.48696542     0.002023003419     -0.00324139470333    0.00324139470333
2018     CMS_jec_AbsoluteMPFBias     2308.41340299     2372.27099823     2246.66167899     0.0276629806245     -0.0267507214785    0.0276629806245
2018     CMS_jec_AbsoluteMPFBias     3232.05292445     3323.20165668     3130.73934968     0.0282014974267     -0.0313465085925    0.0313465085925
2018     CMS_jec_AbsoluteMPFBias     1762.41913809     1795.16264514     1719.61758561     0.0185787287159     -0.0242856829863    0.0242856829863
2018     CMS_jec_AbsoluteMPFBias     3349.34350973     3434.94657825     3270.09227662     0.0255581633465     -0.0236617214328    0.0255581633465
2018     CMS_jec_RelativeFSR     2308.41340299     2325.34847011     2291.4725291     0.00733623669507     -0.00733875217824    0.00733875217824
2018     CMS_jec_RelativeFSR     3232.05292445     3255.01258176     3210.59883417     0.00710373803932     -0.00663791428776    0.00710373803932
2018     CMS_jec_RelativeFSR     1762.41913809     1769.8727401     1752.74250229     0.00422918808117     -0.00549054171608    0.00549054171608
2018     CMS_jec_RelativeFSR     3349.34350973     3375.84101912     3317.91808706     0.00791125464255     -0.00938256185915    0.00938256185915
2018     CMS_scale_QCD     2308.41340299     2944.49900891     1844.94399186     0.275550993205     -0.200774008042    0.275550993205
2018     CMS_scale_QCD     3232.05292445     4112.69722634     2589.22186963     0.272472116787     -0.198892490268    0.272472116787
2018     CMS_scale_QCD     1762.41913809     2233.34345633     1416.85519043     0.267203361599     -0.196073646837    0.267203361599
2018     CMS_scale_QCD     3349.34350973     4240.95927016     2694.93624711     0.266206126018     -0.195383740342    0.266206126018
2018     CMS_bTagSF_M     62.4510780142     62.9483161362     61.8810124502     0.00796204225574     -0.00912819413346    0.00912819413346
2018     CMS_bTagSF_M     3.66328560631     3.04889623177     4.34982301031     -0.167715390107     0.187410286225    0.187410286225
2018     CMS_bTagSF_M     13.0413491063     13.1315330954     12.9224900607     0.00691523463461     -0.0091140145641    0.0091140145641
2018     CMS_bTagSF_M     1.05557630229     0.901499117548     1.22416300938     -0.145964990315     0.15971058343    0.15971058343
2018     CMS_bTagSF_T     62.4510780142     62.4510780142     62.4510780142     0.0     0.0    0.0
2018     CMS_bTagSF_T     3.66328560631     3.66328560631     3.66328560631     0.0     0.0    0.0
2018     CMS_bTagSF_T     13.0413491063     13.0413491063     13.0413491063     0.0     0.0    0.0
2018     CMS_bTagSF_T     1.05557630229     1.05557630229     1.05557630229     0.0     0.0    0.0
2018     CMS_bTagSF_M_corr     62.4510780142     63.2756405044     61.710838576     0.0132033347774     -0.0118531090523    0.0132033347774
2018     CMS_bTagSF_M_corr     3.66328560631     2.61913978997     4.97420699327     -0.285029868962     0.357853994433    0.357853994433
2018     CMS_bTagSF_M_corr     13.0413491063     13.1324120423     12.9843340004     0.00698263157096     -0.00437187176508    0.00698263157096
2018     CMS_bTagSF_M_corr     1.05557630229     0.815066232325     1.33881684092     -0.227847166938     0.268327867931    0.268327867931
2018     CMS_bTagSF_T_corr     62.4510780142     62.4510780142     62.4510780142     0.0     0.0    0.0
2018     CMS_bTagSF_T_corr     3.66328560631     3.66328560631     3.66328560631     0.0     0.0    0.0
2018     CMS_bTagSF_T_corr     13.0413491063     13.0413491063     13.0413491063     0.0     0.0    0.0
2018     CMS_bTagSF_T_corr     1.05557630229     1.05557630229     1.05557630229     0.0     0.0    0.0
2018     CMS_jer     62.4510780142     62.578351122     62.3019373587     0.00203796494549     -0.00238811979234    0.00238811979234
2018     CMS_jer     3.66328560631     3.62395815201     3.65407757566     -0.0107355687007     -0.00251359889337    0.0107355687007
2018     CMS_jer     13.0413491063     13.0935946113     13.1383041458     0.00400614265472     0.00743443325256    0.00743443325256
2018     CMS_jer     1.05557630229     1.04237887244     1.05127341466     -0.0125025825438     -0.00407633973789    0.0125025825438
2018     CMS_jec     62.4510780142     64.9293364018     60.2333199081     0.0396831962948     -0.0355119267203    0.0396831962948
2018     CMS_jec     3.66328560631     3.70845354267     3.57851799836     0.0123298975876     -0.0231397758886    0.0231397758886
2018     CMS_jec     13.0413491063     13.1046675456     12.8396936705     0.00485520621338     -0.0154627741488    0.0154627741488
2018     CMS_jec     1.05557630229     1.06477714708     1.04314821045     0.008716418488     -0.0117737503277    0.0117737503277
2018     CMS_bTagSF_bc_T_corr     62.4510780142     62.4510780142     62.4510780142     0.0     0.0    0.0
2018     CMS_bTagSF_bc_T_corr     3.66328560631     3.66328560631     3.66328560631     0.0     0.0    0.0
2018     CMS_bTagSF_bc_T_corr     13.0413491063     13.0413491063     13.0413491063     0.0     0.0    0.0
2018     CMS_bTagSF_bc_T_corr     1.05557630229     1.05557630229     1.05557630229     0.0     0.0    0.0
2018     CMS_bTagSF_light_T_corr     62.4510780142     62.4510780142     62.4510780142     0.0     0.0    0.0
2018     CMS_bTagSF_light_T_corr     3.66328560631     3.66328560631     3.66328560631     0.0     0.0    0.0
2018     CMS_bTagSF_light_T_corr     13.0413491063     13.0413491063     13.0413491063     0.0     0.0    0.0
2018     CMS_bTagSF_light_T_corr     1.05557630229     1.05557630229     1.05557630229     0.0     0.0    0.0
2018     CMS_bTagSF_bc_M_corr     62.4510780142     63.206285219     61.5094875439     0.0120927809227     -0.0150772492674    0.0150772492674
2018     CMS_bTagSF_bc_M_corr     3.66328560631     2.65112658451     4.88674392963     -0.276298146139     0.333978415774    0.333978415774
2018     CMS_bTagSF_bc_M_corr     13.0413491063     13.1173275057     12.9306421458     0.00582596161777     -0.00848891933414    0.00848891933414
2018     CMS_bTagSF_bc_M_corr     1.05557630229     0.821570138041     1.32612508844     -0.221685693151     0.256304338743    0.256304338743
2018     CMS_bTagSF_light_M_corr     62.4510780142     62.5430188916     62.6816647765     0.0014722064107     0.00369227833441    0.00369227833441
2018     CMS_bTagSF_light_M_corr     3.66328560631     3.6209533834     3.73221679603     -0.011555807398     0.0188167664585    0.0188167664585
2018     CMS_bTagSF_light_M_corr     13.0413491063     13.0584144337     13.0986508504     0.00130855536747     0.00439385094037    0.00439385094037
2018     CMS_bTagSF_light_M_corr     1.05557630229     1.04802737436     1.06637805216     -0.00715147536654     0.010233035595    0.010233035595
2018     CMS_bTagSF_bc_T_year     62.4510780142     62.4510780142     62.4510780142     0.0     0.0    0.0
2018     CMS_bTagSF_bc_T_year     3.66328560631     3.66328560631     3.66328560631     0.0     0.0    0.0
2018     CMS_bTagSF_bc_T_year     13.0413491063     13.0413491063     13.0413491063     0.0     0.0    0.0
2018     CMS_bTagSF_bc_T_year     1.05557630229     1.05557630229     1.05557630229     0.0     0.0    0.0
2018     CMS_bTagSF_light_T_year     62.4510780142     62.4510780142     62.4510780142     0.0     0.0    0.0
2018     CMS_bTagSF_light_T_year     3.66328560631     3.66328560631     3.66328560631     0.0     0.0    0.0
2018     CMS_bTagSF_light_T_year     13.0413491063     13.0413491063     13.0413491063     0.0     0.0    0.0
2018     CMS_bTagSF_light_T_year     1.05557630229     1.05557630229     1.05557630229     0.0     0.0    0.0
2018     CMS_bTagSF_bc_M_year     62.4510780142     62.8400949334     62.0165610128     0.00622914658286     -0.00695771818845    0.00695771818845
2018     CMS_bTagSF_bc_M_year     3.66328560631     3.09085578818     4.29081998103     -0.156261312833     0.171303698964    0.171303698964
2018     CMS_bTagSF_bc_M_year     13.0413491063     13.0933552622     12.9772404504     0.00398778956356     -0.00491579938909    0.00491579938909
2018     CMS_bTagSF_bc_M_year     1.05557630229     0.914124958749     1.2074646475     -0.134003902164     0.143891393623    0.143891393623
2018     CMS_bTagSF_light_M_year     62.4510780142     62.5674437996     62.3246432062     0.00186331107718     -0.00202454164074    0.00202454164074
2018     CMS_bTagSF_light_M_year     3.66328560631     3.61394564715     3.71419031338     -0.013468772152     0.0138959154538    0.0138959154538
2018     CMS_bTagSF_light_M_year     13.0413491063     13.0823717979     12.9897538449     0.00314558648758     -0.00395628251845    0.00395628251845
2018     CMS_bTagSF_light_M_year     1.05557630229     1.04106657383     1.07023932942     -0.013745788369     0.0138910158371    0.0138910158371
2018     CMS_jer_eta193     62.4510780142     62.5817012004     62.3119053158     0.00209160819049     -0.00222850754133    0.00222850754133
2018     CMS_jer_eta193     3.66328560631     3.62407271333     3.65422818892     -0.0107042958665     -0.00247248463974    0.0107042958665
2018     CMS_jer_eta193     13.0413491063     13.0869814093     13.132653917     0.00349904772731     0.00700117832057    0.00700117832057
2018     CMS_jer_eta193     1.05557630229     1.04768910928     1.04107009861     -0.00747193072722     -0.0137424491711    0.0137424491711
2018     CMS_jer_193eta25     62.4510780142     62.4472673536     62.428479098     -6.10183315825e-05     -0.000361865910049    0.000361865910049
2018     CMS_jer_193eta25     3.66328560631     3.66317104627     3.66313498792     -3.127248392e-05     -4.11156546757e-05    4.11156546757e-05
2018     CMS_jer_193eta25     13.0413491063     13.0446104129     13.0562844923     0.000250074326694     0.00114523319872    0.00114523319872
2018     CMS_jer_193eta25     1.05557630229     1.05026606537     1.05561518207     -0.00503065189251     3.68327551565e-05    0.00503065189251
2018     CMS_jec_FlavorQCD     62.4510780142     63.2654652144     61.7327590331     0.0130404026018     -0.0115021069909    0.0130404026018
2018     CMS_jec_FlavorQCD     3.66328560631     3.63819751405     3.63822341579     -0.00684852205223     -0.00684145142248    0.00684852205223
2018     CMS_jec_FlavorQCD     13.0413491063     13.133374233     13.0131537361     0.00705641156235     -0.00216199796663    0.00705641156235
2018     CMS_jec_FlavorQCD     1.05557630229     1.04492006414     1.05362161487     -0.0100951850926     -0.00185177273686    0.0100951850926
2018     CMS_jec_RelativeBal     62.4510780142     62.8061096847     62.1099987446     0.00568495663881     -0.00546154334599    0.00568495663881
2018     CMS_jec_RelativeBal     3.66328560631     3.63771525182     3.6543952751     -0.00698016950763     -0.0024268736231    0.00698016950763
2018     CMS_jec_RelativeBal     13.0413491063     13.1017752378     13.007466291     0.00463342641752     -0.00259810661181    0.00463342641752
2018     CMS_jec_RelativeBal     1.05557630229     1.04517194863     1.05445194931     -0.00985656236596     -0.0010651555663    0.00985656236596
2018     CMS_jec_Absolute     62.4510780142     63.7992128644     61.2298424745     0.0215870549089     -0.0195550754038    0.0215870549089
2018     CMS_jec_Absolute     3.66328560631     3.66791711589     3.60621275474     0.00126430480134     -0.0155796893    0.0155796893
2018     CMS_jec_Absolute     13.0413491063     13.0832307684     12.9850714748     0.003211451649     -0.00431532282987    0.00431532282987
2018     CMS_jec_Absolute     1.05557630229     1.03957939123     1.05235367922     -0.0151546705135     -0.00305295132715    0.0151546705135
2018     CMS_jec_BBEC1_year     62.4510780142     62.6378308928     62.259056571     0.00299038678876     -0.00307474985552    0.00307474985552
2018     CMS_jec_BBEC1_year     3.66328560631     3.65363437054     3.66474090278     -0.002634584579     0.000397265358959    0.002634584579
2018     CMS_jec_BBEC1_year     13.0413491063     13.0935381124     13.0302102768     0.00400181036355     -0.000854116354681    0.00400181036355
2018     CMS_jec_BBEC1_year     1.05557630229     1.06416701749     1.05895279898     0.00813841233508     0.00319872346886    0.00813841233508
2018     CMS_jec_Absolute_year     62.4510780142     63.6830223774     61.4061137035     0.0197265508049     -0.0167325263859    0.0197265508049
2018     CMS_jec_Absolute_year     3.66328560631     3.68192733329     3.61563048673     0.00508879977883     -0.0130088463475    0.0130088463475
2018     CMS_jec_Absolute_year     13.0413491063     13.0917383246     13.0135525762     0.00386380410817     -0.0021314152327    0.00386380410817
2018     CMS_jec_Absolute_year     1.05557630229     1.04090730023     1.03285749537     -0.0138966761778     -0.0215226572117    0.0215226572117
2018     CMS_jec_RelativeSample_year     62.4510780142     63.468687437     61.4963535074     0.0162945053186     -0.0152875584721    0.0162945053186
2018     CMS_jec_RelativeSample_year     3.66328560631     3.64852469735     3.62329789721     -0.00402941799898     -0.0109158043897    0.0109158043897
2018     CMS_jec_RelativeSample_year     13.0413491063     13.1439631165     12.9694941106     0.00786835850374     -0.0055097823955    0.00786835850374
2018     CMS_jec_RelativeSample_year     1.05557630229     1.05713989976     1.03586101315     0.00148127375781     -0.0186772752389    0.0186772752389
2018     CMS_pu     62.4510780142     62.6293882465     62.3180300358     0.00285519862863     -0.00213043525613    0.00285519862863
2018     CMS_pu     3.66328560631     3.68188659179     3.64884404067     0.00507767820449     -0.00394224398351    0.00507767820449
2018     CMS_pu     13.0413491063     12.9889081845     13.0581552606     -0.00402112706077     0.00128868218381    0.00402112706077
2018     CMS_pu     1.05557630229     1.06001996095     1.05073780905     0.00420969914704     -0.00458374560374    0.00458374560374
2018     CMS_topPt     62.4510780142     54.0591391997     62.4510780142     -0.134376204244     0.0    0.134376204244
2018     CMS_topPt     3.66328560631     3.2033626135     3.66328560631     -0.125549313441     0.0    0.125549313441
2018     CMS_topPt     13.0413491063     11.4805287266     13.0413491063     -0.11968243216     0.0    0.11968243216
2018     CMS_topPt     1.05557630229     0.935387120089     1.05557630229     -0.113861197849     0.0    0.113861197849
2018     CMS_L1Prefiring     62.4510780142     62.4273629033     62.4696994975     -0.000379739015608     0.00029817713261    0.000379739015608
2018     CMS_L1Prefiring     3.66328560631     3.66219817085     3.66410811897     -0.000296847030611     0.000224528675662    0.000296847030611
2018     CMS_L1Prefiring     13.0413491063     13.0364502611     13.0451676541     -0.000375639452003     0.000292803124955    0.000375639452003
2018     CMS_L1Prefiring     1.05557630229     1.05526635705     1.05579874606     -0.000293626556713     0.000210732066556    0.000293626556713
2018     CMS_pdf_TTbar     62.4510780142     64.1341371815     60.811357963     0.0269500418711     -0.0262560728059    0.0269500418711
2018     CMS_pdf_TTbar     3.66328560631     3.75365817607     3.57313811216     0.0246698126961     -0.0246083717839    0.0246698126961
2018     CMS_pdf_TTbar     13.0413491063     13.3744862769     12.7192571556     0.0255446862037     -0.0246977477626    0.0255446862037
2018     CMS_pdf_TTbar     1.05557630229     1.08341977502     1.02781206149     0.0263775083513     -0.0263024479968    0.0263775083513
2018     CMS_renorm_TTbar     62.4510780142     51.4221069919     77.4453181843     -0.176601771706     0.240095778118    0.240095778118
2018     CMS_renorm_TTbar     3.66328560631     3.00794103353     4.557356875     -0.178895298705     0.244062670721    0.244062670721
2018     CMS_renorm_TTbar     13.0413491063     10.8405223478     15.9994836727     -0.168757598667     0.226827342955    0.226827342955
2018     CMS_renorm_TTbar     1.05557630229     0.871361903149     1.30604269618     -0.174515474381     0.237279288431    0.237279288431
2018     CMS_fact_TTbar     62.4510780142     53.0983714421     74.5077888025     -0.149760530473     0.193058489488    0.193058489488
2018     CMS_fact_TTbar     3.66328560631     3.11754768835     4.36629527855     -0.14897498492     0.191906869349    0.191906869349
2018     CMS_fact_TTbar     13.0413491063     11.0924785695     15.5504979035     -0.149437801334     0.192399480812    0.192399480812
2018     CMS_fact_TTbar     1.05557630229     0.894292941914     1.26472960488     -0.152791759369     0.198141339606    0.198141339606
2018     CMS_jec_AbsoluteCal     62.4510780142     62.7536118541     62.1500053498     0.00484433334931     -0.00482093622662    0.00484433334931
2018     CMS_jec_AbsoluteCal     3.66328560631     3.65739891833     3.63786066086     -0.00160694213053     -0.00694047589467    0.00694047589467
2018     CMS_jec_AbsoluteCal     13.0413491063     13.0375026867     13.0750179441     -0.000294940313894     0.00258169898606    0.00258169898606
2018     CMS_jec_AbsoluteCal     1.05557630229     1.05070831143     1.04333939457     -0.00461169016892     -0.0115926320956    0.0115926320956
2018     CMS_jec_AbsoluteTheory     62.4510780142     63.7992128644     61.229842454     0.0215870549089     -0.0195550757325    0.0215870549089
2018     CMS_jec_AbsoluteTheory     3.66328560631     3.66791711589     3.60621275474     0.00126430480134     -0.0155796893    0.0155796893
2018     CMS_jec_AbsoluteTheory     13.0413491063     13.0832307684     12.9850714748     0.003211451649     -0.00431532282987    0.00431532282987
2018     CMS_jec_AbsoluteTheory     1.05557630229     1.03957939123     1.05235367922     -0.0151546705135     -0.00305295132715    0.0151546705135
2018     CMS_jec_AbsolutePU     62.4510780142     62.9712205389     62.0830115069     0.00832879977947     -0.0058936774022    0.00832879977947
2018     CMS_jec_AbsolutePU     3.66328560631     3.63495954716     3.65426773494     -0.00773241898026     -0.00246168940614    0.00773241898026
2018     CMS_jec_AbsolutePU     13.0413491063     13.0515643437     13.1070960991     0.000783296061009     0.0050414257187    0.0050414257187
2018     CMS_jec_AbsolutePU     1.05557630229     1.03562002491     1.04935580968     -0.018905575407     -0.00589298243652    0.018905575407
2018     CMS_jec_AbsoluteScale     62.4510780142     63.7992128644     61.229842454     0.0215870549089     -0.0195550757325    0.0215870549089
2018     CMS_jec_AbsoluteScale     3.66328560631     3.66791711589     3.60621275474     0.00126430480134     -0.0155796893    0.0155796893
2018     CMS_jec_AbsoluteScale     13.0413491063     13.0832307684     12.9850714748     0.003211451649     -0.00431532282987    0.00431532282987
2018     CMS_jec_AbsoluteScale     1.05557630229     1.03957939123     1.05235367922     -0.0151546705135     -0.00305295132715    0.0151546705135
2018     CMS_jec_Fragmentation     62.4510780142     62.5844897874     62.2883291057     0.002136260533     -0.00260602240409    0.00260602240409
2018     CMS_jec_Fragmentation     3.66328560631     3.66442571807     3.65884140097     0.000311226555383     -0.0012131746794    0.0012131746794
2018     CMS_jec_Fragmentation     13.0413491063     13.0583235387     13.0584833308     0.00130158560905     0.0013138383359    0.0013138383359
2018     CMS_jec_Fragmentation     1.05557630229     1.05079477643     1.05006786184     -0.00452977756782     -0.00521841995928    0.00521841995928
2018     CMS_jec_AbsoluteMPFBias     62.4510780142     63.7992128644     61.2298424745     0.0215870549089     -0.0195550754038    0.0215870549089
2018     CMS_jec_AbsoluteMPFBias     3.66328560631     3.66791711589     3.60621275474     0.00126430480134     -0.0155796893    0.0155796893
2018     CMS_jec_AbsoluteMPFBias     13.0413491063     13.0832307684     12.9850714748     0.003211451649     -0.00431532282987    0.00431532282987
2018     CMS_jec_AbsoluteMPFBias     1.05557630229     1.03957939123     1.05235367922     -0.0151546705135     -0.00305295132715    0.0151546705135
2018     CMS_jec_RelativeFSR     62.4510780142     62.8131450466     62.1358374568     0.00579761060928     -0.00504780009131    0.00579761060928
2018     CMS_jec_RelativeFSR     3.66328560631     3.66418710511     3.63695549538     0.000246090230169     -0.00718756705174    0.00718756705174
2018     CMS_jec_RelativeFSR     13.0413491063     13.0612539917     13.0329695774     0.00152629035765     -0.000642535434443    0.00152629035765
2018     CMS_jec_RelativeFSR     1.05557630229     1.04961116976     1.04130302354     -0.00565106710921     -0.0135217877846    0.0135217877846
2018     CMS_scale_TTbar     62.4510780142     92.4459822358     43.7393730594     0.480294418854     -0.299621808778    0.480294418854
2018     CMS_scale_TTbar     3.66328560631     5.43444599709     2.56071574978     0.48348957224     -0.300978404369    0.48348957224
2018     CMS_scale_TTbar     13.0413491063     19.0882554248     9.22445803734     0.463671838638     -0.292676090325    0.463671838638
2018     CMS_scale_TTbar     1.05557630229     1.56580419913     0.738565802517     0.483364296584     -0.300319833899    0.483364296584
2018     CMS_bTagSF_M     1717.79721403     1730.17405171     1701.70549578     0.00720506330933     -0.00936764719224    0.00936764719224
2018     CMS_bTagSF_M     48.1452261399     33.4700306729     66.3987848167     -0.304811019567     0.379135381434    0.379135381434
2018     CMS_bTagSF_M     186.660309796     188.195442354     184.536239629     0.00822420448658     -0.0113793348457    0.0113793348457
2018     CMS_bTagSF_M     9.46022660155     7.02718754657     12.364600479     -0.257186128563     0.30700891213    0.30700891213
2018     CMS_bTagSF_T     1717.79721403     1717.79721403     1717.79721403     0.0     0.0    0.0
2018     CMS_bTagSF_T     48.1452261399     48.1452261399     48.1452261399     0.0     0.0    0.0
2018     CMS_bTagSF_T     186.660309796     186.660309796     186.660309796     0.0     0.0    0.0
2018     CMS_bTagSF_T     9.46022660155     9.46022660155     9.46022660155     0.0     0.0    0.0
2018     CMS_bTagSF_M_corr     1717.79721403     1737.99095566     1691.79699502     0.0117556027409     -0.0151357906506    0.0151357906506
2018     CMS_bTagSF_M_corr     48.1452261399     29.496469612     72.8349243201     -0.387343834956     0.512817160905    0.512817160905
2018     CMS_bTagSF_M_corr     186.660309796     188.59378134     183.921808465     0.0103582360157     -0.0146710424617    0.0146710424617
2018     CMS_bTagSF_M_corr     9.46022660155     6.35336772854     13.4317199335     -0.328412732999     0.419809535147    0.419809535147
2018     CMS_bTagSF_T_corr     1717.79721403     1717.79721403     1717.79721403     0.0     0.0    0.0
2018     CMS_bTagSF_T_corr     48.1452261399     48.1452261399     48.1452261399     0.0     0.0    0.0
2018     CMS_bTagSF_T_corr     186.660309796     186.660309796     186.660309796     0.0     0.0    0.0
2018     CMS_bTagSF_T_corr     9.46022660155     9.46022660155     9.46022660155     0.0     0.0    0.0
2018     CMS_jer     1717.79721403     1717.10289807     1717.86868038     -0.000404189707746     4.16034874373e-05    0.000404189707746
2018     CMS_jer     48.1452261399     48.325169986     47.7704904623     0.00373752208798     -0.00778344412624    0.00778344412624
2018     CMS_jer     186.660309796     186.297342604     186.930737752     -0.00194453332085     0.00144877052842    0.00194453332085
2018     CMS_jer     9.46022660155     9.50214424988     9.42509647076     0.00443093491246     -0.00371345552958    0.00443093491246
2018     CMS_jec     1717.79721403     1733.7789286     1701.5435295     0.0093036095533     -0.00946193438396    0.00946193438396
2018     CMS_jec     48.1452261399     48.370164347     47.7915763339     0.00467207706998     -0.00734548021327    0.00734548021327
2018     CMS_jec     186.660309796     186.551400836     184.162141427     -0.000583460729453     -0.0133835006071    0.0133835006071
2018     CMS_jec     9.46022660155     9.77546541482     9.11348090135     0.0333225435865     -0.0366530015399    0.0366530015399
2018     CMS_bTagSF_bc_T_corr     1717.79721403     1717.79721403     1717.79721403     0.0     0.0    0.0
2018     CMS_bTagSF_bc_T_corr     48.1452261399     48.1452261399     48.1452261399     0.0     0.0    0.0
2018     CMS_bTagSF_bc_T_corr     186.660309796     186.660309796     186.660309796     0.0     0.0    0.0
2018     CMS_bTagSF_bc_T_corr     9.46022660155     9.46022660155     9.46022660155     0.0     0.0    0.0
2018     CMS_bTagSF_light_T_corr     1717.79721403     1717.79721403     1717.79721403     0.0     0.0    0.0
2018     CMS_bTagSF_light_T_corr     48.1452261399     48.1452261399     48.1452261399     0.0     0.0    0.0
2018     CMS_bTagSF_light_T_corr     186.660309796     186.660309796     186.660309796     0.0     0.0    0.0
2018     CMS_bTagSF_light_T_corr     9.46022660155     9.46022660155     9.46022660155     0.0     0.0    0.0
2018     CMS_bTagSF_bc_M_corr     1717.79721403     1737.15433151     1692.22206316     0.0112685696099     -0.0148883411024    0.0148883411024
2018     CMS_bTagSF_bc_M_corr     48.1452261399     29.6485282093     72.4947460653     -0.384185503187     0.505751491427    0.505751491427
2018     CMS_bTagSF_bc_M_corr     186.660309796     188.236922406     184.173985342     0.00844642662045     -0.0133200489012    0.0133200489012
2018     CMS_bTagSF_bc_M_corr     9.46022660155     6.33638784022     13.4546977421     -0.330207604204     0.422238420788    0.422238420788
2018     CMS_bTagSF_light_M_corr     1717.79721403     1718.78498897     1717.52154426     0.000575024184394     -0.000160478646069    0.000575024184394
2018     CMS_bTagSF_light_M_corr     48.1452261399     47.912160592     48.3805628776     -0.00484088593125     0.00488805965909    0.00488805965909
2018     CMS_bTagSF_light_M_corr     186.660309796     187.011297759     186.40083073     0.00188035668996     -0.00139011376875    0.00188035668996
2018     CMS_bTagSF_light_M_corr     9.46022660155     9.48091619853     9.43987914768     0.00218700860531     -0.00215084212299    0.00218700860531
2018     CMS_bTagSF_bc_T_year     1717.79721403     1717.79721403     1717.79721403     0.0     0.0    0.0
2018     CMS_bTagSF_bc_T_year     48.1452261399     48.1452261399     48.1452261399     0.0     0.0    0.0
2018     CMS_bTagSF_bc_T_year     186.660309796     186.660309796     186.660309796     0.0     0.0    0.0
2018     CMS_bTagSF_bc_T_year     9.46022660155     9.46022660155     9.46022660155     0.0     0.0    0.0
2018     CMS_bTagSF_light_T_year     1717.79721403     1717.79721403     1717.79721403     0.0     0.0    0.0
2018     CMS_bTagSF_light_T_year     48.1452261399     48.1452261399     48.1452261399     0.0     0.0    0.0
2018     CMS_bTagSF_light_T_year     186.660309796     186.660309796     186.660309796     0.0     0.0    0.0
2018     CMS_bTagSF_light_T_year     9.46022660155     9.46022660155     9.46022660155     0.0     0.0    0.0
2018     CMS_bTagSF_bc_M_year     1717.79721403     1729.68412198     1702.3824198     0.00691985518059     -0.00897358203748    0.00897358203748
2018     CMS_bTagSF_bc_M_year     48.1452261399     33.7863681634     65.8240998466     -0.298240534477     0.36719889227    0.36719889227
2018     CMS_bTagSF_bc_M_year     186.660309796     188.188045081     184.592909223     0.00818457488932     -0.0110757373971    0.0110757373971
2018     CMS_bTagSF_bc_M_year     9.46022660155     7.10124131579     12.2471426283     -0.249358222072     0.29459294625    0.29459294625
2018     CMS_bTagSF_light_M_year     1717.79721403     1718.36535884     1717.21844335     0.000330740329648     -0.00033692607866    0.00033692607866
2018     CMS_bTagSF_light_M_year     48.1452261399     47.7126358194     48.58083228     -0.0089851134834     0.0090477535376    0.0090477535376
2018     CMS_bTagSF_light_M_year     186.660309796     186.693073406     186.630385414     0.00017552531383     -0.000160314651275    0.00017552531383
2018     CMS_bTagSF_light_M_year     9.46022660155     9.36620078005     9.55487050054     -0.00993906652123     0.0100044008433    0.0100044008433
2018     CMS_jer_eta193     1717.79721403     1716.98804771     1717.93337433     -0.000471048798483     7.92644790892e-05    0.000471048798483
2018     CMS_jer_eta193     48.1452261399     48.3264500685     47.7701318553     0.00376411002991     -0.00779089256975    0.00779089256975
2018     CMS_jer_eta193     186.660309796     186.355762394     186.914733264     -0.00163155950309     0.00136302928049    0.00163155950309
2018     CMS_jer_eta193     9.46022660155     9.50695762446     9.42577012345     0.00493973610578     -0.00364224659209    0.00493973610578
2018     CMS_jer_193eta25     1717.79721403     1717.92428752     1717.86519533     7.3974674375e-05     3.95746952337e-05    7.3974674375e-05
2018     CMS_jer_193eta25     48.1452261399     48.1439460574     48.1455847469     -2.65879419352e-05     7.44844350686e-06    2.65879419352e-05
2018     CMS_jer_193eta25     186.660309796     186.567972976     186.609634563     -0.000494678384349     -0.000271483710074    0.000494678384349
2018     CMS_jer_193eta25     9.46022660155     9.45541322697     9.45955294886     -0.000508801193324     -7.12089374911e-05    0.000508801193324
2018     CMS_jec_FlavorQCD     1717.79721403     1722.16890188     1713.05488663     0.0025449382595     -0.0027607026936    0.0027607026936
2018     CMS_jec_FlavorQCD     48.1452261399     48.4005185645     47.83011256     0.00530254908067     -0.00654506386635    0.00654506386635
2018     CMS_jec_FlavorQCD     186.660309796     186.321409734     186.041369309     -0.00181559787837     -0.00331586553088    0.00331586553088
2018     CMS_jec_FlavorQCD     9.46022660155     9.40599825539     9.37180671619     -0.00573224600687     -0.00934648704385    0.00934648704385
2018     CMS_jec_RelativeBal     1717.79721403     1720.81582556     1715.71273263     0.0017572572061     -0.00121346185693    0.0017572572061
2018     CMS_jec_RelativeBal     48.1452261399     48.3235460671     47.9164746449     0.00370379249408     -0.00475128093428    0.00475128093428
2018     CMS_jec_RelativeBal     186.660309796     186.647681661     185.959330003     -6.76530269667e-05     -0.00375537677958    0.00375537677958
2018     CMS_jec_RelativeBal     9.46022660155     9.38937101132     9.38776535757     -0.00748984069924     -0.00765956747481    0.00765956747481
2018     CMS_jec_Absolute     1717.79721403     1727.32920107     1709.61173935     0.00554895942753     -0.00476509952123    0.00554895942753
2018     CMS_jec_Absolute     48.1452261399     48.459806863     47.7625112471     0.00653399616671     -0.00794917634567    0.00794917634567
2018     CMS_jec_Absolute     186.660309796     185.794603488     185.386774314     -0.00463787030581     -0.00682274385853    0.00682274385853
2018     CMS_jec_Absolute     9.46022660155     9.60363676906     9.37125835979     0.0151592740372     -0.00940445144744    0.0151592740372
2018     CMS_jec_BBEC1_year     1717.79721403     1718.87605729     1716.99414496     0.00062803877522     -0.000467499339348    0.00062803877522
2018     CMS_jec_BBEC1_year     48.1452261399     48.309687636     47.99483399     0.00341594607151     -0.00312371883868    0.00341594607151
2018     CMS_jec_BBEC1_year     186.660309796     186.592333314     185.858907608     -0.00036417212798     -0.00429337221708    0.00429337221708
2018     CMS_jec_BBEC1_year     9.46022660155     9.46022660155     9.60665098509     0.0     0.0154778938926    0.0154778938926
2018     CMS_jec_Absolute_year     1717.79721403     1725.05532165     1711.12618686     0.00422524123315     -0.00388347769525    0.00422524123315
2018     CMS_jec_Absolute_year     48.1452261399     48.4460243305     47.7624130694     0.0062477261974     -0.00795121554462    0.00795121554462
2018     CMS_jec_Absolute_year     186.660309796     185.977881965     185.146014832     -0.00365598788481     -0.00811257072153    0.00811257072153
2018     CMS_jec_Absolute_year     9.46022660155     9.5340217746     9.38731635887     0.00780057139831     -0.00770702920265    0.00780057139831
2018     CMS_jec_RelativeSample_year     1717.79721403     1723.77095586     1712.01329646     0.00347755938941     -0.00336705492167    0.00347755938941
2018     CMS_jec_RelativeSample_year     48.1452261399     48.2771557222     47.7161038366     0.00274024223845     -0.00891308106174    0.00891308106174
2018     CMS_jec_RelativeSample_year     186.660309796     186.559683178     185.519599072     -0.000539089528906     -0.00611115842293    0.00611115842293
2018     CMS_jec_RelativeSample_year     9.46022660155     9.62311910145     9.24631468653     0.0172186678783     -0.0226117115407    0.0226117115407
2018     CMS_pu     1717.79721403     1720.10512735     1715.16404188     0.00134353071704     -0.00153287718063    0.00153287718063
2018     CMS_pu     48.1452261399     48.4366467391     48.03517585     0.00605294901638     -0.00228579858682    0.00605294901638
2018     CMS_pu     186.660309796     185.986240572     187.17853848     -0.00361120811065     0.00277631963596    0.00361120811065
2018     CMS_pu     9.46022660155     9.67915559852     9.13174757406     0.0231420457665     -0.0347221098733    0.0347221098733
2018     CMS_L1Prefiring     1717.79721403     1717.06960078     1718.40015424     -0.000423573426189     0.000350996153699    0.000423573426189
2018     CMS_L1Prefiring     48.1452261399     48.1294365062     48.1582131204     -0.000327958449431     0.000269745965144    0.000327958449431
2018     CMS_L1Prefiring     186.660309796     186.583724506     186.724434065     -0.0004102923112     0.000343534568373    0.0004102923112
2018     CMS_L1Prefiring     9.46022660155     9.45718080121     9.46294890166     -0.000321958496865     0.000287762675223    0.000321958496865
2018     CMS_pdf_sig     1717.79721403     1725.91180853     1709.6833745     0.00472383727145     -0.00472339776753    0.00472383727145
2018     CMS_pdf_sig     48.1452261399     48.3615022341     47.9289510138     0.0044921607292     -0.00449214062298    0.0044921607292
2018     CMS_pdf_sig     186.660309796     187.709688601     185.610919539     0.00562186361617     -0.00562192497348    0.00562192497348
2018     CMS_pdf_sig     9.46022660155     9.52151597912     9.39893745126     0.00647863736811     -0.00647861334337    0.00647863736811
2018     CMS_renorm_sig     1717.79721403     1717.79721403     1717.79721403     0.0     0.0    0.0
2018     CMS_renorm_sig     48.1452261399     48.1452261399     48.1452261399     0.0     0.0    0.0
2018     CMS_renorm_sig     186.660309796     186.660309796     186.660309796     0.0     0.0    0.0
2018     CMS_renorm_sig     9.46022660155     9.46022660155     9.46022660155     0.0     0.0    0.0
2018     CMS_fact_sig     1717.79721403     1551.07248519     1915.55212211     -0.0970572821254     0.115121218305    0.115121218305
2018     CMS_fact_sig     48.1452261399     43.5133777879     53.6277106222     -0.0962057658328     0.113873896165    0.113873896165
2018     CMS_fact_sig     186.660309796     168.376758602     208.367953486     -0.0979509313709     0.116294908722    0.116294908722
2018     CMS_fact_sig     9.46022660155     8.5282799557     10.5668807159     -0.0985120848689     0.116979662426    0.116979662426
2018     CMS_jec_AbsoluteCal     1717.79721403     1720.1913746     1715.6043857     0.00139373877087     -0.00127653503545    0.00139373877087
2018     CMS_jec_AbsoluteCal     48.1452261399     48.1465214955     48.0817918745     2.69051717401e-05     -0.00131756085789    0.00131756085789
2018     CMS_jec_AbsoluteCal     186.660309796     186.230060944     185.735244918     -0.00230498306208     -0.00495587347792    0.00495587347792
2018     CMS_jec_AbsoluteCal     9.46022660155     9.53345255217     9.33202701515     0.00774040133586     -0.0135514287127    0.0135514287127
2018     CMS_jec_AbsoluteTheory     1717.79721403     1727.3292156     1709.61164829     0.00554896788481     -0.00476515252537    0.00554896788481
2018     CMS_jec_AbsoluteTheory     48.1452261399     48.4598062789     47.7625108577     0.00653398403538     -0.00794918443322    0.00794918443322
2018     CMS_jec_AbsoluteTheory     186.660309796     185.794599699     185.386768886     -0.00463789060343     -0.0068227729383    0.0068227729383
2018     CMS_jec_AbsoluteTheory     9.46022660155     9.60363676906     9.37125833546     0.0151592740372     -0.0094044540199    0.0151592740372
2018     CMS_jec_AbsolutePU     1717.79721403     1721.23216591     1714.87108429     0.00199962594625     -0.00170341977029    0.00199962594625
2018     CMS_jec_AbsolutePU     48.1452261399     48.1607656575     48.0831217938     0.000322763415714     -0.00128993777883    0.00128993777883
2018     CMS_jec_AbsolutePU     186.660309796     185.637815163     185.880933277     -0.00547783636474     -0.00417537354449    0.00547783636474
2018     CMS_jec_AbsolutePU     9.46022660155     9.68434450998     9.33192573021     0.0236905433526     -0.0135621351102    0.0236905433526
2018     CMS_jec_AbsoluteScale     1717.79721403     1727.3292156     1709.61164829     0.00554896788481     -0.00476515252537    0.00554896788481
2018     CMS_jec_AbsoluteScale     48.1452261399     48.4598062789     47.7625108577     0.00653398403538     -0.00794918443322    0.00794918443322
2018     CMS_jec_AbsoluteScale     186.660309796     185.794599699     185.386768886     -0.00463789060343     -0.0068227729383    0.0068227729383
2018     CMS_jec_AbsoluteScale     9.46022660155     9.60363676906     9.37125833546     0.0151592740372     -0.0094044540199    0.0151592740372
2018     CMS_jec_Fragmentation     1717.79721403     1719.25100126     1716.49908229     0.000846308993373     -0.000755695566864    0.000846308993373
2018     CMS_jec_Fragmentation     48.1452261399     48.1472861129     48.0817906715     4.27866509738e-05     -0.00131758584318    0.00131758584318
2018     CMS_jec_Fragmentation     186.660309796     186.3044061     185.945304361     -0.00190669187535     -0.00383051670606    0.00383051670606
2018     CMS_jec_Fragmentation     9.46022660155     9.39039235343     9.47628460062     -0.00738187900391     0.00169742224479    0.00738187900391
2018     CMS_jec_AbsoluteMPFBias     1717.79721403     1727.32920107     1709.61173935     0.00554895942753     -0.00476509952123    0.00554895942753
2018     CMS_jec_AbsoluteMPFBias     48.1452261399     48.459806863     47.7625112471     0.00653399616671     -0.00794917634567    0.00794917634567
2018     CMS_jec_AbsoluteMPFBias     186.660309796     185.794603488     185.386774314     -0.00463787030581     -0.00682274385853    0.00682274385853
2018     CMS_jec_AbsoluteMPFBias     9.46022660155     9.60363676906     9.37125835979     0.0151592740372     -0.00940445144744    0.0151592740372
2018     CMS_jec_RelativeFSR     1717.79721403     1720.79701376     1716.67379086     0.00174630608716     -0.000653990560565    0.00174630608716
2018     CMS_jec_RelativeFSR     48.1452261399     48.1443381888     47.9449565218     -1.84431806598e-05     -0.00415969835844    0.00415969835844
2018     CMS_jec_RelativeFSR     186.660309796     185.773127291     186.358418897     -0.00475292527903     -0.00161732775366    0.00475292527903
2018     CMS_jec_RelativeFSR     9.46022660155     9.70460152463     9.31631668293     0.025831825534     -0.0152121005847    0.025831825534
2018     CMS_scale_sig     1717.79721403     1915.55212211     1551.07248519     0.115121218305     -0.0970572821254    0.115121218305
2018     CMS_scale_sig     48.1452261399     53.6277106222     43.5133777879     0.113873896165     -0.0962057658328    0.113873896165
2018     CMS_scale_sig     186.660309796     208.367953486     168.376758602     0.116294908722     -0.0979509313709    0.116294908722
2018     CMS_scale_sig     9.46022660155     10.5668807159     8.5282799557     0.116979662426     -0.0985120848689    0.116979662426
2018     CMS_bTagSF_M     1453.3729596     1454.49403872     1449.01073307     0.000771363684964     -0.00300145018098    0.00300145018098
2018     CMS_bTagSF_M     48.8406225035     32.8641592307     69.3064283485     -0.327114243306     0.419032452822    0.419032452822
2018     CMS_bTagSF_M     158.993425477     159.293273124     158.259153697     0.00188591223708     -0.00461825247137    0.00461825247137
2018     CMS_bTagSF_M     6.75183598344     4.89956200098     9.01817635988     -0.274336341553     0.335662830376    0.335662830376
2018     CMS_bTagSF_T     1453.3729596     1453.3729596     1453.3729596     0.0     0.0    0.0
2018     CMS_bTagSF_T     48.8406225035     48.8406225035     48.8406225035     0.0     0.0    0.0
2018     CMS_bTagSF_T     158.993425477     158.993425477     158.993425477     0.0     0.0    0.0
2018     CMS_bTagSF_T     6.75183598344     6.75183598344     6.75183598344     0.0     0.0    0.0
2018     CMS_bTagSF_M_corr     1453.3729596     1460.5748592     1453.0895532     0.00495530039561     -0.000194999091031    0.00495530039561
2018     CMS_bTagSF_M_corr     48.8406225035     32.1745121366     69.7984960926     -0.341234601702     0.429107421545    0.429107421545
2018     CMS_bTagSF_M_corr     158.993425477     159.539226208     158.957071582     0.00343285094502     -0.00022865030458    0.00343285094502
2018     CMS_bTagSF_M_corr     6.75183598344     4.72146755302     9.33671213425     -0.300713529682     0.382840483262    0.382840483262
2018     CMS_bTagSF_T_corr     1453.3729596     1453.3729596     1453.3729596     0.0     0.0    0.0
2018     CMS_bTagSF_T_corr     48.8406225035     48.8406225035     48.8406225035     0.0     0.0    0.0
2018     CMS_bTagSF_T_corr     158.993425477     158.993425477     158.993425477     0.0     0.0    0.0
2018     CMS_bTagSF_T_corr     6.75183598344     6.75183598344     6.75183598344     0.0     0.0    0.0
2018     CMS_jer     1453.3729596     1452.92676097     1454.2913981     -0.000307009039461     0.000631935862638    0.000631935862638
2018     CMS_jer     48.8406225035     48.9550779568     48.7975778841     0.00234344788105     -0.00088132823044    0.00234344788105
2018     CMS_jer     158.993425477     158.987894731     158.688485612     -3.47860044475e-05     -0.00191794009111    0.00191794009111
2018     CMS_jer     6.75183598344     6.77167902035     6.82011818682     0.00293890979576     0.0101131312353    0.0101131312353
2018     CMS_jec     1453.3729596     1463.7621253     1442.88437068     0.0071483136035     -0.00721672221221    0.00721672221221
2018     CMS_jec     48.8406225035     49.1462311676     48.9234728649     0.00625726390153     0.00169634122545    0.00625726390153
2018     CMS_jec     158.993425477     157.500498087     160.307660294     -0.00938986870507     0.00826596956766    0.00938986870507
2018     CMS_jec     6.75183598344     6.724351143     6.85976016577     -0.004070720987     0.0159844200294    0.0159844200294
2018     CMS_bTagSF_bc_T_corr     1453.3729596     1453.3729596     1453.3729596     0.0     0.0    0.0
2018     CMS_bTagSF_bc_T_corr     48.8406225035     48.8406225035     48.8406225035     0.0     0.0    0.0
2018     CMS_bTagSF_bc_T_corr     158.993425477     158.993425477     158.993425477     0.0     0.0    0.0
2018     CMS_bTagSF_bc_T_corr     6.75183598344     6.75183598344     6.75183598344     0.0     0.0    0.0
2018     CMS_bTagSF_light_T_corr     1453.3729596     1453.3729596     1453.3729596     0.0     0.0    0.0
2018     CMS_bTagSF_light_T_corr     48.8406225035     48.8406225035     48.8406225035     0.0     0.0    0.0
2018     CMS_bTagSF_light_T_corr     158.993425477     158.993425477     158.993425477     0.0     0.0    0.0
2018     CMS_bTagSF_light_T_corr     6.75183598344     6.75183598344     6.75183598344     0.0     0.0    0.0
2018     CMS_bTagSF_bc_M_corr     1453.3729596     1458.69321863     1443.17588905     0.00366062887923     -0.00701614164838    0.00701614164838
2018     CMS_bTagSF_bc_M_corr     48.8406225035     31.1472120652     71.841799249     -0.362268323608     0.470943562274    0.470943562274
2018     CMS_bTagSF_bc_M_corr     158.993425477     159.497523226     157.693832259     0.00317055719383     -0.00817388023971    0.00817388023971
2018     CMS_bTagSF_bc_M_corr     6.75183598344     4.46382709834     9.70872658712     -0.338872106892     0.437938748946    0.437938748946
2018     CMS_bTagSF_light_M_corr     1453.3729596     1454.41056787     1462.09242193     0.000713931175055     0.0059994664617    0.0059994664617
2018     CMS_bTagSF_light_M_corr     48.8406225035     50.5167547906     47.5534458512     0.0343184054828     -0.0263546323999    0.0343184054828
2018     CMS_bTagSF_light_M_corr     158.993425477     158.910552611     160.17288021     -0.000521234546295     0.0074182610336    0.0074182610336
2018     CMS_bTagSF_light_M_corr     6.75183598344     7.1051203488     6.48660428245     0.0523241924458     -0.0392829004802    0.0523241924458
2018     CMS_bTagSF_bc_T_year     1453.3729596     1453.3729596     1453.3729596     0.0     0.0    0.0
2018     CMS_bTagSF_bc_T_year     48.8406225035     48.8406225035     48.8406225035     0.0     0.0    0.0
2018     CMS_bTagSF_bc_T_year     158.993425477     158.993425477     158.993425477     0.0     0.0    0.0
2018     CMS_bTagSF_bc_T_year     6.75183598344     6.75183598344     6.75183598344     0.0     0.0    0.0
2018     CMS_bTagSF_light_T_year     1453.3729596     1453.3729596     1453.3729596     0.0     0.0    0.0
2018     CMS_bTagSF_light_T_year     48.8406225035     48.8406225035     48.8406225035     0.0     0.0    0.0
2018     CMS_bTagSF_light_T_year     158.993425477     158.993425477     158.993425477     0.0     0.0    0.0
2018     CMS_bTagSF_light_T_year     6.75183598344     6.75183598344     6.75183598344     0.0     0.0    0.0
2018     CMS_bTagSF_bc_M_year     1453.3729596     1454.16123004     1449.59271     0.000542373127489     -0.00260101825724    0.00260101825724
2018     CMS_bTagSF_bc_M_year     48.8406225035     33.3583448479     68.3811770672     -0.31699591164     0.400088155353    0.400088155353
2018     CMS_bTagSF_bc_M_year     158.993425477     159.198641567     158.373632819     0.00129072060277     -0.00389822822484    0.00389822822484
2018     CMS_bTagSF_bc_M_year     6.75183598344     4.97780419534     8.89246995278     -0.262748057336     0.317044723034    0.317044723034
2018     CMS_bTagSF_light_M_year     1453.3729596     1453.86257057     1452.99292803     0.000336879096607     -0.000261482486629    0.000336879096607
2018     CMS_bTagSF_light_M_year     48.8406225035     48.1547548924     49.5332926456     -0.0140429743919     0.014182254579    0.014182254579
2018     CMS_bTagSF_light_M_year     158.993425477     159.096937254     158.886425897     0.000651044381923     -0.000672981160111    0.000672981160111
2018     CMS_bTagSF_light_M_year     6.75183598344     6.65203317557     6.85271974888     -0.0147815806132     0.0149416789282    0.0149416789282
2018     CMS_jer_eta193     1453.3729596     1452.88106992     1454.33587684     -0.000338446975906     0.00066253966992    0.00066253966992
2018     CMS_jer_eta193     48.8406225035     48.9119451724     48.7971972852     0.0014603144938     -0.00088912090148    0.0014603144938
2018     CMS_jer_eta193     158.993425477     158.985292816     158.777863533     -5.11509284646e-05     -0.00135579155937    0.00135579155937
2018     CMS_jer_eta193     6.75183598344     6.77177990733     6.82646827635     0.00295385195108     0.0110536294267    0.0110536294267
2018     CMS_jer_193eta25     1453.3729596     1453.41790342     1453.32848085     3.09238032055e-05     -3.06038086028e-05    3.09238032055e-05
2018     CMS_jer_193eta25     48.8406225035     48.8837550485     48.8410030426     0.000883128486671     7.79144589358e-06    0.000883128486671
2018     CMS_jer_193eta25     158.993425477     158.91868914     158.904212798     -0.000470059294366     -0.000561109234882    0.000561109234882
2018     CMS_jer_193eta25     6.75183598344     6.75173509646     6.74548589391     -1.49421553276e-05     -0.000940498191398    0.000940498191398
2018     CMS_jec_FlavorQCD     1453.3729596     1456.60515109     1449.2211781     0.00222392433186     -0.00285665250472    0.00285665250472
2018     CMS_jec_FlavorQCD     48.8406225035     48.8955117804     48.7909294203     0.00112384474408     -0.001017453928    0.00112384474408
2018     CMS_jec_FlavorQCD     158.993425477     158.25322884     159.646446841     -0.00465551726698     0.00410722243131    0.00465551726698
2018     CMS_jec_FlavorQCD     6.75183598344     6.72505051551     6.68603418911     -0.00396713841946     -0.00974576315074    0.00974576315074
2018     CMS_jec_RelativeBal     1453.3729596     1454.79044546     1452.48785891     0.000975307715068     -0.000608997630282    0.000975307715068
2018     CMS_jec_RelativeBal     48.8406225035     48.9474656632     48.768630619     0.00218758799956     -0.0014740165212    0.00218758799956
2018     CMS_jec_RelativeBal     158.993425477     158.824242406     158.963689191     -0.00106408847429     -0.000187028399733    0.00106408847429
2018     CMS_jec_RelativeBal     6.75183598344     6.75169585659     6.82965606455     -2.0753888586e-05     0.0115257659252    0.0115257659252
2018     CMS_jec_Absolute     1453.3729596     1459.15292525     1447.65420879     0.00397693214929     -0.00393481299421    0.00397693214929
2018     CMS_jec_Absolute     48.8406225035     49.1059579163     48.763745582     0.0054326787654     -0.0015740364788    0.0054326787654
2018     CMS_jec_Absolute     158.993425477     157.848564373     159.698290197     -0.00720068204653     0.00443329475458    0.00720068204653
2018     CMS_jec_Absolute     6.75183598344     6.72505052578     6.72517475192     -0.00396713689824     -0.00394873802998    0.00396713689824
2018     CMS_jec_BBEC1_year     1453.3729596     1453.71466097     1453.09181342     0.000235109207629     -0.000193443936284    0.000235109207629
2018     CMS_jec_BBEC1_year     48.8406225035     48.8832407904     48.74656481     0.000872599174185     -0.00192580865361    0.00192580865361
2018     CMS_jec_BBEC1_year     158.993425477     159.239232754     158.934775979     0.00154602164081     -0.000368880023213    0.00154602164081
2018     CMS_jec_BBEC1_year     6.75183598344     6.75183599904     6.75183598235     2.30994245953e-09     -1.61344826388e-10    2.30994245953e-09
2018     CMS_jec_Absolute_year     1453.3729596     1458.01802321     1448.3285441     0.00319605753935     -0.00347083346018    0.00347083346018
2018     CMS_jec_Absolute_year     48.8406225035     49.0129053521     48.8438796011     0.00352744989305     6.66882910527e-05    0.00352744989305
2018     CMS_jec_Absolute_year     158.993425477     158.316818763     159.491953976     -0.00425556410607     0.00313552901535    0.00425556410607
2018     CMS_jec_Absolute_year     6.75183598344     6.72496235065     6.72506235947     -0.00398019632856     -0.00396538423625    0.00398019632856
2018     CMS_jec_RelativeSample_year     1453.3729596     1457.14041325     1449.95886035     0.00259221394343     -0.00234908681056    0.00259221394343
2018     CMS_jec_RelativeSample_year     48.8406225035     48.8774550956     48.7910651784     0.000754138464489     -0.00101467431293    0.00101467431293
2018     CMS_jec_RelativeSample_year     158.993425477     159.065657548     159.157947616     0.000454308538135     0.00103477321924    0.00103477321924
2018     CMS_jec_RelativeSample_year     6.75183598344     6.79944439261     6.63326428663     0.00705117975152     -0.017561400648    0.017561400648
2018     CMS_pu     1453.3729596     1454.70630396     1452.40842061     0.000917413763059     -0.000663655523415    0.000917413763059
2018     CMS_pu     48.8406225035     48.4175103678     49.1220065836     -0.00866311922451     0.00576127136974    0.00866311922451
2018     CMS_pu     158.993425477     158.547849895     159.571421921     -0.00280247803409     0.00363534807782    0.00363534807782
2018     CMS_pu     6.75183598344     6.97855203062     6.5873794472     0.0335784292941     -0.0243573061678    0.0335784292941
2018     CMS_L1Prefiring     1453.3729596     1452.71364632     1453.91617837     -0.000453643561853     0.000373764190252    0.000453643561853
2018     CMS_L1Prefiring     48.8406225035     48.8231579981     48.8545889116     -0.000357581548664     0.000285958846398    0.000357581548664
2018     CMS_L1Prefiring     158.993425477     158.92315621     159.051249869     -0.000441963353905     0.000363690454787    0.000441963353905
2018     CMS_L1Prefiring     6.75183598344     6.74979775681     6.75358170657     -0.000301877391532     0.000258555322023    0.000301877391532
2018     CMS_pdf_sig     1453.3729596     1463.61311117     1443.13226665     0.00704578373957     -0.00704615623988    0.00704615623988
2018     CMS_pdf_sig     48.8406225035     49.220463157     48.4607810704     0.00777714603238     -0.00777716199401    0.00777716199401
2018     CMS_pdf_sig     158.993425477     160.352838537     157.634016531     0.00855012120995     -0.00855009533826    0.00855012120995
2018     CMS_pdf_sig     6.75183598344     6.80101844789     6.70265330448     0.00728430971478     -0.00728434148664    0.00728434148664
2018     CMS_renorm_sig     1453.3729596     1453.3729596     1453.3729596     0.0     0.0    0.0
2018     CMS_renorm_sig     48.8406225035     48.8406225035     48.8406225035     0.0     0.0    0.0
2018     CMS_renorm_sig     158.993425477     158.993425477     158.993425477     0.0     0.0    0.0
2018     CMS_renorm_sig     6.75183598344     6.75183598344     6.75183598344     0.0     0.0    0.0
2018     CMS_fact_sig     1453.3729596     1289.42073777     1651.5674838     -0.112808086013     0.13636866084    0.13636866084
2018     CMS_fact_sig     48.8406225035     43.3783766787     55.4299390021     -0.111838169639     0.134914670633    0.134914670633
2018     CMS_fact_sig     158.993425477     140.875323731     180.933347323     -0.113955037397     0.13799263573    0.13799263573
2018     CMS_fact_sig     6.75183598344     5.98423170137     7.68107116164     -0.11368822998     0.137627036628    0.137627036628
2018     CMS_jec_AbsoluteCal     1453.3729596     1455.13348634     1452.04610055     0.00121133858061     -0.000912951520797    0.00121133858061
2018     CMS_jec_AbsoluteCal     48.8406225035     48.9720005269     48.8033716223     0.00268993343413     -0.000762702833416    0.00268993343413
2018     CMS_jec_AbsoluteCal     158.993425477     158.856659398     159.296882491     -0.000860199588716     0.00190861359341    0.00190861359341
2018     CMS_jec_AbsoluteCal     6.75183598344     6.75179673288     6.75214206925     -5.81331707983e-06     4.53337156598e-05    4.53337156598e-05
2018     CMS_jec_AbsoluteTheory     1453.3729596     1459.15290484     1447.65419013     0.00397691810349     -0.00393482583399    0.00397691810349
2018     CMS_jec_AbsoluteTheory     48.8406225035     49.1059579446     48.7637456844     0.00543267934532     -0.00157403438216    0.00543267934532
2018     CMS_jec_AbsoluteTheory     158.993425477     157.848564157     159.698290253     -0.00720068340317     0.00443329511086    0.00720068340317
2018     CMS_jec_AbsoluteTheory     6.75183598344     6.72505052578     6.72517475192     -0.00396713689824     -0.00394873802998    0.00396713689824
2018     CMS_jec_AbsolutePU     1453.3729596     1455.98245068     1450.92529029     0.00179547242891     -0.00168413020994    0.00179547242891
2018     CMS_jec_AbsolutePU     48.8406225035     48.962252623     48.7632887572     0.00249034744645     -0.00158338985693    0.00249034744645
2018     CMS_jec_AbsolutePU     158.993425477     158.59994604     159.502332245     -0.00247481577589     0.00320080384381    0.00320080384381
2018     CMS_jec_AbsolutePU     6.75183598344     6.7250632229     6.75745996229     -0.00396525635469     0.000832955490033    0.00396525635469
2018     CMS_jec_AbsoluteScale     1453.3729596     1459.15290484     1447.65419013     0.00397691810349     -0.00393482583399    0.00397691810349
2018     CMS_jec_AbsoluteScale     48.8406225035     49.1059579446     48.7637456844     0.00543267934532     -0.00157403438216    0.00543267934532
2018     CMS_jec_AbsoluteScale     158.993425477     157.848564157     159.698290253     -0.00720068340317     0.00443329511086    0.00720068340317
2018     CMS_jec_AbsoluteScale     6.75183598344     6.72505052578     6.72517475192     -0.00396713689824     -0.00394873802998    0.00396713689824
2018     CMS_jec_Fragmentation     1453.3729596     1454.30991722     1453.04701104     0.000644678031576     -0.000224270418772    0.000644678031576
2018     CMS_jec_Fragmentation     48.8406225035     48.9726858369     48.8309676233     0.00270396499173     -0.000197681350851    0.00270396499173
2018     CMS_jec_Fragmentation     158.993425477     158.849935535     159.035087548     -0.00090248978257     0.00026203643912    0.00090248978257
2018     CMS_jec_Fragmentation     6.75183598344     6.75179673827     6.75197635979     -5.81251835829e-06     2.07908411642e-05    2.07908411642e-05
2018     CMS_jec_AbsoluteMPFBias     1453.3729596     1459.15292525     1447.65420879     0.00397693214929     -0.00393481299421    0.00397693214929
2018     CMS_jec_AbsoluteMPFBias     48.8406225035     49.1059579163     48.763745582     0.0054326787654     -0.0015740364788    0.0054326787654
2018     CMS_jec_AbsoluteMPFBias     158.993425477     157.848564373     159.698290197     -0.00720068204653     0.00443329475458    0.00720068204653
2018     CMS_jec_AbsoluteMPFBias     6.75183598344     6.72505052578     6.72517475192     -0.00396713689824     -0.00394873802998    0.00396713689824
2018     CMS_jec_RelativeFSR     1453.3729596     1455.54724911     1451.85179684     0.0014960299751     -0.00104664308428    0.0014960299751
2018     CMS_jec_RelativeFSR     48.8406225035     49.028192412     48.8029728522     0.00384044876775     -0.000770867556425    0.00384044876775
2018     CMS_jec_RelativeFSR     158.993425477     159.088375213     159.295838899     0.000597192841637     0.00190204985405    0.00190204985405
2018     CMS_jec_RelativeFSR     6.75183598344     6.79849113667     6.7248966449     0.00690999505074     -0.00398992786735    0.00690999505074
2018     CMS_scale_sig     1453.3729596     1651.5674838     1289.42073777     0.13636866084     -0.112808086013    0.13636866084
2018     CMS_scale_sig     48.8406225035     55.4299390021     43.3783766787     0.134914670633     -0.111838169639    0.134914670633
2018     CMS_scale_sig     158.993425477     180.933347323     140.875323731     0.13799263573     -0.113955037397    0.13799263573
2018     CMS_scale_sig     6.75183598344     7.68107116164     5.98423170137     0.137627036628     -0.11368822998    0.137627036628
2018     CMS_bTagSF_M     850.45878824     850.099979079     848.065263461     -0.000421900703178     -0.00281439243406    0.00281439243406
2018     CMS_bTagSF_M     28.8499738906     19.3919031521     40.9630164182     -0.32783637082     0.419863205892    0.419863205892
2018     CMS_bTagSF_M     94.3118092933     93.8857255336     94.3392858104     -0.00451781980331     0.000291336973789    0.00451781980331
2018     CMS_bTagSF_M     5.59294529493     4.04672156559     7.45981145864     -0.276459655477     0.333789455333    0.333789455333
2018     CMS_bTagSF_T     850.45878824     850.45878824     850.45878824     0.0     0.0    0.0
2018     CMS_bTagSF_T     28.8499738906     28.8499738906     28.8499738906     0.0     0.0    0.0
2018     CMS_bTagSF_T     94.3118092933     94.3118092933     94.3118092933     0.0     0.0    0.0
2018     CMS_bTagSF_T     5.59294529493     5.59294529493     5.59294529493     0.0     0.0    0.0
2018     CMS_bTagSF_M_corr     850.45878824     852.884394109     846.490299018     0.00285211453293     -0.00466629221378    0.00466629221378
2018     CMS_bTagSF_M_corr     28.8499738906     19.3017329266     40.8483439616     -0.330961858067     0.415888420436    0.415888420436
2018     CMS_bTagSF_M_corr     94.3118092933     93.6621575719     94.6546008381     -0.00688833907711     0.0036346619508    0.00688833907711
2018     CMS_bTagSF_M_corr     5.59294529493     3.97596038592     7.53504387463     -0.289111518842     0.347240760868    0.347240760868
2018     CMS_bTagSF_T_corr     850.45878824     850.45878824     850.45878824     0.0     0.0    0.0
2018     CMS_bTagSF_T_corr     28.8499738906     28.8499738906     28.8499738906     0.0     0.0    0.0
2018     CMS_bTagSF_T_corr     94.3118092933     94.3118092933     94.3118092933     0.0     0.0    0.0
2018     CMS_bTagSF_T_corr     5.59294529493     5.59294529493     5.59294529493     0.0     0.0    0.0
2018     CMS_jer     850.45878824     850.586189376     850.865228959     0.000149802832981     0.000477907600668    0.000477907600668
2018     CMS_jer     28.8499738906     28.7068068748     28.8387334728     -0.00496246604353     -0.000389616222544    0.00496246604353
2018     CMS_jer     94.3118092933     94.0986106533     94.2647917036     -0.0022605720494     -0.000498533429265    0.0022605720494
2018     CMS_jer     5.59294529493     5.6015136621     5.70061983881     0.0015319955255     0.0192518500013    0.0192518500013
2018     CMS_jec     850.45878824     855.772492466     847.085868368     0.00624804434989     -0.00396600037293    0.00624804434989
2018     CMS_jec     28.8499738906     28.6680138201     28.7119806701     -0.00630711387265     -0.00478313155771    0.00630711387265
2018     CMS_jec     94.3118092933     93.8527863449     95.3770064399     -0.00486707817245     0.0112944195918    0.0112944195918
2018     CMS_jec     5.59294529493     5.45645943934     5.68543743161     -0.0244032166219     0.0165372861354    0.0244032166219
2018     CMS_bTagSF_bc_T_corr     850.45878824     850.45878824     850.45878824     0.0     0.0    0.0
2018     CMS_bTagSF_bc_T_corr     28.8499738906     28.8499738906     28.8499738906     0.0     0.0    0.0
2018     CMS_bTagSF_bc_T_corr     94.3118092933     94.3118092933     94.3118092933     0.0     0.0    0.0
2018     CMS_bTagSF_bc_T_corr     5.59294529493     5.59294529493     5.59294529493     0.0     0.0    0.0
2018     CMS_bTagSF_light_T_corr     850.45878824     850.45878824     850.45878824     0.0     0.0    0.0
2018     CMS_bTagSF_light_T_corr     28.8499738906     28.8499738906     28.8499738906     0.0     0.0    0.0
2018     CMS_bTagSF_light_T_corr     94.3118092933     94.3118092933     94.3118092933     0.0     0.0    0.0
2018     CMS_bTagSF_light_T_corr     5.59294529493     5.59294529493     5.59294529493     0.0     0.0    0.0
2018     CMS_bTagSF_bc_M_corr     850.45878824     851.734902002     846.24317359     0.00150050041218     -0.00495687117166    0.00495687117166
2018     CMS_bTagSF_bc_M_corr     28.8499738906     18.8700274606     41.6603151305     -0.345925665926     0.44403302715    0.44403302715
2018     CMS_bTagSF_bc_M_corr     94.3118092933     93.8100810105     94.2974782082     -0.00531988821481     -0.000151954301254    0.00531988821481
2018     CMS_bTagSF_bc_M_corr     5.59294529493     3.90899449576     7.65712823747     -0.301084797074     0.369069038528    0.369069038528
2018     CMS_bTagSF_light_M_corr     850.45878824     851.697395521     850.753542417     0.00145639894361     0.000346582552255    0.00145639894361
2018     CMS_bTagSF_light_M_corr     28.8499738906     29.5687973567     28.3403887368     0.0249159139203     -0.0176632795486    0.0249159139203
2018     CMS_bTagSF_light_M_corr     94.3118092933     94.1301846835     94.6113082056     -0.00192578862802     0.00317562471272    0.00317562471272
2018     CMS_bTagSF_light_M_corr     5.59294529493     5.68773840581     5.50146812769     0.0169486926613     -0.0163558129785    0.0169486926613
2018     CMS_bTagSF_bc_T_year     850.45878824     850.45878824     850.45878824     0.0     0.0    0.0
2018     CMS_bTagSF_bc_T_year     28.8499738906     28.8499738906     28.8499738906     0.0     0.0    0.0
2018     CMS_bTagSF_bc_T_year     94.3118092933     94.3118092933     94.3118092933     0.0     0.0    0.0
2018     CMS_bTagSF_bc_T_year     5.59294529493     5.59294529493     5.59294529493     0.0     0.0    0.0
2018     CMS_bTagSF_light_T_year     850.45878824     850.45878824     850.45878824     0.0     0.0    0.0
2018     CMS_bTagSF_light_T_year     28.8499738906     28.8499738906     28.8499738906     0.0     0.0    0.0
2018     CMS_bTagSF_light_T_year     94.3118092933     94.3118092933     94.3118092933     0.0     0.0    0.0
2018     CMS_bTagSF_light_T_year     5.59294529493     5.59294529493     5.59294529493     0.0     0.0    0.0
2018     CMS_bTagSF_bc_M_year     850.45878824     850.166326366     848.263324734     -0.000343887178795     -0.00258150487252    0.00258150487252
2018     CMS_bTagSF_bc_M_year     28.8499738906     19.6446317025     40.4473505289     -0.319076274487     0.401989155422    0.401989155422
2018     CMS_bTagSF_bc_M_year     94.3118092933     93.7660526965     94.4571988681     -0.0057867259771     0.00154158398529    0.0057867259771
2018     CMS_bTagSF_bc_M_year     5.59294529493     4.09806727885     7.3746086966     -0.267279212875     0.318555485118    0.318555485118
2018     CMS_bTagSF_light_M_year     850.45878824     850.480627195     850.384584873     2.5679028274e-05     -8.72509849326e-05    8.72509849326e-05
2018     CMS_bTagSF_light_M_year     28.8499738906     28.4887025108     29.23262204     -0.0125224161808     0.0132633794001    0.0132633794001
2018     CMS_bTagSF_light_M_year     94.3118092933     94.4318140269     94.1954820379     0.00127242531478     -0.00123343254981    0.00127242531478
2018     CMS_bTagSF_light_M_year     5.59294529493     5.52607958867     5.66040155275     -0.0119553656856     0.0120609543377    0.0120609543377
2018     CMS_jer_eta193     850.45878824     850.56228004     850.937009726     0.000121689377633     0.000562310006362    0.000562310006362
2018     CMS_jer_eta193     28.8499738906     28.7076600968     28.7730344975     -0.00493289159734     -0.00266687912571    0.00493289159734
2018     CMS_jer_eta193     94.3118092933     94.0952422198     94.2733054401     -0.00229628797436     -0.000408261208358    0.00229628797436
2018     CMS_jer_eta193     5.59294529493     5.6015136621     5.70061983881     0.0015319955255     0.0192518500013    0.0192518500013
2018     CMS_jer_193eta25     850.45878824     850.482648214     850.394002158     2.80554147201e-05     -7.61778027524e-05    7.61778027524e-05
2018     CMS_jer_193eta25     28.8499738906     28.8491206686     28.9156728659     -2.95744461849e-05     0.00227726290317    0.00227726290317
2018     CMS_jer_193eta25     94.3118092933     94.3094392961     94.3194026045     -2.51293791305e-05     8.05128352919e-05    8.05128352919e-05
2018     CMS_jer_193eta25     5.59294529493     5.59294529493     5.59294529493     0.0     0.0    0.0
2018     CMS_jec_FlavorQCD     850.45878824     852.750029082     849.924288977     0.00269412330582     -0.0006284834371    0.00269412330582
2018     CMS_jec_FlavorQCD     28.8499738906     28.762977496     28.6618708087     -0.00301547567818     -0.00652004340085    0.00652004340085
2018     CMS_jec_FlavorQCD     94.3118092933     94.313070259     94.4067056437     1.337017841e-05     0.00100619796288    0.00100619796288
2018     CMS_jec_FlavorQCD     5.59294529493     5.47412698087     5.64406693738     -0.0212443190117     0.00914037948703    0.0212443190117
2018     CMS_jec_RelativeBal     850.45878824     851.449076616     850.876733565     0.00116441665377     0.000491435130565    0.00116441665377
2018     CMS_jec_RelativeBal     28.8499738906     28.7881432745     28.8351291862     -0.00214317754105     -0.000514548278178    0.00214317754105
2018     CMS_jec_RelativeBal     94.3118092933     94.3435640591     94.3442295706     0.000336699784087     0.000343756285794    0.000343756285794
2018     CMS_jec_RelativeBal     5.59294529493     5.58554523235     5.65620574656     -0.00132310655533     0.01131075816    0.01131075816
2018     CMS_jec_Absolute     850.45878824     853.061461349     848.240474608     0.00306031655568     -0.00260837287204    0.00306031655568
2018     CMS_jec_Absolute     28.8499738906     28.8795266458     28.6493861667     0.00102435985958     -0.00695278701666    0.00695278701666
2018     CMS_jec_Absolute     94.3118092933     94.0295012834     95.0113888059     -0.00299334740783     0.00741772973948    0.00741772973948
2018     CMS_jec_Absolute     5.59294529493     5.54262049968     5.57367148671     -0.00899790586065     -0.00344609274872    0.00899790586065
2018     CMS_jec_BBEC1_year     850.45878824     851.306810451     851.075706392     0.000997134984932     0.000725394528571    0.000997134984932
2018     CMS_jec_BBEC1_year     28.8499738906     28.8220975786     28.8340257627     -0.000966250859404     -0.00055279522987    0.000966250859404
2018     CMS_jec_BBEC1_year     94.3118092933     94.273768768     94.1800338567     -0.000403348483825     -0.00139723156177    0.00139723156177
2018     CMS_jec_BBEC1_year     5.59294529493     5.59294530177     5.59294529493     1.22282028947e-09     0.0    1.22282028947e-09
2018     CMS_jec_Absolute_year     850.45878824     852.945856402     849.497134656     0.00292438410483     -0.00113074683521    0.00292438410483
2018     CMS_jec_Absolute_year     28.8499738906     28.8379787928     28.7350770693     -0.000415774996117     -0.00398256240054    0.00398256240054
2018     CMS_jec_Absolute_year     94.3118092933     94.0977986019     94.815928444     -0.00226918233209     0.00534523888906    0.00534523888906
2018     CMS_jec_Absolute_year     5.59294529493     5.44597369235     5.64385576476     -0.0262780332785     0.00910262252518    0.0262780332785
2018     CMS_jec_RelativeSample_year     850.45878824     852.742743689     849.680218504     0.0026855568789     -0.000915470269452    0.0026855568789
2018     CMS_jec_RelativeSample_year     28.8499738906     28.7670776438     28.8246139558     -0.00287335604204     -0.000879027999645    0.00287335604204
2018     CMS_jec_RelativeSample_year     94.3118092933     94.3164847754     93.8405818888     4.95747261025e-05     -0.00499648355841    0.00499648355841
2018     CMS_jec_RelativeSample_year     5.59294529493     5.58890268962     5.60599962118     -0.000722804371847     0.00233407007574    0.00233407007574
2018     CMS_pu     850.45878824     849.284250566     851.221978099     -0.00138106359724     0.000897386058087    0.00138106359724
2018     CMS_pu     28.8499738906     28.5505365136     29.0805252887     -0.0103791212488     0.00799139018135    0.0103791212488
2018     CMS_pu     94.3118092933     93.9535991485     94.3689173055     -0.0037981473099     0.000605523450155    0.0037981473099
2018     CMS_pu     5.59294529493     5.75503347627     5.45645485931     0.0289808272374     -0.0244040355173    0.0289808272374
2018     CMS_L1Prefiring     850.45878824     850.072491099     850.777873493     -0.000454222058137     0.000375191905934    0.000454222058137
2018     CMS_L1Prefiring     28.8499738906     28.8400160237     28.8583286646     -0.000345160343045     0.000289593812674    0.000345160343045
2018     CMS_L1Prefiring     94.3118092933     94.2684482045     94.3481998769     -0.000459763089101     0.000385853944188    0.000459763089101
2018     CMS_L1Prefiring     5.59294529493     5.59081276618     5.59454092204     -0.000381289040918     0.000285292816022    0.000381289040918
2018     CMS_pdf_sig     850.45878824     856.504765291     844.412526518     0.00710907704691     -0.00710941177357    0.00710941177357
2018     CMS_pdf_sig     28.8499738906     29.0666125268     28.6333352652     0.00750914496491     -0.0075091445916    0.00750914496491
2018     CMS_pdf_sig     94.3118092933     95.1086137741     93.5150058465     0.00844861833092     -0.00844860736712    0.00844861833092
2018     CMS_pdf_sig     5.59294529493     5.63444232801     5.55144817751     0.00741953137171     -0.00741954645322    0.00741954645322
2018     CMS_renorm_sig     850.45878824     850.45878824     850.45878824     0.0     0.0    0.0
2018     CMS_renorm_sig     28.8499738906     28.8499738906     28.8499738906     0.0     0.0    0.0
2018     CMS_renorm_sig     94.3118092933     94.3118092933     94.3118092933     0.0     0.0    0.0
2018     CMS_renorm_sig     5.59294529493     5.59294529493     5.59294529493     0.0     0.0    0.0
2018     CMS_fact_sig     850.45878824     754.147367949     966.927205247     -0.113246428425     0.136947749401    0.136947749401
2018     CMS_fact_sig     28.8499738906     25.6175489232     32.7495631598     -0.112042561276     0.135167861294    0.135167861294
2018     CMS_fact_sig     94.3118092933     83.5980089497     107.272132356     -0.113599775297     0.137419938819    0.137419938819
2018     CMS_fact_sig     5.59294529493     4.96287380003     6.35388288878     -0.112654685801     0.136053108644    0.136053108644
2018     CMS_jec_AbsoluteCal     850.45878824     851.053666314     849.779532288     0.000699479012991     -0.000798693553665    0.000798693553665
2018     CMS_jec_AbsoluteCal     28.8499738906     28.7424257361     28.8586202004     -0.00372784235337     0.000299699050539    0.00372784235337
2018     CMS_jec_AbsoluteCal     94.3118092933     94.3476793841     94.4798670362     0.000380335093715     0.00178193742852    0.00178193742852
2018     CMS_jec_AbsoluteCal     5.59294529493     5.53077252747     5.62382437284     -0.0111162838508     0.00552107633438    0.0111162838508
2018     CMS_jec_AbsoluteTheory     850.45878824     853.81402598     848.987337199     0.0039452090874     -0.00173018500215    0.0039452090874
2018     CMS_jec_AbsoluteTheory     28.8499738906     28.8795262024     28.6493860096     0.00102434448835     -0.00695279246104    0.00695279246104
2018     CMS_jec_AbsoluteTheory     94.3118092933     94.0407099935     95.0225974258     -0.00287450004188     0.00753657614909    0.00753657614909
2018     CMS_jec_AbsoluteTheory     5.59294529493     5.54262053882     5.57367148671     -0.0089978988641     -0.00344609274872    0.0089978988641
2018     CMS_jec_AbsolutePU     850.45878824     851.603450367     849.482376289     0.00134593485694     -0.00114810025447    0.00134593485694
2018     CMS_jec_AbsolutePU     28.8499738906     28.7562961837     28.7428131854     -0.00324706383628     -0.0037144125561    0.0037144125561
2018     CMS_jec_AbsolutePU     94.3118092933     94.1193938112     94.5765803515     -0.00204020560663     0.0028074008991    0.0028074008991
2018     CMS_jec_AbsolutePU     5.59294529493     5.50046964887     5.58059531788     -0.0165343376682     -0.00220813478457    0.0165343376682
2018     CMS_jec_AbsoluteScale     850.45878824     853.81402598     848.987337199     0.0039452090874     -0.00173018500215    0.0039452090874
2018     CMS_jec_AbsoluteScale     28.8499738906     28.8795262024     28.6493860096     0.00102434448835     -0.00695279246104    0.00695279246104
2018     CMS_jec_AbsoluteScale     94.3118092933     94.0407099935     95.0225974258     -0.00287450004188     0.00753657614909    0.00753657614909
2018     CMS_jec_AbsoluteScale     5.59294529493     5.54262053882     5.57367148671     -0.0089978988641     -0.00344609274872    0.0089978988641
2018     CMS_jec_Fragmentation     850.45878824     851.368969212     850.787017935     0.00107022348958     0.00038594426928    0.00107022348958
2018     CMS_jec_Fragmentation     28.8499738906     28.8498115664     28.858620076     -5.62649442615e-06     0.000299694738002    0.000299694738002
2018     CMS_jec_Fragmentation     94.3118092933     94.1781237575     94.3496544434     -0.00141748458444     0.000401276896357    0.00141748458444
2018     CMS_jec_Fragmentation     5.59294529493     5.53817257752     5.66367253466     -0.00979317953698     0.012645795015    0.012645795015
2018     CMS_jec_AbsoluteMPFBias     850.45878824     853.061461349     848.240474608     0.00306031655568     -0.00260837287204    0.00306031655568
2018     CMS_jec_AbsoluteMPFBias     28.8499738906     28.8795266458     28.6493861667     0.00102435985958     -0.00695278701666    0.00695278701666
2018     CMS_jec_AbsoluteMPFBias     94.3118092933     94.0295012834     95.0113888059     -0.00299334740783     0.00741772973948    0.00741772973948
2018     CMS_jec_AbsoluteMPFBias     5.59294529493     5.54262049968     5.57367148671     -0.00899790586065     -0.00344609274872    0.00899790586065
2018     CMS_jec_RelativeFSR     850.45878824     851.032229629     849.598790742     0.000674272988529     -0.00101121595752    0.00101121595752
2018     CMS_jec_RelativeFSR     28.8499738906     28.8375074839     28.8563662735     -0.0004321115431     0.000221573265723    0.0004321115431
2018     CMS_jec_RelativeFSR     94.3118092933     94.1091142344     94.4084502565     -0.00214920125519     0.00102469631247    0.00214920125519
2018     CMS_jec_RelativeFSR     5.59294529493     5.62741937752     5.50174033088     0.00616385120331     -0.0163071439535    0.0163071439535
2018     CMS_scale_sig     850.45878824     966.927205247     754.147367949     0.136947749401     -0.113246428425    0.136947749401
2018     CMS_scale_sig     28.8499738906     32.7495631598     25.6175489232     0.135167861294     -0.112042561276    0.135167861294
2018     CMS_scale_sig     94.3118092933     107.272132356     83.5980089497     0.137419938819     -0.113599775297    0.137419938819
2018     CMS_scale_sig     5.59294529493     6.35388288878     4.96287380003     0.136053108644     -0.112654685801    0.136053108644
2018     CMS_bTagSF_M     284.049585433     284.706568824     283.796192834     0.00231291796991     -0.000892071710865    0.00231291796991
2018     CMS_bTagSF_M     7.30274347766     5.07194494649     10.2837197238     -0.305474036982     0.408199501354    0.408199501354
2018     CMS_bTagSF_M     27.154475816     27.7208474507     26.9855853781     0.0208573952421     -0.00621961694531    0.0208573952421
2018     CMS_bTagSF_M     0.783329021936     0.578202579213     1.0295534493     -0.261864985183     0.314330786258    0.314330786258
2018     CMS_bTagSF_T     284.049585433     284.049585433     284.049585433     0.0     0.0    0.0
2018     CMS_bTagSF_T     7.30274347766     7.30274347766     7.30274347766     0.0     0.0    0.0
2018     CMS_bTagSF_T     27.154475816     27.154475816     27.154475816     0.0     0.0    0.0
2018     CMS_bTagSF_T     0.783329021936     0.783329021936     0.783329021936     0.0     0.0    0.0
2018     CMS_bTagSF_M_corr     284.049585433     292.525661141     327.511441201     0.0298401270137     0.153007988735    0.153007988735
2018     CMS_bTagSF_M_corr     7.30274347766     5.70755164786     10.3366642284     -0.218437335869     0.415449448563    0.415449448563
2018     CMS_bTagSF_M_corr     27.154475816     28.3699513907     30.2474088778     0.0447615186139     0.113901409211    0.113901409211
2018     CMS_bTagSF_M_corr     0.783329021936     0.658757560814     1.08737785285     -0.159028272454     0.388149580063    0.388149580063
2018     CMS_bTagSF_T_corr     284.049585433     284.049585433     284.049585433     0.0     0.0    0.0
2018     CMS_bTagSF_T_corr     7.30274347766     7.30274347766     7.30274347766     0.0     0.0    0.0
2018     CMS_bTagSF_T_corr     27.154475816     27.154475816     27.154475816     0.0     0.0    0.0
2018     CMS_bTagSF_T_corr     0.783329021936     0.783329021936     0.783329021936     0.0     0.0    0.0
2018     CMS_jer     284.049585433     284.279299632     284.002512053     0.000808711614711     -0.000165722405396    0.000808711614711
2018     CMS_jer     7.30274347766     7.33403233754     7.22272537425     0.00428453498082     -0.0109572660807    0.0109572660807
2018     CMS_jer     27.154475816     27.0779026853     27.0590089379     -0.00281990826174     -0.00351569585611    0.00351569585611
2018     CMS_jer     0.783329021936     0.783329022972     0.78356753274     1.32287558685e-09     0.000304483553322    0.000304483553322
2018     CMS_jec     284.049585433     291.083189571     277.233649204     0.0247618884121     -0.0239955859088    0.0247618884121
2018     CMS_jec     7.30274347766     7.78179083181     7.26169403983     0.0655982721583     -0.00562109814621    0.0655982721583
2018     CMS_jec     27.154475816     27.183704454     27.2832156313     0.00107638380362     0.00474101640562    0.00474101640562
2018     CMS_jec     0.783329021936     0.878716370451     0.743642719154     0.121771753432     -0.0506636441018    0.121771753432
2018     CMS_bTagSF_bc_T_corr     284.049585433     284.049585433     284.049585433     0.0     0.0    0.0
2018     CMS_bTagSF_bc_T_corr     7.30274347766     7.30274347766     7.30274347766     0.0     0.0    0.0
2018     CMS_bTagSF_bc_T_corr     27.154475816     27.154475816     27.154475816     0.0     0.0    0.0
2018     CMS_bTagSF_bc_T_corr     0.783329021936     0.783329021936     0.783329021936     0.0     0.0    0.0
2018     CMS_bTagSF_light_T_corr     284.049585433     284.049585433     284.049585433     0.0     0.0    0.0
2018     CMS_bTagSF_light_T_corr     7.30274347766     7.30274347766     7.30274347766     0.0     0.0    0.0
2018     CMS_bTagSF_light_T_corr     27.154475816     27.154475816     27.154475816     0.0     0.0    0.0
2018     CMS_bTagSF_light_T_corr     0.783329021936     0.783329021936     0.783329021936     0.0     0.0    0.0
2018     CMS_bTagSF_bc_M_corr     284.049585433     284.409148846     282.679052859     0.00126584734209     -0.00482497649995    0.00482497649995
2018     CMS_bTagSF_bc_M_corr     7.30274347766     4.75560635572     10.6214012497     -0.348791810877     0.454439866627    0.454439866627
2018     CMS_bTagSF_bc_M_corr     27.154475816     27.8077118207     26.4552718776     0.0240562921991     -0.0257491230239    0.0257491230239
2018     CMS_bTagSF_bc_M_corr     0.783329021936     0.554214223017     1.06403874089     -0.292488587175     0.358354805066    0.358354805066
2018     CMS_bTagSF_light_M_corr     284.049585433     291.68925671     328.977347701     0.026895555104     0.158168730292    0.158168730292
2018     CMS_bTagSF_light_M_corr     7.30274347766     8.8381501898     7.25346308289     0.210250670428     -0.00674820290786    0.210250670428
2018     CMS_bTagSF_light_M_corr     27.154475816     27.634043904     31.0918138414     0.0176607381882     0.144997754776    0.144997754776
2018     CMS_bTagSF_light_M_corr     0.783329021936     0.918531804014     0.833790527985     0.172600246246     0.0644192984514    0.172600246246
2018     CMS_bTagSF_bc_T_year     284.049585433     284.049585433     284.049585433     0.0     0.0    0.0
2018     CMS_bTagSF_bc_T_year     7.30274347766     7.30274347766     7.30274347766     0.0     0.0    0.0
2018     CMS_bTagSF_bc_T_year     27.154475816     27.154475816     27.154475816     0.0     0.0    0.0
2018     CMS_bTagSF_bc_T_year     0.783329021936     0.783329021936     0.783329021936     0.0     0.0    0.0
2018     CMS_bTagSF_light_T_year     284.049585433     284.049585433     284.049585433     0.0     0.0    0.0
2018     CMS_bTagSF_light_T_year     7.30274347766     7.30274347766     7.30274347766     0.0     0.0    0.0
2018     CMS_bTagSF_light_T_year     27.154475816     27.154475816     27.154475816     0.0     0.0    0.0
2018     CMS_bTagSF_light_T_year     0.783329021936     0.783329021936     0.783329021936     0.0     0.0    0.0
2018     CMS_bTagSF_bc_M_year     284.049585433     283.20970488     284.355557804     -0.00295680964116     0.00107717943036    0.00295680964116
2018     CMS_bTagSF_bc_M_year     7.30274347766     5.11049887312     10.0484262017     -0.300194661259     0.375979620866    0.375979620866
2018     CMS_bTagSF_bc_M_year     27.154475816     27.2203160213     27.0741534515     0.00242465388543     -0.00295797882601    0.00295797882601
2018     CMS_bTagSF_bc_M_year     0.783329021936     0.592383768812     1.00690644156     -0.243761239245     0.28541955342    0.28541955342
2018     CMS_bTagSF_light_M_year     284.049585433     285.557184308     283.50619794     0.00530752006758     -0.00191300223927    0.00530752006758
2018     CMS_bTagSF_light_M_year     7.30274347766     7.21726156232     7.47944722661     -0.011705452286     0.0241968993564    0.0241968993564
2018     CMS_bTagSF_light_M_year     27.154475816     27.6504238925     27.0625489803     0.0182639532386     -0.00338532904653    0.0182639532386
2018     CMS_bTagSF_light_M_year     0.783329021936     0.765205467272     0.8015418768     -0.0231365801044     0.0232505809872    0.0232505809872
2018     CMS_jer_eta193     284.049585433     284.272323453     284.020530501     0.000784151891879     -0.000102288240318    0.000784151891879
2018     CMS_jer_eta193     7.30274347766     7.33148483148     7.22272537425     0.00393569264983     -0.0109572660807    0.0109572660807
2018     CMS_jer_eta193     27.154475816     27.0788321425     27.0582839997     -0.00278567975225     -0.00354239267807    0.00354239267807
2018     CMS_jer_eta193     0.783329021936     0.783329022972     0.783329021936     1.32287558685e-09     0.0    1.32287558685e-09
2018     CMS_jer_193eta25     284.049585433     284.064089013     284.038970698     5.10600289669e-05     -3.73693024962e-05    5.10600289669e-05
2018     CMS_jer_193eta25     7.30274347766     7.30529098371     7.30274347766     0.000348842330989     0.0    0.000348842330989
2018     CMS_jer_193eta25     27.154475816     27.153546406     27.1552009637     -3.42267704833e-05     2.67045377897e-05    3.42267704833e-05
2018     CMS_jer_193eta25     0.783329021936     0.783329021936     0.78356753274     0.0     0.000304483553322    0.000304483553322
2018     CMS_jec_FlavorQCD     284.049585433     285.970387503     281.923525081     0.00676220691074     -0.00748482117747    0.00748482117747
2018     CMS_jec_FlavorQCD     7.30274347766     7.39271210659     7.27000807749     0.0123198396888     -0.00448261674124    0.0123198396888
2018     CMS_jec_FlavorQCD     27.154475816     26.836834522     27.3318250327     -0.0116975667714     0.00653112282245    0.0116975667714
2018     CMS_jec_FlavorQCD     0.783329021936     0.783329021936     0.783329021936     0.0     0.0    0.0
2018     CMS_jec_RelativeBal     284.049585433     284.611064761     283.562283625     0.00197669476355     -0.00171555190782    0.00197669476355
2018     CMS_jec_RelativeBal     7.30274347766     7.27224108442     7.26825552849     -0.00417684029742     -0.00472260175568    0.00472260175568
2018     CMS_jec_RelativeBal     27.154475816     26.9707033085     27.2664718341     -0.00676766912063     0.00412440361081    0.00676766912063
2018     CMS_jec_RelativeBal     0.783329021936     0.87893669928     0.783329021936     0.122053025826     0.0    0.122053025826
2018     CMS_jec_Absolute     284.049585433     288.649379557     279.693448906     0.0161936308307     -0.0153358313163    0.0161936308307
2018     CMS_jec_Absolute     7.30274347766     7.60021222033     7.18699169497     0.040733834289     -0.0158504516891    0.040733834289
2018     CMS_jec_Absolute     27.154475816     26.9755546744     27.4725936024     -0.00658901106314     0.0117151142434    0.0117151142434
2018     CMS_jec_Absolute     0.783329021936     0.783329021936     0.743642718117     0.0     -0.0506636454247    0.0506636454247
2018     CMS_jec_BBEC1_year     284.049585433     284.687153132     283.665382324     0.0022445647908     -0.00135259169202    0.0022445647908
2018     CMS_jec_BBEC1_year     7.30274347766     7.30260136496     7.27000772943     -1.94601796298e-05     -0.00448266440228    0.00448266440228
2018     CMS_jec_BBEC1_year     27.154475816     27.1418021003     27.1037538687     -0.000466726581726     -0.0018679037535    0.0018679037535
2018     CMS_jec_BBEC1_year     0.783329021936     0.783329021936     0.783329021936     0.0     0.0    0.0
2018     CMS_jec_Absolute_year     284.049585433     287.623499922     280.620053101     0.0125820091718     -0.0120737100435    0.0125820091718
2018     CMS_jec_Absolute_year     7.30274347766     7.53137153538     7.20273487089     0.031307146201     -0.0136946624343    0.031307146201
2018     CMS_jec_Absolute_year     27.154475816     27.0131004446     27.3948914341     -0.00520633770947     0.00885362765779    0.00885362765779
2018     CMS_jec_Absolute_year     0.783329021936     0.783329021936     0.783329021936     0.0     0.0    0.0
2018     CMS_jec_RelativeSample_year     284.049585433     286.324882336     281.925718745     0.00801021025715     -0.00747709835508    0.00801021025715
2018     CMS_jec_RelativeSample_year     7.30274347766     7.50876756309     7.38321663973     0.0282118749021     0.0110195794659    0.0282118749021
2018     CMS_jec_RelativeSample_year     27.154475816     27.2501637117     27.119601832     0.00352383512562     -0.00128428124552    0.00352383512562
2018     CMS_jec_RelativeSample_year     0.783329021936     0.87893669928     0.783329021936     0.122053025826     0.0    0.122053025826
2018     CMS_pu     284.049585433     283.88789757     283.943547338     -0.00056922407755     -0.000373308394913    0.00056922407755
2018     CMS_pu     7.30274347766     7.53225761904     7.16718622303     0.0314284819246     -0.0185625107931    0.0314284819246
2018     CMS_pu     27.154475816     27.0069549653     27.2559667334     -0.00543265322659     0.003737539184    0.00543265322659
2018     CMS_pu     0.783329021936     0.783249452053     0.772508065738     -0.000101579132791     -0.0138140626669    0.0138140626669
2018     CMS_L1Prefiring     284.049585433     283.924812256     284.151544165     -0.000439265479558     0.000358946947479    0.000439265479558
2018     CMS_L1Prefiring     7.30274347766     7.29998279142     7.30488372903     -0.000378034124555     0.000293074976055    0.000378034124555
2018     CMS_L1Prefiring     27.154475816     27.1443144969     27.1622375181     -0.000374204208054     0.000285835092232    0.000374204208054
2018     CMS_L1Prefiring     0.783329021936     0.783028342603     0.783552233524     -0.000383848068632     0.000284952532709    0.000383848068632
2018     CMS_pdf_sig     284.049585433     287.23688734     280.862271656     0.0112209349017     -0.0112209766919    0.0112209766919
2018     CMS_pdf_sig     7.30274347766     7.38571049322     7.21977632632     0.0113610748916     -0.0113610934835    0.0113610934835
2018     CMS_pdf_sig     27.154475816     27.4635184068     26.8454321251     0.0113809079898     -0.0113809485032    0.0113809485032
2018     CMS_pdf_sig     0.783329021936     0.792657160483     0.774000897618     0.0119083275177     -0.011908309352    0.0119083275177
2018     CMS_renorm_sig     284.049585433     284.049585433     284.049585433     0.0     0.0    0.0
2018     CMS_renorm_sig     7.30274347766     7.30274347766     7.30274347766     0.0     0.0    0.0
2018     CMS_renorm_sig     27.154475816     27.154475816     27.154475816     0.0     0.0    0.0
2018     CMS_renorm_sig     0.783329021936     0.783329021936     0.783329021936     0.0     0.0    0.0
2018     CMS_fact_sig     284.049585433     248.356947622     327.886395298     -0.125656362977     0.154328019167    0.154328019167
2018     CMS_fact_sig     7.30274347766     6.39287539513     8.41798915055     -0.124592639096     0.152715986301    0.152715986301
2018     CMS_fact_sig     27.154475816     23.7026806483     31.4095030185     -0.127116987678     0.156697084905    0.156697084905
2018     CMS_fact_sig     0.783329021936     0.684689352423     0.9046662094     -0.125923675429     0.154899389741    0.154899389741
2018     CMS_jec_AbsoluteCal     284.049585433     285.334771055     282.513713068     0.00452451152189     -0.0054070572306    0.0054070572306
2018     CMS_jec_AbsoluteCal     7.30274347766     7.50871559434     7.2373594289     0.0282047585691     -0.00895335416874    0.0282047585691
2018     CMS_jec_AbsoluteCal     27.154475816     27.0174123667     27.2913884648     -0.00504754539303     0.00504199196338    0.00504754539303
2018     CMS_jec_AbsoluteCal     0.783329021936     0.783329021936     0.783329021936     0.0     0.0    0.0
2018     CMS_jec_AbsoluteTheory     284.049585433     288.649380382     279.693447429     0.0161936337328     -0.0153358365147    0.0161936337328
2018     CMS_jec_AbsoluteTheory     7.30274347766     7.60021222033     7.18699169141     0.040733834289     -0.0158504521762    0.040733834289
2018     CMS_jec_AbsoluteTheory     27.154475816     26.9755547476     27.4725935769     -0.00658900836702     0.0117151133054    0.0117151133054
2018     CMS_jec_AbsoluteTheory     0.783329021936     0.783329021936     0.743642718117     0.0     -0.0506636454247    0.0506636454247
2018     CMS_jec_AbsolutePU     284.049585433     285.654228029     281.768095746     0.00564916366091     -0.00803201203043    0.00803201203043
2018     CMS_jec_AbsolutePU     7.30274347766     7.53688135627     7.23778079654     0.032061632636     -0.00889565425834    0.032061632636
2018     CMS_jec_AbsolutePU     27.154475816     26.9700691253     27.4473584528     -0.00679102377033     0.0107857960056    0.0107857960056
2018     CMS_jec_AbsolutePU     0.783329021936     0.783329021936     0.783329021936     0.0     0.0    0.0
2018     CMS_jec_AbsoluteScale     284.049585433     288.649380382     279.693447429     0.0161936337328     -0.0153358365147    0.0161936337328
2018     CMS_jec_AbsoluteScale     7.30274347766     7.60021222033     7.18699169141     0.040733834289     -0.0158504521762    0.040733834289
2018     CMS_jec_AbsoluteScale     27.154475816     26.9755547476     27.4725935769     -0.00658900836702     0.0117151133054    0.0117151133054
2018     CMS_jec_AbsoluteScale     0.783329021936     0.783329021936     0.743642718117     0.0     -0.0506636454247    0.0506636454247
2018     CMS_jec_Fragmentation     284.049585433     284.49014422     283.230467689     0.00155099253671     -0.00288371392086    0.00288371392086
2018     CMS_jec_Fragmentation     7.30274347766     7.38693817366     7.27629768838     0.0115291871141     -0.00362134988873    0.0115291871141
2018     CMS_jec_Fragmentation     27.154475816     26.9991570905     27.3366807076     -0.00571982042799     0.00670993956294    0.00670993956294
2018     CMS_jec_Fragmentation     0.783329021936     0.783329021936     0.783329021936     0.0     0.0    0.0
2018     CMS_jec_AbsoluteMPFBias     284.049585433     288.649379557     279.693448906     0.0161936308307     -0.0153358313163    0.0161936308307
2018     CMS_jec_AbsoluteMPFBias     7.30274347766     7.60021222033     7.18699169497     0.040733834289     -0.0158504516891    0.040733834289
2018     CMS_jec_AbsoluteMPFBias     27.154475816     26.9755546744     27.4725936024     -0.00658901106314     0.0117151142434    0.0117151142434
2018     CMS_jec_AbsoluteMPFBias     0.783329021936     0.783329021936     0.743642718117     0.0     -0.0506636454247    0.0506636454247
2018     CMS_jec_RelativeFSR     284.049585433     285.884883974     281.876219043     0.00646119070392     -0.00765136265609    0.00765136265609
2018     CMS_jec_RelativeFSR     7.30274347766     7.54102125524     7.26439414315     0.0326285290329     -0.00525135993447    0.0326285290329
2018     CMS_jec_RelativeFSR     27.154475816     27.0216634327     27.405648152     -0.00489099418542     0.00924975822601    0.00924975822601
2018     CMS_jec_RelativeFSR     0.783329021936     0.783329021936     0.783329021936     0.0     0.0    0.0
2018     CMS_scale_sig     284.049585433     327.886395298     248.356947622     0.154328019167     -0.125656362977    0.154328019167
2018     CMS_scale_sig     7.30274347766     8.41798915055     6.39287539513     0.152715986301     -0.124592639096    0.152715986301
2018     CMS_scale_sig     27.154475816     31.4095030185     23.7026806483     0.156697084905     -0.127116987678    0.156697084905
2018     CMS_scale_sig     0.783329021936     0.9046662094     0.684689352423     0.154899389741     -0.125923675429    0.154899389741
2018     CMS_bTagSF_M     519.192246709     514.878146037     521.952885775     -0.00830925480722     0.00531718083996    0.00830925480722
2018     CMS_bTagSF_M     19.8721752454     13.1175379781     28.6590450394     -0.339904272375     0.442169500091    0.442169500091
2018     CMS_bTagSF_M     46.2352999727     45.8188354499     46.5321399698     -0.00900750126081     0.0064202026866    0.00900750126081
2018     CMS_bTagSF_M     2.37117624413     1.68008739644     3.22391471247     -0.291454019667     0.359626776144    0.359626776144
2018     CMS_bTagSF_T     519.192246709     519.192246709     519.192246709     0.0     0.0    0.0
2018     CMS_bTagSF_T     19.8721752454     19.8721752454     19.8721752454     0.0     0.0    0.0
2018     CMS_bTagSF_T     46.2352999727     46.2352999727     46.2352999727     0.0     0.0    0.0
2018     CMS_bTagSF_T     2.37117624413     2.37117624413     2.37117624413     0.0     0.0    0.0
2018     CMS_bTagSF_M_corr     519.192246709     519.485270033     553.616843783     0.000564383089651     0.0663041431997    0.0663041431997
2018     CMS_bTagSF_M_corr     19.8721752454     14.3366255929     26.8998226133     -0.278557811823     0.353642582206    0.353642582206
2018     CMS_bTagSF_M_corr     46.2352999727     45.6901907372     50.3933045531     -0.0117898929142     0.0899313853873    0.0899313853873
2018     CMS_bTagSF_M_corr     2.37117624413     1.88117827471     3.05173410785     -0.206647637699     0.287012770733    0.287012770733
2018     CMS_bTagSF_T_corr     519.192246709     519.192246709     519.192246709     0.0     0.0    0.0
2018     CMS_bTagSF_T_corr     19.8721752454     19.8721752454     19.8721752454     0.0     0.0    0.0
2018     CMS_bTagSF_T_corr     46.2352999727     46.2352999727     46.2352999727     0.0     0.0    0.0
2018     CMS_bTagSF_T_corr     2.37117624413     2.37117624413     2.37117624413     0.0     0.0    0.0
2018     CMS_jer     519.192246709     519.279412212     519.229814812     0.00016788675804     7.23587529339e-05    0.00016788675804
2018     CMS_jer     19.8721752454     19.8715090025     19.9046972471     -3.35264238104e-05     0.0016365597251    0.0016365597251
2018     CMS_jer     46.2352999727     46.6055096679     45.9111756209     0.00800707890824     -0.0070103222424    0.00800707890824
2018     CMS_jer     2.37117624413     2.37117625073     2.40868754949     2.78663581099e-09     0.0158197035978    0.0158197035978
2018     CMS_jec     519.192246709     520.455399751     518.03698649     0.00243291969421     -0.00222511069116    0.00243291969421
2018     CMS_jec     19.8721752454     19.9316154855     19.7235767038     0.00299112901909     -0.00747771895903    0.00747771895903
2018     CMS_jec     46.2352999727     45.4979805576     47.0645259262     -0.0159471100111     0.0179349102097    0.0179349102097
2018     CMS_jec     2.37117624413     2.35179108873     2.37117623336     -0.00817533300118     -4.53995907534e-09    0.00817533300118
2018     CMS_bTagSF_bc_T_corr     519.192246709     519.192246709     519.192246709     0.0     0.0    0.0
2018     CMS_bTagSF_bc_T_corr     19.8721752454     19.8721752454     19.8721752454     0.0     0.0    0.0
2018     CMS_bTagSF_bc_T_corr     46.2352999727     46.2352999727     46.2352999727     0.0     0.0    0.0
2018     CMS_bTagSF_bc_T_corr     2.37117624413     2.37117624413     2.37117624413     0.0     0.0    0.0
2018     CMS_bTagSF_light_T_corr     519.192246709     519.192246709     519.192246709     0.0     0.0    0.0
2018     CMS_bTagSF_light_T_corr     19.8721752454     19.8721752454     19.8721752454     0.0     0.0    0.0
2018     CMS_bTagSF_light_T_corr     46.2352999727     46.2352999727     46.2352999727     0.0     0.0    0.0
2018     CMS_bTagSF_light_T_corr     2.37117624413     2.37117624413     2.37117624413     0.0     0.0    0.0
2018     CMS_bTagSF_bc_M_corr     519.192246709     516.12917356     520.550999328     -0.00589968969796     0.00261705105882    0.00589968969796
2018     CMS_bTagSF_bc_M_corr     19.8721752454     13.2308161261     28.3966043572     -0.33420393275     0.428963060486    0.428963060486
2018     CMS_bTagSF_bc_M_corr     46.2352999727     45.8049473173     46.5547876364     -0.0093078806804     0.00691003765247    0.0093078806804
2018     CMS_bTagSF_bc_M_corr     2.37117624413     1.64654004232     3.26816368568     -0.305601999685     0.378287967323    0.378287967323
2018     CMS_bTagSF_light_M_corr     519.192246709     522.335641005     551.906444968     0.00605439375532     0.0630097973664    0.0630097973664
2018     CMS_bTagSF_light_M_corr     19.8721752454     21.5357612881     18.948049184     0.0837143403826     -0.0465035181102    0.0837143403826
2018     CMS_bTagSF_light_M_corr     46.2352999727     45.9835320406     49.9069436313     -0.00544536170998     0.0794121301414    0.0794121301414
2018     CMS_bTagSF_light_M_corr     2.37117624413     2.68763417828     2.23501562864     0.133460317401     -0.0574232370229    0.133460317401
2018     CMS_bTagSF_bc_T_year     519.192246709     519.192246709     519.192246709     0.0     0.0    0.0
2018     CMS_bTagSF_bc_T_year     19.8721752454     19.8721752454     19.8721752454     0.0     0.0    0.0
2018     CMS_bTagSF_bc_T_year     46.2352999727     46.2352999727     46.2352999727     0.0     0.0    0.0
2018     CMS_bTagSF_bc_T_year     2.37117624413     2.37117624413     2.37117624413     0.0     0.0    0.0
2018     CMS_bTagSF_light_T_year     519.192246709     519.192246709     519.192246709     0.0     0.0    0.0
2018     CMS_bTagSF_light_T_year     19.8721752454     19.8721752454     19.8721752454     0.0     0.0    0.0
2018     CMS_bTagSF_light_T_year     46.2352999727     46.2352999727     46.2352999727     0.0     0.0    0.0
2018     CMS_bTagSF_light_T_year     2.37117624413     2.37117624413     2.37117624413     0.0     0.0    0.0
2018     CMS_bTagSF_bc_M_year     519.192246709     514.015379022     522.762904983     -0.00997100345663     0.00687733358277    0.00997100345663
2018     CMS_bTagSF_bc_M_year     19.8721752454     13.3704356566     28.1651796102     -0.327178052153     0.417317392906    0.417317392906
2018     CMS_bTagSF_bc_M_year     46.2352999727     45.6317043794     46.7508391439     -0.0130548648682     0.0111503368963    0.0130548648682
2018     CMS_bTagSF_bc_M_year     2.37117624413     1.7209423849     3.15676024224     -0.274224179177     0.331305612586    0.331305612586
2018     CMS_bTagSF_light_M_year     519.192246709     520.168088186     518.538083378     0.00187953784706     -0.00125996359725    0.00187953784706
2018     CMS_bTagSF_light_M_year     19.8721752454     19.5128529571     20.2352038962     -0.0180816787251     0.0182681888736    0.0182681888736
2018     CMS_bTagSF_light_M_year     46.2352999727     46.4404814557     46.0366513475     0.0044377668814     -0.00429647099316    0.0044377668814
2018     CMS_bTagSF_light_M_year     2.37117624413     2.31837280047     2.42466280307     -0.0222688818647     0.0225569731801    0.0225569731801
2018     CMS_jer_eta193     519.192246709     519.277686193     519.262200355     0.000164562326669     0.00013473553717    0.000164562326669
2018     CMS_jer_eta193     19.8721752454     19.8718557696     19.903952822     -1.60765429468e-05     0.00159909905078    0.00159909905078
2018     CMS_jer_eta193     46.2352999727     46.605817318     45.9268456542     0.00801373291658     -0.00667140299133    0.00801373291658
2018     CMS_jer_eta193     2.37117624413     2.37117625073     2.40868754949     2.78663581099e-09     0.0158197035978    0.0158197035978
2018     CMS_jer_193eta25     519.192246709     519.193972531     519.176282088     3.32405228654e-06     -3.07489586273e-05    3.07489586273e-05
2018     CMS_jer_193eta25     19.8721752454     19.8718284783     19.8729195648     -1.74498808636e-05     3.74553542368e-05    3.74553542368e-05
2018     CMS_jer_193eta25     46.2352999727     46.2508982459     46.235572912     0.00033736718857     5.90326632488e-06    0.00033736718857
2018     CMS_jer_193eta25     2.37117624413     2.37117624413     2.37117624413     0.0     0.0    0.0
2018     CMS_jec_FlavorQCD     519.192246709     519.709448368     518.818089449     0.000996165990919     -0.000720652632429    0.000996165990919
2018     CMS_jec_FlavorQCD     19.8721752454     19.8701275219     19.7912624098     -0.000103044761262     -0.00407166475915    0.00407166475915
2018     CMS_jec_FlavorQCD     46.2352999727     46.1067004339     46.6901295412     -0.00278141461007     0.00983727949741    0.00983727949741
2018     CMS_jec_FlavorQCD     2.37117624413     2.37117623752     2.37117624413     -2.78663581099e-09     0.0    2.78663581099e-09
2018     CMS_jec_RelativeBal     519.192246709     519.396281329     519.205159388     0.000392984720778     2.48707081969e-05    0.000392984720778
2018     CMS_jec_RelativeBal     19.8721752454     19.8710542138     19.7915934943     -5.64121275428e-05     -0.00405500404971    0.00405500404971
2018     CMS_jec_RelativeBal     46.2352999727     46.1298027899     46.3454155816     -0.00228174539631     0.0023816350062    0.0023816350062
2018     CMS_jec_RelativeBal     2.37117624413     2.37117623752     2.37117624413     -2.78663581099e-09     0.0    2.78663581099e-09
2018     CMS_jec_Absolute     519.192246709     519.882428555     518.723424053     0.00132933773711     -0.000902984701869    0.00132933773711
2018     CMS_jec_Absolute     19.8721752454     19.8707017336     19.8224336933     -7.4149497817e-05     -0.00250307535749    0.00250307535749
2018     CMS_jec_Absolute     46.2352999727     45.590138808     46.8431928182     -0.0139538656641     0.0131478079692    0.0139538656641
2018     CMS_jec_Absolute     2.37117624413     2.4107732564     2.37117626256     0.0166993121562     7.77546649289e-09    0.0166993121562
2018     CMS_jec_BBEC1_year     519.192246709     519.256730038     519.198420718     0.00012419932992     1.1891565876e-05    0.00012419932992
2018     CMS_jec_BBEC1_year     19.8721752454     19.8718292462     19.8721759949     -1.74112415074e-05     3.7713661305e-08    1.74112415074e-05
2018     CMS_jec_BBEC1_year     46.2352999727     46.2435369547     46.3469736732     0.000178153532269     0.00241533418257    0.00241533418257
2018     CMS_jec_BBEC1_year     2.37117624413     2.37117624413     2.37117624413     0.0     0.0    0.0
2018     CMS_jec_Absolute_year     519.192246709     519.781190024     518.980947505     0.00113434535852     -0.000406976809445    0.00113434535852
2018     CMS_jec_Absolute_year     19.8721752454     19.8712876438     19.790319977     -4.46655519917e-05     -0.00411908950333    0.00411908950333
2018     CMS_jec_Absolute_year     46.2352999727     46.0012056964     46.8453032452     -0.0050631071171     0.0131934533325    0.0131934533325
2018     CMS_jec_Absolute_year     2.37117624413     2.4107732564     2.37117623613     0.0166993121562     -3.37107675108e-09    0.0166993121562
2018     CMS_jec_RelativeSample_year     519.192246709     519.592071085     518.793266936     0.000770089265866     -0.000768462502624    0.000770089265866
2018     CMS_jec_RelativeSample_year     19.8721752454     19.902364102     19.837846895     0.0015191520899     -0.00172745811935    0.00172745811935
2018     CMS_jec_RelativeSample_year     46.2352999727     46.3485694488     46.4765773429     0.00244984840864     0.0052184666333    0.0052184666333
2018     CMS_jec_RelativeSample_year     2.37117624413     2.33556064342     2.37117623752     -0.0150202250033     -2.78663569997e-09    0.0150202250033
2018     CMS_pu     519.192246709     518.264949108     519.906250949     -0.00178603899853     0.00137522130784    0.00178603899853
2018     CMS_pu     19.8721752454     20.0832455176     19.6890099608     0.0106213974859     -0.0092171733765    0.0106213974859
2018     CMS_pu     46.2352999727     46.3845404502     46.1661251183     0.00322784706834     -0.00149614806216    0.00322784706834
2018     CMS_pu     2.37117624413     2.32438977518     2.39214773344     -0.0197313333688     0.00884434017397    0.0197313333688
2018     CMS_L1Prefiring     519.192246709     518.954218938     519.389846221     -0.000458457867791     0.000380590260628    0.000458457867791
2018     CMS_L1Prefiring     19.8721752454     19.8649547875     19.8781065615     -0.000363345120887     0.000298473418162    0.000363345120887
2018     CMS_L1Prefiring     46.2352999727     46.2140604322     46.2526862565     -0.000459379315992     0.000376039169036    0.000459379315992
2018     CMS_L1Prefiring     2.37117624413     2.37033720544     2.371918261     -0.000353849144242     0.000312931978287    0.000353849144242
2018     CMS_pdf_sig     519.192246709     525.435104509     512.949659953     0.0120241737821     -0.0120236517302    0.0120241737821
2018     CMS_pdf_sig     19.8721752454     20.1242081194     19.6201443394     0.0126827018613     -0.0126826028295    0.0126827018613
2018     CMS_pdf_sig     46.2352999727     46.8672780479     45.6033215295     0.0136687352639     -0.0136687432241    0.0136687432241
2018     CMS_pdf_sig     2.37117624413     2.39426071134     2.34809176367     0.00973544976884     -0.00973545535055    0.00973545535055
2018     CMS_renorm_sig     519.192246709     519.192246709     519.192246709     0.0     0.0    0.0
2018     CMS_renorm_sig     19.8721752454     19.8721752454     19.8721752454     0.0     0.0    0.0
2018     CMS_renorm_sig     46.2352999727     46.2352999727     46.2352999727     0.0     0.0    0.0
2018     CMS_renorm_sig     2.37117624413     2.37117624413     2.37117624413     0.0     0.0    0.0
2018     CMS_fact_sig     519.192246709     452.848653599     600.827073921     -0.127782326355     0.157234295638    0.157234295638
2018     CMS_fact_sig     19.8721752454     17.3537276352     22.964283013     -0.126732357132     0.155599864098    0.155599864098
2018     CMS_fact_sig     46.2352999727     40.2996560739     53.5451114424     -0.128379050257     0.158100228052    0.158100228052
2018     CMS_fact_sig     2.37117624413     2.07074644973     2.74026427891     -0.126700744045     0.155656095029    0.155656095029
2018     CMS_jec_AbsoluteCal     519.192246709     519.285271909     519.183320408     0.000179172937785     -1.71926704636e-05    0.000179172937785
2018     CMS_jec_AbsoluteCal     19.8721752454     19.871408577     19.8213226021     -3.85799939978e-05     -0.00255898726156    0.00255898726156
2018     CMS_jec_AbsoluteCal     46.2352999727     46.0929141351     46.6963139753     -0.00307959151751     0.00997103950672    0.00997103950672
2018     CMS_jec_AbsoluteCal     2.37117624413     2.37117624029     2.37117623752     -1.61775348673e-09     -2.78663569997e-09    2.78663569997e-09
2018     CMS_jec_AbsoluteTheory     519.192246709     519.882470712     518.723461927     0.00132941893346     -0.000902911752417    0.00132941893346
2018     CMS_jec_AbsoluteTheory     19.8721752454     19.8707014297     19.8224348298     -7.41647930632e-05     -0.00250301816657    0.00250301816657
2018     CMS_jec_AbsoluteTheory     46.2352999727     45.5901389401     46.8431917609     -0.0139538628059     0.0131477851032    0.0139538628059
2018     CMS_jec_AbsoluteTheory     2.37117624413     2.4107732564     2.37117623613     0.0166993121562     -3.37107675108e-09    0.0166993121562
2018     CMS_jec_AbsolutePU     519.192246709     519.520298029     519.068033096     0.000631849419602     -0.000239243967638    0.000631849419602
2018     CMS_jec_AbsolutePU     19.8721752454     19.8709680272     19.8220878958     -6.07491744792e-05     -0.0025204764449    0.0025204764449
2018     CMS_jec_AbsolutePU     46.2352999727     46.0500778198     46.6584158253     -0.00400607659062     0.00915135951999    0.00915135951999
2018     CMS_jec_AbsolutePU     2.37117624413     2.37117624306     2.37117623752     -4.48871162462e-10     -2.78663569997e-09    2.78663569997e-09
2018     CMS_jec_AbsoluteScale     519.192246709     519.882470712     518.723461927     0.00132941893346     -0.000902911752417    0.00132941893346
2018     CMS_jec_AbsoluteScale     19.8721752454     19.8707014297     19.8224348298     -7.41647930632e-05     -0.00250301816657    0.00250301816657
2018     CMS_jec_AbsoluteScale     46.2352999727     45.5901389401     46.8431917609     -0.0139538628059     0.0131477851032    0.0139538628059
2018     CMS_jec_AbsoluteScale     2.37117624413     2.4107732564     2.37117623613     0.0166993121562     -3.37107675108e-09    0.0166993121562
2018     CMS_jec_Fragmentation     519.192246709     519.272781782     519.232148006     0.000155116093842     7.68526451014e-05    0.000155116093842
2018     CMS_jec_Fragmentation     19.8721752454     19.8720286611     19.7895457301     -7.37636176151e-06     -0.00415805085748    0.00415805085748
2018     CMS_jec_Fragmentation     46.2352999727     46.1258068084     46.5777692251     -0.00236817246586     0.00740709485264    0.00740709485264
2018     CMS_jec_Fragmentation     2.37117624413     2.37117623752     2.37117624413     -2.78663581099e-09     0.0    2.78663581099e-09
2018     CMS_jec_AbsoluteMPFBias     519.192246709     519.882428555     518.723424053     0.00132933773711     -0.000902984701869    0.00132933773711
2018     CMS_jec_AbsoluteMPFBias     19.8721752454     19.8707017336     19.8224336933     -7.4149497817e-05     -0.00250307535749    0.00250307535749
2018     CMS_jec_AbsoluteMPFBias     46.2352999727     45.590138808     46.8431928182     -0.0139538656641     0.0131478079692    0.0139538656641
2018     CMS_jec_AbsoluteMPFBias     2.37117624413     2.4107732564     2.37117626256     0.0166993121562     7.77546649289e-09    0.0166993121562
2018     CMS_jec_RelativeFSR     519.192246709     519.490989367     519.321127141     0.000575398920402     0.000248232582889    0.000575398920402
2018     CMS_jec_RelativeFSR     19.8721752454     19.9178393779     19.8213226814     0.00229789300526     -0.0025589832715    0.0025589832715
2018     CMS_jec_RelativeFSR     46.2352999727     46.2173188868     46.5444377266     -0.000388903844815     0.00668618467011    0.00668618467011
2018     CMS_jec_RelativeFSR     2.37117624413     2.33569055229     2.37117623752     -0.0149654383231     -2.78663569997e-09    0.0149654383231
2018     CMS_scale_sig     519.192246709     600.827073921     452.848653599     0.157234295638     -0.127782326355    0.157234295638
2018     CMS_scale_sig     19.8721752454     22.964283013     17.3537276352     0.155599864098     -0.126732357132    0.155599864098
2018     CMS_scale_sig     46.2352999727     53.5451114424     40.2996560739     0.158100228052     -0.128379050257    0.158100228052
2018     CMS_scale_sig     2.37117624413     2.74026427891     2.07074644973     0.155656095029     -0.126700744045    0.155656095029
2018     CMS_bTagSF_M     76.9826762174     76.4870244159     77.2916690371     -0.00643848493996     0.00401379680298    0.00643848493996
2018     CMS_bTagSF_M     3.20680144088     2.1628435234     4.61002610375     -0.325544919673     0.437577657595    0.437577657595
2018     CMS_bTagSF_M     6.48661652101     6.45061128292     6.51550100916     -0.00555069626419     0.00445293598933    0.00555069626419
2018     CMS_bTagSF_M     0.401061985278     0.283809969934     0.550141255897     -0.292353849649     0.371711296736    0.371711296736
2018     CMS_bTagSF_T     76.9826762174     76.9826762174     76.9826762174     0.0     0.0    0.0
2018     CMS_bTagSF_T     3.20680144088     3.20680144088     3.20680144088     0.0     0.0    0.0
2018     CMS_bTagSF_T     6.48661652101     6.48661652101     6.48661652101     0.0     0.0    0.0
2018     CMS_bTagSF_T     0.401061985278     0.401061985278     0.401061985278     0.0     0.0    0.0
2018     CMS_bTagSF_M_corr     76.9826762174     77.9648682982     92.192919063     0.0127586117953     0.197580073764    0.197580073764
2018     CMS_bTagSF_M_corr     3.20680144088     2.79606832778     4.29150273061     -0.128081866206     0.338250219021    0.338250219021
2018     CMS_bTagSF_M_corr     6.48661652101     6.4232623432     7.8909364792     -0.00976690661464     0.216494986815    0.216494986815
2018     CMS_bTagSF_M_corr     0.401061985278     0.343042629892     0.531642699561     -0.144664310046     0.325587363241    0.325587363241
2018     CMS_bTagSF_T_corr     76.9826762174     76.9826762174     76.9826762174     0.0     0.0    0.0
2018     CMS_bTagSF_T_corr     3.20680144088     3.20680144088     3.20680144088     0.0     0.0    0.0
2018     CMS_bTagSF_T_corr     6.48661652101     6.48661652101     6.48661652101     0.0     0.0    0.0
2018     CMS_bTagSF_T_corr     0.401061985278     0.401061985278     0.401061985278     0.0     0.0    0.0
2018     CMS_jer     76.9826762174     76.9885202744     76.9830892295     7.59139237201e-05     5.36500048942e-06    7.59139237201e-05
2018     CMS_jer     3.20680144088     3.19859096664     3.214773519     -0.00256033134216     0.00248599056344    0.00256033134216
2018     CMS_jer     6.48661652101     6.44769800843     6.5342103469     -0.00599981707803     0.00733723440289    0.00733723440289
2018     CMS_jer     0.401061985278     0.394054448107     0.401066463071     -0.0174724542052     1.11648402494e-05    0.0174724542052
2018     CMS_jec     76.9826762174     77.1459863521     76.734272197     0.00212138811933     -0.0032267522067    0.0032267522067
2018     CMS_jec     3.20680144088     3.2057311592     3.20853494786     -0.000333753648177     0.000540571972752    0.000540571972752
2018     CMS_jec     6.48661652101     6.35639679057     6.56683590272     -0.0200751393296     0.0123669067621    0.0200751393296
2018     CMS_jec     0.401061985278     0.384583341277     0.408995906538     -0.0410875241383     0.0197822819194    0.0410875241383
2018     CMS_bTagSF_bc_T_corr     76.9826762174     76.9826762174     76.9826762174     0.0     0.0    0.0
2018     CMS_bTagSF_bc_T_corr     3.20680144088     3.20680144088     3.20680144088     0.0     0.0    0.0
2018     CMS_bTagSF_bc_T_corr     6.48661652101     6.48661652101     6.48661652101     0.0     0.0    0.0
2018     CMS_bTagSF_bc_T_corr     0.401061985278     0.401061985278     0.401061985278     0.0     0.0    0.0
2018     CMS_bTagSF_light_T_corr     76.9826762174     76.9826762174     76.9826762174     0.0     0.0    0.0
2018     CMS_bTagSF_light_T_corr     3.20680144088     3.20680144088     3.20680144088     0.0     0.0    0.0
2018     CMS_bTagSF_light_T_corr     6.48661652101     6.48661652101     6.48661652101     0.0     0.0    0.0
2018     CMS_bTagSF_light_T_corr     0.401061985278     0.401061985278     0.401061985278     0.0     0.0    0.0
2018     CMS_bTagSF_bc_M_corr     76.9826762174     76.0762804917     77.6356279718     -0.0117740220296     0.00848180118589    0.0117740220296
2018     CMS_bTagSF_bc_M_corr     3.20680144088     2.23717444509     4.42702328814     -0.302365772769     0.380510570972    0.380510570972
2018     CMS_bTagSF_bc_M_corr     6.48661652101     6.40071447008     6.55349270557     -0.013242967369     0.0103098717716    0.013242967369
2018     CMS_bTagSF_bc_M_corr     0.401061985278     0.286633455859     0.544423735326     -0.285313825841     0.357455344336    0.357455344336
2018     CMS_bTagSF_light_M_corr     76.9826762174     78.798486783     91.6020537861     0.0235872621582     0.189904771918    0.189904771918
2018     CMS_bTagSF_light_M_corr     3.20680144088     4.06589242134     3.19383106817     0.26789653064     -0.00404464477829    0.26789653064
2018     CMS_bTagSF_light_M_corr     6.48661652101     6.49652878989     7.81147862555     0.00152811081849     0.204245479943    0.204245479943
2018     CMS_bTagSF_light_M_corr     0.401061985278     0.48464920699     0.400226643335     0.208414720866     -0.00208282503316    0.208414720866
2018     CMS_bTagSF_bc_T_year     76.9826762174     76.9826762174     76.9826762174     0.0     0.0    0.0
2018     CMS_bTagSF_bc_T_year     3.20680144088     3.20680144088     3.20680144088     0.0     0.0    0.0
2018     CMS_bTagSF_bc_T_year     6.48661652101     6.48661652101     6.48661652101     0.0     0.0    0.0
2018     CMS_bTagSF_bc_T_year     0.401061985278     0.401061985278     0.401061985278     0.0     0.0    0.0
2018     CMS_bTagSF_light_T_year     76.9826762174     76.9826762174     76.9826762174     0.0     0.0    0.0
2018     CMS_bTagSF_light_T_year     3.20680144088     3.20680144088     3.20680144088     0.0     0.0    0.0
2018     CMS_bTagSF_light_T_year     6.48661652101     6.48661652101     6.48661652101     0.0     0.0    0.0
2018     CMS_bTagSF_light_T_year     0.401061985278     0.401061985278     0.401061985278     0.0     0.0    0.0
2018     CMS_bTagSF_bc_M_year     76.9826762174     75.8780813518     77.8123990787     -0.0143486160766     0.0107780464656    0.0143486160766
2018     CMS_bTagSF_bc_M_year     3.20680144088     2.19231319644     4.50182314466     -0.316355179183     0.403835949204    0.403835949204
2018     CMS_bTagSF_bc_M_year     6.48661652101     6.39147311879     6.55817530331     -0.0146676471332     0.0110317577854    0.0146676471332
2018     CMS_bTagSF_bc_M_year     0.401061985278     0.289679762398     0.540266943931     -0.277718225532     0.347090883112    0.347090883112
2018     CMS_bTagSF_light_M_year     76.9826762174     77.6048489108     76.4826132432     0.00808198316846     -0.00649578578931    0.00808198316846
2018     CMS_bTagSF_light_M_year     3.20680144088     3.15204452257     3.2830190461     -0.0170752443865     0.0237674850258    0.0237674850258
2018     CMS_bTagSF_light_M_year     6.48661652101     6.54943990264     6.44810893514     0.00968507717772     -0.0059364671464    0.00968507717772
2018     CMS_bTagSF_light_M_year     0.401061985278     0.393400914572     0.408836342232     -0.0191019617604     0.0193844274441    0.0193844274441
2018     CMS_jer_eta193     76.9826762174     76.9864907104     76.9893690768     4.95500178657e-05     8.69398129424e-05    8.69398129424e-05
2018     CMS_jer_eta193     3.20680144088     3.1985747027     3.214773519     -0.00256540304306     0.00248599056344    0.00256540304306
2018     CMS_jer_eta193     6.48661652101     6.4481456695     6.53373573697     -0.00593080404561     0.00726406683776    0.00726406683776
2018     CMS_jer_eta193     0.401061985278     0.394054448107     0.401066463071     -0.0174724542052     1.11648402494e-05    0.0174724542052
2018     CMS_jer_193eta25     76.9826762174     76.9847060966     76.9763961452     2.63680006618e-05     -8.15777326234e-05    8.15777326234e-05
2018     CMS_jer_193eta25     3.20680144088     3.20681770481     3.20680144088     5.07170090147e-06     0.0    5.07170090147e-06
2018     CMS_jer_193eta25     6.48661652101     6.48616886339     6.4870911417     -6.90124997487e-05     7.31692230109e-05    7.31692230109e-05
2018     CMS_jer_193eta25     0.401061985278     0.401061985278     0.401061985278     0.0     0.0    0.0
2018     CMS_jec_FlavorQCD     76.9826762174     77.0799340957     76.8542505819     0.00126337356847     -0.00166824072357    0.00166824072357
2018     CMS_jec_FlavorQCD     3.20680144088     3.19336536568     3.2060732343     -0.00418986814309     -0.000227081903793    0.00418986814309
2018     CMS_jec_FlavorQCD     6.48661652101     6.50500447669     6.53548533461     0.00283475300622     0.00753379106707    0.00753379106707
2018     CMS_jec_FlavorQCD     0.401061985278     0.401061985225     0.404282112145     -1.31581190388e-10     0.00802900046743    0.00802900046743
2018     CMS_jec_RelativeBal     76.9826762174     77.0057746513     76.8879503083     0.000300047167649     -0.00123048345093    0.00123048345093
2018     CMS_jec_RelativeBal     3.20680144088     3.20671164503     3.20792199251     -2.80016852588e-05     0.000349429691552    0.000349429691552
2018     CMS_jec_RelativeBal     6.48661652101     6.51478353947     6.51407930406     0.00434232829619     0.00423376084718    0.00434232829619
2018     CMS_jec_RelativeBal     0.401061985278     0.40425790487     0.401112668686     0.00796864252773     0.000126373003543    0.00796864252773
2018     CMS_jec_Absolute     76.9826762174     77.0569960273     76.7972594451     0.000965409538729     -0.00240855191614    0.00240855191614
2018     CMS_jec_Absolute     3.20680144088     3.19342490862     3.19356406461     -0.00417130043909     -0.00412790642178    0.00417130043909
2018     CMS_jec_Absolute     6.48661652101     6.38322939334     6.53966000558     -0.0159385293293     0.00817737327329    0.0159385293293
2018     CMS_jec_Absolute     0.401061985278     0.394828201085     0.408192099587     -0.0155431938752     0.017778085609    0.017778085609
2018     CMS_jec_BBEC1_year     76.9826762174     76.9903901369     76.9824903038     0.000100203316634     -2.41500527798e-06    0.000100203316634
2018     CMS_jec_BBEC1_year     3.20680144088     3.2068014275     3.20681765705     -4.17236811767e-09     5.05680498164e-06    5.05680498164e-06
2018     CMS_jec_BBEC1_year     6.48661652101     6.47760259604     6.48617246694     -0.00138961890857     -6.84569626633e-05    0.00138961890857
2018     CMS_jec_BBEC1_year     0.401061985278     0.401061985278     0.40107506368     0.0     3.26094282783e-05    3.26094282783e-05
2018     CMS_jec_Absolute_year     76.9826762174     77.0634303707     76.7994433894     0.0010489912446     -0.00238018262043    0.00238018262043
2018     CMS_jec_Absolute_year     3.20680144088     3.19673536922     3.20502637207     -0.00313897565451     -0.000553532495157    0.00313897565451
2018     CMS_jec_Absolute_year     6.48661652101     6.45252079916     6.5367688225     -0.00525631841106     0.00773165814964    0.00773165814964
2018     CMS_jec_Absolute_year     0.401061985278     0.401061984724     0.408192098612     -1.38194899968e-09     0.0177780831769    0.0177780831769
2018     CMS_jec_RelativeSample_year     76.9826762174     77.0200148777     76.8355768529     0.000485026789417     -0.00191081125896    0.00191081125896
2018     CMS_jec_RelativeSample_year     3.20680144088     3.20088280875     3.2060944884     -0.00184564970115     -0.000220454083729    0.00184564970115
2018     CMS_jec_RelativeSample_year     6.48661652101     6.44876018031     6.46134341462     -0.0058360688618     -0.0038961924603    0.0058360688618
2018     CMS_jec_RelativeSample_year     0.401061985278     0.404257905233     0.401117148638     0.00796864343117     0.000137543228295    0.00796864343117
2018     CMS_pu     76.9826762174     77.1702660459     76.8218446492     0.00243677977659     -0.00208919169934    0.00243677977659
2018     CMS_pu     3.20680144088     3.22971139753     3.19252398934     0.00714417686146     -0.00445224058866    0.00714417686146
2018     CMS_pu     6.48661652101     6.49522551178     6.47265212846     0.00132719280426     -0.00215280069352    0.00215280069352
2018     CMS_pu     0.401061985278     0.387898334224     0.411658393136     -0.0328219864702     0.0264208731978    0.0328219864702
2018     CMS_L1Prefiring     76.9826762174     76.9449893274     77.0137698953     -0.000489550270608     0.000403904871486    0.000489550270608
2018     CMS_L1Prefiring     3.20680144088     3.20554666015     3.20781663999     -0.000391287314247     0.000316576854481    0.000391287314247
2018     CMS_L1Prefiring     6.48661652101     6.48327511987     6.4894387047     -0.000515122348016     0.000435077930932    0.000515122348016
2018     CMS_L1Prefiring     0.401061985278     0.400921369218     0.401179597998     -0.000350609295934     0.000293253222403    0.000350609295934
2018     CMS_pdf_sig     76.9826762174     78.6068038307     75.3585490395     0.0210973129683     -0.0210973073123    0.0210973129683
2018     CMS_pdf_sig     3.20680144088     3.27464578473     3.13895739069     0.0211563905998     -0.0211562990218    0.0211563905998
2018     CMS_pdf_sig     6.48661652101     6.63231821354     6.34091491882     0.0224618939721     -0.0224618800433    0.0224618939721
2018     CMS_pdf_sig     0.401061985278     0.410627919916     0.39149604659     0.0238515117086     -0.0238515218087    0.0238515218087
2018     CMS_renorm_sig     76.9826762174     76.9826762174     76.9826762174     0.0     0.0    0.0
2018     CMS_renorm_sig     3.20680144088     3.20680144088     3.20680144088     0.0     0.0    0.0
2018     CMS_renorm_sig     6.48661652101     6.48661652101     6.48661652101     0.0     0.0    0.0
2018     CMS_renorm_sig     0.401061985278     0.401061985278     0.401061985278     0.0     0.0    0.0
2018     CMS_fact_sig     76.9826762174     66.0129954616     90.7237921439     -0.142495445661     0.178496209819    0.178496209819
2018     CMS_fact_sig     3.20680144088     2.75484515203     3.77137269045     -0.140936786132     0.176054320786    0.176054320786
2018     CMS_fact_sig     6.48661652101     5.56279119322     7.64358297727     -0.14242021627     0.178362086385    0.178362086385
2018     CMS_fact_sig     0.401061985278     0.344225971946     0.472116235251     -0.141713788439     0.177165257694    0.177165257694
2018     CMS_jec_AbsoluteCal     76.9826762174     77.007396185     76.9477220227     0.00032111078596     -0.000454052734903    0.000454052734903
2018     CMS_jec_AbsoluteCal     3.20680144088     3.2067865942     3.20588530089     -4.62974515147e-06     -0.000285686531691    0.000285686531691
2018     CMS_jec_AbsoluteCal     6.48661652101     6.49910262272     6.5481289653     0.0019249020922     0.00948297838957    0.00948297838957
2018     CMS_jec_AbsoluteCal     0.401061985278     0.401061984724     0.404282112145     -1.38194888866e-09     0.00802900046743    0.00802900046743
2018     CMS_jec_AbsoluteTheory     76.9826762174     77.056999281     76.7972654227     0.00096545180348     -0.00240847426727    0.00240847426727
2018     CMS_jec_AbsoluteTheory     3.20680144088     3.19342492248     3.19356413676     -0.00417129611709     -0.0041278839254    0.00417129611709
2018     CMS_jec_AbsoluteTheory     6.48661652101     6.38322939115     6.53966001774     -0.0159385296673     0.00817737514843    0.0159385296673
2018     CMS_jec_AbsoluteTheory     0.401061985278     0.394828201085     0.408192099587     -0.0155431938752     0.017778085609    0.017778085609
2018     CMS_jec_AbsolutePU     76.9826762174     77.0294150934     76.8348941018     0.000607134985333     -0.00191968015135    0.00191968015135
2018     CMS_jec_AbsolutePU     3.20680144088     3.19669787163     3.20599854361     -0.00315066879911     -0.000250373239601    0.00315066879911
2018     CMS_jec_AbsolutePU     6.48661652101     6.45765806232     6.54764079014     -0.0044643395508     0.00940771956161    0.00940771956161
2018     CMS_jec_AbsolutePU     0.401061985278     0.401061984724     0.401075064112     -1.38194888866e-09     3.26105051789e-05    3.26105051789e-05
2018     CMS_jec_AbsoluteScale     76.9826762174     77.056999281     76.7972654227     0.00096545180348     -0.00240847426727    0.00240847426727
2018     CMS_jec_AbsoluteScale     3.20680144088     3.19342492248     3.19356413676     -0.00417129611709     -0.0041278839254    0.00417129611709
2018     CMS_jec_AbsoluteScale     6.48661652101     6.38322939115     6.53966001774     -0.0159385296673     0.00817737514843    0.0159385296673
2018     CMS_jec_AbsoluteScale     0.401061985278     0.394828201085     0.408192099587     -0.0155431938752     0.017778085609    0.017778085609
2018     CMS_jec_Fragmentation     76.9826762174     77.0047831958     76.9611156257     0.000287168224314     -0.000280070695911    0.000287168224314
2018     CMS_jec_Fragmentation     3.20680144088     3.20678967286     3.20682978209     -3.66970513344e-06     8.83784664496e-06    8.83784664496e-06
2018     CMS_jec_Fragmentation     6.48661652101     6.50001473276     6.52847923829     0.00206551623848     0.00645370620367    0.00645370620367
2018     CMS_jec_Fragmentation     0.401061985278     0.401061985278     0.404282112145     0.0     0.00802900046743    0.00802900046743
2018     CMS_jec_AbsoluteMPFBias     76.9826762174     77.0569960273     76.7972594451     0.000965409538729     -0.00240855191614    0.00240855191614
2018     CMS_jec_AbsoluteMPFBias     3.20680144088     3.19342490862     3.19356406461     -0.00417130043909     -0.00412790642178    0.00417130043909
2018     CMS_jec_AbsoluteMPFBias     6.48661652101     6.38322939334     6.53966000558     -0.0159385293293     0.00817737327329    0.0159385293293
2018     CMS_jec_AbsoluteMPFBias     0.401061985278     0.394828201085     0.408192099587     -0.0155431938752     0.017778085609    0.017778085609
2018     CMS_jec_RelativeFSR     76.9826762174     77.0061818949     76.9170837458     0.000305337234791     -0.000852041976212    0.000852041976212
2018     CMS_jec_RelativeFSR     3.20680144088     3.20359069641     3.20268263222     -0.00100122958116     -0.00128439778021    0.00128439778021
2018     CMS_jec_RelativeFSR     6.48661652101     6.42408147258     6.50285275009     -0.00964062669981     0.00250303513806    0.00964062669981
2018     CMS_jec_RelativeFSR     0.401061985278     0.397825596945     0.404282112577     -0.008069546483     0.00802900154433    0.008069546483
2018     CMS_scale_sig     76.9826762174     90.7237921439     66.0129954616     0.178496209819     -0.142495445661    0.178496209819
2018     CMS_scale_sig     3.20680144088     3.77137269045     2.75484515203     0.176054320786     -0.140936786132    0.176054320786
2018     CMS_scale_sig     6.48661652101     7.64358297727     5.56279119322     0.178362086385     -0.14242021627    0.178362086385
2018     CMS_scale_sig     0.401061985278     0.472116235251     0.344225971946     0.177165257694     -0.141713788439    0.177165257694
2018     CMS_bTagSF_M     15.5378533994     15.6269380692     15.4176316492     0.00573339620717     -0.00773734615442    0.00773734615442
2018     CMS_bTagSF_M     0.559330933188     0.399254841241     0.774233182768     -0.286192095678     0.384213060336    0.384213060336
2018     CMS_bTagSF_M     1.04736024725     1.04873399037     1.04299927327     0.00131162426893     -0.00416377649225    0.00416377649225
2018     CMS_bTagSF_M     0.0471861024136     0.0350139485077     0.062467499693     -0.257960570661     0.323853772568    0.323853772568
2018     CMS_bTagSF_T     15.5378533994     15.5378533994     15.5378533994     0.0     0.0    0.0
2018     CMS_bTagSF_T     0.559330933188     0.559330933188     0.559330933188     0.0     0.0    0.0
2018     CMS_bTagSF_T     1.04736024725     1.04736024725     1.04736024725     0.0     0.0    0.0
2018     CMS_bTagSF_T     0.0471861024136     0.0471861024136     0.0471861024136     0.0     0.0    0.0
2018     CMS_bTagSF_M_corr     15.5378533994     16.8631649236     23.3293449726     0.085295664085     0.501452251665    0.501452251665
2018     CMS_bTagSF_M_corr     0.559330933188     0.622795162955     0.850089462907     0.113464544873     0.519832736699    0.519832736699
2018     CMS_bTagSF_M_corr     1.04736024725     1.06916127806     1.56017355795     0.020815216988     0.489624570008    0.489624570008
2018     CMS_bTagSF_M_corr     0.0471861024136     0.0471666838989     0.0633632864621     -0.000411530382065     0.342837895504    0.342837895504
2018     CMS_bTagSF_T_corr     15.5378533994     15.5378533994     15.5378533994     0.0     0.0    0.0
2018     CMS_bTagSF_T_corr     0.559330933188     0.559330933188     0.559330933188     0.0     0.0    0.0
2018     CMS_bTagSF_T_corr     1.04736024725     1.04736024725     1.04736024725     0.0     0.0    0.0
2018     CMS_bTagSF_T_corr     0.0471861024136     0.0471861024136     0.0471861024136     0.0     0.0    0.0
2018     CMS_jer     15.5378533994     15.5362700984     15.5475339083     -0.000101899597504     0.000623027429799    0.000623027429799
2018     CMS_jer     0.559330933188     0.560223203455     0.560930003317     0.00159524570197     0.00285889807727    0.00285889807727
2018     CMS_jer     1.04736024725     1.0554704592     1.04330260569     0.00774347887617     -0.0038741603694    0.00774347887617
2018     CMS_jer     0.0471861024136     0.045568720638     0.0471861025658     -0.0342766554739     3.22469895231e-09    0.0342766554739
2018     CMS_jec     15.5378533994     15.596179576     15.486785215     0.00375381174655     -0.00328669495946    0.00375381174655
2018     CMS_jec     0.559330933188     0.562191924297     0.560988252903     0.0051150239316     0.00296303962026    0.0051150239316
2018     CMS_jec     1.04736024725     0.998317002805     1.07994883713     -0.0468255736981     0.0311149768794    0.0468255736981
2018     CMS_jec     0.0471861024136     0.0448076293329     0.0493819664199     -0.0504062204565     0.0465362446571    0.0504062204565
2018     CMS_bTagSF_bc_T_corr     15.5378533994     15.5378533994     15.5378533994     0.0     0.0    0.0
2018     CMS_bTagSF_bc_T_corr     0.559330933188     0.559330933188     0.559330933188     0.0     0.0    0.0
2018     CMS_bTagSF_bc_T_corr     1.04736024725     1.04736024725     1.04736024725     0.0     0.0    0.0
2018     CMS_bTagSF_bc_T_corr     0.0471861024136     0.0471861024136     0.0471861024136     0.0     0.0    0.0
2018     CMS_bTagSF_light_T_corr     15.5378533994     15.5378533994     15.5378533994     0.0     0.0    0.0
2018     CMS_bTagSF_light_T_corr     0.559330933188     0.559330933188     0.559330933188     0.0     0.0    0.0
2018     CMS_bTagSF_light_T_corr     1.04736024725     1.04736024725     1.04736024725     0.0     0.0    0.0
2018     CMS_bTagSF_light_T_corr     0.0471861024136     0.0471861024136     0.0471861024136     0.0     0.0    0.0
2018     CMS_bTagSF_bc_M_corr     15.5378533994     15.2930221856     15.7411210462     -0.0157570809522     0.0130820932334    0.0157570809522
2018     CMS_bTagSF_bc_M_corr     0.559330933188     0.40414722236     0.758190914009     -0.277445250423     0.355531884654    0.355531884654
2018     CMS_bTagSF_bc_M_corr     1.04736024725     1.02539024262     1.06485580618     -0.0209765500304     0.0167044328558    0.0209765500304
2018     CMS_bTagSF_bc_M_corr     0.0471861024136     0.0344269555421     0.0629617175792     -0.270400525132     0.334327574406    0.334327574406
2018     CMS_bTagSF_light_M_corr     15.5378533994     16.9895970874     22.9771246856     0.0934327059624     0.478783722243    0.478783722243
2018     CMS_bTagSF_light_M_corr     0.559330933188     0.913734008378     0.645368942534     0.633619659065     0.153823084406    0.633619659065
2018     CMS_bTagSF_light_M_corr     1.04736024725     1.06609528059     1.53804257699     0.0178878598687     0.46849432278    0.46849432278
2018     CMS_bTagSF_light_M_corr     0.0471861024136     0.0696245302172     0.0481377157754     0.475530434933     0.0201672380874    0.475530434933
2018     CMS_bTagSF_bc_T_year     15.5378533994     15.5378533994     15.5378533994     0.0     0.0    0.0
2018     CMS_bTagSF_bc_T_year     0.559330933188     0.559330933188     0.559330933188     0.0     0.0    0.0
2018     CMS_bTagSF_bc_T_year     1.04736024725     1.04736024725     1.04736024725     0.0     0.0    0.0
2018     CMS_bTagSF_bc_T_year     0.0471861024136     0.0471861024136     0.0471861024136     0.0     0.0    0.0
2018     CMS_bTagSF_light_T_year     15.5378533994     15.5378533994     15.5378533994     0.0     0.0    0.0
2018     CMS_bTagSF_light_T_year     0.559330933188     0.559330933188     0.559330933188     0.0     0.0    0.0
2018     CMS_bTagSF_light_T_year     1.04736024725     1.04736024725     1.04736024725     0.0     0.0    0.0
2018     CMS_bTagSF_light_T_year     0.0471861024136     0.0471861024136     0.0471861024136     0.0     0.0    0.0
2018     CMS_bTagSF_bc_M_year     15.5378533994     15.2663255318     15.7673389439     -0.0174752496764     0.0147694497155    0.0174752496764
2018     CMS_bTagSF_bc_M_year     0.559330933188     0.400988620767     0.762416041661     -0.283092357361     0.36308578057    0.36308578057
2018     CMS_bTagSF_bc_M_year     1.04736024725     1.02659904453     1.06454203534     -0.019822408549     0.0164048503235    0.019822408549
2018     CMS_bTagSF_bc_M_year     0.0471861024136     0.0346863893802     0.0627115582291     -0.264902426647     0.329026027184    0.329026027184
2018     CMS_bTagSF_light_M_year     15.5378533994     15.9054101692     15.1964052527     0.0236555694257     -0.0219752457419    0.0236555694257
2018     CMS_bTagSF_light_M_year     0.559330933188     0.553235041384     0.565428048391     -0.0108985422441     0.0109007294995    0.0109007294995
2018     CMS_bTagSF_light_M_year     1.04736024725     1.07070721705     1.02687046605     0.02229125066     -0.0195632603504    0.02229125066
2018     CMS_bTagSF_light_M_year     0.0471861024136     0.0472842922949     0.0466372985382     0.00208090679876     -0.0116306252752    0.0116306252752
2018     CMS_jer_eta193     15.5378533994     15.5361730519     15.5474558011     -0.000108145408276     0.000618000534765    0.000618000534765
2018     CMS_jer_eta193     0.559330933188     0.560363662203     0.560931587839     0.0018463649223     0.00286173096455    0.00286173096455
2018     CMS_jer_eta193     1.04736024725     1.05469490626     1.04144732178     0.00700299541248     -0.00564555078744    0.00700299541248
2018     CMS_jer_eta193     0.0471861024136     0.0468046340363     0.0471861025658     -0.00808433750098     3.22469895231e-09    0.00808433750098
2018     CMS_jer_193eta25     15.5378533994     15.5384338731     15.5379314207     3.73586807383e-05     5.02137026226e-06    3.73586807383e-05
2018     CMS_jer_193eta25     0.559330933188     0.55919047444     0.559329348666     -0.000251119220331     -2.83288727976e-06    0.000251119220331
2018     CMS_jer_193eta25     1.04736024725     1.04813580019     1.04736276051     0.000740483463685     2.39961483772e-06    0.000740483463685
2018     CMS_jer_193eta25     0.0471861024136     0.0459501890153     0.0471861024136     -0.0261923179729     0.0    0.0261923179729
2018     CMS_jec_FlavorQCD     15.5378533994     15.5719971403     15.518258074     0.00219745546598     -0.00126113465636    0.00219745546598
2018     CMS_jec_FlavorQCD     0.559330933188     0.560535314869     0.560983545177     0.00215325420141     0.00295462290995    0.00295462290995
2018     CMS_jec_FlavorQCD     1.04736024725     1.03000828428     1.05708902536     -0.0165673301237     0.00928885561485    0.0165673301237
2018     CMS_jec_FlavorQCD     0.0471861024136     0.045568720638     0.0477547519264     -0.0342766554739     0.012051207531    0.0342766554739
2018     CMS_jec_RelativeBal     15.5378533994     15.5487022107     15.5372351332     0.000698218153629     -3.97909660755e-05    0.000698218153629
2018     CMS_jec_RelativeBal     0.559330933188     0.560849916255     0.559362333798     0.00271571439656     5.6139592052e-05    0.00271571439656
2018     CMS_jec_RelativeBal     1.04736024725     1.0449044309     1.05348080192     -0.00234476758003     0.0058437912736    0.0058437912736
2018     CMS_jec_RelativeBal     0.0471861024136     0.045568720638     0.0470868199112     -0.0342766554739     -0.00210406236815    0.0342766554739
2018     CMS_jec_Absolute     15.5378533994     15.5706243053     15.5127442998     0.00210910124339     -0.00161599539826    0.00210910124339
2018     CMS_jec_Absolute     0.559330933188     0.56009010076     0.560498843303     0.00135727800432     0.00208804849856    0.00208804849856
2018     CMS_jec_Absolute     1.04736024725     1.01516026685     1.06539473723     -0.0307439398093     0.0172189941588    0.0307439398093
2018     CMS_jec_Absolute     0.0471861024136     0.045749765063     0.0477707362068     -0.0304398387899     0.012389957282    0.0304398387899
2018     CMS_jec_BBEC1_year     15.5378533994     15.5383661435     15.5365114898     3.29996749258e-05     -8.6363901081e-05    8.6363901081e-05
2018     CMS_jec_BBEC1_year     0.559330933188     0.559826985371     0.558408241159     0.0008868670658     -0.00164963525816    0.00164963525816
2018     CMS_jec_BBEC1_year     1.04736024725     1.04453177241     1.04819188004     -0.00270057494663     0.000794027454278    0.00270057494663
2018     CMS_jec_BBEC1_year     0.0471861024136     0.0459501890153     0.0471861025276     -0.0261923179729     2.4150483835e-09    0.0261923179729
2018     CMS_jec_Absolute_year     15.5378533994     15.5709508552     15.5185135661     0.00213011765312     -0.00124469145292    0.00213011765312
2018     CMS_jec_Absolute_year     0.559330933188     0.560671663348     0.559528328144     0.00239702487512     0.000352912639809    0.00239702487512
2018     CMS_jec_Absolute_year     1.04736024725     1.02761682051     1.06103053714     -0.018850655056     0.0130521374372    0.018850655056
2018     CMS_jec_Absolute_year     0.0471861024136     0.0452888889486     0.047748988481     -0.0402070391058     0.0119290646733    0.0402070391058
2018     CMS_jec_RelativeSample_year     15.5378533994     15.5627974855     15.5236766663     0.00160537530275     -0.000912399721347    0.00160537530275
2018     CMS_jec_RelativeSample_year     0.559330933188     0.560199970332     0.559098989278     0.0015537083563     -0.000414680998672    0.0015537083563
2018     CMS_jec_RelativeSample_year     1.04736024725     1.02944333399     1.05282554223     -0.0171067341028     0.00521816155748    0.0171067341028
2018     CMS_jec_RelativeSample_year     0.0471861024136     0.0461738180466     0.0470868199112     -0.0214530193262     -0.00210406236815    0.0214530193262
2018     CMS_pu     15.5378533994     15.5443496798     15.530637998     0.000418093814733     -0.000464375692927    0.000464375692927
2018     CMS_pu     0.559330933188     0.565159005221     0.553089980152     0.0104197205754     -0.0111578900177    0.0111578900177
2018     CMS_pu     1.04736024725     1.04223931432     1.05262941254     -0.00488937111091     0.00503090059274    0.00503090059274
2018     CMS_pu     0.0471861024136     0.0467421262793     0.046910117423     -0.00940904443495     -0.00584886177193    0.00940904443495
2018     CMS_L1Prefiring     15.5378533994     15.5302428346     15.5440423485     -0.000489807994062     0.000398314290684    0.000489807994062
2018     CMS_L1Prefiring     0.559330933188     0.559101242701     0.559519497366     -0.000410652214859     0.000337124531468    0.000410652214859
2018     CMS_L1Prefiring     1.04736024725     1.04679749143     1.04784146238     -0.000537308749388     0.000459455212418    0.000537308749388
2018     CMS_L1Prefiring     0.0471861024136     0.0471693596948     0.0471987761586     -0.000354823093187     0.000268590629387    0.000354823093187
2018     CMS_pdf_sig     15.5378533994     16.0889276898     14.9867809549     0.0354665651811     -0.0354664463857    0.0354665651811
2018     CMS_pdf_sig     0.559330933188     0.579391821392     0.539270009478     0.0358658658299     -0.0358659293088    0.0358659293088
2018     CMS_pdf_sig     1.04736024725     1.08317773855     1.0115427254     0.0341978716379     -0.0341979008112    0.0341979008112
2018     CMS_pdf_sig     0.0471861024136     0.0487878107404     0.0455843928073     0.0339444930779     -0.0339445201945    0.0339445201945
2018     CMS_renorm_sig     15.5378533994     15.5378533994     15.5378533994     0.0     0.0    0.0
2018     CMS_renorm_sig     0.559330933188     0.559330933188     0.559330933188     0.0     0.0    0.0
2018     CMS_renorm_sig     1.04736024725     1.04736024725     1.04736024725     0.0     0.0    0.0
2018     CMS_renorm_sig     0.0471861024136     0.0471861024136     0.0471861024136     0.0     0.0    0.0
2018     CMS_fact_sig     15.5378533994     13.1454139514     18.5788747705     -0.153974901584     0.195716956061    0.195716956061
2018     CMS_fact_sig     0.559330933188     0.474242111869     0.667154707127     -0.152126078265     0.192772771076    0.192772771076
2018     CMS_fact_sig     1.04736024725     0.886052962269     1.25269435105     -0.154013182575     0.196049166785    0.196049166785
2018     CMS_fact_sig     0.0471861024136     0.0399086389529     0.0564488044883     -0.154228959131     0.19630148711    0.19630148711
2018     CMS_jec_AbsoluteCal     15.5378533994     15.5458524666     15.532426172     0.000514811604108     -0.000349290680883    0.000514811604108
2018     CMS_jec_AbsoluteCal     0.559330933188     0.559836411915     0.559806972209     0.000903720316     0.000851086526991    0.000903720316
2018     CMS_jec_AbsoluteCal     1.04736024725     1.03634976969     1.05874459447     -0.010512598309     0.0108695620722    0.0108695620722
2018     CMS_jec_AbsoluteCal     0.0471861024136     0.0459501890153     0.0478482710973     -0.0261923179729     0.0140331294565    0.0261923179729
2018     CMS_jec_AbsoluteTheory     15.5378533994     15.5706245585     15.5127445624     0.00210911753507     -0.0016159784999    0.00210911753507
2018     CMS_jec_AbsoluteTheory     0.559330933188     0.560090101788     0.560498843657     0.00135727984224     0.00208804913125    0.00208804913125
2018     CMS_jec_AbsoluteTheory     1.04736024725     1.0151602658     1.06539473686     -0.0307439408108     0.017218993809    0.0307439408108
2018     CMS_jec_AbsoluteTheory     0.0471861024136     0.045749765063     0.0477707362068     -0.0304398387899     0.012389957282    0.0304398387899
2018     CMS_jec_AbsolutePU     15.5378533994     15.5662369229     15.5275320868     0.00182673390003     -0.000664268887079    0.00182673390003
2018     CMS_jec_AbsolutePU     0.559330933188     0.560214367968     0.560952225967     0.00157944917335     0.00289862884933    0.00289862884933
2018     CMS_jec_AbsolutePU     1.04736024725     1.03032673437     1.06075101673     -0.01626327992     0.0127852565703    0.01626327992
2018     CMS_jec_AbsolutePU     0.0471861024136     0.045568720638     0.0478602037345     -0.0342766554739     0.0142860140245    0.0342766554739
2018     CMS_jec_AbsoluteScale     15.5378533994     15.5706245585     15.5127445624     0.00210911753507     -0.0016159784999    0.00210911753507
2018     CMS_jec_AbsoluteScale     0.559330933188     0.560090101788     0.560498843657     0.00135727984224     0.00208804913125    0.00208804913125
2018     CMS_jec_AbsoluteScale     1.04736024725     1.0151602658     1.06539473686     -0.0307439408108     0.017218993809    0.0307439408108
2018     CMS_jec_AbsoluteScale     0.0471861024136     0.045749765063     0.0477707362068     -0.0304398387899     0.012389957282    0.0304398387899
2018     CMS_jec_Fragmentation     15.5378533994     15.5409786295     15.536940004     0.000201136541266     -5.87851716247e-05    0.000201136541266
2018     CMS_jec_Fragmentation     0.559330933188     0.559836679801     0.559347183642     0.000904199256328     2.90533803193e-05    0.000904199256328
2018     CMS_jec_Fragmentation     1.04736024725     1.04548612847     1.05478567908     -0.00178937360763     0.00708966360297    0.00708966360297
2018     CMS_jec_Fragmentation     0.0471861024136     0.0459501890153     0.0471861025276     -0.0261923179729     2.4150483835e-09    0.0261923179729
2018     CMS_jec_AbsoluteMPFBias     15.5378533994     15.5706243053     15.5127442998     0.00210910124339     -0.00161599539826    0.00210910124339
2018     CMS_jec_AbsoluteMPFBias     0.559330933188     0.56009010076     0.560498843303     0.00135727800432     0.00208804849856    0.00208804849856
2018     CMS_jec_AbsoluteMPFBias     1.04736024725     1.01516026685     1.06539473723     -0.0307439398093     0.0172189941588    0.0307439398093
2018     CMS_jec_AbsoluteMPFBias     0.0471861024136     0.045749765063     0.0477707362068     -0.0304398387899     0.012389957282    0.0304398387899
2018     CMS_jec_RelativeFSR     15.5378533994     15.5451236735     15.5307699221     0.000467907242005     -0.000455885190532    0.000467907242005
2018     CMS_jec_RelativeFSR     0.559330933188     0.560677701789     0.559522894445     0.00240782070404     0.000343197999106    0.00240782070404
2018     CMS_jec_RelativeFSR     1.04736024725     1.02802746001     1.05685870552     -0.0184585841314     0.00906895053292    0.0184585841314
2018     CMS_jec_RelativeFSR     0.0471861024136     0.0452888889486     0.0472020866691     -0.0402070391058     0.000338749221313    0.0402070391058
2018     CMS_scale_sig     15.5378533994     18.5788747705     13.1454139514     0.195716956061     -0.153974901584    0.195716956061
2018     CMS_scale_sig     0.559330933188     0.667154707127     0.474242111869     0.192772771076     -0.152126078265    0.192772771076
2018     CMS_scale_sig     1.04736024725     1.25269435105     0.886052962269     0.196049166785     -0.154013182575    0.196049166785
2018     CMS_scale_sig     0.0471861024136     0.0564488044883     0.0399086389529     0.19630148711     -0.154228959131    0.19630148711
2018     CMS_bTagSF_M     9.10281579254     9.05898209006     9.12812745959     -0.00481540036347     0.00278064146621    0.00481540036347
2018     CMS_bTagSF_M     0.431566744188     0.294323201331     0.618981922141     -0.318012323018     0.434266959809    0.434266959809
2018     CMS_bTagSF_M     0.601897321253     0.589533905458     0.609014931191     -0.020540739023     0.0118252892762    0.020540739023
2018     CMS_bTagSF_M     0.0358693908956     0.0249874057277     0.0500930746688     -0.303378030577     0.39654098991    0.39654098991
2018     CMS_bTagSF_T     9.10281579254     9.10281579254     9.10281579254     0.0     0.0    0.0
2018     CMS_bTagSF_T     0.431566744188     0.431566744188     0.431566744188     0.0     0.0    0.0
2018     CMS_bTagSF_T     0.601897321253     0.601897321253     0.601897321253     0.0     0.0    0.0
2018     CMS_bTagSF_T     0.0358693908956     0.0358693908956     0.0358693908956     0.0     0.0    0.0
2018     CMS_bTagSF_M_corr     9.10281579254     9.33841300942     12.4174203685     0.0258817955064     0.364129589299    0.364129589299
2018     CMS_bTagSF_M_corr     0.431566744188     0.436153176913     0.581414565276     0.0106274007137     0.34721818376    0.34721818376
2018     CMS_bTagSF_M_corr     0.601897321253     0.598567443537     0.795678222225     -0.00553230193529     0.321950097018    0.321950097018
2018     CMS_bTagSF_M_corr     0.0358693908956     0.0348520606606     0.0456500014258     -0.0283620716601     0.272672891454    0.272672891454
2018     CMS_bTagSF_T_corr     9.10281579254     9.10281579254     9.10281579254     0.0     0.0    0.0
2018     CMS_bTagSF_T_corr     0.431566744188     0.431566744188     0.431566744188     0.0     0.0    0.0
2018     CMS_bTagSF_T_corr     0.601897321253     0.601897321253     0.601897321253     0.0     0.0    0.0
2018     CMS_bTagSF_T_corr     0.0358693908956     0.0358693908956     0.0358693908956     0.0     0.0    0.0
2018     CMS_jer     9.10281579254     9.10156752841     9.10475477171     -0.000137129450357     0.000213008722964    0.000213008722964
2018     CMS_jer     0.431566744188     0.430841616962     0.430752031724     -0.0016802203503     -0.00188780177215    0.00188780177215
2018     CMS_jer     0.601897321253     0.601584816578     0.597145373778     -0.000519199310252     -0.00789494703868    0.00789494703868
2018     CMS_jer     0.0358693908956     0.0362112818931     0.0361484470864     0.00953155291746     0.0077797861572    0.00953155291746
2018     CMS_jec     9.10281579254     9.13056384286     9.07924041875     0.00304829307283     -0.00258989902985    0.00304829307283
2018     CMS_jec     0.431566744188     0.430459241733     0.430873108572     -0.00256623678774     -0.00160724992182    0.00256623678774
2018     CMS_jec     0.601897321253     0.583691498449     0.61568412132     -0.0302473896469     0.0229055680771    0.0302473896469
2018     CMS_jec     0.0358693908956     0.0357199979555     0.0377113038425     -0.00416491432849     0.0513505498933    0.0513505498933
2018     CMS_bTagSF_bc_T_corr     9.10281579254     9.10281579254     9.10281579254     0.0     0.0    0.0
2018     CMS_bTagSF_bc_T_corr     0.431566744188     0.431566744188     0.431566744188     0.0     0.0    0.0
2018     CMS_bTagSF_bc_T_corr     0.601897321253     0.601897321253     0.601897321253     0.0     0.0    0.0
2018     CMS_bTagSF_bc_T_corr     0.0358693908956     0.0358693908956     0.0358693908956     0.0     0.0    0.0
2018     CMS_bTagSF_light_T_corr     9.10281579254     9.10281579254     9.10281579254     0.0     0.0    0.0
2018     CMS_bTagSF_light_T_corr     0.431566744188     0.431566744188     0.431566744188     0.0     0.0    0.0
2018     CMS_bTagSF_light_T_corr     0.601897321253     0.601897321253     0.601897321253     0.0     0.0    0.0
2018     CMS_bTagSF_light_T_corr     0.0358693908956     0.0358693908956     0.0358693908956     0.0     0.0    0.0
2018     CMS_bTagSF_bc_M_corr     9.10281579254     8.91924615504     9.26455651255     -0.0201662476409     0.0177682075194    0.0201662476409
2018     CMS_bTagSF_bc_M_corr     0.431566744188     0.311439874665     0.582614664865     -0.278350617004     0.349998980949    0.349998980949
2018     CMS_bTagSF_bc_M_corr     0.601897321253     0.583734777051     0.619048455324     -0.0301754860179     0.0284951161376    0.0301754860179
2018     CMS_bTagSF_bc_M_corr     0.0358693908956     0.0264501514173     0.047509615833     -0.262598255591     0.324516939005    0.324516939005
2018     CMS_bTagSF_light_M_corr     9.10281579254     9.47703935182     12.1781305819     0.0411107472469     0.33784214241    0.33784214241
2018     CMS_bTagSF_light_M_corr     0.431566744188     0.61840030354     0.447924252994     0.432919268846     0.0379026165159    0.432919268846
2018     CMS_bTagSF_light_M_corr     0.601897321253     0.607526286597     0.767944169009     0.00935203588052     0.275872382039    0.275872382039
2018     CMS_bTagSF_light_M_corr     0.0358693908956     0.047946825679     0.0351702001391     0.336705878795     -0.0194926855214    0.336705878795
2018     CMS_bTagSF_bc_T_year     9.10281579254     9.10281579254     9.10281579254     0.0     0.0    0.0
2018     CMS_bTagSF_bc_T_year     0.431566744188     0.431566744188     0.431566744188     0.0     0.0    0.0
2018     CMS_bTagSF_bc_T_year     0.601897321253     0.601897321253     0.601897321253     0.0     0.0    0.0
2018     CMS_bTagSF_bc_T_year     0.0358693908956     0.0358693908956     0.0358693908956     0.0     0.0    0.0
2018     CMS_bTagSF_light_T_year     9.10281579254     9.10281579254     9.10281579254     0.0     0.0    0.0
2018     CMS_bTagSF_light_T_year     0.431566744188     0.431566744188     0.431566744188     0.0     0.0    0.0
2018     CMS_bTagSF_light_T_year     0.601897321253     0.601897321253     0.601897321253     0.0     0.0    0.0
2018     CMS_bTagSF_light_T_year     0.0358693908956     0.0358693908956     0.0358693908956     0.0     0.0    0.0
2018     CMS_bTagSF_bc_M_year     9.10281579254     8.88987221619     9.28448551164     -0.0233931545142     0.0199575299819    0.0233931545142
2018     CMS_bTagSF_bc_M_year     0.431566744188     0.297175637325     0.605358592857     -0.311402833219     0.402699816446    0.402699816446
2018     CMS_bTagSF_bc_M_year     0.601897321253     0.581900146074     0.620181429324     -0.0332235656686     0.0303774538053    0.0332235656686
2018     CMS_bTagSF_bc_M_year     0.0358693908956     0.0255639289802     0.049019429933     -0.287305183001     0.366608930597    0.366608930597
2018     CMS_bTagSF_light_M_year     9.10281579254     9.27646594153     8.95177783626     0.0190765311466     -0.0165924434512    0.0190765311466
2018     CMS_bTagSF_light_M_year     0.431566744188     0.424744969403     0.439971631725     -0.015806998284     0.0194752900918    0.0194752900918
2018     CMS_bTagSF_light_M_year     0.601897321253     0.610333373638     0.591677583356     0.0140157666226     -0.0169792048173    0.0169792048173
2018     CMS_bTagSF_light_M_year     0.0358693908956     0.0350714480547     0.0366741736969     -0.0222457873128     0.0224364780442    0.0224364780442
2018     CMS_jer_eta193     9.10281579254     9.10155607286     9.10568337938     -0.000138387913238     0.000315021956179    0.000315021956179
2018     CMS_jer_eta193     0.431566744188     0.430850143115     0.430752554633     -0.00166046407194     -0.00188659011774    0.00188659011774
2018     CMS_jer_eta193     0.601897321253     0.601579320619     0.597144090918     -0.000528330368463     -0.00789707840002    0.00789707840002
2018     CMS_jer_eta193     0.0358693908956     0.0362112818931     0.0361484470864     0.00953155291746     0.0077797861572    0.00953155291746
2018     CMS_jer_193eta25     9.10281579254     9.10282717615     9.10188720635     1.25055905742e-06     -0.000102010872884    0.000102010872884
2018     CMS_jer_193eta25     0.431566744188     0.431558218035     0.431566221278     -1.97562783594e-05     -1.21165441491e-06    1.97562783594e-05
2018     CMS_jer_193eta25     0.601897321253     0.601902869857     0.601898603972     9.21852321634e-06     2.13112653058e-06    9.21852321634e-06
2018     CMS_jer_193eta25     0.0358693908956     0.0358693908956     0.0358693908956     0.0     0.0    0.0
2018     CMS_jec_FlavorQCD     9.10281579254     9.11162258544     9.09395308755     0.000967480074637     -0.000973622359556    0.000973622359556
2018     CMS_jec_FlavorQCD     0.431566744188     0.429936337616     0.430827682211     -0.00377787814675     -0.00171250909978    0.00377787814675
2018     CMS_jec_FlavorQCD     0.601897321253     0.5996122063     0.603546580598     -0.00379651955868     0.00274010082388    0.00379651955868
2018     CMS_jec_FlavorQCD     0.0358693908956     0.0367309876171     0.0358735708182     0.0240203889711     0.000116531742323    0.0240203889711
2018     CMS_jec_RelativeBal     9.10281579254     9.10421476439     9.09941265355     0.000153685615363     -0.000373855635693    0.000373855635693
2018     CMS_jec_RelativeBal     0.431566744188     0.43125005966     0.431226040929     -0.000733801972088     -0.000789456702716    0.000789456702716
2018     CMS_jec_RelativeBal     0.601897321253     0.601422815864     0.60175558629     -0.000788349394801     -0.000235480300778    0.000788349394801
2018     CMS_jec_RelativeBal     0.0358693908956     0.0358681459597     0.0358693908956     -3.47074737856e-05     0.0    3.47074737856e-05
2018     CMS_jec_Absolute     9.10281579254     9.12218394052     9.0909527189     0.00212770953794     -0.00130323120966    0.00212770953794
2018     CMS_jec_Absolute     0.431566744188     0.430523781752     0.430013691822     -0.00241668861132     -0.00359863772357    0.00359863772357
2018     CMS_jec_Absolute     0.601897321253     0.588573982582     0.608397595921     -0.0221355673134     0.0107996404682    0.0221355673134
2018     CMS_jec_Absolute     0.0358693908956     0.0357259731153     0.0358735708158     -0.0039983333082     0.000116531673469    0.0039983333082
2018     CMS_jec_BBEC1_year     9.10281579254     9.10306779994     9.10086122845     2.76845542977e-05     -0.000214720822066    0.000214720822066
2018     CMS_jec_BBEC1_year     0.431566744188     0.431275848892     0.431573945     -0.000674044745742     1.66852803232e-05    0.000674044745742
2018     CMS_jec_BBEC1_year     0.601897321253     0.602547694522     0.601995694697     0.0010805385682     0.000163438914416    0.0010805385682
2018     CMS_jec_BBEC1_year     0.0358693908956     0.0358693908956     0.0367363688208     0.0     0.0241704111378    0.0241704111378
2018     CMS_jec_Absolute_year     9.10281579254     9.11843255636     9.09319110824     0.00171559703862     -0.00105733044792    0.00171559703862
2018     CMS_jec_Absolute_year     0.431566744188     0.431258621781     0.430006614898     -0.000713962350016     -0.00361503593812    0.00361503593812
2018     CMS_jec_Absolute_year     0.601897321253     0.597187326883     0.606552287045     -0.00782524560716     0.00773382041726    0.00782524560716
2018     CMS_jec_Absolute_year     0.0358693908956     0.0357259731153     0.0358693908932     -0.0039983333082     -6.88534784743e-11    0.0039983333082
2018     CMS_jec_RelativeSample_year     9.10281579254     9.10992435056     9.09566804825     0.000780918584298     -0.000785223435668    0.000785223435668
2018     CMS_jec_RelativeSample_year     0.431566744188     0.43063926131     0.43055012073     -0.00214910645999     -0.00235565754604    0.00235565754604
2018     CMS_jec_RelativeSample_year     0.601897321253     0.599625315307     0.601686988456     -0.00377474008482     -0.000349449630093    0.00377474008482
2018     CMS_jec_RelativeSample_year     0.0358693908956     0.0357199979089     0.0380365247607     -0.00416491562979     0.0604173589516    0.0604173589516
2018     CMS_pu     9.10281579254     9.08079361661     9.10907702876     -0.00241927074342     0.000687835101294    0.00241927074342
2018     CMS_pu     0.431566744188     0.437306717227     0.426805387439     0.0133003136036     -0.0110327239375    0.0133003136036
2018     CMS_pu     0.601897321253     0.603641719426     0.601729134549     0.00289816570416     -0.000279427566405    0.00289816570416
2018     CMS_pu     0.0358693908956     0.0348121485167     0.036754463158     -0.0294747792633     0.0246748617783    0.0294747792633
2018     CMS_L1Prefiring     9.10281579254     9.09830289289     9.10652229814     -0.000495769633254     0.000407182313944    0.000495769633254
2018     CMS_L1Prefiring     0.431566744188     0.431390728263     0.431705673052     -0.000407853309596     0.000321917445786    0.000407853309596
2018     CMS_L1Prefiring     0.601897321253     0.601596788849     0.602151057938     -0.000499308424753     0.000421561413264    0.000499308424753
2018     CMS_L1Prefiring     0.0358693908956     0.0358584782437     0.0358788928625     -0.000304232987163     0.000264904605435    0.000304232987163
2018     CMS_pdf_sig     9.10281579254     9.44568555386     8.75994704992     0.0376663407388     -0.0376662288281    0.0376663407388
2018     CMS_pdf_sig     0.431566744188     0.448094998003     0.415038505063     0.0382982563829     -0.038298222344    0.0382982563829
2018     CMS_pdf_sig     0.601897321253     0.625012864276     0.578781783639     0.0384044623686     -0.0384044533796    0.0384044623686
2018     CMS_pdf_sig     0.0358693908956     0.037331388212     0.0344073933322     0.0407589111458     -0.0407589180342    0.0407589180342
2018     CMS_renorm_sig     9.10281579254     9.10281579254     9.10281579254     0.0     0.0    0.0
2018     CMS_renorm_sig     0.431566744188     0.431566744188     0.431566744188     0.0     0.0    0.0
2018     CMS_renorm_sig     0.601897321253     0.601897321253     0.601897321253     0.0     0.0    0.0
2018     CMS_renorm_sig     0.0358693908956     0.0358693908956     0.0358693908956     0.0     0.0    0.0
2018     CMS_fact_sig     9.10281579254     7.67993650948     10.9148703134     -0.156311993507     0.199065274102    0.199065274102
2018     CMS_fact_sig     0.431566744188     0.36473114229     0.516451208554     -0.154867358985     0.196689076509    0.196689076509
2018     CMS_fact_sig     0.601897321253     0.507588961936     0.722069107753     -0.15668512882     0.199654961498    0.199654961498
2018     CMS_fact_sig     0.0358693908956     0.0302737928649     0.0429867847367     -0.15599924869     0.198425277469    0.198425277469
2018     CMS_jec_AbsoluteCal     9.10281579254     9.1082982611     9.0981594671     0.000602282709972     -0.000511525834078    0.000602282709972
2018     CMS_jec_AbsoluteCal     0.431566744188     0.431274771217     0.430299512413     -0.000676541867221     -0.00293635177441    0.00293635177441
2018     CMS_jec_AbsoluteCal     0.601897321253     0.600715402894     0.604654877194     -0.00196365445852     0.00458143913242    0.00458143913242
2018     CMS_jec_AbsoluteCal     0.0358693908956     0.0357259731153     0.0358693908956     -0.0039983333082     0.0    0.0039983333082
2018     CMS_jec_AbsoluteTheory     9.10281579254     9.12218394052     9.0909527189     0.00212770953794     -0.00130323120966    0.00212770953794
2018     CMS_jec_AbsoluteTheory     0.431566744188     0.430523781752     0.430013691822     -0.00241668861132     -0.00359863772357    0.00359863772357
2018     CMS_jec_AbsoluteTheory     0.601897321253     0.588573982582     0.608397595921     -0.0221355673134     0.0107996404682    0.0221355673134
2018     CMS_jec_AbsoluteTheory     0.0358693908956     0.0357259731153     0.0358735708158     -0.0039983333082     0.000116531673469    0.0039983333082
2018     CMS_jec_AbsolutePU     9.10281579254     9.11238741209     9.09639150898     0.00105150096062     -0.000705746848606    0.00105150096062
2018     CMS_jec_AbsolutePU     0.431566744188     0.430541597827     0.429786178579     -0.00237540629612     -0.0041258174617    0.0041258174617
2018     CMS_jec_AbsolutePU     0.601897321253     0.598648716849     0.604812041158     -0.00539727340402     0.00484255337649    0.00539727340402
2018     CMS_jec_AbsolutePU     0.0358693908956     0.0357259731153     0.035869390853     -0.0039983333082     -1.18731080523e-09    0.0039983333082
2018     CMS_jec_AbsoluteScale     9.10281579254     9.12218394052     9.0909527189     0.00212770953794     -0.00130323120966    0.00212770953794
2018     CMS_jec_AbsoluteScale     0.431566744188     0.430523781752     0.430013691822     -0.00241668861132     -0.00359863772357    0.00359863772357
2018     CMS_jec_AbsoluteScale     0.601897321253     0.588573982582     0.608397595921     -0.0221355673134     0.0107996404682    0.0221355673134
2018     CMS_jec_AbsoluteScale     0.0358693908956     0.0357259731153     0.0358735708158     -0.0039983333082     0.000116531673469    0.0039983333082
2018     CMS_jec_Fragmentation     9.10281579254     9.1047660251     9.10122157424     0.000214244977276     -0.000175134632578    0.000214244977276
2018     CMS_jec_Fragmentation     0.431566744188     0.431271059894     0.431523450161     -0.000685141518174     -0.000100318266003    0.000685141518174
2018     CMS_jec_Fragmentation     0.601897321253     0.600607395243     0.602609766808     -0.00214309976879     0.00118366626676    0.00214309976879
2018     CMS_jec_Fragmentation     0.0358693908956     0.0358693909464     0.0358693908956     1.41528500031e-09     0.0    1.41528500031e-09
2018     CMS_jec_AbsoluteMPFBias     9.10281579254     9.12218394052     9.0909527189     0.00212770953794     -0.00130323120966    0.00212770953794
2018     CMS_jec_AbsoluteMPFBias     0.431566744188     0.430523781752     0.430013691822     -0.00241668861132     -0.00359863772357    0.00359863772357
2018     CMS_jec_AbsoluteMPFBias     0.601897321253     0.588573982582     0.608397595921     -0.0221355673134     0.0107996404682    0.0221355673134
2018     CMS_jec_AbsoluteMPFBias     0.0358693908956     0.0357259731153     0.0358735708158     -0.0039983333082     0.000116531673469    0.0039983333082
2018     CMS_jec_RelativeFSR     9.10281579254     9.1094421218     9.09867333243     0.000727942805177     -0.00045507458436    0.000727942805177
2018     CMS_jec_RelativeFSR     0.431566744188     0.431278742821     0.429763355543     -0.000667339110679     -0.00417870160024    0.00417870160024
2018     CMS_jec_RelativeFSR     0.601897321253     0.594960598108     0.607405321888     -0.0115247616159     0.00915106354634    0.0115247616159
2018     CMS_jec_RelativeFSR     0.0358693908956     0.0360678640726     0.0367363687782     0.0055332184908     0.0241704099505    0.0241704099505
2018     CMS_scale_sig     9.10281579254     10.9148703134     7.67993650948     0.199065274102     -0.156311993507    0.199065274102
2018     CMS_scale_sig     0.431566744188     0.516451208554     0.36473114229     0.196689076509     -0.154867358985    0.196689076509
2018     CMS_scale_sig     0.601897321253     0.722069107753     0.507588961936     0.199654961498     -0.15668512882    0.199654961498
2018     CMS_scale_sig     0.0358693908956     0.0429867847367     0.0302737928649     0.198425277469     -0.15599924869    0.198425277469
