year     NP_name     nom_yield     up_yield     down_yield     up_var     down_var    max_var
2015     CMS_bTagSF_M     1089.99203822     1135.8007479     1044.18332854     0.0420266461348     -0.0420266461348    0.0420266461348
2015     CMS_bTagSF_M     933.772787721     892.995791871     974.549783572     -0.0436690770889     0.0436690770889    0.0436690770889
2015     CMS_bTagSF_M     920.036245212     959.019548827     881.052941597     0.0423714867955     -0.0423714867955    0.0423714867955
2015     CMS_bTagSF_M     1010.59988784     968.670474493     1052.52930119     -0.0414896279455     0.0414896279455    0.0414896279455
2015     CMS_bTagSF_T     1089.99203822     1089.99203822     1089.99203822     0.0     0.0    0.0
2015     CMS_bTagSF_T     933.772787721     933.772787721     933.772787721     0.0     0.0    0.0
2015     CMS_bTagSF_T     920.036245212     920.036245212     920.036245212     0.0     0.0    0.0
2015     CMS_bTagSF_T     1010.59988784     1010.59988784     1010.59988784     0.0     0.0    0.0
2015     CMS_bTagSF_M_corr     1089.99203822     1161.16420858     1018.81986787     0.0652960460826     -0.0652960460826    0.0652960460826
2015     CMS_bTagSF_M_corr     933.772787721     864.401660701     1003.14391474     -0.0742912279436     0.0742912279436    0.0742912279436
2015     CMS_bTagSF_M_corr     920.036245212     976.939558858     863.132931566     0.0618489912133     -0.0618489912133    0.0618489912133
2015     CMS_bTagSF_M_corr     1010.59988784     943.794297255     1077.40547843     -0.0661048862064     0.0661048862064    0.0661048862064
2015     CMS_bTagSF_T_corr     1089.99203822     1089.99203822     1089.99203822     0.0     0.0    0.0
2015     CMS_bTagSF_T_corr     933.772787721     933.772787721     933.772787721     0.0     0.0    0.0
2015     CMS_bTagSF_T_corr     920.036245212     920.036245212     920.036245212     0.0     0.0    0.0
2015     CMS_bTagSF_T_corr     1010.59988784     1010.59988784     1010.59988784     0.0     0.0    0.0
2015     CMS_jer     1089.99203822     1096.15694855     1083.8271279     0.0056559223447     -0.0056559223447    0.0056559223447
2015     CMS_jer     933.772787721     937.934380676     929.611194767     0.00445675115931     -0.00445675115931    0.00445675115931
2015     CMS_jer     920.036245212     912.64858151     927.423908914     -0.00802975289354     0.00802975289354    0.00802975289354
2015     CMS_jer     1010.59988784     1014.09424186     1007.10553383     0.00345770275478     -0.00345770275478    0.00345770275478
2015     CMS_jec     1089.99203822     1178.44976385     1001.5343126     0.0811544695032     -0.0811544695032    0.0811544695032
2015     CMS_jec     933.772787721     1015.42077997     852.124795472     0.0874388216529     -0.0874388216529    0.0874388216529
2015     CMS_jec     920.036245212     982.221225216     857.851265208     0.0675897067404     -0.0675897067404    0.0675897067404
2015     CMS_jec     1010.59988784     1083.6109087     937.588866984     0.0722452295271     -0.0722452295271    0.0722452295271
2015     CMS_bTagSF_bc_T_corr     1089.99203822     1089.99203822     1089.99203822     0.0     0.0    0.0
2015     CMS_bTagSF_bc_T_corr     933.772787721     933.772787721     933.772787721     0.0     0.0    0.0
2015     CMS_bTagSF_bc_T_corr     920.036245212     920.036245212     920.036245212     0.0     0.0    0.0
2015     CMS_bTagSF_bc_T_corr     1010.59988784     1010.59988784     1010.59988784     0.0     0.0    0.0
2015     CMS_bTagSF_light_T_corr     1089.99203822     1089.99203822     1089.99203822     0.0     0.0    0.0
2015     CMS_bTagSF_light_T_corr     933.772787721     933.772787721     933.772787721     0.0     0.0    0.0
2015     CMS_bTagSF_light_T_corr     920.036245212     920.036245212     920.036245212     0.0     0.0    0.0
2015     CMS_bTagSF_light_T_corr     1010.59988784     1010.59988784     1010.59988784     0.0     0.0    0.0
2015     CMS_bTagSF_bc_M_corr     1089.99203822     1128.21763919     1051.76643725     0.0350696148494     -0.0350696148494    0.0350696148494
2015     CMS_bTagSF_bc_M_corr     933.772787721     900.94397905     966.601596393     -0.035157170034     0.035157170034    0.035157170034
2015     CMS_bTagSF_bc_M_corr     920.036245212     948.30643091     891.766059514     0.0307272521549     -0.0307272521549    0.0307272521549
2015     CMS_bTagSF_bc_M_corr     1010.59988784     979.42938272     1041.77039296     -0.0308435667732     0.0308435667732    0.0308435667732
2015     CMS_bTagSF_light_M_corr     1089.99203822     1123.49920295     1056.4848735     0.030740742638     -0.030740742638    0.030740742638
2015     CMS_bTagSF_light_M_corr     933.772787721     898.334689664     969.210885778     -0.0379515215296     0.0379515215296    0.0379515215296
2015     CMS_bTagSF_light_M_corr     920.036245212     947.285097277     892.787393147     0.0296171506358     -0.0296171506358    0.0296171506358
2015     CMS_bTagSF_light_M_corr     1010.59988784     975.287228662     1045.91254702     -0.0349422749839     0.0349422749839    0.0349422749839
2015     CMS_bTagSF_bc_T_year     1089.99203822     1089.99203822     1089.99203822     0.0     0.0    0.0
2015     CMS_bTagSF_bc_T_year     933.772787721     933.772787721     933.772787721     0.0     0.0    0.0
2015     CMS_bTagSF_bc_T_year     920.036245212     920.036245212     920.036245212     0.0     0.0    0.0
2015     CMS_bTagSF_bc_T_year     1010.59988784     1010.59988784     1010.59988784     0.0     0.0    0.0
2015     CMS_bTagSF_light_T_year     1089.99203822     1089.99203822     1089.99203822     0.0     0.0    0.0
2015     CMS_bTagSF_light_T_year     933.772787721     933.772787721     933.772787721     0.0     0.0    0.0
2015     CMS_bTagSF_light_T_year     920.036245212     920.036245212     920.036245212     0.0     0.0    0.0
2015     CMS_bTagSF_light_T_year     1010.59988784     1010.59988784     1010.59988784     0.0     0.0    0.0
2015     CMS_bTagSF_bc_M_year     1089.99203822     1114.58340979     1065.40066666     0.0225610561411     -0.0225610561411    0.0225610561411
2015     CMS_bTagSF_bc_M_year     933.772787721     912.598293531     954.947281912     -0.0226762810704     0.0226762810704    0.0226762810704
2015     CMS_bTagSF_bc_M_year     920.036245212     939.625898794     900.44659163     0.0212922628694     -0.0212922628694    0.0212922628694
2015     CMS_bTagSF_bc_M_year     1010.59988784     988.609652069     1032.59012361     -0.021759586595     0.021759586595    0.021759586595
2015     CMS_bTagSF_light_M_year     1089.99203822     1111.16213501     1068.82194144     0.019422249012     -0.019422249012    0.019422249012
2015     CMS_bTagSF_light_M_year     933.772787721     914.488050048     953.057525395     -0.020652494833     0.020652494833    0.020652494833
2015     CMS_bTagSF_light_M_year     920.036245212     939.423147946     900.649342478     0.0210718901941     -0.0210718901941    0.0210718901941
2015     CMS_bTagSF_light_M_year     1010.59988784     990.932737974     1030.26703771     -0.0194608668614     0.0194608668614    0.0194608668614
2015     CMS_jer_eta193     1089.99203822     1099.53872022     1080.44535623     0.00875848782734     -0.00875848782734    0.00875848782734
2015     CMS_jer_eta193     933.772787721     937.542156989     930.003418454     0.00403670926936     -0.00403670926936    0.00403670926936
2015     CMS_jer_eta193     920.036245212     915.36800497     924.704485454     -0.0050739742765     0.0050739742765    0.0050739742765
2015     CMS_jer_eta193     1010.59988784     1015.43407669     1005.765699     0.00478348444572     -0.00478348444571    0.00478348444572
2015     CMS_jer_193eta25     1089.99203822     1087.67982401     1092.30425243     -0.00212131293571     0.00212131293571    0.00212131293571
2015     CMS_jer_193eta25     933.772787721     932.407962639     935.137612804     -0.00146162439171     0.00146162439171    0.00146162439171
2015     CMS_jer_193eta25     920.036245212     918.796659181     921.275831243     -0.00134732304067     0.00134732304067    0.00134732304067
2015     CMS_jer_193eta25     1010.59988784     1008.82472771     1012.37504797     -0.00175654099533     0.00175654099533    0.00175654099533
2015     CMS_jec_FlavorQCD     1089.99203822     1121.42187166     1058.56220478     0.0288349201994     -0.0288349201994    0.0288349201994
2015     CMS_jec_FlavorQCD     933.772787721     956.400433544     911.145141899     0.024232496513     -0.024232496513    0.024232496513
2015     CMS_jec_FlavorQCD     920.036245212     936.119056715     903.953433709     0.0174806281673     -0.0174806281673    0.0174806281673
2015     CMS_jec_FlavorQCD     1010.59988784     1026.17088679     995.028888892     0.015407679277     -0.015407679277    0.015407679277
2015     CMS_jec_RelativeBal     1089.99203822     1114.29882947     1065.68524698     0.022299971371     -0.022299971371    0.022299971371
2015     CMS_jec_RelativeBal     933.772787721     956.521621179     911.023954264     0.0243622792998     -0.0243622792998    0.0243622792998
2015     CMS_jec_RelativeBal     920.036245212     935.49568991     904.576800514     0.0168030822465     -0.0168030822465    0.0168030822465
2015     CMS_jec_RelativeBal     1010.59988784     1034.26648173     986.933293952     0.0234183618797     -0.0234183618797    0.0234183618797
2015     CMS_jec_Absolute     1089.99203822     1132.46943769     1047.51463876     0.0389703759044     -0.0389703759044    0.0389703759044
2015     CMS_jec_Absolute     933.772787721     977.071440756     890.474134687     0.0463695811267     -0.0463695811267    0.0463695811267
2015     CMS_jec_Absolute     920.036245212     947.578036943     892.494453482     0.0299355507719     -0.0299355507719    0.0299355507719
2015     CMS_jec_Absolute     1010.59988784     1052.37915348     968.820622199     0.0413410550954     -0.0413410550954    0.0413410550954
2015     CMS_jec_BBEC1_year     1089.99203822     1095.60050423     1084.38357222     0.0051454192374     -0.0051454192374    0.0051454192374
2015     CMS_jec_BBEC1_year     933.772787721     940.060349031     927.485226412     0.00673350240245     -0.00673350240245    0.00673350240245
2015     CMS_jec_BBEC1_year     920.036245212     923.688823203     916.383667221     0.0039700370609     -0.0039700370609    0.0039700370609
2015     CMS_jec_BBEC1_year     1010.59988784     1020.39226244     1000.80751324     0.00968966523322     -0.00968966523322    0.00968966523322
2015     CMS_jec_Absolute_year     1089.99203822     1140.38235677     1039.60171967     0.0462299877265     -0.0462299877265    0.0462299877265
2015     CMS_jec_Absolute_year     933.772787721     985.184770723     882.36080472     0.0550583436112     -0.0550583436112    0.0550583436112
2015     CMS_jec_Absolute_year     920.036245212     965.662198911     874.410291513     0.0495914741799     -0.0495914741799    0.0495914741799
2015     CMS_jec_Absolute_year     1010.59988784     1055.39566028     965.804115398     0.0443259226346     -0.0443259226346    0.0443259226346
2015     CMS_jec_RelativeSample_year     1089.99203822     1124.20470599     1055.77937046     0.03138799786     -0.03138799786    0.03138799786
2015     CMS_jec_RelativeSample_year     933.772787721     971.46407754     896.081497903     0.0403645194145     -0.0403645194145    0.0403645194145
2015     CMS_jec_RelativeSample_year     920.036245212     942.928132708     897.144357716     0.024881506153     -0.024881506153    0.024881506153
2015     CMS_jec_RelativeSample_year     1010.59988784     1049.14999387     972.049781816     0.0381457651931     -0.0381457651931    0.0381457651931
2015     CMS_pu     1089.99203822     1105.06298416     1074.92109229     0.0138266568974     -0.0138266568974    0.0138266568974
2015     CMS_pu     933.772787721     920.750659559     946.794915884     -0.0139457139185     0.0139457139185    0.0139457139185
2015     CMS_pu     920.036245212     931.549179336     908.523311088     0.012513565834     -0.012513565834    0.012513565834
2015     CMS_pu     1010.59988784     995.6744924     1025.52528328     -0.0147688473158     0.0147688473158    0.0147688473158
2015     CMS_topPt     1089.99203822     1087.29892031     1089.99203822     -0.00247076842271     0.0    0.00247076842271
2015     CMS_topPt     933.772787721     933.609688319     933.772787721     -0.000174667118562     0.0    0.000174667118562
2015     CMS_topPt     920.036245212     919.498389125     920.036245212     -0.000584603150045     0.0    0.000584603150045
2015     CMS_topPt     1010.59988784     1010.56296354     1010.59988784     -3.653701325e-05     0.0    3.653701325e-05
2015     CMS_L1Prefiring     1089.99203822     1085.13664936     1094.64230072     -0.0044545177347     0.00426632703223    0.0044545177347
2015     CMS_L1Prefiring     933.772787721     929.855190425     937.552467554     -0.0041954502722     0.00404775110409    0.0041954502722
2015     CMS_L1Prefiring     920.036245212     916.064106201     923.846224218     -0.00431737231216     0.00414111838083    0.00431737231216
2015     CMS_L1Prefiring     1010.59988784     1006.44788654     1014.62638457     -0.00410845216753     0.00398426397343    0.00410845216753
2015     CMS_pdf_allBR     1089.99203822     1115.38990502     1065.14567418     0.0233009654285     -0.0227949959049    0.0233009654285
2015     CMS_pdf_allBR     933.772787721     952.303134832     915.743227683     0.0198445996219     -0.0193082945613    0.0198445996219
2015     CMS_pdf_allBR     920.036245212     939.468907499     900.837753637     0.021121626879     -0.0208671035241    0.021121626879
2015     CMS_pdf_allBR     1010.59988784     1027.76730616     993.432541123     0.0169873542656     -0.0169872834192    0.0169873542656
2015     CMS_renorm_allBR     1089.99203822     1009.58086445     1185.49615097     -0.0737722579229     0.0876190920629    0.0876190920629
2015     CMS_renorm_allBR     933.772787721     865.256545122     1014.42336915     -0.0733757114155     0.0863706701389    0.0863706701389
2015     CMS_renorm_allBR     920.036245212     853.6109191     998.022706688     -0.0721985970196     0.0847645534419    0.0847645534419
2015     CMS_renorm_allBR     1010.59988784     936.955857337     1097.16464068     -0.0728715997203     0.0856568003665    0.0856568003665
2015     CMS_fact_allBR     1089.99203822     941.494527924     1277.47234425     -0.136237243111     0.172001537126    0.172001537126
2015     CMS_fact_allBR     933.772787721     807.316316058     1093.75587531     -0.135425312589     0.171329781391    0.171329781391
2015     CMS_fact_allBR     920.036245212     798.420533721     1072.58745764     -0.132185783032     0.165810002834    0.165810002834
2015     CMS_fact_allBR     1010.59988784     877.622588221     1178.00282912     -0.13158253946     0.165647100592    0.165647100592
2015     CMS_jec_AbsoluteCal     1089.99203822     1095.83633082     1084.14774562     0.00536177549402     -0.00536177549402    0.00536177549402
2015     CMS_jec_AbsoluteCal     933.772787721     939.806137405     927.739438037     0.00646126098698     -0.00646126098698    0.00646126098698
2015     CMS_jec_AbsoluteCal     920.036245212     923.891305291     916.181185133     0.00419011761688     -0.00419011761688    0.00419011761688
2015     CMS_jec_AbsoluteCal     1010.59988784     1015.81523269     1005.38454299     0.00516064261485     -0.00516064261485    0.00516064261485
2015     CMS_jec_AbsoluteTheory     1089.99203822     1132.4768827     1047.50719375     0.0389772062431     -0.0389772062431    0.0389772062431
2015     CMS_jec_AbsoluteTheory     933.772787721     977.070592012     890.474983431     0.046368672186     -0.046368672186    0.046368672186
2015     CMS_jec_AbsoluteTheory     920.036245212     947.578458772     892.494031652     0.0299360092641     -0.0299360092641    0.0299360092641
2015     CMS_jec_AbsoluteTheory     1010.59988784     1052.38125548     968.8185202     0.0413431350466     -0.0413431350466    0.0413431350466
2015     CMS_jec_AbsolutePU     1089.99203822     1095.42865979     1084.55541666     0.00498776263633     -0.00498776263633    0.00498776263633
2015     CMS_jec_AbsolutePU     933.772787721     937.330569856     930.215005587     0.0038101154602     -0.0038101154602    0.0038101154602
2015     CMS_jec_AbsolutePU     920.036245212     922.814025362     917.258465062     0.00301920730228     -0.00301920730228    0.00301920730228
2015     CMS_jec_AbsolutePU     1010.59988784     1011.18841802     1010.01135766     0.00058235725574     -0.00058235725574    0.00058235725574
2015     CMS_jec_AbsoluteScale     1089.99203822     1132.4768827     1047.50719375     0.0389772062431     -0.0389772062431    0.0389772062431
2015     CMS_jec_AbsoluteScale     933.772787721     977.070592012     890.474983431     0.046368672186     -0.046368672186    0.046368672186
2015     CMS_jec_AbsoluteScale     920.036245212     947.578458772     892.494031652     0.0299360092641     -0.0299360092641    0.0299360092641
2015     CMS_jec_AbsoluteScale     1010.59988784     1052.38125548     968.8185202     0.0413431350466     -0.0413431350466    0.0413431350466
2015     CMS_jec_Fragmentation     1089.99203822     1094.62445664     1085.35961981     0.00424995619653     -0.00424995619653    0.00424995619653
2015     CMS_jec_Fragmentation     933.772787721     938.998448478     928.547126965     0.00559628726041     -0.00559628726041    0.00559628726041
2015     CMS_jec_Fragmentation     920.036245212     923.371436856     916.701053568     0.00362506549241     -0.00362506549241    0.00362506549241
2015     CMS_jec_Fragmentation     1010.59988784     1014.07802831     1007.12174737     0.00344165927126     -0.00344165927126    0.00344165927126
2015     CMS_jec_AbsoluteMPFBias     1089.99203822     1132.4768827     1047.50719375     0.0389772062431     -0.0389772062431    0.0389772062431
2015     CMS_jec_AbsoluteMPFBias     933.772787721     977.070592012     890.474983431     0.046368672186     -0.046368672186    0.046368672186
2015     CMS_jec_AbsoluteMPFBias     920.036245212     947.578458772     892.494031652     0.0299360092641     -0.0299360092641    0.0299360092641
2015     CMS_jec_AbsoluteMPFBias     1010.59988784     1052.38125548     968.8185202     0.0413431350466     -0.0413431350466    0.0413431350466
2015     CMS_jec_RelativeFSR     1089.99203822     1101.63028213     1078.35379432     0.0106773659794     -0.0106773659794    0.0106773659794
2015     CMS_jec_RelativeFSR     933.772787721     948.72794658     918.817628863     0.0160158435281     -0.0160158435281    0.0160158435281
2015     CMS_jec_RelativeFSR     920.036245212     929.750612455     910.321877969     0.0105586788491     -0.0105586788491    0.0105586788491
2015     CMS_jec_RelativeFSR     1010.59988784     1024.20979533     996.989980349     0.0134671571374     -0.0134671571374    0.0134671571374
2015     CMS_scale_allBR     1089.99203822     1390.30709438     871.250845903     0.275520412653     -0.200681458809    0.275520412653
2015     CMS_scale_allBR     933.772787721     1188.25461364     748.056176468     0.272530779722     -0.198888438061    0.272530779722
2015     CMS_scale_allBR     920.036245212     1164.53612748     740.369089201     0.265750271845     -0.195282693422    0.265750271845
2015     CMS_scale_allBR     1010.59988784     1278.91580725     813.669542104     0.265501631887     -0.194864800705    0.265501631887
2015     CMS_bTagSF_M     433.263752897     434.67367763     431.853828165     0.00325419498654     -0.00325419498654    0.00325419498654
2015     CMS_bTagSF_M     13.5574104846     8.01909106014     19.0957299091     -0.408508647781     0.408508647781    0.408508647781
2015     CMS_bTagSF_M     75.8079518138     79.3693457712     72.2465578563     0.0469791607906     -0.0469791607906    0.0469791607906
2015     CMS_bTagSF_M     3.5404755191     2.45918446765     4.62176657054     -0.305408424833     0.305408424833    0.305408424833
2015     CMS_bTagSF_T     433.263752897     433.263752897     433.263752897     0.0     0.0    0.0
2015     CMS_bTagSF_T     13.5574104846     13.5574104846     13.5574104846     0.0     0.0    0.0
2015     CMS_bTagSF_T     75.8079518138     75.8079518138     75.8079518138     0.0     0.0    0.0
2015     CMS_bTagSF_T     3.5404755191     3.5404755191     3.5404755191     0.0     0.0    0.0
2015     CMS_bTagSF_M_corr     433.263752897     440.799170349     425.728335445     0.0173922175616     -0.0173922175616    0.0173922175616
2015     CMS_bTagSF_M_corr     13.5574104846     5.85489327281     21.2599276965     -0.568140739012     0.568140739012    0.568140739012
2015     CMS_bTagSF_M_corr     75.8079518138     83.3778232118     68.2380804157     0.0998559018797     -0.0998559018797    0.0998559018797
2015     CMS_bTagSF_M_corr     3.5404755191     2.18848424764     4.89246679055     -0.381867143033     0.381867143033    0.381867143033
2015     CMS_bTagSF_T_corr     433.263752897     433.263752897     433.263752897     0.0     0.0    0.0
2015     CMS_bTagSF_T_corr     13.5574104846     13.5574104846     13.5574104846     0.0     0.0    0.0
2015     CMS_bTagSF_T_corr     75.8079518138     75.8079518138     75.8079518138     0.0     0.0    0.0
2015     CMS_bTagSF_T_corr     3.5404755191     3.5404755191     3.5404755191     0.0     0.0    0.0
2015     CMS_jer     433.263752897     435.819538839     430.707966955     0.00589891474816     -0.00589891474816    0.00589891474816
2015     CMS_jer     13.5574104846     13.4479700994     13.8385826484     -0.00807236642819     0.0207393708481    0.0207393708481
2015     CMS_jer     75.8079518138     82.0155065671     69.6121959627     0.0818852719914     -0.0817296299772    0.0818852719914
2015     CMS_jer     3.5404755191     4.56349558049     2.63799177818     0.288949904009     -0.254904669176    0.288949904009
2015     CMS_jec     433.263752897     459.796161375     407.518348172     0.0612384680244     -0.0594220138496    0.0612384680244
2015     CMS_jec     13.5574104846     14.5068180708     13.0135652196     0.0700286818936     -0.0401142434712    0.0700286818936
2015     CMS_jec     75.8079518138     77.7427710843     74.2262841364     0.0255226427342     -0.0208641394401    0.0255226427342
2015     CMS_jec     3.5404755191     3.55490774025     3.60773871148     0.00407635106432     0.0189983498037    0.0189983498037
2015     CMS_bTagSF_bc_T_corr     433.263752897     433.263752897     433.263752897     0.0     0.0    0.0
2015     CMS_bTagSF_bc_T_corr     13.5574104846     13.5574104846     13.5574104846     0.0     0.0    0.0
2015     CMS_bTagSF_bc_T_corr     75.8079518138     75.8079518138     75.8079518138     0.0     0.0    0.0
2015     CMS_bTagSF_bc_T_corr     3.5404755191     3.5404755191     3.5404755191     0.0     0.0    0.0
2015     CMS_bTagSF_light_T_corr     433.263752897     433.263752897     433.263752897     0.0     0.0    0.0
2015     CMS_bTagSF_light_T_corr     13.5574104846     13.5574104846     13.5574104846     0.0     0.0    0.0
2015     CMS_bTagSF_light_T_corr     75.8079518138     75.8079518138     75.8079518138     0.0     0.0    0.0
2015     CMS_bTagSF_light_T_corr     3.5404755191     3.5404755191     3.5404755191     0.0     0.0    0.0
2015     CMS_bTagSF_bc_M_corr     433.263752897     436.404525572     430.122980222     0.00724910093135     -0.00724910093135    0.00724910093135
2015     CMS_bTagSF_bc_M_corr     13.5574104846     5.87248765486     21.2423333144     -0.56684297038     0.56684297038    0.56684297038
2015     CMS_bTagSF_bc_M_corr     75.8079518138     81.9836630689     69.6322405586     0.0814652171365     -0.0814652171365    0.0814652171365
2015     CMS_bTagSF_bc_M_corr     3.5404755191     2.00408492915     5.07686610905     -0.433950349795     0.433950349795    0.433950349795
2015     CMS_bTagSF_light_M_corr     433.263752897     431.579081877     434.948423917     -0.00388832670412     0.00388832670412    0.00388832670412
2015     CMS_bTagSF_light_M_corr     13.5574104846     13.5555891227     13.5592318465     -0.000134344378922     0.000134344378922    0.000134344378922
2015     CMS_bTagSF_light_M_corr     75.8079518138     74.6825162016     76.933387426     -0.0148458781075     0.0148458781075    0.0148458781075
2015     CMS_bTagSF_light_M_corr     3.5404755191     3.69562720395     3.38532383424     0.04382227303     -0.04382227303    0.04382227303
2015     CMS_bTagSF_bc_T_year     433.263752897     433.263752897     433.263752897     0.0     0.0    0.0
2015     CMS_bTagSF_bc_T_year     13.5574104846     13.5574104846     13.5574104846     0.0     0.0    0.0
2015     CMS_bTagSF_bc_T_year     75.8079518138     75.8079518138     75.8079518138     0.0     0.0    0.0
2015     CMS_bTagSF_bc_T_year     3.5404755191     3.5404755191     3.5404755191     0.0     0.0    0.0
2015     CMS_bTagSF_light_T_year     433.263752897     433.263752897     433.263752897     0.0     0.0    0.0
2015     CMS_bTagSF_light_T_year     13.5574104846     13.5574104846     13.5574104846     0.0     0.0    0.0
2015     CMS_bTagSF_light_T_year     75.8079518138     75.8079518138     75.8079518138     0.0     0.0    0.0
2015     CMS_bTagSF_light_T_year     3.5404755191     3.5404755191     3.5404755191     0.0     0.0    0.0
2015     CMS_bTagSF_bc_M_year     433.263752897     434.195985524     432.33152027     0.00215165155448     -0.00215165155448    0.00215165155448
2015     CMS_bTagSF_bc_M_year     13.5574104846     8.28048301019     18.8343379591     -0.38922827338     0.38922827338    0.38922827338
2015     CMS_bTagSF_bc_M_year     75.8079518138     76.8171875495     74.798716078     0.0133130590077     -0.0133130590077    0.0133130590077
2015     CMS_bTagSF_bc_M_year     3.5404755191     2.54081298426     4.54013805394     -0.282352618863     0.282352618863    0.282352618863
2015     CMS_bTagSF_light_M_year     433.263752897     431.470350416     435.057687796     -0.00413928575583     0.00414051460997    0.00414051460997
2015     CMS_bTagSF_light_M_year     13.5574104846     13.2785347584     13.8362862108     -0.0205699846981     0.0205699846981    0.0205699846981
2015     CMS_bTagSF_light_M_year     75.8079518138     75.8987859026     75.7171177249     0.00119821320473     -0.00119821320473    0.00119821320473
2015     CMS_bTagSF_light_M_year     3.5404755191     3.47259101931     3.60836001889     -0.0191738367982     0.0191738367982    0.0191738367982
2015     CMS_jer_eta193     433.263752897     435.755750409     430.771755385     0.00575168703867     -0.00575168703867    0.00575168703867
2015     CMS_jer_eta193     13.5574104846     13.4967297857     13.7898229621     -0.00447583253168     0.0171428369516    0.0171428369516
2015     CMS_jer_eta193     75.8079518138     79.9251067167     71.7025958132     0.0543103303069     -0.0541546882927    0.0543103303069
2015     CMS_jer_eta193     3.5404755191     4.56349558049     2.63799177818     0.288949904009     -0.254904669176    0.288949904009
2015     CMS_jer_193eta25     433.263752897     430.724423232     435.803082562     -0.0058609326268     0.0058609326268    0.0058609326268
2015     CMS_jer_193eta25     13.5574104846     13.4776725034     13.6371484658     -0.00588150527043     0.00588150527043    0.00588150527043
2015     CMS_jer_193eta25     75.8079518138     75.7665622463     75.8493413812     -0.000545979233502     0.000545979233503    0.000545979233503
2015     CMS_jer_193eta25     3.5404755191     3.5404755191     3.5404755191     0.0     0.0    0.0
2015     CMS_jec_FlavorQCD     433.263752897     437.535311998     429.172787798     0.00985902714488     -0.00944220482707    0.00985902714488
2015     CMS_jec_FlavorQCD     13.5574104846     13.7646414941     13.3501794752     0.0152854418373     -0.0152854418373    0.0152854418373
2015     CMS_jec_FlavorQCD     75.8079518138     82.7608481997     68.8668543302     0.0917172436343     -0.09156160162    0.0917172436343
2015     CMS_jec_FlavorQCD     3.5404755191     3.39116831934     3.68978271886     -0.0421715102834     0.0421715102834    0.0421715102834
2015     CMS_jec_RelativeBal     433.263752897     437.25631343     429.425539768     0.00921508089797     -0.00885883737943    0.00921508089797
2015     CMS_jec_RelativeBal     13.5574104846     13.8603581932     13.254462776     0.0223455437131     -0.0223455437131    0.0223455437131
2015     CMS_jec_RelativeBal     75.8079518138     74.8732350182     76.7689725913     -0.0123300626539     0.0126770444867    0.0126770444867
2015     CMS_jec_RelativeBal     3.5404755191     4.52462825264     2.63801819908     0.277971907513     -0.254897206645    0.277971907513
2015     CMS_jec_Absolute     433.263752897     426.414349741     440.377209658     -0.0158088534072     0.0164183057403    0.0164183057403
2015     CMS_jec_Absolute     13.5574104846     14.9441131972     12.4374579743     0.102283744682     -0.082608143467    0.102283744682
2015     CMS_jec_Absolute     75.8079518138     74.0448764282     77.63218729     -0.0232571299365     0.024063906656    0.024063906656
2015     CMS_jec_Absolute     3.5404755191     3.47052679922     3.69211965251     -0.0197568714989     0.0428315723668    0.0428315723668
2015     CMS_jec_BBEC1_year     433.263752897     433.094024867     433.433480927     -0.000391742971985     0.000391742971985    0.000391742971985
2015     CMS_jec_BBEC1_year     13.5574104846     13.4425724532     13.6722485161     -0.00847049896438     0.00847049896438    0.00847049896438
2015     CMS_jec_BBEC1_year     75.8079518138     80.7166176572     70.8992859704     0.064751331832     -0.064751331832    0.064751331832
2015     CMS_jec_BBEC1_year     3.5404755191     3.54010774185     3.54084329634     -0.000103877922912     0.000103877922912    0.000103877922912
2015     CMS_jec_Absolute_year     433.263752897     428.017354807     438.774204592     -0.0121090168639     0.0127184691971    0.0127184691971
2015     CMS_jec_Absolute_year     13.5574104846     15.5891673625     11.792403809     0.149863196967     -0.130187595753    0.149863196967
2015     CMS_jec_Absolute_year     75.8079518138     71.6387710247     80.0382926935     -0.0549966156493     0.0558033923688    0.0558033923688
2015     CMS_jec_Absolute_year     3.5404755191     3.62148235695     3.54116409478     0.0228802140878     0.000194486780207    0.0228802140878
2015     CMS_jec_RelativeSample_year     433.263752897     443.748080908     423.043478491     0.0241984886596     -0.0235890363265    0.0241984886596
2015     CMS_jec_RelativeSample_year     13.5574104846     14.310970169     12.8038508002     0.0555828626178     -0.0555828626178    0.0555828626178
2015     CMS_jec_RelativeSample_year     75.8079518138     86.2887858184     65.3442976124     0.138255074222     -0.138028451515    0.138255074222
2015     CMS_jec_RelativeSample_year     3.5404755191     3.53476346177     3.62788298996     -0.00161335879732     0.0246880596653    0.0246880596653
2015     CMS_pu     433.263752897     430.038632477     436.488873317     -0.00744378083403     0.00744378083403    0.00744378083403
2015     CMS_pu     13.5574104846     14.4384189193     12.67640205     0.0649835332228     -0.0649835332228    0.0649835332228
2015     CMS_pu     75.8079518138     75.2369891285     76.378914499     -0.00753169913666     0.00753169913666    0.00753169913666
2015     CMS_pu     3.5404755191     3.57234323109     3.50860780711     0.00900096945113     -0.00900096945114    0.00900096945114
2015     CMS_L1Prefiring     433.263752897     431.98936712     434.415799796     -0.00294136254916     0.00265899672209    0.00294136254916
2015     CMS_L1Prefiring     13.5574104846     13.5267046082     13.5837889021     -0.00226487768169     0.00194568258493    0.00226487768169
2015     CMS_L1Prefiring     75.8079518138     75.4611610791     76.1315049416     -0.00457459575563     0.00426806317918    0.00457459575563
2015     CMS_L1Prefiring     3.5404755191     3.49950352011     3.5804958924     -0.0115724565146     0.0113036718041    0.0115724565146
2015     CMS_pdf_sig     433.263752897     435.344180548     431.18333909     0.00480175790537     -0.00480172595276    0.00480175790537
2015     CMS_pdf_sig     13.5574104846     13.6299179639     13.4849025695     0.00534818056303     -0.00534821271469    0.00534821271469
2015     CMS_pdf_sig     75.8079518138     76.2079739564     75.4079310047     0.00527678341157     -0.00527676582067    0.00527678341157
2015     CMS_pdf_sig     3.5404755191     3.55965001747     3.52130116085     0.00541579747261     -0.00541575789517    0.00541579747261
2015     CMS_renorm_sig     433.263752897     433.263752897     433.263752897     0.0     0.0    0.0
2015     CMS_renorm_sig     13.5574104846     13.5574104846     13.5574104846     0.0     0.0    0.0
2015     CMS_renorm_sig     75.8079518138     75.8079518138     75.8079518138     0.0     0.0    0.0
2015     CMS_renorm_sig     3.5404755191     3.5404755191     3.5404755191     0.0     0.0    0.0
2015     CMS_fact_sig     433.263752897     391.671782627     482.508691128     -0.0959968840966     0.113660415628    0.113660415628
2015     CMS_fact_sig     13.5574104846     12.2632997418     15.087921943     -0.0954541240992     0.112891135078    0.112891135078
2015     CMS_fact_sig     75.8079518138     68.4441534331     84.5425896546     -0.0971375456595     0.115220601953    0.115220601953
2015     CMS_fact_sig     3.5404755191     3.19750027675     3.94709150223     -0.0968726490256     0.114847844855    0.114847844855
2015     CMS_jec_AbsoluteCal     433.263752897     431.603859204     434.985672456     -0.00383113907445     0.00397429867495    0.00397429867495
2015     CMS_jec_AbsoluteCal     13.5574104846     14.1904137573     12.9547502165     0.0466905736489     -0.0444524615384    0.0466905736489
2015     CMS_jec_AbsoluteCal     75.8079518138     86.305474167     65.3104294605     0.138475214039     -0.138475214039    0.138475214039
2015     CMS_jec_AbsoluteCal     3.5404755191     2.98833473853     4.1743117132     -0.155951023413     0.179025724281    0.179025724281
2015     CMS_jec_AbsoluteTheory     433.263752897     426.414351445     440.377207955     -0.0158088494748     0.016418301808    0.016418301808
2015     CMS_jec_AbsoluteTheory     13.5574104846     14.9441131972     12.4374579743     0.102283744682     -0.082608143467    0.102283744682
2015     CMS_jec_AbsoluteTheory     75.8079518138     74.0448749308     77.6321887874     -0.0232571496896     0.0240639264091    0.0240639264091
2015     CMS_jec_AbsoluteTheory     3.5404755191     3.47052679922     3.69211965251     -0.0197568714989     0.0428315723668    0.0428315723668
2015     CMS_jec_AbsolutePU     433.263752897     433.934647976     432.592857818     0.00154846805087     -0.00154846805087    0.00154846805087
2015     CMS_jec_AbsolutePU     13.5574104846     13.4211485613     13.693672408     -0.0100507337654     0.0100507337654    0.0100507337654
2015     CMS_jec_AbsolutePU     75.8079518138     79.9153882961     71.7005153315     0.054182132402     -0.054182132402    0.054182132402
2015     CMS_jec_AbsolutePU     3.5404755191     3.53944256511     3.54150847309     -0.000291755722073     0.000291755722073    0.000291755722073
2015     CMS_jec_AbsoluteScale     433.263752897     426.414351445     440.377207955     -0.0158088494748     0.016418301808    0.016418301808
2015     CMS_jec_AbsoluteScale     13.5574104846     14.9441131972     12.4374579743     0.102283744682     -0.082608143467    0.102283744682
2015     CMS_jec_AbsoluteScale     75.8079518138     74.0448749308     77.6321887874     -0.0232571496896     0.0240639264091    0.0240639264091
2015     CMS_jec_AbsoluteScale     3.5404755191     3.47052679922     3.69211965251     -0.0197568714989     0.0428315723668    0.0428315723668
2015     CMS_jec_Fragmentation     433.263752897     432.198012167     434.391519493     -0.00245979665455     0.00260295625505    0.00260295625505
2015     CMS_jec_Fragmentation     13.5574104846     13.9564760661     13.1886879078     0.0294352363175     -0.0271971242069    0.0294352363175
2015     CMS_jec_Fragmentation     75.8079518138     82.6401722206     68.975731407     0.0901253792423     -0.0901253792423    0.0901253792423
2015     CMS_jec_Fragmentation     3.5404755191     2.94834327083     4.17394393596     -0.16724653089     0.178921846358    0.178921846358
2015     CMS_jec_AbsoluteMPFBias     433.263752897     426.414349741     440.377209658     -0.0158088534072     0.0164183057403    0.0164183057403
2015     CMS_jec_AbsoluteMPFBias     13.5574104846     14.9441131972     12.4374579743     0.102283744682     -0.082608143467    0.102283744682
2015     CMS_jec_AbsoluteMPFBias     75.8079518138     74.0448764282     77.63218729     -0.0232571299365     0.024063906656    0.024063906656
2015     CMS_jec_AbsoluteMPFBias     3.5404755191     3.47052679922     3.69211965251     -0.0197568714989     0.0428315723668    0.0428315723668
2015     CMS_jec_RelativeFSR     433.263752897     432.293159444     434.414940352     -0.00224019075368     0.00265701307149    0.00265701307149
2015     CMS_jec_RelativeFSR     13.5574104846     13.9774130242     13.1374079451     0.0309795546871     -0.0309795546871    0.0309795546871
2015     CMS_jec_RelativeFSR     75.8079518138     73.6011576774     78.0641071385     -0.0291103252832     0.0297614599885    0.0297614599885
2015     CMS_jec_RelativeFSR     3.5404755191     3.03970527545     4.12294117627     -0.141441521327     0.164516222195    0.164516222195
2015     CMS_scale_sig     433.263752897     482.508691128     391.671782627     0.113660415628     -0.0959968840966    0.113660415628
2015     CMS_scale_sig     13.5574104846     15.087921943     12.2632997418     0.112891135078     -0.0954541240992    0.112891135078
2015     CMS_scale_sig     75.8079518138     84.5425896546     68.4441534331     0.115220601953     -0.0971375456595    0.115220601953
2015     CMS_scale_sig     3.5404755191     3.94709150223     3.19750027675     0.114847844855     -0.0968726490256    0.114847844855
2015     CMS_bTagSF_M     1030.50520477     1074.5199917     986.490417846     0.0427118531013     -0.0427118531013    0.0427118531013
2015     CMS_bTagSF_M     908.497437329     869.579793502     947.415081156     -0.0428373732584     0.0428373732584    0.0428373732584
2015     CMS_bTagSF_M     891.305763937     931.908470637     850.703057236     0.0455541839214     -0.0455541839214    0.0455541839214
2015     CMS_bTagSF_M     985.900183759     942.719729159     1029.08063836     -0.0437979983282     0.0437979983282    0.0437979983282
2015     CMS_bTagSF_T     1030.50520477     1030.50520477     1030.50520477     0.0     0.0    0.0
2015     CMS_bTagSF_T     908.497437329     908.497437329     908.497437329     0.0     0.0    0.0
2015     CMS_bTagSF_T     891.305763937     891.305763937     891.305763937     0.0     0.0    0.0
2015     CMS_bTagSF_T     985.900183759     985.900183759     985.900183759     0.0     0.0    0.0
2015     CMS_bTagSF_M_corr     1030.50520477     1098.74634779     962.264061756     0.066221056139     -0.066221056139    0.066221056139
2015     CMS_bTagSF_M_corr     908.497437329     842.07928785     974.915586808     -0.0731076905122     0.0731076905122    0.0731076905122
2015     CMS_bTagSF_M_corr     891.305763937     950.038815213     832.572712661     0.0658955138097     -0.0658955138097    0.0658955138097
2015     CMS_bTagSF_M_corr     985.900183759     917.293585888     1054.50678163     -0.0695877726784     0.0695877726784    0.0695877726784
2015     CMS_bTagSF_T_corr     1030.50520477     1030.50520477     1030.50520477     0.0     0.0    0.0
2015     CMS_bTagSF_T_corr     908.497437329     908.497437329     908.497437329     0.0     0.0    0.0
2015     CMS_bTagSF_T_corr     891.305763937     891.305763937     891.305763937     0.0     0.0    0.0
2015     CMS_bTagSF_T_corr     985.900183759     985.900183759     985.900183759     0.0     0.0    0.0
2015     CMS_jer     1030.50520477     1036.12049277     1024.88991678     0.00544906320617     -0.00544906320617    0.00544906320617
2015     CMS_jer     908.497437329     911.747778307     905.247096351     0.00357771067303     -0.00357771067303    0.00357771067303
2015     CMS_jer     891.305763937     885.209273368     897.402254506     -0.00683995416092     0.00683995416092    0.00683995416092
2015     CMS_jer     985.900183759     989.27054858     982.529818939     0.00341856597245     -0.00341856597245    0.00341856597245
2015     CMS_jec     1030.50520477     1115.61114014     945.399269405     0.0825866138016     -0.0825866138016    0.0825866138016
2015     CMS_jec     908.497437329     988.866966077     828.127908581     0.0884642327497     -0.0884642327497    0.0884642327497
2015     CMS_jec     891.305763937     952.448393234     830.163134639     0.0685989385141     -0.0685989385141    0.0685989385141
2015     CMS_jec     985.900183759     1057.31840425     914.481963265     0.0724396056217     -0.0724396056217    0.0724396056217
2015     CMS_bTagSF_bc_T_corr     1030.50520477     1030.50520477     1030.50520477     0.0     0.0    0.0
2015     CMS_bTagSF_bc_T_corr     908.497437329     908.497437329     908.497437329     0.0     0.0    0.0
2015     CMS_bTagSF_bc_T_corr     891.305763937     891.305763937     891.305763937     0.0     0.0    0.0
2015     CMS_bTagSF_bc_T_corr     985.900183759     985.900183759     985.900183759     0.0     0.0    0.0
2015     CMS_bTagSF_light_T_corr     1030.50520477     1030.50520477     1030.50520477     0.0     0.0    0.0
2015     CMS_bTagSF_light_T_corr     908.497437329     908.497437329     908.497437329     0.0     0.0    0.0
2015     CMS_bTagSF_light_T_corr     891.305763937     891.305763937     891.305763937     0.0     0.0    0.0
2015     CMS_bTagSF_light_T_corr     985.900183759     985.900183759     985.900183759     0.0     0.0    0.0
2015     CMS_bTagSF_bc_M_corr     1030.50520477     1066.53755616     994.472853382     0.0349657150916     -0.0349657150916    0.0349657150916
2015     CMS_bTagSF_bc_M_corr     908.497437329     877.594406952     939.400467706     -0.0340155394028     0.0340155394028    0.0340155394028
2015     CMS_bTagSF_bc_M_corr     891.305763937     920.870831132     861.740696741     0.0331705104935     -0.0331705104935    0.0331705104935
2015     CMS_bTagSF_bc_M_corr     985.900183759     953.794184568     1018.00618295     -0.0325651619912     0.0325651619912    0.0325651619912
2015     CMS_bTagSF_light_M_corr     1030.50520477     1063.0658536     997.94455595     0.0315967825025     -0.0315967825025    0.0315967825025
2015     CMS_bTagSF_light_M_corr     908.497437329     874.056691533     942.938183125     -0.0379095684594     0.0379095684594    0.0379095684594
2015     CMS_bTagSF_light_M_corr     891.305763937     919.985281838     862.626246036     0.0321769689613     -0.0321769689613    0.0321769689613
2015     CMS_bTagSF_light_M_corr     985.900183759     950.167382649     1021.63298487     -0.0362438324882     0.0362438324882    0.0362438324882
2015     CMS_bTagSF_bc_T_year     1030.50520477     1030.50520477     1030.50520477     0.0     0.0    0.0
2015     CMS_bTagSF_bc_T_year     908.497437329     908.497437329     908.497437329     0.0     0.0    0.0
2015     CMS_bTagSF_bc_T_year     891.305763937     891.305763937     891.305763937     0.0     0.0    0.0
2015     CMS_bTagSF_bc_T_year     985.900183759     985.900183759     985.900183759     0.0     0.0    0.0
2015     CMS_bTagSF_light_T_year     1030.50520477     1030.50520477     1030.50520477     0.0     0.0    0.0
2015     CMS_bTagSF_light_T_year     908.497437329     908.497437329     908.497437329     0.0     0.0    0.0
2015     CMS_bTagSF_light_T_year     891.305763937     891.305763937     891.305763937     0.0     0.0    0.0
2015     CMS_bTagSF_light_T_year     985.900183759     985.900183759     985.900183759     0.0     0.0    0.0
2015     CMS_bTagSF_bc_M_year     1030.50520477     1053.77566868     1007.23474086     0.0225816073529     -0.0225816073529    0.0225816073529
2015     CMS_bTagSF_bc_M_year     908.497437329     888.585485597     928.409389062     -0.0219174550354     0.0219174550354    0.0219174550354
2015     CMS_bTagSF_bc_M_year     891.305763937     911.963298938     870.648228936     0.0231767097633     -0.0231767097633    0.0231767097633
2015     CMS_bTagSF_bc_M_year     985.900183759     963.174845191     1008.62552233     -0.023050344185     0.023050344185    0.023050344185
2015     CMS_bTagSF_light_M_year     1030.50520477     1051.03071038     1009.97969917     0.0199179058103     -0.0199179058103    0.0199179058103
2015     CMS_bTagSF_light_M_year     908.497437329     889.788413572     927.206461086     -0.0205933698745     0.0205933698745    0.0205933698745
2015     CMS_bTagSF_light_M_year     891.305763937     911.199494916     871.412032957     0.0223197602715     -0.0223197602715    0.0223197602715
2015     CMS_bTagSF_light_M_year     985.900183759     965.744965575     1006.05540194     -0.0204434673169     0.0204434673169    0.0204434673169
2015     CMS_jer_eta193     1030.50520477     1038.94528712     1022.06512242     0.00819023747818     -0.00819023747818    0.00819023747818
2015     CMS_jer_eta193     908.497437329     912.459815542     904.535059116     0.00436146328012     -0.00436146328012    0.00436146328012
2015     CMS_jer_eta193     891.305763937     886.998720016     895.612807858     -0.00483228550175     0.00483228550175    0.00483228550175
2015     CMS_jer_eta193     985.900183759     991.613618469     980.186749049     0.00579514519217     -0.00579514519217    0.00579514519217
2015     CMS_jer_193eta25     1030.50520477     1028.39797008     1032.61243947     -0.00204485594795     0.00204485594795    0.00204485594795
2015     CMS_jer_193eta25     908.497437329     907.038844303     909.956030355     -0.00160550042936     0.00160550042936    0.00160550042936
2015     CMS_jer_193eta25     891.305763937     889.841865428     892.769662446     -0.00164242010772     0.00164242010772    0.00164242010772
2015     CMS_jer_193eta25     985.900183759     984.514396394     987.285971124     -0.00140560615331     0.00140560615331    0.00140560615331
2015     CMS_jec_FlavorQCD     1030.50520477     1058.88559249     1002.12481706     0.0275402662527     -0.0275402662527    0.0275402662527
2015     CMS_jec_FlavorQCD     908.497437329     928.923180575     888.071694083     0.0224829948954     -0.0224829948954    0.0224829948954
2015     CMS_jec_FlavorQCD     891.305763937     907.036507238     875.575020635     0.01764909859     -0.01764909859    0.01764909859
2015     CMS_jec_FlavorQCD     985.900183759     1000.88341296     970.91695456     0.0151975113157     -0.0151975113157    0.0151975113157
2015     CMS_jec_RelativeBal     1030.50520477     1052.18241154     1008.827998     0.0210355141048     -0.0210355141048    0.0210355141048
2015     CMS_jec_RelativeBal     908.497437329     930.621735046     886.373139612     0.0243526253433     -0.0243526253433    0.0243526253433
2015     CMS_jec_RelativeBal     891.305763937     906.157840654     876.453687219     0.0166632791108     -0.0166632791108    0.0166632791108
2015     CMS_jec_RelativeBal     985.900183759     1009.4185461     962.381821416     0.0238547093616     -0.0238547093616    0.0238547093616
2015     CMS_jec_Absolute     1030.50520477     1070.97576049     990.034649054     0.0392725388779     -0.0392725388779    0.0392725388779
2015     CMS_jec_Absolute     908.497437329     951.043190556     865.951684102     0.0468309006485     -0.0468309006485    0.0468309006485
2015     CMS_jec_Absolute     891.305763937     918.176536853     864.43499102     0.0301476485442     -0.0301476485442    0.0301476485442
2015     CMS_jec_Absolute     985.900183759     1026.06570455     945.73466297     0.0407399465492     -0.0407399465492    0.0407399465492
2015     CMS_jec_BBEC1_year     1030.50520477     1036.53433427     1024.47607528     0.00585065409345     -0.00585065409345    0.00585065409345
2015     CMS_jec_BBEC1_year     908.497437329     914.359030106     902.635844552     0.00645196401877     -0.00645196401877    0.00645196401877
2015     CMS_jec_BBEC1_year     891.305763937     893.9702793     888.641248574     0.00298945151113     -0.00298945151113    0.00298945151113
2015     CMS_jec_BBEC1_year     985.900183759     995.383554453     976.416813065     0.00961899678092     -0.00961899678092    0.00961899678092
2015     CMS_jec_Absolute_year     1030.50520477     1081.71462235     979.295787191     0.0496935069751     -0.0496935069751    0.0496935069751
2015     CMS_jec_Absolute_year     908.497437329     959.013431786     857.981442872     0.0556038931775     -0.0556038931775    0.0556038931775
2015     CMS_jec_Absolute_year     891.305763937     936.006893055     846.604634819     0.0501524066448     -0.0501524066448    0.0501524066448
2015     CMS_jec_Absolute_year     985.900183759     1029.50516968     942.295197835     0.0442286010715     -0.0442286010715    0.0442286010715
2015     CMS_jec_RelativeSample_year     1030.50520477     1065.45688624     995.553523301     0.0339170353625     -0.0339170353625    0.0339170353625
2015     CMS_jec_RelativeSample_year     908.497437329     946.370263419     870.624611239     0.0416873229729     -0.0416873229729    0.0416873229729
2015     CMS_jec_RelativeSample_year     891.305763937     914.976181398     867.635346476     0.0265570115429     -0.0265570115429    0.0265570115429
2015     CMS_jec_RelativeSample_year     985.900183759     1023.02506186     948.775305662     0.0376558182145     -0.0376558182145    0.0376558182145
2015     CMS_pu     1030.50520477     1044.93250143     1016.07790811     0.01400021717     -0.01400021717    0.01400021717
2015     CMS_pu     908.497437329     896.083219131     920.911655527     -0.0136645605016     0.0136645605016    0.0136645605016
2015     CMS_pu     891.305763937     902.927991699     879.683536174     0.0130395518943     -0.0130395518943    0.0130395518943
2015     CMS_pu     985.900183759     969.803343305     1001.99702421     -0.0163270488423     0.0163270488423    0.0163270488423
2015     CMS_L1Prefiring     1030.50520477     1025.89887308     1034.92038718     -0.00446997421726     0.00428448336185    0.00446997421726
2015     CMS_L1Prefiring     908.497437329     904.668970554     912.191769064     -0.00421406447325     0.00406641954382    0.00421406447325
2015     CMS_L1Prefiring     891.305763937     887.502130558     894.951399904     -0.00426748432743     0.0040902192207    0.00426748432743
2015     CMS_L1Prefiring     985.900183759     981.844842749     989.833947076     -0.00411333832478     0.00399002189255    0.00411333832478
2015     CMS_pdf_QCD     1030.50520477     1054.11413443     1007.39680249     0.0229100537712     -0.0224243431082    0.0229100537712
2015     CMS_pdf_QCD     908.497437329     926.495028522     890.907356178     0.0198102828398     -0.0193617289693    0.0198102828398
2015     CMS_pdf_QCD     891.305763937     910.038960982     872.771334877     0.0210176998771     -0.0207946922482    0.0210176998771
2015     CMS_pdf_QCD     985.900183759     1002.65655678     969.143857581     0.0169960136906     -0.0169959661783    0.0169960136906
2015     CMS_renorm_QCD     1030.50520477     955.906686099     1118.02799963     -0.0723902395908     0.0849319289694    0.0849319289694
2015     CMS_renorm_QCD     908.497437329     842.236006549     986.340586029     -0.0729351873291     0.0856833993153    0.0856833993153
2015     CMS_renorm_QCD     891.305763937     826.830187326     966.935942444     -0.0723383368757     0.0848532361929    0.0848532361929
2015     CMS_renorm_QCD     985.900183759     914.179841058     1070.11052599     -0.0727460486194     0.0854146734278    0.0854146734278
2015     CMS_fact_QCD     1030.50520477     889.117831167     1209.69620383     -0.137201998545     0.173886554118    0.173886554118
2015     CMS_fact_QCD     908.497437329     784.997649439     1064.83688054     -0.135938509913     0.172085728354    0.172085728354
2015     CMS_fact_QCD     891.305763937     772.820456296     1040.57930756     -0.132934524195     0.167477368215    0.167477368215
2015     CMS_fact_QCD     985.900183759     855.825943134     1149.73066122     -0.131934492728     0.166173493181    0.166173493181
2015     CMS_jec_AbsoluteCal     1030.50520477     1036.63353004     1024.3768795     0.00594691345783     -0.00594691345783    0.00594691345783
2015     CMS_jec_AbsoluteCal     908.497437329     913.404070315     903.590804343     0.00540082204351     -0.00540082204351    0.00540082204351
2015     CMS_jec_AbsoluteCal     891.305763937     895.278059119     887.333468754     0.00445671434358     -0.00445671434358    0.00445671434358
2015     CMS_jec_AbsoluteCal     985.900183759     990.850791612     980.949575907     0.00502140879371     -0.00502140879371    0.00502140879371
2015     CMS_jec_AbsoluteTheory     1030.50520477     1070.97575709     990.034652459     0.0392725355735     -0.0392725355735    0.0392725355735
2015     CMS_jec_AbsoluteTheory     908.497437329     951.043192503     865.951682156     0.046830902791     -0.046830902791    0.046830902791
2015     CMS_jec_AbsoluteTheory     891.305763937     918.176546453     864.434981421     0.0301476593145     -0.0301476593145    0.0301476593145
2015     CMS_jec_AbsoluteTheory     985.900183759     1026.06572422     945.734643297     0.0407399665037     -0.0407399665037    0.0407399665037
2015     CMS_jec_AbsolutePU     1030.50520477     1035.94481238     1025.06559716     0.00527858334528     -0.00527858334528    0.00527858334528
2015     CMS_jec_AbsolutePU     908.497437329     912.057753388     904.937121271     0.00391890600038     -0.00391890600038    0.00391890600038
2015     CMS_jec_AbsolutePU     891.305763937     893.452336932     889.159190942     0.00240834636313     -0.00240834636313    0.00240834636313
2015     CMS_jec_AbsolutePU     985.900183759     986.683197217     985.117170302     0.000794211696444     -0.000794211696444    0.000794211696444
2015     CMS_jec_AbsoluteScale     1030.50520477     1070.97575709     990.034652459     0.0392725355735     -0.0392725355735    0.0392725355735
2015     CMS_jec_AbsoluteScale     908.497437329     951.043192503     865.951682156     0.046830902791     -0.046830902791    0.046830902791
2015     CMS_jec_AbsoluteScale     891.305763937     918.176546453     864.434981421     0.0301476593145     -0.0301476593145    0.0301476593145
2015     CMS_jec_AbsoluteScale     985.900183759     1026.06572422     945.734643297     0.0407399665037     -0.0407399665037    0.0407399665037
2015     CMS_jec_Fragmentation     1030.50520477     1035.29755882     1025.71285073     0.0046504898979     -0.0046504898979    0.0046504898979
2015     CMS_jec_Fragmentation     908.497437329     913.31813303     903.676741628     0.00530622927844     -0.00530622927844    0.00530622927844
2015     CMS_jec_Fragmentation     891.305763937     893.94070471     888.670823164     0.00295627031628     -0.00295627031628    0.00295627031628
2015     CMS_jec_Fragmentation     985.900183759     989.526529117     982.273838402     0.00367820740592     -0.00367820740592    0.00367820740592
2015     CMS_jec_AbsoluteMPFBias     1030.50520477     1070.97575709     990.034652459     0.0392725355735     -0.0392725355735    0.0392725355735
2015     CMS_jec_AbsoluteMPFBias     908.497437329     951.043192503     865.951682156     0.046830902791     -0.046830902791    0.046830902791
2015     CMS_jec_AbsoluteMPFBias     891.305763937     918.176546453     864.434981421     0.0301476593145     -0.0301476593145    0.0301476593145
2015     CMS_jec_AbsoluteMPFBias     985.900183759     1026.06572422     945.734643297     0.0407399665037     -0.0407399665037    0.0407399665037
2015     CMS_jec_RelativeFSR     1030.50520477     1042.52876168     1018.48164786     0.0116676333647     -0.0116676333647    0.0116676333647
2015     CMS_jec_RelativeFSR     908.497437329     923.384108121     893.610766537     0.0163860349853     -0.0163860349853    0.0163860349853
2015     CMS_jec_RelativeFSR     891.305763937     900.206743887     882.404783986     0.00998644944391     -0.00998644944391    0.00998644944391
2015     CMS_jec_RelativeFSR     985.900183759     999.254599168     972.545768351     0.0135454031031     -0.0135454031031    0.0135454031031
2015     CMS_scale_QCD     1030.50520477     1312.42947981     824.747026725     0.273578700749     -0.199667286584    0.273578700749
2015     CMS_scale_QCD     908.497437329     1156.06862233     727.739709858     0.272506200709     -0.198963387286    0.272506200709
2015     CMS_scale_QCD     891.305763937     1128.87383928     716.913844075     0.266539368372     -0.195658916298    0.266539368372
2015     CMS_scale_QCD     985.900183759     1247.93334035     793.566863511     0.265780614418     -0.195083968354    0.265780614418
2015     CMS_bTagSF_M     20.0124446549     20.2374865824     19.7874027274     0.0112450993063     -0.0112450993063    0.0112450993063
2015     CMS_bTagSF_M     1.29480931271     1.04831418717     1.54130443825     -0.190371758312     0.190371758312    0.190371758312
2015     CMS_bTagSF_M     4.50607902939     4.53809445714     4.47406360164     0.0071049414665     -0.0071049414665    0.0071049414665
2015     CMS_bTagSF_M     0.345420829051     0.284280739444     0.406560918658     -0.177001745305     0.177001745305    0.177001745305
2015     CMS_bTagSF_T     20.0124446549     20.0124446549     20.0124446549     0.0     0.0    0.0
2015     CMS_bTagSF_T     1.29480931271     1.29480931271     1.29480931271     0.0     0.0    0.0
2015     CMS_bTagSF_T     4.50607902939     4.50607902939     4.50607902939     0.0     0.0    0.0
2015     CMS_bTagSF_T     0.345420829051     0.345420829051     0.345420829051     0.0     0.0    0.0
2015     CMS_bTagSF_M_corr     20.0124446549     20.3678006445     19.6570886653     0.0177567506492     -0.0177567506492    0.0177567506492
2015     CMS_bTagSF_M_corr     1.29480931271     0.869941415059     1.71967721036     -0.328131635662     0.328131635662    0.328131635662
2015     CMS_bTagSF_M_corr     4.50607902939     4.54367178385     4.46848627493     0.00834267535374     -0.00834267535374    0.00834267535374
2015     CMS_bTagSF_M_corr     0.345420829051     0.248102306363     0.44275455593     -0.281739010804     0.281783027231    0.281783027231
2015     CMS_bTagSF_T_corr     20.0124446549     20.0124446549     20.0124446549     0.0     0.0    0.0
2015     CMS_bTagSF_T_corr     1.29480931271     1.29480931271     1.29480931271     0.0     0.0    0.0
2015     CMS_bTagSF_T_corr     4.50607902939     4.50607902939     4.50607902939     0.0     0.0    0.0
2015     CMS_bTagSF_T_corr     0.345420829051     0.345420829051     0.345420829051     0.0     0.0    0.0
2015     CMS_jer     20.0124446549     20.0360886971     19.9888006127     0.00118146696177     -0.00118146696177    0.00118146696177
2015     CMS_jer     1.29480931271     1.28210812339     1.30751050203     -0.0098093126133     0.0098093126133    0.0098093126133
2015     CMS_jer     4.50607902939     4.47801580721     4.53414225157     -0.00622785841099     0.00622785841099    0.00622785841099
2015     CMS_jer     0.345420829051     0.354362479672     0.339664732725     0.0258862519836     -0.0166640105123    0.0258862519836
2015     CMS_jec     20.0124446549     21.41118733     18.6137019798     0.0698936436407     -0.0698936436407    0.0698936436407
2015     CMS_jec     1.29480931271     1.39301866664     1.20705688982     0.0758485075486     -0.0677724681374    0.0758485075486
2015     CMS_jec     4.50607902939     4.66697230093     4.34518575785     0.0357058255059     -0.0357058255059    0.0357058255059
2015     CMS_jec     0.345420829051     0.344867762425     0.353983674118     -0.00160113861122     0.0247896025567    0.0247896025567
2015     CMS_bTagSF_bc_T_corr     20.0124446549     20.0124446549     20.0124446549     0.0     0.0    0.0
2015     CMS_bTagSF_bc_T_corr     1.29480931271     1.29480931271     1.29480931271     0.0     0.0    0.0
2015     CMS_bTagSF_bc_T_corr     4.50607902939     4.50607902939     4.50607902939     0.0     0.0    0.0
2015     CMS_bTagSF_bc_T_corr     0.345420829051     0.345420829051     0.345420829051     0.0     0.0    0.0
2015     CMS_bTagSF_light_T_corr     20.0124446549     20.0124446549     20.0124446549     0.0     0.0    0.0
2015     CMS_bTagSF_light_T_corr     1.29480931271     1.29480931271     1.29480931271     0.0     0.0    0.0
2015     CMS_bTagSF_light_T_corr     4.50607902939     4.50607902939     4.50607902939     0.0     0.0    0.0
2015     CMS_bTagSF_light_T_corr     0.345420829051     0.345420829051     0.345420829051     0.0     0.0    0.0
2015     CMS_bTagSF_bc_M_corr     20.0124446549     20.3105400472     19.7143492627     0.0148955011431     -0.0148955011431    0.0148955011431
2015     CMS_bTagSF_bc_M_corr     1.29480931271     0.925073876343     1.66454474907     -0.285552036687     0.285552036687    0.285552036687
2015     CMS_bTagSF_bc_M_corr     4.50607902939     4.54173772969     4.4704203291     0.00791346535701     -0.00791346535701    0.00791346535701
2015     CMS_bTagSF_bc_M_corr     0.345420829051     0.258046471152     0.43279518695     -0.252950460859     0.252950460859    0.252950460859
2015     CMS_bTagSF_light_M_corr     20.0124446549     20.0090180598     20.0158712501     -0.000171223217899     0.0001712232179    0.0001712232179
2015     CMS_bTagSF_light_M_corr     1.29480931271     1.2587073792     1.33091124622     -0.0278820465319     0.0278820465319    0.0278820465319
2015     CMS_bTagSF_light_M_corr     4.50607902939     4.49928447414     4.51287358464     -0.00150786419895     0.00150786419895    0.00150786419895
2015     CMS_bTagSF_light_M_corr     0.345420829051     0.334263117108     0.356618388103     -0.0323017924942     0.0324171506461    0.0324171506461
2015     CMS_bTagSF_bc_T_year     20.0124446549     20.0124446549     20.0124446549     0.0     0.0    0.0
2015     CMS_bTagSF_bc_T_year     1.29480931271     1.29480931271     1.29480931271     0.0     0.0    0.0
2015     CMS_bTagSF_bc_T_year     4.50607902939     4.50607902939     4.50607902939     0.0     0.0    0.0
2015     CMS_bTagSF_bc_T_year     0.345420829051     0.345420829051     0.345420829051     0.0     0.0    0.0
2015     CMS_bTagSF_light_T_year     20.0124446549     20.0124446549     20.0124446549     0.0     0.0    0.0
2015     CMS_bTagSF_light_T_year     1.29480931271     1.29480931271     1.29480931271     0.0     0.0    0.0
2015     CMS_bTagSF_light_T_year     4.50607902939     4.50607902939     4.50607902939     0.0     0.0    0.0
2015     CMS_bTagSF_light_T_year     0.345420829051     0.345420829051     0.345420829051     0.0     0.0    0.0
2015     CMS_bTagSF_bc_M_year     20.0124446549     20.1821290264     19.8427602834     0.00847894269872     -0.00847894269872    0.00847894269872
2015     CMS_bTagSF_bc_M_year     1.29480931271     1.07752146052     1.51209716489     -0.167814557752     0.167814557752    0.167814557752
2015     CMS_bTagSF_bc_M_year     4.50607902939     4.52722767533     4.48493038345     0.00469335886044     -0.00469335886044    0.00469335886044
2015     CMS_bTagSF_bc_M_year     0.345420829051     0.291345029311     0.399496628791     -0.156550489121     0.156550489121    0.156550489121
2015     CMS_bTagSF_light_M_year     20.0124446549     20.0537443589     19.9711449509     0.00206370109631     -0.00206370109631    0.00206370109631
2015     CMS_bTagSF_light_M_year     1.29480931271     1.26282996973     1.32678865569     -0.0246981101109     0.0246981101109    0.0246981101109
2015     CMS_bTagSF_light_M_year     4.50607902939     4.52114110568     4.4910169531     0.00334261254354     -0.00334261254354    0.00334261254354
2015     CMS_bTagSF_light_M_year     0.345420829051     0.327500350767     0.363341307336     -0.0518801322251     0.0518801322251    0.0518801322251
2015     CMS_jer_eta193     20.0124446549     20.0560852714     19.9688040385     0.00218067393511     -0.00218067393511    0.00218067393511
2015     CMS_jer_eta193     1.29480931271     1.28257178183     1.30704684358     -0.00945122247358     0.00945122247358    0.00945122247358
2015     CMS_jer_eta193     4.50607902939     4.52350522902     4.48865282976     0.00386726453632     -0.00386726453632    0.00386726453632
2015     CMS_jer_eta193     0.345420829051     0.353968923654     0.340058288743     0.0247468996769     -0.0155246582057    0.0247468996769
2015     CMS_jer_193eta25     20.0124446549     20.0175797081     20.0073096018     0.000256592997056     -0.000256592997055    0.000256592997056
2015     CMS_jer_193eta25     1.29480931271     1.282530637     1.30708798842     -0.00948299922694     0.00948299922694    0.00948299922694
2015     CMS_jer_193eta25     4.50607902939     4.49543129711     4.51672676167     -0.00236297060304     0.00236297060304    0.00236297060304
2015     CMS_jer_193eta25     0.345420829051     0.34930193602     0.341539722082     0.0112358799551     -0.0112358799551    0.0112358799551
2015     CMS_jec_FlavorQCD     20.0124446549     20.3584215637     19.6664677462     0.0172880882227     -0.0172880882227    0.0172880882227
2015     CMS_jec_FlavorQCD     1.29480931271     1.31619979861     1.27341882681     0.0165201823071     -0.0165201823071    0.0165201823071
2015     CMS_jec_FlavorQCD     4.50607902939     4.57028145452     4.44187660426     0.0142479580824     -0.0142479580824    0.0142479580824
2015     CMS_jec_FlavorQCD     0.345420829051     0.32646736679     0.364397946955     -0.0548706408745     0.0549391244175    0.0549391244175
2015     CMS_jec_RelativeBal     20.0124446549     20.216518142     19.8083711679     0.0101973292395     -0.0101973292395    0.0101973292395
2015     CMS_jec_RelativeBal     1.29480931271     1.33263024694     1.25912452147     0.0292096557108     -0.0275598815099    0.0292096557108
2015     CMS_jec_RelativeBal     4.50607902939     4.58868313816     4.42347492063     0.018331704399     -0.018331704399    0.018331704399
2015     CMS_jec_RelativeBal     0.345420829051     0.3435746289     0.347290684845     -0.00534478524783     0.00541326879086    0.00541326879086
2015     CMS_jec_Absolute     20.0124446549     20.655753123     19.3691361868     0.0321454214702     -0.0321454214702    0.0321454214702
2015     CMS_jec_Absolute     1.29480931271     1.37103410383     1.22545730799     0.0588695110329     -0.0535615584743    0.0588695110329
2015     CMS_jec_Absolute     4.50607902939     4.59185263757     4.42030542121     0.0190350874048     -0.0190350874048    0.0190350874048
2015     CMS_jec_Absolute     0.345420829051     0.340931095798     0.354407684303     -0.0129978648527     0.0260171202659    0.0260171202659
2015     CMS_jec_BBEC1_year     20.0124446549     20.0484567055     19.9764326044     0.00179948283129     -0.00179948283129    0.00179948283129
2015     CMS_jec_BBEC1_year     1.29480931271     1.30639505524     1.28322357018     0.00894783688731     -0.00894783688731    0.00894783688731
2015     CMS_jec_BBEC1_year     4.50607902939     4.51708540088     4.4950726579     0.00244256068653     -0.00244256068653    0.00244256068653
2015     CMS_jec_BBEC1_year     0.345420829051     0.340200443169     0.350641214933     -0.0151131183836     0.0151131183836    0.0151131183836
2015     CMS_jec_Absolute_year     20.0124446549     21.0948717295     18.9300175803     0.0540876985926     -0.0540876985926    0.0540876985926
2015     CMS_jec_Absolute_year     1.29480931271     1.39135967254     1.20506897744     0.0745672423642     -0.0693077616795    0.0745672423642
2015     CMS_jec_Absolute_year     4.50607902939     4.69537220989     4.31678584889     0.0420084022643     -0.0420084022643    0.0420084022643
2015     CMS_jec_Absolute_year     0.345420829051     0.32721800092     0.36805726692     -0.0526975405064     0.0655329266937    0.0655329266937
2015     CMS_jec_RelativeSample_year     20.0124446549     20.4982109176     19.5266783923     0.0242732095458     -0.0242732095458    0.0242732095458
2015     CMS_jec_RelativeSample_year     1.29480931271     1.38924126263     1.20257496479     0.0729311636798     -0.0712339237975    0.0729311636798
2015     CMS_jec_RelativeSample_year     4.50607902939     4.49902209264     4.51313596615     -0.00156609254044     0.00156609254044    0.00156609254044
2015     CMS_jec_RelativeSample_year     0.345420829051     0.350706231324     0.340185130475     0.0153013420987     -0.0151574489302    0.0153013420987
2015     CMS_pu     20.0124446549     20.0809257589     19.9439635509     0.00342192596462     -0.00342192596462    0.00342192596462
2015     CMS_pu     1.29480931271     1.29260999836     1.29700862706     -0.00169856234931     0.00169856234931    0.00169856234931
2015     CMS_pu     4.50607902939     4.53724599592     4.47491206286     0.00691664889195     -0.00691664889195    0.00691664889195
2015     CMS_pu     0.345420829051     0.35000993728     0.340831720822     0.0132855573357     -0.0132855573357    0.0132855573357
2015     CMS_topPt     20.0124446549     17.3193267459     20.0124446549     -0.134572160248     0.0    0.134572160248
2015     CMS_topPt     1.29480931271     1.13170991049     1.29480931271     -0.125964032404     0.0    0.125964032404
2015     CMS_topPt     4.50607902939     3.96822294228     4.50607902939     -0.119362328889     0.0    0.119362328889
2015     CMS_topPt     0.345420829051     0.308496527558     0.345420829051     -0.106896569017     0.0    0.106896569017
2015     CMS_L1Prefiring     20.0124446549     19.9176456479     20.1008548479     -0.00473700283403     0.00441776077324    0.00473700283403
2015     CMS_L1Prefiring     1.29480931271     1.28894452847     1.30025584459     -0.00452945787368     0.00420643551459    0.00452945787368
2015     CMS_L1Prefiring     4.50607902939     4.48052878454     4.53039923618     -0.00567017237809     0.00539719934499    0.00567017237809
2015     CMS_L1Prefiring     0.345420829051     0.34310972517     0.347692775636     -0.00669069056136     0.00657732943043    0.00669069056136
2015     CMS_pdf_TTbar     20.0124446549     20.540504121     19.4969099069     0.0263865547242     -0.0257607082473    0.0263865547242
2015     CMS_pdf_TTbar     1.29480931271     1.32724029849     1.26502579156     0.025046920394     -0.023002245084    0.025046920394
2015     CMS_pdf_TTbar     4.50607902939     4.6462459331     4.36623587471     0.0311061796284     -0.0310343324581    0.0311061796284
2015     CMS_pdf_TTbar     0.345420829051     0.354771392297     0.336093729573     0.0270700619637     -0.0270021339017    0.0270700619637
2015     CMS_renorm_TTbar     20.0124446549     16.4950816301     24.7864752382     -0.175758788366     0.238553093617    0.238553093617
2015     CMS_renorm_TTbar     1.29480931271     1.06664824961     1.6050830408     -0.176212096143     0.239628897512    0.239628897512
2015     CMS_renorm_TTbar     4.50607902939     3.75062944732     5.51831126284     -0.167651205659     0.22463703518    0.22463703518
2015     CMS_renorm_TTbar     0.345420829051     0.28367023989     0.430201076872     -0.178769153357     0.245440461866    0.245440461866
2015     CMS_fact_TTbar     20.0124446549     17.0302736518     23.8538654467     -0.149015827629     0.191951601017    0.191951601017
2015     CMS_fact_TTbar     1.29480931271     1.10285103054     1.54204285767     -0.148252163686     0.190942050337    0.190942050337
2015     CMS_fact_TTbar     4.50607902939     3.8370249649     5.36617934676     -0.148478102609     0.190875550953    0.190875550953
2015     CMS_fact_TTbar     0.345420829051     0.2922423179     0.414615332758     -0.153952821251     0.200319430351    0.200319430351
2015     CMS_jec_AbsoluteCal     20.0124446549     20.0944219849     19.930467325     0.00409631763394     -0.00409631763394    0.00409631763394
2015     CMS_jec_AbsoluteCal     1.29480931271     1.311764889     1.27785373642     0.0130950373322     -0.0130950373322    0.0130950373322
2015     CMS_jec_AbsoluteCal     4.50607902939     4.53540551246     4.47675254632     0.0065082043346     -0.0065082043346    0.0065082043346
2015     CMS_jec_AbsoluteCal     0.345420829051     0.336472345965     0.354369312137     -0.0259060321024     0.0259060321024    0.0259060321024
2015     CMS_jec_AbsoluteTheory     20.0124446549     20.655753123     19.3691361868     0.0321454214702     -0.0321454214702    0.0321454214702
2015     CMS_jec_AbsoluteTheory     1.29480931271     1.37103410383     1.22545730799     0.0588695110329     -0.0535615584743    0.0588695110329
2015     CMS_jec_AbsoluteTheory     4.50607902939     4.59185263757     4.42030542121     0.0190350874048     -0.0190350874048    0.0190350874048
2015     CMS_jec_AbsoluteTheory     0.345420829051     0.340931095798     0.354407684303     -0.0129978648527     0.0260171202659    0.0260171202659
2015     CMS_jec_AbsolutePU     20.0124446549     20.0925322696     19.9323570402     0.00400189062808     -0.00400189062808    0.00400189062808
2015     CMS_jec_AbsolutePU     1.29480931271     1.29907060398     1.29054802144     0.00329105701103     -0.00329105701103    0.00329105701103
2015     CMS_jec_AbsolutePU     4.50607902939     4.52924773864     4.48291032014     0.00514165621517     -0.00514165621517    0.00514165621517
2015     CMS_jec_AbsolutePU     0.345420829051     0.331493982406     0.359347675696     -0.0403184911675     0.0403184911675    0.0403184911675
2015     CMS_jec_AbsoluteScale     20.0124446549     20.655753123     19.3691361868     0.0321454214702     -0.0321454214702    0.0321454214702
2015     CMS_jec_AbsoluteScale     1.29480931271     1.37103410383     1.22545730799     0.0588695110329     -0.0535615584743    0.0588695110329
2015     CMS_jec_AbsoluteScale     4.50607902939     4.59185263757     4.42030542121     0.0190350874048     -0.0190350874048    0.0190350874048
2015     CMS_jec_AbsoluteScale     0.345420829051     0.340931095798     0.354407684303     -0.0129978648527     0.0260171202659    0.0260171202659
2015     CMS_jec_Fragmentation     20.0124446549     20.0796439782     19.9452453317     0.00335787678138     -0.00335787678138    0.00335787678138
2015     CMS_jec_Fragmentation     1.29480931271     1.30803978507     1.28157884035     0.0102180855768     -0.0102180855768    0.0102180855768
2015     CMS_jec_Fragmentation     4.50607902939     4.55010467983     4.46205337895     0.00977027924924     -0.00977027924924    0.00977027924924
2015     CMS_jec_Fragmentation     0.345420829051     0.33650011253     0.354341545572     -0.0258256473578     0.0258256473578    0.0258256473578
2015     CMS_jec_AbsoluteMPFBias     20.0124446549     20.655753123     19.3691361868     0.0321454214702     -0.0321454214702    0.0321454214702
2015     CMS_jec_AbsoluteMPFBias     1.29480931271     1.37103410383     1.22545730799     0.0588695110329     -0.0535615584743    0.0588695110329
2015     CMS_jec_AbsoluteMPFBias     4.50607902939     4.59185263757     4.42030542121     0.0190350874048     -0.0190350874048    0.0190350874048
2015     CMS_jec_AbsoluteMPFBias     0.345420829051     0.340931095798     0.354407684303     -0.0129978648527     0.0260171202659    0.0260171202659
2015     CMS_jec_RelativeFSR     20.0124446549     20.1793299716     19.8455593382     0.00833907698892     -0.00833907698892    0.00833907698892
2015     CMS_jec_RelativeFSR     1.29480931271     1.30682380866     1.28279481676     0.00927896936974     -0.00927896936974    0.00927896936974
2015     CMS_jec_RelativeFSR     4.50607902939     4.58472012808     4.4274379307     0.0174522235799     -0.0174522235799    0.0174522235799
2015     CMS_jec_RelativeFSR     0.345420829051     0.330905007071     0.359960306673     -0.0420235861858     0.0420920697289    0.0420920697289
2015     CMS_scale_TTbar     20.0124446549     29.561041408     14.0432759912     0.477132949906     -0.298272838058    0.477132949906
2015     CMS_scale_TTbar     1.29480931271     1.91263769915     0.908922233318     0.477157818046     -0.298026184708    0.477157818046
2015     CMS_scale_TTbar     4.50607902939     6.57411512626     3.19467581392     0.458943592286     -0.291029785966    0.458943592286
2015     CMS_scale_TTbar     0.345420829051     0.516434271365     0.240027813497     0.495087232532     -0.305114824267    0.495087232532
2015     CMS_bTagSF_M     601.492235079     613.937255985     589.047214173     0.0206902436644     -0.0206902436644    0.0206902436644
2015     CMS_bTagSF_M     23.5972319041     13.3800162688     33.8144475394     -0.432983651508     0.432983651508    0.432983651508
2015     CMS_bTagSF_M     69.0901132659     69.8410181993     68.3392083325     0.0108684860673     -0.0108684860673    0.0108684860673
2015     CMS_bTagSF_M     3.17113401938     2.07512451988     4.26714351888     -0.345620681057     0.345620681057    0.345620681057
2015     CMS_bTagSF_T     601.492235079     601.492235079     601.492235079     0.0     0.0    0.0
2015     CMS_bTagSF_T     23.5972319041     23.5972319041     23.5972319041     0.0     0.0    0.0
2015     CMS_bTagSF_T     69.0901132659     69.0901132659     69.0901132659     0.0     0.0    0.0
2015     CMS_bTagSF_T     3.17113401938     3.17113401938     3.17113401938     0.0     0.0    0.0
2015     CMS_bTagSF_M_corr     601.492235079     626.172117229     576.822939443     0.0410310901957     -0.0410134897791    0.0410310901957
2015     CMS_bTagSF_M_corr     23.5972319041     9.04136356997     38.1531002381     -0.616846433229     0.616846433229    0.616846433229
2015     CMS_bTagSF_M_corr     69.0901132659     73.5426229885     64.6426059314     0.0644449619805     -0.0643725581605    0.0644449619805
2015     CMS_bTagSF_M_corr     3.17113401938     1.57063554438     4.77163249438     -0.504708557008     0.504708557008    0.504708557008
2015     CMS_bTagSF_T_corr     601.492235079     601.492235079     601.492235079     0.0     0.0    0.0
2015     CMS_bTagSF_T_corr     23.5972319041     23.5972319041     23.5972319041     0.0     0.0    0.0
2015     CMS_bTagSF_T_corr     69.0901132659     69.0901132659     69.0901132659     0.0     0.0    0.0
2015     CMS_bTagSF_T_corr     3.17113401938     3.17113401938     3.17113401938     0.0     0.0    0.0
2015     CMS_jer     601.492235079     601.821032494     601.163437664     0.000546636175858     -0.000546636175857    0.000546636175858
2015     CMS_jer     23.5972319041     23.7411966065     23.4532672016     0.00610091484696     -0.00610091484696    0.00610091484696
2015     CMS_jer     69.0901132659     67.8926490257     70.287577506     -0.0173319189033     0.0173319189033    0.0173319189033
2015     CMS_jer     3.17113401938     3.14545066596     3.1968173728     -0.00809910690091     0.00809910690091    0.00809910690091
2015     CMS_jec     601.492235079     581.601287119     621.432275782     -0.0330693345643     0.0331509528137    0.0331509528137
2015     CMS_jec     23.5972319041     24.0733780382     23.3923575258     0.0201780503788     -0.00868213606775    0.0201780503788
2015     CMS_jec     69.0901132659     70.4963599235     67.6838666083     0.02035380449     -0.02035380449    0.02035380449
2015     CMS_jec     3.17113401938     3.16843475189     3.27756196744     -0.000851199436729     0.0335614790834    0.0335614790834
2015     CMS_bTagSF_bc_T_corr     601.492235079     601.492235079     601.492235079     0.0     0.0    0.0
2015     CMS_bTagSF_bc_T_corr     23.5972319041     23.5972319041     23.5972319041     0.0     0.0    0.0
2015     CMS_bTagSF_bc_T_corr     69.0901132659     69.0901132659     69.0901132659     0.0     0.0    0.0
2015     CMS_bTagSF_bc_T_corr     3.17113401938     3.17113401938     3.17113401938     0.0     0.0    0.0
2015     CMS_bTagSF_light_T_corr     601.492235079     601.492235079     601.492235079     0.0     0.0    0.0
2015     CMS_bTagSF_light_T_corr     23.5972319041     23.5972319041     23.5972319041     0.0     0.0    0.0
2015     CMS_bTagSF_light_T_corr     69.0901132659     69.0901132659     69.0901132659     0.0     0.0    0.0
2015     CMS_bTagSF_light_T_corr     3.17113401938     3.17113401938     3.17113401938     0.0     0.0    0.0
2015     CMS_bTagSF_bc_M_corr     601.492235079     620.086646086     582.897824072     0.030913800582     -0.030913800582    0.030913800582
2015     CMS_bTagSF_bc_M_corr     23.5972319041     9.36595539088     37.8285084172     -0.603090929099     0.603090929099    0.603090929099
2015     CMS_bTagSF_bc_M_corr     69.0901132659     69.8554111954     68.3248153364     0.0110768081473     -0.0110768081473    0.0110768081473
2015     CMS_bTagSF_bc_M_corr     3.17113401938     1.58610805478     4.75615998398     -0.49982938435     0.49982938435    0.49982938435
2015     CMS_bTagSF_light_M_corr     601.492235079     603.260016811     599.724453347     0.00293899343781     -0.00293899343781    0.00293899343781
2015     CMS_bTagSF_light_M_corr     23.5972319041     22.9410535473     24.2534102608     -0.027807429255     0.027807429255    0.027807429255
2015     CMS_bTagSF_light_M_corr     69.0901132659     70.9740005509     67.2062259808     0.0272671037286     -0.0272671037286    0.0272671037286
2015     CMS_bTagSF_light_M_corr     3.17113401938     3.16321761511     3.17905042366     -0.00249639536758     0.00249639536758    0.00249639536758
2015     CMS_bTagSF_bc_T_year     601.492235079     601.492235079     601.492235079     0.0     0.0    0.0
2015     CMS_bTagSF_bc_T_year     23.5972319041     23.5972319041     23.5972319041     0.0     0.0    0.0
2015     CMS_bTagSF_bc_T_year     69.0901132659     69.0901132659     69.0901132659     0.0     0.0    0.0
2015     CMS_bTagSF_bc_T_year     3.17113401938     3.17113401938     3.17113401938     0.0     0.0    0.0
2015     CMS_bTagSF_light_T_year     601.492235079     601.492235079     601.492235079     0.0     0.0    0.0
2015     CMS_bTagSF_light_T_year     23.5972319041     23.5972319041     23.5972319041     0.0     0.0    0.0
2015     CMS_bTagSF_light_T_year     69.0901132659     69.0901132659     69.0901132659     0.0     0.0    0.0
2015     CMS_bTagSF_light_T_year     3.17113401938     3.17113401938     3.17113401938     0.0     0.0    0.0
2015     CMS_bTagSF_bc_M_year     601.492235079     613.789530893     589.194939266     0.0204446459926     -0.0204446459926    0.0204446459926
2015     CMS_bTagSF_bc_M_year     23.5972319041     13.7997338148     33.3947299934     -0.415196923484     0.415196923484    0.415196923484
2015     CMS_bTagSF_bc_M_year     69.0901132659     69.6325674354     68.5476590964     0.00785140078467     -0.00785140078467    0.00785140078467
2015     CMS_bTagSF_bc_M_year     3.17113401938     2.12821074845     4.21405729032     -0.328880225358     0.328880225358    0.328880225358
2015     CMS_bTagSF_light_M_year     601.492235079     600.842446008     602.14202415     -0.00108029502754     0.00108029502754    0.00108029502754
2015     CMS_bTagSF_light_M_year     23.5972319041     23.1941335447     24.0003302634     -0.0170824425926     0.0170824425926    0.0170824425926
2015     CMS_bTagSF_light_M_year     69.0901132659     68.9718498676     69.2083766642     -0.00171172679719     0.00171172679719    0.00171172679719
2015     CMS_bTagSF_light_M_year     3.17113401938     3.12850706538     3.21376097339     -0.0134421799092     0.0134421799092    0.0134421799092
2015     CMS_jer_eta193     601.492235079     601.743586056     601.240884102     0.000417879004862     -0.00041787900486    0.000417879004862
2015     CMS_jer_eta193     23.5972319041     23.7411966065     23.4532672016     0.00610091484696     -0.00610091484696    0.00610091484696
2015     CMS_jer_eta193     69.0901132659     67.8929385066     70.2872880251     -0.0173277290004     0.0173277290004    0.0173277290004
2015     CMS_jer_eta193     3.17113401938     3.14545066596     3.1968173728     -0.00809910690091     0.00809910690091    0.00809910690091
2015     CMS_jer_193eta25     601.492235079     601.542066991     601.442403167     8.28471405983e-05     -8.2847140599e-05    8.2847140599e-05
2015     CMS_jer_193eta25     23.5972319041     23.5963965429     23.5980672652     -3.5400812871e-05     3.54008128713e-05    3.54008128713e-05
2015     CMS_jer_193eta25     69.0901132659     69.1004502583     69.0797762735     0.000149616086916     -0.000149616086915    0.000149616086916
2015     CMS_jer_193eta25     3.17113401938     3.17113401938     3.17113401938     0.0     0.0    0.0
2015     CMS_jec_FlavorQCD     601.492235079     606.560656138     596.447728765     0.00842641145285     -0.00838665242914    0.00842641145285
2015     CMS_jec_FlavorQCD     23.5972319041     24.1387298179     23.0557339902     0.0229475184228     -0.0229475184228    0.0229475184228
2015     CMS_jec_FlavorQCD     69.0901132659     69.160438907     69.0197876248     0.00101788284601     -0.00101788284601    0.00101788284601
2015     CMS_jec_FlavorQCD     3.17113401938     2.97883902167     3.39895977104     -0.0606391898077     0.0718436213262    0.0718436213262
2015     CMS_jec_RelativeBal     601.492235079     607.739728816     595.296500237     0.010386657338     -0.0103006065258    0.010386657338
2015     CMS_jec_RelativeBal     23.5972319041     21.7214948006     25.5427434297     -0.0794897092648     0.0824465993967    0.0824465993967
2015     CMS_jec_RelativeBal     69.0901132659     68.7273284681     69.5056112581     -0.00525089308188     0.00601385599995    0.00601385599995
2015     CMS_jec_RelativeBal     3.17113401938     3.25993436613     3.11786442659     0.0280027101352     -0.0167982786166    0.0280027101352
2015     CMS_jec_Absolute     601.492235079     612.00802059     591.000364312     0.0174828283682     -0.0174430693445    0.0174828283682
2015     CMS_jec_Absolute     23.5972319041     24.0759965993     23.1976334889     0.0202890193736     -0.0169341224773    0.0202890193736
2015     CMS_jec_Absolute     69.0901132659     70.3227812041     67.8574453276     0.0178414519818     -0.0178414519818    0.0178414519818
2015     CMS_jec_Absolute     3.17113401938     3.01839364777     3.35940514495     -0.0481658519258     0.0593702834444    0.0593702834444
2015     CMS_jec_BBEC1_year     601.492235079     601.849657839     601.134812319     0.000594226723792     -0.000594226723793    0.000594226723793
2015     CMS_jec_BBEC1_year     23.5972319041     23.5902359323     23.6042278759     -0.000296474257139     0.000296474257139    0.000296474257139
2015     CMS_jec_BBEC1_year     69.0901132659     69.03886806     69.1413584717     -0.000741715470508     0.000741715470508    0.000741715470508
2015     CMS_jec_BBEC1_year     3.17113401938     3.17113398221     3.17113405655     -1.17217080486e-08     1.17217073825e-08    1.17217080486e-08
2015     CMS_jec_Absolute_year     601.492235079     620.220859914     582.787524988     0.0311369353463     -0.0310971763226    0.0311369353463
2015     CMS_jec_Absolute_year     23.5972319041     23.5187799118     23.7548501764     -0.00332462691294     0.00667952380921    0.00667952380921
2015     CMS_jec_Absolute_year     69.0901132659     72.1768003184     66.0034262133     0.0446762482594     -0.0446762482594    0.0446762482594
2015     CMS_jec_Absolute_year     3.17113401938     3.08618467662     3.2916141161     -0.0267883168111     0.0379927483297    0.0379927483297
2015     CMS_jec_RelativeSample_year     601.492235079     614.497651651     588.486818507     0.0216219193096     -0.0216219193096    0.0216219193096
2015     CMS_jec_RelativeSample_year     23.5972319041     23.8327037458     23.4315344845     0.00997879084524     -0.00702190071327    0.00997879084524
2015     CMS_jec_RelativeSample_year     69.0901132659     69.7513291077     68.4288974241     0.00957033952533     -0.00957033952532    0.00957033952533
2015     CMS_jec_RelativeSample_year     3.17113401938     3.15456269216     3.22323610056     -0.0052256786126     0.0164301101312    0.0164301101312
2015     CMS_pu     601.492235079     601.935409351     601.049060807     0.000736791342904     -0.000736791342904    0.000736791342904
2015     CMS_pu     23.5972319041     23.2197793699     23.9746844382     -0.0159956276106     0.0159956276106    0.0159956276106
2015     CMS_pu     69.0901132659     68.8398367442     69.3403897875     -0.00362246506524     0.00362246506524    0.00362246506524
2015     CMS_pu     3.17113401938     3.15961919299     3.18264884577     -0.00363113836261     0.00363113836261    0.00363113836261
2015     CMS_L1Prefiring     601.492235079     599.712410665     603.099778302     -0.00295901478133     0.00267259181292    0.00295901478133
2015     CMS_L1Prefiring     23.5972319041     23.5335769252     23.6550941223     -0.00269756126846     0.002452076518    0.00269756126846
2015     CMS_L1Prefiring     69.0901132659     68.7243045411     69.4373574291     -0.00529466095039     0.0050259602548    0.00529466095039
2015     CMS_L1Prefiring     3.17113401938     3.15224252519     3.18932355728     -0.00595733074565     0.00573597261545    0.00595733074565
2015     CMS_pdf_sig     601.492235079     604.343140056     598.641345452     0.00473972033276     -0.00473969481443    0.00473972033276
2015     CMS_pdf_sig     23.5972319041     23.7038163663     23.4906481305     0.00451682056088     -0.00451679137601    0.00451682056088
2015     CMS_pdf_sig     69.0901132659     69.5085621491     68.6716649302     0.00605656675724     -0.00605655883166    0.00605656675724
2015     CMS_pdf_sig     3.17113401938     3.18865844091     3.15360962767     0.0055262317578     -0.00552622235715    0.0055262317578
2015     CMS_renorm_sig     601.492235079     601.492235079     601.492235079     0.0     0.0    0.0
2015     CMS_renorm_sig     23.5972319041     23.5972319041     23.5972319041     0.0     0.0    0.0
2015     CMS_renorm_sig     69.0901132659     69.0901132659     69.0901132659     0.0     0.0    0.0
2015     CMS_renorm_sig     3.17113401938     3.17113401938     3.17113401938     0.0     0.0    0.0
2015     CMS_fact_sig     601.492235079     543.123307392     670.721590007     -0.0970402014911     0.115096007712    0.115096007712
2015     CMS_fact_sig     23.5972319041     21.3322600975     26.2774307363     -0.0959846398835     0.113581069304    0.113581069304
2015     CMS_fact_sig     69.0901132659     62.3152275095     77.1349551386     -0.0980586864918     0.116439842004    0.116439842004
2015     CMS_fact_sig     3.17113401938     2.86206433107     3.53774681538     -0.0974634583162     0.115609366795    0.115609366795
2015     CMS_jec_AbsoluteCal     601.492235079     603.230935448     599.777449454     0.00289064474553     -0.00285088572182    0.00289064474553
2015     CMS_jec_AbsoluteCal     23.5972319041     23.3003393403     23.8941244679     -0.012581669113     0.012581669113    0.012581669113
2015     CMS_jec_AbsoluteCal     69.0901132659     68.230835497     69.9493910347     -0.0124370583318     0.0124370583318    0.0124370583318
2015     CMS_jec_AbsoluteCal     3.17113401938     2.98019199277     3.39760679995     -0.0602125376744     0.071416969193    0.071416969193
2015     CMS_jec_AbsoluteTheory     601.492235079     612.007980535     591.000404367     0.0174827617764     -0.0174430027527    0.0174827617764
2015     CMS_jec_AbsoluteTheory     23.5972319041     24.0759968222     23.197633266     0.0202890288174     -0.0169341319212    0.0202890288174
2015     CMS_jec_AbsoluteTheory     69.0901132659     70.322780853     67.8574456788     0.0178414468993     -0.0178414468993    0.0178414468993
2015     CMS_jec_AbsoluteTheory     3.17113401938     3.01839367953     3.35940511319     -0.0481658419107     0.0593702734292    0.0593702734292
2015     CMS_jec_AbsolutePU     601.492235079     602.56082462     600.423645539     0.00177656414872     -0.00177656414872    0.00177656414872
2015     CMS_jec_AbsolutePU     23.5972319041     23.5831341143     23.6113296938     -0.000597434046249     0.000597434046249    0.000597434046249
2015     CMS_jec_AbsolutePU     69.0901132659     69.2848152986     68.8954112332     0.0028180881968     -0.0028180881968    0.0028180881968
2015     CMS_jec_AbsolutePU     3.17113401938     2.98618438112     3.3916144116     -0.0583228703461     0.0695273018647    0.0695273018647
2015     CMS_jec_AbsoluteScale     601.492235079     612.007980535     591.000404367     0.0174827617764     -0.0174430027527    0.0174827617764
2015     CMS_jec_AbsoluteScale     23.5972319041     24.0759968222     23.197633266     0.0202890288174     -0.0169341319212    0.0202890288174
2015     CMS_jec_AbsoluteScale     69.0901132659     70.322780853     67.8574456788     0.0178414468993     -0.0178414468993    0.0178414468993
2015     CMS_jec_AbsoluteScale     3.17113401938     3.01839367953     3.35940511319     -0.0481658419107     0.0593702734292    0.0593702734292
2015     CMS_jec_Fragmentation     601.492235079     601.038180945     601.946289213     -0.000754879460585     0.000754879460585    0.000754879460585
2015     CMS_jec_Fragmentation     23.5972319041     23.5853085766     23.6091552315     -0.000505285004034     0.000505285004035    0.000505285004035
2015     CMS_jec_Fragmentation     69.0901132659     69.0440990137     69.1361275181     -0.000666003427101     0.0006660034271    0.000666003427101
2015     CMS_jec_Fragmentation     3.17113401938     2.97871477675     3.39908401597     -0.0606783697731     0.0718828012916    0.0718828012916
2015     CMS_jec_AbsoluteMPFBias     601.492235079     612.00802059     591.000364312     0.0174828283682     -0.0174430693445    0.0174828283682
2015     CMS_jec_AbsoluteMPFBias     23.5972319041     24.0759965993     23.1976334889     0.0202890193736     -0.0169341224773    0.0202890193736
2015     CMS_jec_AbsoluteMPFBias     69.0901132659     70.3227812041     67.8574453276     0.0178414519818     -0.0178414519818    0.0178414519818
2015     CMS_jec_AbsoluteMPFBias     3.17113401938     3.01839364777     3.35940514495     -0.0481658519258     0.0593702834444    0.0593702834444
2015     CMS_jec_RelativeFSR     601.492235079     610.215755132     592.792629771     0.0145031299553     -0.0144633709316    0.0145031299553
2015     CMS_jec_RelativeFSR     23.5972319041     23.2881766867     23.9062871215     -0.0130970962464     0.0130970962464    0.0130970962464
2015     CMS_jec_RelativeFSR     69.0901132659     69.146001591     69.0342249407     0.000808919286484     -0.000808919286484    0.000808919286484
2015     CMS_jec_RelativeFSR     3.17113401938     3.07045371455     3.30734507817     -0.0317489908075     0.0429534223261    0.0429534223261
2015     CMS_scale_sig     601.492235079     670.721590007     543.123307392     0.115096007712     -0.0970402014911    0.115096007712
2015     CMS_scale_sig     23.5972319041     26.2774307363     21.3322600975     0.113581069304     -0.0959846398835    0.113581069304
2015     CMS_scale_sig     69.0901132659     77.1349551386     62.3152275095     0.116439842004     -0.0980586864918    0.116439842004
2015     CMS_scale_sig     3.17113401938     3.53774681538     2.86206433107     0.115609366795     -0.0974634583162    0.115609366795
2015     CMS_bTagSF_M     514.967936294     530.870150209     499.065722379     0.0308800078492     -0.0308800078492    0.0308800078492
2015     CMS_bTagSF_M     18.078543063     9.4121290138     26.7449571122     -0.479375689678     0.479375689678    0.479375689678
2015     CMS_bTagSF_M     57.6370724198     58.7577059034     56.5164389363     0.0194429285961     -0.0194429285961    0.0194429285961
2015     CMS_bTagSF_M     2.98232432618     1.76168595525     4.20296269711     -0.409290954781     0.409290954781    0.409290954781
2015     CMS_bTagSF_T     514.967936294     514.967936294     514.967936294     0.0     0.0    0.0
2015     CMS_bTagSF_T     18.078543063     18.078543063     18.078543063     0.0     0.0    0.0
2015     CMS_bTagSF_T     57.6370724198     57.6370724198     57.6370724198     0.0     0.0    0.0
2015     CMS_bTagSF_T     2.98232432618     2.98232432618     2.98232432618     0.0     0.0    0.0
2015     CMS_bTagSF_M_corr     514.967936294     561.426218852     468.509653736     0.090215874201     -0.090215874201    0.090215874201
2015     CMS_bTagSF_M_corr     18.078543063     7.63358867161     28.5234974544     -0.577754211442     0.577754211442    0.577754211442
2015     CMS_bTagSF_M_corr     57.6370724198     59.5916456988     55.6824991409     0.0339117376521     -0.0339117376521    0.0339117376521
2015     CMS_bTagSF_M_corr     2.98232432618     1.51944530275     4.44520334962     -0.490516410502     0.490516410502    0.490516410502
2015     CMS_bTagSF_T_corr     514.967936294     514.967936294     514.967936294     0.0     0.0    0.0
2015     CMS_bTagSF_T_corr     18.078543063     18.078543063     18.078543063     0.0     0.0    0.0
2015     CMS_bTagSF_T_corr     57.6370724198     57.6370724198     57.6370724198     0.0     0.0    0.0
2015     CMS_bTagSF_T_corr     2.98232432618     2.98232432618     2.98232432618     0.0     0.0    0.0
2015     CMS_jer     514.967936294     514.852408149     515.083464439     -0.000224340462736     0.000224340462736    0.000224340462736
2015     CMS_jer     18.078543063     17.5288035259     18.709599358     -0.0304083982393     0.0349063689932    0.0349063689932
2015     CMS_jer     57.6370724198     57.0433767812     58.2307680584     -0.0103005863011     0.0103005863011    0.0103005863011
2015     CMS_jer     2.98232432618     3.15517103211     2.83422743532     0.0579570452527     -0.0496582110685    0.0579570452527
2015     CMS_jec     514.967936294     477.602610218     552.339782301     -0.072558548684     0.0725712095332    0.0725712095332
2015     CMS_jec     18.078543063     18.7444440957     17.5692825003     0.0368337774984     -0.028169336485    0.0368337774984
2015     CMS_jec     57.6370724198     57.534439968     57.7898409672     -0.00178066732979     0.00265052579789    0.00265052579789
2015     CMS_jec     2.98232432618     2.94425998632     3.16679143158     -0.0127633133424     0.0618534690456    0.0618534690456
2015     CMS_bTagSF_bc_T_corr     514.967936294     514.967936294     514.967936294     0.0     0.0    0.0
2015     CMS_bTagSF_bc_T_corr     18.078543063     18.078543063     18.078543063     0.0     0.0    0.0
2015     CMS_bTagSF_bc_T_corr     57.6370724198     57.6370724198     57.6370724198     0.0     0.0    0.0
2015     CMS_bTagSF_bc_T_corr     2.98232432618     2.98232432618     2.98232432618     0.0     0.0    0.0
2015     CMS_bTagSF_light_T_corr     514.967936294     514.967936294     514.967936294     0.0     0.0    0.0
2015     CMS_bTagSF_light_T_corr     18.078543063     18.078543063     18.078543063     0.0     0.0    0.0
2015     CMS_bTagSF_light_T_corr     57.6370724198     57.6370724198     57.6370724198     0.0     0.0    0.0
2015     CMS_bTagSF_light_T_corr     2.98232432618     2.98232432618     2.98232432618     0.0     0.0    0.0
2015     CMS_bTagSF_bc_M_corr     514.967936294     529.570213692     500.365658895     0.0283557021116     -0.0283557021116    0.0283557021116
2015     CMS_bTagSF_bc_M_corr     18.078543063     6.61976561018     29.5373205158     -0.6338330148     0.6338330148    0.6338330148
2015     CMS_bTagSF_bc_M_corr     57.6370724198     58.6188102699     56.6553345698     0.0170330970825     -0.0170330970825    0.0170330970825
2015     CMS_bTagSF_bc_M_corr     2.98232432618     1.34987782568     4.61477082668     -0.547373901011     0.547373901011    0.547373901011
2015     CMS_bTagSF_light_M_corr     514.967936294     545.134462572     484.801410016     0.0585794263137     -0.0585794263137    0.0585794263137
2015     CMS_bTagSF_light_M_corr     18.078543063     20.3029402419     15.8541458841     0.123040732386     -0.123040732386    0.123040732386
2015     CMS_bTagSF_light_M_corr     57.6370724198     58.1681491541     57.1059956855     0.00921415179525     -0.00921415179525    0.00921415179525
2015     CMS_bTagSF_light_M_corr     2.98232432618     3.13493570281     2.82971294955     0.0511719584918     -0.0511719584918    0.0511719584918
2015     CMS_bTagSF_bc_T_year     514.967936294     514.967936294     514.967936294     0.0     0.0    0.0
2015     CMS_bTagSF_bc_T_year     18.078543063     18.078543063     18.078543063     0.0     0.0    0.0
2015     CMS_bTagSF_bc_T_year     57.6370724198     57.6370724198     57.6370724198     0.0     0.0    0.0
2015     CMS_bTagSF_bc_T_year     2.98232432618     2.98232432618     2.98232432618     0.0     0.0    0.0
2015     CMS_bTagSF_light_T_year     514.967936294     514.967936294     514.967936294     0.0     0.0    0.0
2015     CMS_bTagSF_light_T_year     18.078543063     18.078543063     18.078543063     0.0     0.0    0.0
2015     CMS_bTagSF_light_T_year     57.6370724198     57.6370724198     57.6370724198     0.0     0.0    0.0
2015     CMS_bTagSF_light_T_year     2.98232432618     2.98232432618     2.98232432618     0.0     0.0    0.0
2015     CMS_bTagSF_bc_M_year     514.967936294     524.105687494     505.830185094     0.0177443109678     -0.0177443109678    0.0177443109678
2015     CMS_bTagSF_bc_M_year     18.078543063     9.88665893511     26.2704271909     -0.453127450555     0.453127450555    0.453127450555
2015     CMS_bTagSF_bc_M_year     57.6370724198     58.5744911914     56.6996536482     0.0162641635363     -0.0162641635363    0.0162641635363
2015     CMS_bTagSF_bc_M_year     2.98232432618     1.83498319003     4.12966546234     -0.384713736894     0.384713736894    0.384713736894
2015     CMS_bTagSF_light_M_year     514.967936294     516.942642698     512.99322989     0.00383462010894     -0.00383462010894    0.00383462010894
2015     CMS_bTagSF_light_M_year     18.078543063     17.5232138148     18.6338723112     -0.0307175885946     0.0307175885946    0.0307175885946
2015     CMS_bTagSF_light_M_year     57.6370724198     57.2272406996     58.04690414     -0.00711055754561     0.00711055754561    0.00711055754561
2015     CMS_bTagSF_light_M_year     2.98232432618     2.92497703176     3.0396716206     -0.0192290603395     0.0192290603395    0.0192290603395
2015     CMS_jer_eta193     514.967936294     514.871692349     515.064180239     -0.000186893082774     0.000186893082774    0.000186893082774
2015     CMS_jer_eta193     18.078543063     17.3450118073     18.8933910767     -0.0405746886332     0.0450726593871    0.0450726593871
2015     CMS_jer_eta193     57.6370724198     56.9970426948     58.2771021449     -0.0111044801235     0.0111044801235    0.0111044801235
2015     CMS_jer_eta193     2.98232432618     3.15587768784     2.83352077959     0.0581939932336     -0.0498951590494    0.0581939932336
2015     CMS_jer_193eta25     514.967936294     514.727702154     515.208170434     -0.000466503102506     0.000466503102507    0.000466503102507
2015     CMS_jer_193eta25     18.078543063     18.0849964756     18.0720896504     0.000356965304013     -0.000356965304013    0.000356965304013
2015     CMS_jer_193eta25     57.6370724198     57.5134283673     57.7607164724     -0.00214521743349     0.00214521743349    0.00214521743349
2015     CMS_jer_193eta25     2.98232432618     2.98073312868     2.98391552368     -0.000533542741853     0.000533542741853    0.000533542741853
2015     CMS_jec_FlavorQCD     514.967936294     529.771616596     500.164255992     0.0287468000604     -0.0287468000604    0.0287468000604
2015     CMS_jec_FlavorQCD     18.078543063     18.0030023828     18.1540837431     -0.00417847167761     0.00417847167761    0.00417847167761
2015     CMS_jec_FlavorQCD     57.6370724198     55.755440403     59.5187044367     -0.0326462108132     0.0326462108132    0.0326462108132
2015     CMS_jec_FlavorQCD     2.98232432618     2.95202051655     3.01262813582     -0.0101611381992     0.0101611381992    0.0101611381992
2015     CMS_jec_RelativeBal     514.967936294     508.411793532     521.524079056     -0.0127311669325     0.0127311669325    0.0127311669325
2015     CMS_jec_RelativeBal     18.078543063     18.1724929752     18.0065026891     0.00519676347327     -0.00398485506327    0.00519676347327
2015     CMS_jec_RelativeBal     57.6370724198     57.6488679279     57.6252769118     0.00020465140837     -0.00020465140837    0.00020465140837
2015     CMS_jec_RelativeBal     2.98232432618     2.98990132152     2.98288609346     0.00254063425227     0.000188365588505    0.00254063425227
2015     CMS_jec_Absolute     514.967936294     499.111324483     530.859041181     -0.0307914545606     0.0308584355779    0.0308584355779
2015     CMS_jec_Absolute     18.078543063     18.1676367392     18.0717874619     0.0049281447013     -0.000373680614066    0.0049281447013
2015     CMS_jec_Absolute     57.6370724198     57.4135685061     57.8605763335     -0.00387778046865     0.00387778046865    0.00387778046865
2015     CMS_jec_Absolute     2.98232432618     2.89447990783     3.10213729906     -0.0294550185519     0.0401743605892    0.0401743605892
2015     CMS_jec_BBEC1_year     514.967936294     520.41353409     509.522338497     0.0105746346764     -0.0105746346764    0.0105746346764
2015     CMS_jec_BBEC1_year     18.078543063     17.9850438748     18.1720422512     -0.0051718320368     0.0051718320368    0.0051718320368
2015     CMS_jec_BBEC1_year     57.6370724198     57.8410373189     57.4331075207     0.00353877965226     -0.00353877965226    0.00353877965226
2015     CMS_jec_BBEC1_year     2.98232432618     2.909151191     3.05549746137     -0.0245356061849     0.0245356061849    0.0245356061849
2015     CMS_jec_Absolute_year     514.967936294     502.214104046     527.721768542     -0.0247662647501     0.0247662647501    0.0247662647501
2015     CMS_jec_Absolute_year     18.078543063     18.1827632497     18.0621086808     0.00576485540415     -0.000909054567828    0.00576485540415
2015     CMS_jec_Absolute_year     57.6370724198     56.4939254368     58.7802194029     -0.0198335365602     0.0198335365602    0.0198335365602
2015     CMS_jec_Absolute_year     2.98232432618     2.81218888223     3.18442832465     -0.0570479348797     0.067767276917    0.067767276917
2015     CMS_jec_RelativeSample_year     514.967936294     510.688420886     519.247451701     -0.00831025604885     0.00831025604885    0.00831025604885
2015     CMS_jec_RelativeSample_year     18.078543063     18.0833389762     18.1067021294     0.000265282063343     0.00155759600116    0.00155759600116
2015     CMS_jec_RelativeSample_year     57.6370724198     57.2821577157     58.0107044264     -0.0061577503728     0.00648249452755    0.00648249452755
2015     CMS_jec_RelativeSample_year     2.98232432618     2.91080288714     3.11056413237     -0.023981777707     0.0429999531103    0.0429999531103
2015     CMS_pu     514.967936294     555.586715692     474.349156896     0.0788763271174     -0.0788763271174    0.0788763271174
2015     CMS_pu     18.078543063     16.8712454921     19.2858406339     -0.0667806894986     0.0667806894986    0.0667806894986
2015     CMS_pu     57.6370724198     57.6924211578     57.5817236819     0.000960297523712     -0.000960297523711    0.000960297523712
2015     CMS_pu     2.98232432618     2.9162034958     3.04844515657     -0.0221709053586     0.0221709053586    0.0221709053586
2015     CMS_L1Prefiring     514.967936294     513.365151967     516.411137476     -0.00311239635236     0.00280250687646    0.00311239635236
2015     CMS_L1Prefiring     18.078543063     18.0231630847     18.1297999672     -0.00306329874826     0.00283523423566    0.00306329874826
2015     CMS_L1Prefiring     57.6370724198     57.2571359693     58.000340647     -0.00659187627922     0.00630268353243    0.00659187627922
2015     CMS_L1Prefiring     2.98232432618     2.95643445621     3.0079056678     -0.00868110478317     0.00857765246842    0.00868110478317
2015     CMS_pdf_sig     514.967936294     518.667730736     511.268087251     0.00718451418418     -0.00718462021009    0.00718462021009
2015     CMS_pdf_sig     18.078543063     18.2024748962     17.9546116633     0.00685518920255     -0.00685516522484    0.00685518920255
2015     CMS_pdf_sig     57.6370724198     58.0941398913     57.1800075123     0.00793009520292     -0.00793005071776    0.00793009520292
2015     CMS_pdf_sig     2.98232432618     3.00551316544     2.95913550866     0.00777542504551     -0.00777541775608    0.00777542504551
2015     CMS_renorm_sig     514.967936294     514.967936294     514.967936294     0.0     0.0    0.0
2015     CMS_renorm_sig     18.078543063     18.078543063     18.078543063     0.0     0.0    0.0
2015     CMS_renorm_sig     57.6370724198     57.6370724198     57.6370724198     0.0     0.0    0.0
2015     CMS_renorm_sig     2.98232432618     2.98232432618     2.98232432618     0.0     0.0    0.0
2015     CMS_fact_sig     514.967936294     456.84934243     585.229518467     -0.112858665108     0.136438751273    0.136438751273
2015     CMS_fact_sig     18.078543063     16.0595333691     20.5135807797     -0.111679889627     0.134692143511    0.134692143511
2015     CMS_fact_sig     57.6370724198     51.0934878566     65.5563866111     -0.113530828138     0.137399660649    0.137399660649
2015     CMS_fact_sig     2.98232432618     2.64469486553     3.39044147372     -0.113210175595     0.136845326968    0.136845326968
2015     CMS_jec_AbsoluteCal     514.967936294     513.486245675     516.449626913     -0.00287724829975     0.00287724829975    0.00287724829975
2015     CMS_jec_AbsoluteCal     18.078543063     18.0240519283     18.1330341977     -0.00301413308249     0.00301413308249    0.00301413308249
2015     CMS_jec_AbsoluteCal     57.6370724198     57.4381605369     57.8359843028     -0.00345111010268     0.00345111010268    0.00345111010268
2015     CMS_jec_AbsoluteCal     2.98232432618     2.95546969273     3.00917895963     -0.00900459859987     0.00900459859987    0.00900459859987
2015     CMS_jec_AbsoluteTheory     514.967936294     499.111346439     530.859019225     -0.0307914119263     0.0308583929436    0.0308583929436
2015     CMS_jec_AbsoluteTheory     18.078543063     18.1676371969     18.0717870042     0.00492817002152     -0.000373705934288    0.00492817002152
2015     CMS_jec_AbsoluteTheory     57.6370724198     57.4135685923     57.8605762474     -0.00387777897358     0.00387777897358    0.00387777897358
2015     CMS_jec_AbsoluteTheory     2.98232432618     2.90264642491     3.09397078197     -0.0267167123878     0.0374360544251    0.0374360544251
2015     CMS_jec_AbsolutePU     514.967936294     499.011805135     530.924067453     -0.0309847080458     0.0309847080458    0.0309847080458
2015     CMS_jec_AbsolutePU     18.078543063     18.7314445164     17.4256416096     0.0361147162745     -0.0361147162745    0.0361147162745
2015     CMS_jec_AbsolutePU     57.6370724198     57.9193187217     57.354826118     0.00489695763474     -0.00489695763474    0.00489695763474
2015     CMS_jec_AbsolutePU     2.98232432618     2.98204782938     2.98260082299     -9.27118491151e-05     9.27118491147e-05    9.27118491151e-05
2015     CMS_jec_AbsoluteScale     514.967936294     499.111346439     530.859019225     -0.0307914119263     0.0308583929436    0.0308583929436
2015     CMS_jec_AbsoluteScale     18.078543063     18.1676371969     18.0717870042     0.00492817002152     -0.000373705934288    0.00492817002152
2015     CMS_jec_AbsoluteScale     57.6370724198     57.4135685923     57.8605762474     -0.00387777897358     0.00387777897358    0.00387777897358
2015     CMS_jec_AbsoluteScale     2.98232432618     2.90264642491     3.09397078197     -0.0267167123878     0.0374360544251    0.0374360544251
2015     CMS_jec_Fragmentation     514.967936294     515.646589964     514.289282624     0.00131785616554     -0.00131785616554    0.00131785616554
2015     CMS_jec_Fragmentation     18.078543063     18.015579506     18.14150662     -0.00348277827404     0.00348277827404    0.00348277827404
2015     CMS_jec_Fragmentation     57.6370724198     57.3924030331     57.8817418066     -0.00424500024835     0.00424500024835    0.00424500024835
2015     CMS_jec_Fragmentation     2.98232432618     2.95895124227     3.00569741009     -0.007837203924     0.007837203924    0.007837203924
2015     CMS_jec_AbsoluteMPFBias     514.967936294     499.111324483     530.859041181     -0.0307914545606     0.0308584355779    0.0308584355779
2015     CMS_jec_AbsoluteMPFBias     18.078543063     18.1676367392     18.0717874619     0.0049281447013     -0.000373680614066    0.0049281447013
2015     CMS_jec_AbsoluteMPFBias     57.6370724198     57.4135685061     57.8605763335     -0.00387778046865     0.00387778046865    0.00387778046865
2015     CMS_jec_AbsoluteMPFBias     2.98232432618     2.89447990783     3.10213729906     -0.0294550185519     0.0401743605892    0.0401743605892
2015     CMS_jec_RelativeFSR     514.967936294     516.478051348     513.45782124     0.0029324448139     -0.0029324448139    0.0029324448139
2015     CMS_jec_RelativeFSR     18.078543063     18.0132444032     18.1676113297     -0.00361194259981     0.00492673919562    0.00492673919562
2015     CMS_jec_RelativeFSR     57.6370724198     56.5089013624     58.7652434772     -0.0195737050833     0.0195737050833    0.0195737050833
2015     CMS_jec_RelativeFSR     2.98232432618     2.8900773186     3.07457133376     -0.0309312460651     0.0309312460651    0.0309312460651
2015     CMS_scale_sig     514.967936294     585.229518467     456.84934243     0.136438751273     -0.112858665108    0.136438751273
2015     CMS_scale_sig     18.078543063     20.5135807797     16.0595333691     0.134692143511     -0.111679889627    0.134692143511
2015     CMS_scale_sig     57.6370724198     65.5563866111     51.0934878566     0.137399660649     -0.113530828138    0.137399660649
2015     CMS_scale_sig     2.98232432618     3.39044147372     2.64469486553     0.136845326968     -0.113210175595    0.136845326968
2015     CMS_bTagSF_M     295.463130551     300.273184555     290.653076546     0.0162797097408     -0.0162797097408    0.0162797097408
2015     CMS_bTagSF_M     11.8977294947     5.94964049793     17.8458184914     -0.499934798434     0.499934798434    0.499934798434
2015     CMS_bTagSF_M     34.0197700444     33.7275632308     34.3119768579     -0.00858932359598     0.00858932359598    0.00858932359598
2015     CMS_bTagSF_M     1.5689119802     0.898063764148     2.23976019624     -0.427588178633     0.427588178633    0.427588178633
2015     CMS_bTagSF_T     295.463130551     295.463130551     295.463130551     0.0     0.0    0.0
2015     CMS_bTagSF_T     11.8977294947     11.8977294947     11.8977294947     0.0     0.0    0.0
2015     CMS_bTagSF_T     34.0197700444     34.0197700444     34.0197700444     0.0     0.0    0.0
2015     CMS_bTagSF_T     1.5689119802     1.5689119802     1.5689119802     0.0     0.0    0.0
2015     CMS_bTagSF_M_corr     295.463130551     298.109276917     292.826645816     0.00895592746792     -0.00892322750991    0.00895592746792
2015     CMS_bTagSF_M_corr     11.8977294947     4.63463088735     19.160828102     -0.61046089597     0.61046089597    0.61046089597
2015     CMS_bTagSF_M_corr     34.0197700444     33.997339307     34.0422007817     -0.000659344177995     0.000659344177996    0.000659344177996
2015     CMS_bTagSF_M_corr     1.5689119802     0.688333646336     2.44949031406     -0.561266881109     0.561266881109    0.561266881109
2015     CMS_bTagSF_T_corr     295.463130551     295.463130551     295.463130551     0.0     0.0    0.0
2015     CMS_bTagSF_T_corr     11.8977294947     11.8977294947     11.8977294947     0.0     0.0    0.0
2015     CMS_bTagSF_T_corr     34.0197700444     34.0197700444     34.0197700444     0.0     0.0    0.0
2015     CMS_bTagSF_T_corr     1.5689119802     1.5689119802     1.5689119802     0.0     0.0    0.0
2015     CMS_jer     295.463130551     305.529663046     285.396598055     0.0340703507643     -0.0340703507643    0.0340703507643
2015     CMS_jer     11.8977294947     11.9393988213     11.856060168     0.00350229232146     -0.00350229232146    0.00350229232146
2015     CMS_jer     34.0197700444     33.5168869319     34.5226531569     -0.0147820844126     0.0147820844126    0.0147820844126
2015     CMS_jer     1.5689119802     1.5916889764     1.58164239707     0.0145177017493     0.00811416895196    0.0145177017493
2015     CMS_jec     295.463130551     299.02580102     291.900460081     0.0120579189113     -0.0120579189113    0.0120579189113
2015     CMS_jec     11.8977294947     12.0051466735     11.7903123158     0.00902837628942     -0.00902837628942    0.00902837628942
2015     CMS_jec     34.0197700444     35.8930157974     32.3724128788     0.055063445478     -0.0484235244232    0.055063445478
2015     CMS_jec     1.5689119802     1.66216026704     1.55389202731     0.0594350021007     -0.0095734834544    0.0594350021007
2015     CMS_bTagSF_bc_T_corr     295.463130551     295.463130551     295.463130551     0.0     0.0    0.0
2015     CMS_bTagSF_bc_T_corr     11.8977294947     11.8977294947     11.8977294947     0.0     0.0    0.0
2015     CMS_bTagSF_bc_T_corr     34.0197700444     34.0197700444     34.0197700444     0.0     0.0    0.0
2015     CMS_bTagSF_bc_T_corr     1.5689119802     1.5689119802     1.5689119802     0.0     0.0    0.0
2015     CMS_bTagSF_light_T_corr     295.463130551     295.463130551     295.463130551     0.0     0.0    0.0
2015     CMS_bTagSF_light_T_corr     11.8977294947     11.8977294947     11.8977294947     0.0     0.0    0.0
2015     CMS_bTagSF_light_T_corr     34.0197700444     34.0197700444     34.0197700444     0.0     0.0    0.0
2015     CMS_bTagSF_light_T_corr     1.5689119802     1.5689119802     1.5689119802     0.0     0.0    0.0
2015     CMS_bTagSF_bc_M_corr     295.463130551     299.388492798     291.537768303     0.0132854554143     -0.0132854554143    0.0132854554143
2015     CMS_bTagSF_bc_M_corr     11.8977294947     4.171891586     19.6235674033     -0.649353972297     0.649353972297    0.649353972297
2015     CMS_bTagSF_bc_M_corr     34.0197700444     33.6050260824     34.4345140063     -0.0121912629455     0.0121912629455    0.0121912629455
2015     CMS_bTagSF_bc_M_corr     1.5689119802     0.665926787838     2.47189717256     -0.575548662868     0.575548662868    0.575548662868
2015     CMS_bTagSF_light_M_corr     295.463130551     316.186586414     274.787381655     0.0701388894941     -0.0699774244493    0.0701388894941
2015     CMS_bTagSF_light_M_corr     11.8977294947     12.3838465947     11.4116123947     0.0408579721227     -0.0408579721227    0.0408579721227
2015     CMS_bTagSF_light_M_corr     34.0197700444     34.0901207558     33.9494193329     0.0020679361261     -0.00206793612611    0.00206793612611
2015     CMS_bTagSF_light_M_corr     1.5689119802     1.58844987419     1.5493740862     0.0124531485779     -0.0124531485779    0.0124531485779
2015     CMS_bTagSF_bc_T_year     295.463130551     295.463130551     295.463130551     0.0     0.0    0.0
2015     CMS_bTagSF_bc_T_year     11.8977294947     11.8977294947     11.8977294947     0.0     0.0    0.0
2015     CMS_bTagSF_bc_T_year     34.0197700444     34.0197700444     34.0197700444     0.0     0.0    0.0
2015     CMS_bTagSF_bc_T_year     1.5689119802     1.5689119802     1.5689119802     0.0     0.0    0.0
2015     CMS_bTagSF_light_T_year     295.463130551     295.463130551     295.463130551     0.0     0.0    0.0
2015     CMS_bTagSF_light_T_year     11.8977294947     11.8977294947     11.8977294947     0.0     0.0    0.0
2015     CMS_bTagSF_light_T_year     34.0197700444     34.0197700444     34.0197700444     0.0     0.0    0.0
2015     CMS_bTagSF_light_T_year     1.5689119802     1.5689119802     1.5689119802     0.0     0.0    0.0
2015     CMS_bTagSF_bc_M_year     295.463130551     338.198463019     252.727798082     0.144638460943     -0.144638460943    0.144638460943
2015     CMS_bTagSF_bc_M_year     11.8977294947     6.25464958153     17.5408094078     -0.474298891706     0.474298891706    0.474298891706
2015     CMS_bTagSF_bc_M_year     34.0197700444     33.7853652042     34.2541748845     -0.00689025351596     0.00689025351596    0.00689025351596
2015     CMS_bTagSF_bc_M_year     1.5689119802     0.926456701191     2.2113672592     -0.409490963875     0.409490963875    0.409490963875
2015     CMS_bTagSF_light_M_year     295.463130551     295.462971031     295.46329007     -5.39896277685e-07     5.39896277907e-07    5.39896277907e-07
2015     CMS_bTagSF_light_M_year     11.8977294947     11.648328325     12.1471306643     -0.0209620810201     0.0209620810201    0.0209620810201
2015     CMS_bTagSF_light_M_year     34.0197700444     34.0283109262     34.0112291625     0.000251056425615     -0.000251056425615    0.000251056425615
2015     CMS_bTagSF_light_M_year     1.5689119802     1.54692564804     1.59089831235     -0.0140137448312     0.0140137448312    0.0140137448312
2015     CMS_jer_eta193     295.463130551     305.555311805     285.370949296     0.0341571594244     -0.0341571594244    0.0341571594244
2015     CMS_jer_eta193     11.8977294947     11.9809379603     11.814521029     0.00699364241412     -0.00699364241412    0.00699364241412
2015     CMS_jer_eta193     34.0197700444     33.4095881095     34.6299519792     -0.0179360981592     0.0179360981592    0.0179360981592
2015     CMS_jer_eta193     1.5689119802     1.5916889764     1.58164239707     0.0145177017493     0.00811416895196    0.0145177017493
2015     CMS_jer_193eta25     295.463130551     295.074537906     295.851723195     -0.00131519842763     0.00131519842763    0.00131519842763
2015     CMS_jer_193eta25     11.8977294947     11.8969258483     11.8985331411     -6.75461997354e-05     6.75461997355e-05    6.75461997355e-05
2015     CMS_jer_193eta25     34.0197700444     34.0533501567     33.986189932     0.000987076406962     -0.000987076406962    0.000987076406962
2015     CMS_jer_193eta25     1.5689119802     1.5689119802     1.5689119802     0.0     0.0    0.0
2015     CMS_jec_FlavorQCD     295.463130551     299.767790497     291.158470604     0.0145691949389     -0.0145691949389    0.0145691949389
2015     CMS_jec_FlavorQCD     11.8977294947     11.8546088249     11.9408501645     -0.00362427720524     0.00362427720524    0.00362427720524
2015     CMS_jec_FlavorQCD     34.0197700444     34.0512181683     33.9883219204     0.000924407304417     -0.000924407304417    0.000924407304417
2015     CMS_jec_FlavorQCD     1.5689119802     1.55493374286     1.58289021754     -0.00890951023228     0.00890951023228    0.00890951023228
2015     CMS_jec_RelativeBal     295.463130551     302.670898277     288.255362824     0.0243948126906     -0.0243948126906    0.0243948126906
2015     CMS_jec_RelativeBal     11.8977294947     11.8323815506     11.9630774388     -0.00549247182979     0.00549247182979    0.00549247182979
2015     CMS_jec_RelativeBal     34.0197700444     32.9369287846     35.1026113042     -0.0318297642338     0.0318297642338    0.0318297642338
2015     CMS_jec_RelativeBal     1.5689119802     1.59426918625     1.57906218722     0.0161622872238     0.00646958347752    0.0161622872238
2015     CMS_jec_Absolute     295.463130551     304.274798805     286.651462296     0.0298232413558     -0.0298232413558    0.0298232413558
2015     CMS_jec_Absolute     11.8977294947     13.3158985603     10.5002701884     0.119196613628     -0.117455965606    0.119196613628
2015     CMS_jec_Absolute     34.0197700444     34.0947607427     33.944779346     0.00220432702097     -0.00220432702097    0.00220432702097
2015     CMS_jec_Absolute     1.5689119802     1.5561077704     1.60367275486     -0.0081612034036     0.0221559750318    0.0221559750318
2015     CMS_jec_BBEC1_year     295.463130551     298.811316434     292.114944667     0.0113319921758     -0.0113319921758    0.0113319921758
2015     CMS_jec_BBEC1_year     11.8977294947     11.8955477691     11.8999112202     -0.000183373267991     0.000183373267991    0.000183373267991
2015     CMS_jec_BBEC1_year     34.0197700444     34.3270648374     33.7124752513     0.00903282981219     -0.00903282981219    0.00903282981219
2015     CMS_jec_BBEC1_year     1.5689119802     1.61134671179     1.5264772486     0.0270472353649     -0.0270472353649    0.0270472353649
2015     CMS_jec_Absolute_year     295.463130551     304.656957583     286.269303518     0.0311166642522     -0.0311166642522    0.0311166642522
2015     CMS_jec_Absolute_year     11.8977294947     12.179495608     11.6159633813     0.0236823432111     -0.0236823432111    0.0236823432111
2015     CMS_jec_Absolute_year     34.0197700444     34.8746663769     33.1648737119     0.0251293977405     -0.0251293977405    0.0251293977405
2015     CMS_jec_Absolute_year     1.5689119802     1.57167585562     1.59136518401     0.00176165104026     0.0143113215383    0.0143113215383
2015     CMS_jec_RelativeSample_year     295.463130551     263.018404757     329.299209702     -0.1098097273     0.11451878645    0.11451878645
2015     CMS_jec_RelativeSample_year     11.8977294947     11.7822392595     12.0132197298     -0.00970691384352     0.00970691384352    0.00970691384352
2015     CMS_jec_RelativeSample_year     34.0197700444     32.7110263466     35.3285137421     -0.038470092421     0.038470092421    0.038470092421
2015     CMS_jec_RelativeSample_year     1.5689119802     1.56509175331     1.57273220708     -0.00243495296744     0.00243495296744    0.00243495296744
2015     CMS_pu     295.463130551     285.639511967     305.286749134     -0.0332482044886     0.0332482044886    0.0332482044886
2015     CMS_pu     11.8977294947     11.4560446957     12.3394142937     -0.0371234527717     0.0371234527717    0.0371234527717
2015     CMS_pu     34.0197700444     33.1434420911     34.8960979976     -0.0257593732149     0.0257593732149    0.0257593732149
2015     CMS_pu     1.5689119802     1.589979518     1.54784444239     0.0134281196592     -0.0134281196592    0.0134281196592
2015     CMS_L1Prefiring     295.463130551     294.542835115     296.292238111     -0.00311475558274     0.00280612866567    0.00311475558274
2015     CMS_L1Prefiring     11.8977294947     11.868155575     11.9245656352     -0.00248567759721     0.00225556822136    0.00248567759721
2015     CMS_L1Prefiring     34.0197700444     33.7781426638     34.2524970023     -0.00710255772704     0.00684093271733    0.00710255772704
2015     CMS_L1Prefiring     1.5689119802     1.55471646331     1.5827739024     -0.00904800082121     0.00883537278009    0.00904800082121
2015     CMS_pdf_sig     295.463130551     297.580600178     293.345676045     0.00716661203424     -0.00716656085398    0.00716661203424
2015     CMS_pdf_sig     11.8977294947     11.9764774928     11.8189809204     0.00661874167918     -0.00661879010559    0.00661879010559
2015     CMS_pdf_sig     34.0197700444     34.2948376224     33.7447044901     0.00808552137864     -0.00808546189074    0.00808552137864
2015     CMS_pdf_sig     1.5689119802     1.57972079932     1.55810312821     0.00688937254677     -0.00688939349076    0.00688939349076
2015     CMS_renorm_sig     295.463130551     295.463130551     295.463130551     0.0     0.0    0.0
2015     CMS_renorm_sig     11.8977294947     11.8977294947     11.8977294947     0.0     0.0    0.0
2015     CMS_renorm_sig     34.0197700444     34.0197700444     34.0197700444     0.0     0.0    0.0
2015     CMS_renorm_sig     1.5689119802     1.5689119802     1.5689119802     0.0     0.0    0.0
2015     CMS_fact_sig     295.463130551     261.965411736     335.979988235     -0.113373600123     0.137129995237    0.137129995237
2015     CMS_fact_sig     11.8977294947     10.5732465782     13.4939268837     -0.111322325579     0.134159831903    0.134159831903
2015     CMS_fact_sig     34.0197700444     30.1540188434     38.6964550238     -0.113632490635     0.137469623498    0.137469623498
2015     CMS_fact_sig     1.5689119802     1.39320715735     1.78099247074     -0.111991510719     0.135176793355    0.135176793355
2015     CMS_jec_AbsoluteCal     295.463130551     295.920449725     295.005811376     0.00154780453863     -0.00154780453863    0.00154780453863
2015     CMS_jec_AbsoluteCal     11.8977294947     11.9380237751     11.8574352142     0.00338672016842     -0.00338672016842    0.00338672016842
2015     CMS_jec_AbsoluteCal     34.0197700444     33.9121905432     34.1273495455     -0.00316226420628     0.00316226420628    0.00316226420628
2015     CMS_jec_AbsoluteCal     1.5689119802     1.56891198377     1.56891197663     2.27554575183e-09     -2.27554552978e-09    2.27554575183e-09
2015     CMS_jec_AbsoluteTheory     295.463130551     304.274771168     286.651489934     0.0298231478174     -0.0298231478174    0.0298231478174
2015     CMS_jec_AbsoluteTheory     11.8977294947     13.3159225091     10.5002462395     0.119198626517     -0.117457978495    0.119198626517
2015     CMS_jec_AbsoluteTheory     34.0197700444     34.094759587     33.9447805017     0.0022042930489     -0.0022042930489    0.0022042930489
2015     CMS_jec_AbsoluteTheory     1.5689119802     1.5561077704     1.60367275486     -0.0081612034036     0.0221559750318    0.0221559750318
2015     CMS_jec_AbsolutePU     295.463130551     285.743108327     305.183152774     -0.032897580842     0.032897580842    0.032897580842
2015     CMS_jec_AbsolutePU     11.8977294947     11.9849003627     11.8105586266     0.0073266809488     -0.0073266809488    0.0073266809488
2015     CMS_jec_AbsolutePU     34.0197700444     33.9588363023     34.0807037864     -0.00179112739346     0.00179112739346    0.00179112739346
2015     CMS_jec_AbsolutePU     1.5689119802     1.5689119802     1.5689119802     0.0     0.0    0.0
2015     CMS_jec_AbsoluteScale     295.463130551     304.274771168     286.651489934     0.0298231478174     -0.0298231478174    0.0298231478174
2015     CMS_jec_AbsoluteScale     11.8977294947     13.3159225091     10.5002462395     0.119198626517     -0.117457978495    0.119198626517
2015     CMS_jec_AbsoluteScale     34.0197700444     34.094759587     33.9447805017     0.0022042930489     -0.0022042930489    0.0022042930489
2015     CMS_jec_AbsoluteScale     1.5689119802     1.5561077704     1.60367275486     -0.0081612034036     0.0221559750318    0.0221559750318
2015     CMS_jec_Fragmentation     295.463130551     295.535728676     295.390532425     0.00024570959331     -0.000245709593309    0.00024570959331
2015     CMS_jec_Fragmentation     11.8977294947     11.9249976221     11.8704613673     0.002291876565     -0.002291876565    0.002291876565
2015     CMS_jec_Fragmentation     34.0197700444     34.1465770607     33.892963028     0.00372745072082     -0.00372745072082    0.00372745072082
2015     CMS_jec_Fragmentation     1.5689119802     1.5689119802     1.5689119802     0.0     0.0    0.0
2015     CMS_jec_AbsoluteMPFBias     295.463130551     304.274798805     286.651462296     0.0298232413558     -0.0298232413558    0.0298232413558
2015     CMS_jec_AbsoluteMPFBias     11.8977294947     13.3158985603     10.5002701884     0.119196613628     -0.117455965606    0.119196613628
2015     CMS_jec_AbsoluteMPFBias     34.0197700444     34.0947607427     33.944779346     0.00220432702097     -0.00220432702097    0.00220432702097
2015     CMS_jec_AbsoluteMPFBias     1.5689119802     1.5561077704     1.60367275486     -0.0081612034036     0.0221559750318    0.0221559750318
2015     CMS_jec_RelativeFSR     295.463130551     258.818175307     332.108085794     -0.124025475445     0.124025475445    0.124025475445
2015     CMS_jec_RelativeFSR     11.8977294947     11.9219675264     11.873491463     0.00203719808226     -0.00203719808226    0.00203719808226
2015     CMS_jec_RelativeFSR     34.0197700444     34.4328124731     33.6067276156     0.0121412469342     -0.0121412469342    0.0121412469342
2015     CMS_jec_RelativeFSR     1.5689119802     1.70660282101     1.46672855246     0.0877619921018     -0.0651301214005    0.0877619921018
2015     CMS_scale_sig     295.463130551     335.979988235     261.965411736     0.137129995237     -0.113373600123    0.137129995237
2015     CMS_scale_sig     11.8977294947     13.4939268837     10.5732465782     0.134159831903     -0.111322325579    0.134159831903
2015     CMS_scale_sig     34.0197700444     38.6964550238     30.1540188434     0.137469623498     -0.113632490635    0.137469623498
2015     CMS_scale_sig     1.5689119802     1.78099247074     1.39320715735     0.135176793355     -0.111991510719    0.135176793355
2015     CMS_bTagSF_M     96.5970202445     94.8201480855     98.3738924035     -0.0183946891376     0.0183946891376    0.0183946891376
2015     CMS_bTagSF_M     3.55344625422     1.83283513615     5.27405737229     -0.484209129665     0.484209129665    0.484209129665
2015     CMS_bTagSF_M     9.70821348443     9.69478373818     9.72164323067     -0.00138333857895     0.00138333857895    0.00138333857895
2015     CMS_bTagSF_M     0.441419538675     0.2590786847     0.62376039265     -0.413078348372     0.413078348372    0.413078348372
2015     CMS_bTagSF_T     96.5970202445     96.5970202445     96.5970202445     0.0     0.0    0.0
2015     CMS_bTagSF_T     3.55344625422     3.55344625422     3.55344625422     0.0     0.0    0.0
2015     CMS_bTagSF_T     9.70821348443     9.70821348443     9.70821348443     0.0     0.0    0.0
2015     CMS_bTagSF_T     0.441419538675     0.441419538675     0.441419538675     0.0     0.0    0.0
2015     CMS_bTagSF_M_corr     96.5970202445     86.5017526841     106.692287805     -0.104509099089     0.104509099089    0.104509099089
2015     CMS_bTagSF_M_corr     3.55344625422     1.75331350012     5.37401421306     -0.506587865783     0.512338678734    0.512338678734
2015     CMS_bTagSF_M_corr     9.70821348443     9.3702829989     10.04614397     -0.034808720067     0.034808720067    0.034808720067
2015     CMS_bTagSF_M_corr     0.441419538675     0.236571729272     0.654640174774     -0.464066022129     0.483033978829    0.483033978829
2015     CMS_bTagSF_T_corr     96.5970202445     96.5970202445     96.5970202445     0.0     0.0    0.0
2015     CMS_bTagSF_T_corr     3.55344625422     3.55344625422     3.55344625422     0.0     0.0    0.0
2015     CMS_bTagSF_T_corr     9.70821348443     9.70821348443     9.70821348443     0.0     0.0    0.0
2015     CMS_bTagSF_T_corr     0.441419538675     0.441419538675     0.441419538675     0.0     0.0    0.0
2015     CMS_jer     96.5970202445     96.5110123079     96.6830281812     -0.000890378776022     0.000890378776021    0.000890378776022
2015     CMS_jer     3.55344625422     3.6912811802     3.41561132823     0.0387890842083     -0.0387890842083    0.0387890842083
2015     CMS_jer     9.70821348443     10.2411138708     9.24092102861     0.0548917045602     -0.0481337227051    0.0548917045602
2015     CMS_jer     0.441419538675     0.446290477923     0.436548599426     0.0110347160057     -0.0110347160057    0.0110347160057
2015     CMS_jec     96.5970202445     98.3152489188     94.8787915703     0.0177875949991     -0.0177875949991    0.0177875949991
2015     CMS_jec     3.55344625422     4.24545562405     3.09219763759     0.194743164894     -0.129803177994    0.194743164894
2015     CMS_jec     9.70821348443     9.50421616005     10.0275556528     -0.0210128593384     0.0328940199831    0.0328940199831
2015     CMS_jec     0.441419538675     0.446290477923     0.436548599426     0.0110347160057     -0.0110347160057    0.0110347160057
2015     CMS_bTagSF_bc_T_corr     96.5970202445     96.5970202445     96.5970202445     0.0     0.0    0.0
2015     CMS_bTagSF_bc_T_corr     3.55344625422     3.55344625422     3.55344625422     0.0     0.0    0.0
2015     CMS_bTagSF_bc_T_corr     9.70821348443     9.70821348443     9.70821348443     0.0     0.0    0.0
2015     CMS_bTagSF_bc_T_corr     0.441419538675     0.441419538675     0.441419538675     0.0     0.0    0.0
2015     CMS_bTagSF_light_T_corr     96.5970202445     96.5970202445     96.5970202445     0.0     0.0    0.0
2015     CMS_bTagSF_light_T_corr     3.55344625422     3.55344625422     3.55344625422     0.0     0.0    0.0
2015     CMS_bTagSF_light_T_corr     9.70821348443     9.70821348443     9.70821348443     0.0     0.0    0.0
2015     CMS_bTagSF_light_T_corr     0.441419538675     0.441419538675     0.441419538675     0.0     0.0    0.0
2015     CMS_bTagSF_bc_M_corr     96.5970202445     94.2448931537     98.9491473353     -0.0243498928316     0.0243498928316    0.0243498928316
2015     CMS_bTagSF_bc_M_corr     3.55344625422     1.34724004897     5.77841610062     -0.620863817099     0.626144223726    0.626144223726
2015     CMS_bTagSF_bc_M_corr     9.70821348443     9.74266971274     9.67375725611     0.00354918321211     -0.00354918321211    0.00354918321211
2015     CMS_bTagSF_bc_M_corr     0.441419538675     0.181355882964     0.701483194385     -0.589153023202     0.589153023202    0.589153023202
2015     CMS_bTagSF_light_M_corr     96.5970202445     86.0898025818     107.104237907     -0.10877372445     0.10877372445    0.10877372445
2015     CMS_bTagSF_light_M_corr     3.55344625422     4.20698424258     2.94390298717     0.183916666133     -0.17153580593    0.183916666133
2015     CMS_bTagSF_light_M_corr     9.70821348443     9.59493109096     9.82149587789     -0.0116687167672     0.0116687167672    0.0116687167672
2015     CMS_bTagSF_light_M_corr     0.441419538675     0.508181299222     0.401989399378     0.151243329073     -0.0893257679865    0.151243329073
2015     CMS_bTagSF_bc_T_year     96.5970202445     96.5970202445     96.5970202445     0.0     0.0    0.0
2015     CMS_bTagSF_bc_T_year     3.55344625422     3.55344625422     3.55344625422     0.0     0.0    0.0
2015     CMS_bTagSF_bc_T_year     9.70821348443     9.70821348443     9.70821348443     0.0     0.0    0.0
2015     CMS_bTagSF_bc_T_year     0.441419538675     0.441419538675     0.441419538675     0.0     0.0    0.0
2015     CMS_bTagSF_light_T_year     96.5970202445     96.5970202445     96.5970202445     0.0     0.0    0.0
2015     CMS_bTagSF_light_T_year     3.55344625422     3.55344625422     3.55344625422     0.0     0.0    0.0
2015     CMS_bTagSF_light_T_year     9.70821348443     9.70821348443     9.70821348443     0.0     0.0    0.0
2015     CMS_bTagSF_light_T_year     0.441419538675     0.441419538675     0.441419538675     0.0     0.0    0.0
2015     CMS_bTagSF_bc_M_year     96.5970202445     94.8698842829     98.3241562062     -0.0178798057876     0.0178798057876    0.0178798057876
2015     CMS_bTagSF_bc_M_year     3.55344625422     1.95185992798     5.15503258046     -0.450713536005     0.450713536005    0.450713536005
2015     CMS_bTagSF_bc_M_year     9.70821348443     9.74481971508     9.67160725377     0.00377064541441     -0.00377064541441    0.00377064541441
2015     CMS_bTagSF_bc_M_year     0.441419538675     0.270207840789     0.612631236561     -0.387866152006     0.387866152006    0.387866152006
2015     CMS_bTagSF_light_M_year     96.5970202445     96.7050900524     96.4889504367     0.00111876958074     -0.00111876958074    0.00111876958074
2015     CMS_bTagSF_light_M_year     3.55344625422     3.25898746547     3.84790504297     -0.0828656936628     0.0828656936628    0.0828656936628
2015     CMS_bTagSF_light_M_year     9.70821348443     9.68254670038     9.73388026847     -0.00264382155268     0.00264382155268    0.00264382155268
2015     CMS_bTagSF_light_M_year     0.441419538675     0.432769700761     0.450069376589     -0.0195955030451     0.0195955030451    0.0195955030451
2015     CMS_jer_eta193     96.5970202445     96.5101223811     96.683918108     -0.000899591552715     0.000899591552714    0.000899591552715
2015     CMS_jer_eta193     3.55344625422     3.6912811802     3.41561132823     0.0387890842083     -0.0387890842083    0.0387890842083
2015     CMS_jer_eta193     9.70821348443     10.0627820837     9.41506937583     0.0365225383475     -0.0301954740767    0.0365225383475
2015     CMS_jer_eta193     0.441419538675     0.446290477923     0.436548599426     0.0110347160057     -0.0110347160057    0.0110347160057
2015     CMS_jer_193eta25     96.5970202445     96.2370756988     96.9569647903     -0.00372624895483     0.00372624895483    0.00372624895483
2015     CMS_jer_193eta25     3.55344625422     3.55344625422     3.55344625422     0.0     0.0    0.0
2015     CMS_jer_193eta25     9.70821348443     9.66171946679     9.75889094197     -0.00478914248377     0.0052200600681    0.0052200600681
2015     CMS_jer_193eta25     0.441419538675     0.441419538675     0.441419538675     0.0     0.0    0.0
2015     CMS_jec_FlavorQCD     96.5970202445     96.3306380339     96.8634024551     -0.00275766488392     0.00275766488392    0.00275766488392
2015     CMS_jec_FlavorQCD     3.55344625422     3.7724258312     3.38040081727     0.0616245642453     -0.0486979187434    0.0616245642453
2015     CMS_jec_FlavorQCD     9.70821348443     9.7059445013     9.71048246755     -0.000233717885557     0.000233717885557    0.000233717885557
2015     CMS_jec_FlavorQCD     0.441419538675     0.437655460664     0.445183616685     -0.00852721205324     0.00852721205324    0.00852721205324
2015     CMS_jec_RelativeBal     96.5970202445     96.9845781791     96.20946231     0.00401211065908     -0.00401211065908    0.00401211065908
2015     CMS_jec_RelativeBal     3.55344625422     3.72256304249     3.4025795325     0.0475923304228     -0.0424564523915    0.0475923304228
2015     CMS_jec_RelativeBal     9.70821348443     9.25574207246     10.1865581421     -0.0466070727321     0.0492721609807    0.0492721609807
2015     CMS_jec_RelativeBal     0.441419538675     0.441419538675     0.441419538675     0.0     0.0    0.0
2015     CMS_jec_Absolute     96.5970202445     98.5130471195     94.6809933695     0.0198352585841     -0.0198352585841    0.0198352585841
2015     CMS_jec_Absolute     3.55344625422     3.88244373835     3.26216126079     0.092585467906     -0.0819725338712    0.092585467906
2015     CMS_jec_Absolute     9.70821348443     8.99713387515     10.4511348852     -0.0732451558069     0.0765250374857    0.0765250374857
2015     CMS_jec_Absolute     0.441419538675     0.446290477923     0.436548599426     0.0110347160057     -0.0110347160057    0.0110347160057
2015     CMS_jec_BBEC1_year     96.5970202445     96.6570133495     96.5370271395     0.000621065793276     -0.000621065793277    0.000621065793277
2015     CMS_jec_BBEC1_year     3.55344625422     3.55344625422     3.55344625422     0.0     0.0    0.0
2015     CMS_jec_BBEC1_year     9.70821348443     9.40403466856     10.0123923003     -0.0313321103162     0.0313321103162    0.0313321103162
2015     CMS_jec_BBEC1_year     0.441419538675     0.441419538675     0.441419538675     0.0     0.0    0.0
2015     CMS_jec_Absolute_year     96.5970202445     99.1068183333     94.0872221558     0.0259821481285     -0.0259821481285    0.0259821481285
2015     CMS_jec_Absolute_year     3.55344625422     3.87476917546     3.29059747801     0.0904257158424     -0.0739701004055    0.0904257158424
2015     CMS_jec_Absolute_year     9.70821348443     9.0141657826     10.4341029778     -0.0714907745839     0.0747706562627    0.0747706562627
2015     CMS_jec_Absolute_year     0.441419538675     0.446290477923     0.436548599426     0.0110347160057     -0.0110347160057    0.0110347160057
2015     CMS_jec_RelativeSample_year     96.5970202445     97.0074020101     96.186638479     0.00424838948955     -0.00424838948955    0.00424838948955
2015     CMS_jec_RelativeSample_year     3.55344625422     3.80627831872     3.33962591061     0.0711512279665     -0.060172668533    0.0711512279665
2015     CMS_jec_RelativeSample_year     9.70821348443     9.93249162776     9.51554006775     0.0231018965219     -0.0198464338455    0.0231018965219
2015     CMS_jec_RelativeSample_year     0.441419538675     0.437655460664     0.445183616685     -0.00852721205324     0.00852721205324    0.00852721205324
2015     CMS_pu     96.5970202445     97.704325585     95.4897149041     0.011463141799     -0.011463141799    0.011463141799
2015     CMS_pu     3.55344625422     3.51167661679     3.59521589164     -0.0117546838862     0.0117546838862    0.0117546838862
2015     CMS_pu     9.70821348443     9.5764562481     9.83997072075     -0.0135717283657     0.0135717283657    0.0135717283657
2015     CMS_pu     0.441419538675     0.42040347038     0.462435606969     -0.0476101904265     0.0476101904265    0.0476101904265
2015     CMS_L1Prefiring     96.5970202445     96.2877157989     96.8774807069     -0.00320200814572     0.00290340697571    0.00320200814572
2015     CMS_L1Prefiring     3.55344625422     3.54120293324     3.56454807912     -0.00344547802452     0.00312424168165    0.00344547802452
2015     CMS_L1Prefiring     9.70821348443     9.63836052118     9.77480826256     -0.00719524383775     0.00685963264372    0.00719524383775
2015     CMS_L1Prefiring     0.441419538675     0.438928435879     0.443829127741     -0.00564339042076     0.00545872770623    0.00564339042076
2015     CMS_pdf_sig     96.5970202445     97.7513938509     95.4426380673     0.0119504059594     -0.0119504946871    0.0119504946871
2015     CMS_pdf_sig     3.55344625422     3.59294613606     3.51394639267     0.0111159361981     -0.0111159304862    0.0111159361981
2015     CMS_pdf_sig     9.70821348443     9.82229831894     9.59412863626     0.0117513726597     -0.0117513740653    0.0117513740653
2015     CMS_pdf_sig     0.441419538675     0.444470260263     0.43836882279     0.00691116119839     -0.00691114827872    0.00691116119839
2015     CMS_renorm_sig     96.5970202445     96.5970202445     96.5970202445     0.0     0.0    0.0
2015     CMS_renorm_sig     3.55344625422     3.55344625422     3.55344625422     0.0     0.0    0.0
2015     CMS_renorm_sig     9.70821348443     9.70821348443     9.70821348443     0.0     0.0    0.0
2015     CMS_renorm_sig     0.441419538675     0.441419538675     0.441419538675     0.0     0.0    0.0
2015     CMS_fact_sig     96.5970202445     84.4710447642     111.484408328     -0.125531568672     0.154118502266    0.154118502266
2015     CMS_fact_sig     3.55344625422     3.1162432702     4.08822917424     -0.123036329449     0.150496977233    0.150496977233
2015     CMS_fact_sig     9.70821348443     8.49538419035     11.2004469276     -0.124928164797     0.153708346604    0.153708346604
2015     CMS_fact_sig     0.441419538675     0.386704785153     0.508486491236     -0.123951816194     0.151934716715    0.151934716715
2015     CMS_jec_AbsoluteCal     96.5970202445     96.6423943847     96.5516461043     0.00046972608573     -0.00046972608573    0.00046972608573
2015     CMS_jec_AbsoluteCal     3.55344625422     3.56199562139     3.5631469536     0.00240593681691     0.00272994121448    0.00272994121448
2015     CMS_jec_AbsoluteCal     9.70821348443     9.40057806054     10.0158489083     -0.031688160173     0.031688160173    0.031688160173
2015     CMS_jec_AbsoluteCal     0.441419538675     0.441419538675     0.441419538675     0.0     0.0    0.0
2015     CMS_jec_AbsoluteTheory     96.5970202445     98.5130471195     94.6809933695     0.0198352585841     -0.0198352585841    0.0198352585841
2015     CMS_jec_AbsoluteTheory     3.55344625422     3.88244373835     3.26216126079     0.092585467906     -0.0819725338712    0.092585467906
2015     CMS_jec_AbsoluteTheory     9.70821348443     8.99713387515     10.4511348852     -0.0732451558069     0.0765250374857    0.0765250374857
2015     CMS_jec_AbsoluteTheory     0.441419538675     0.446290477923     0.436548599426     0.0110347160057     -0.0110347160057    0.0110347160057
2015     CMS_jec_AbsolutePU     96.5970202445     97.2644900157     95.9295504734     0.00690983810301     -0.00690983810301    0.00690983810301
2015     CMS_jec_AbsolutePU     3.55344625422     3.61430068407     3.51662898237     0.0171254679244     -0.0103610042801    0.0171254679244
2015     CMS_jec_AbsolutePU     9.70821348443     9.79275954776     9.62366742109     0.00870871489058     -0.00870871489058    0.00870871489058
2015     CMS_jec_AbsolutePU     0.441419538675     0.441419538675     0.441419538675     0.0     0.0    0.0
2015     CMS_jec_AbsoluteScale     96.5970202445     98.5130471195     94.6809933695     0.0198352585841     -0.0198352585841    0.0198352585841
2015     CMS_jec_AbsoluteScale     3.55344625422     3.88244373835     3.26216126079     0.092585467906     -0.0819725338712    0.092585467906
2015     CMS_jec_AbsoluteScale     9.70821348443     8.99713387515     10.4511348852     -0.0732451558069     0.0765250374857    0.0765250374857
2015     CMS_jec_AbsoluteScale     0.441419538675     0.446290477923     0.436548599426     0.0110347160057     -0.0110347160057    0.0110347160057
2015     CMS_jec_Fragmentation     96.5970202445     96.7873141149     96.4067263741     0.00196997660932     -0.00196997660932    0.00196997660932
2015     CMS_jec_Fragmentation     3.55344625422     3.54906345471     3.57607912029     -0.00123339406302     0.00636927209441    0.00636927209441
2015     CMS_jec_Fragmentation     9.70821348443     9.40083844038     10.0155885285     -0.0316613396008     0.0316613396008    0.0316613396008
2015     CMS_jec_Fragmentation     0.441419538675     0.441419538675     0.441419538675     0.0     0.0    0.0
2015     CMS_jec_AbsoluteMPFBias     96.5970202445     98.5130471195     94.6809933695     0.0198352585841     -0.0198352585841    0.0198352585841
2015     CMS_jec_AbsoluteMPFBias     3.55344625422     3.88244373835     3.26216126079     0.092585467906     -0.0819725338712    0.092585467906
2015     CMS_jec_AbsoluteMPFBias     9.70821348443     8.99713387515     10.4511348852     -0.0732451558069     0.0765250374857    0.0765250374857
2015     CMS_jec_AbsoluteMPFBias     0.441419538675     0.446290477923     0.436548599426     0.0110347160057     -0.0110347160057    0.0110347160057
2015     CMS_jec_RelativeFSR     96.5970202445     96.6468047251     96.5472357639     0.000515383191623     -0.000515383191623    0.000515383191623
2015     CMS_jec_RelativeFSR     3.55344625422     3.60527019462     3.5278770866     0.0145841351453     -0.00719559711557    0.0145841351453
2015     CMS_jec_RelativeFSR     9.70821348443     9.36370601687     10.052720952     -0.0354861858061     0.0354861858061    0.0354861858061
2015     CMS_jec_RelativeFSR     0.441419538675     0.441419538675     0.441419538675     0.0     0.0    0.0
2015     CMS_scale_sig     96.5970202445     111.484408328     84.4710447642     0.154118502266     -0.125531568672    0.154118502266
2015     CMS_scale_sig     3.55344625422     4.08822917424     3.1162432702     0.150496977233     -0.123036329449    0.150496977233
2015     CMS_scale_sig     9.70821348443     11.2004469276     8.49538419035     0.153708346604     -0.124928164797    0.153708346604
2015     CMS_scale_sig     0.441419538675     0.508486491236     0.386704785153     0.151934716715     -0.123951816194    0.151934716715
2015     CMS_bTagSF_M     183.847240137     180.396022014     187.29845826     -0.0187722052301     0.0187722052301    0.0187722052301
2015     CMS_bTagSF_M     8.09803236451     3.75448951887     12.4415752102     -0.53637015143     0.53637015143    0.53637015143
2015     CMS_bTagSF_M     17.8168721673     17.0812212913     18.5525230433     -0.041289563574     0.041289563574    0.041289563574
2015     CMS_bTagSF_M     0.602914957469     0.306801203757     0.899028711181     -0.491136851132     0.491136851132    0.491136851132
2015     CMS_bTagSF_T     183.847240137     183.847240137     183.847240137     0.0     0.0    0.0
2015     CMS_bTagSF_T     8.09803236451     8.09803236451     8.09803236451     0.0     0.0    0.0
2015     CMS_bTagSF_T     17.8168721673     17.8168721673     17.8168721673     0.0     0.0    0.0
2015     CMS_bTagSF_T     0.602914957469     0.602914957469     0.602914957469     0.0     0.0    0.0
2015     CMS_bTagSF_M_corr     183.847240137     164.649066196     203.094120276     -0.104424596892     0.104689524437    0.104689524437
2015     CMS_bTagSF_M_corr     8.09803236451     3.9362105167     12.2598542123     -0.513930009227     0.513930009227    0.513930009227
2015     CMS_bTagSF_M_corr     17.8168721673     16.2560056269     19.3777387077     -0.0876060918985     0.0876060918985    0.0876060918985
2015     CMS_bTagSF_M_corr     0.602914957469     0.286188225864     0.928059233416     -0.52532571581     0.539287128174    0.539287128174
2015     CMS_bTagSF_T_corr     183.847240137     183.847240137     183.847240137     0.0     0.0    0.0
2015     CMS_bTagSF_T_corr     8.09803236451     8.09803236451     8.09803236451     0.0     0.0    0.0
2015     CMS_bTagSF_T_corr     17.8168721673     17.8168721673     17.8168721673     0.0     0.0    0.0
2015     CMS_bTagSF_T_corr     0.602914957469     0.602914957469     0.602914957469     0.0     0.0    0.0
2015     CMS_jer     183.847240137     195.605868761     172.088611514     0.0639586899148     -0.0639586899148    0.0639586899148
2015     CMS_jer     8.09803236451     8.18108344809     8.05703363057     0.0102557114914     -0.0050628019373    0.0102557114914
2015     CMS_jer     17.8168721673     17.8251130266     17.8094480581     0.000462531202338     -0.000416689815469    0.000462531202338
2015     CMS_jer     0.602914957469     0.640445509235     0.565384405704     0.0622485000585     -0.0622485000585    0.0622485000585
2015     CMS_jec     183.847240137     206.286596682     161.94509878     0.122054356261     -0.119132282548    0.122054356261
2015     CMS_jec     8.09803236451     8.11734611172     8.16909556589     0.00238499259276     0.00877536643213    0.00877536643213
2015     CMS_jec     17.8168721673     17.52942797     18.1513310122     -0.0161332581034     0.0187720292186    0.0187720292186
2015     CMS_jec     0.602914957469     0.599147014574     0.671342556562     -0.00624954290649     0.113494611877    0.113494611877
2015     CMS_bTagSF_bc_T_corr     183.847240137     183.847240137     183.847240137     0.0     0.0    0.0
2015     CMS_bTagSF_bc_T_corr     8.09803236451     8.09803236451     8.09803236451     0.0     0.0    0.0
2015     CMS_bTagSF_bc_T_corr     17.8168721673     17.8168721673     17.8168721673     0.0     0.0    0.0
2015     CMS_bTagSF_bc_T_corr     0.602914957469     0.602914957469     0.602914957469     0.0     0.0    0.0
2015     CMS_bTagSF_light_T_corr     183.847240137     183.847240137     183.847240137     0.0     0.0    0.0
2015     CMS_bTagSF_light_T_corr     8.09803236451     8.09803236451     8.09803236451     0.0     0.0    0.0
2015     CMS_bTagSF_light_T_corr     17.8168721673     17.8168721673     17.8168721673     0.0     0.0    0.0
2015     CMS_bTagSF_light_T_corr     0.602914957469     0.602914957469     0.602914957469     0.0     0.0    0.0
2015     CMS_bTagSF_bc_M_corr     183.847240137     179.576067894     188.118412381     -0.0232321803701     0.0232321803701    0.0232321803701
2015     CMS_bTagSF_bc_M_corr     8.09803236451     2.54860571336     13.6474590157     -0.685280868408     0.685280868408    0.685280868408
2015     CMS_bTagSF_bc_M_corr     17.8168721673     16.7921164896     18.8416278449     -0.0575160257101     0.0575160257101    0.0575160257101
2015     CMS_bTagSF_bc_M_corr     0.602914957469     0.225193972894     0.989053486386     -0.626491315062     0.640452727426    0.640452727426
2015     CMS_bTagSF_light_M_corr     183.847240137     167.434858373     200.259621901     -0.0892718419473     0.0892718419473    0.0892718419473
2015     CMS_bTagSF_light_M_corr     8.09803236451     11.1706113135     5.75339858202     0.379422903076     -0.289531293153    0.379422903076
2015     CMS_bTagSF_light_M_corr     17.8168721673     17.1963370611     18.4374072735     -0.0348285097636     0.0348285097636    0.0348285097636
2015     CMS_bTagSF_light_M_corr     0.602914957469     0.664854371064     0.54531848761     0.102733250897     -0.0955300065877    0.102733250897
2015     CMS_bTagSF_bc_T_year     183.847240137     183.847240137     183.847240137     0.0     0.0    0.0
2015     CMS_bTagSF_bc_T_year     8.09803236451     8.09803236451     8.09803236451     0.0     0.0    0.0
2015     CMS_bTagSF_bc_T_year     17.8168721673     17.8168721673     17.8168721673     0.0     0.0    0.0
2015     CMS_bTagSF_bc_T_year     0.602914957469     0.602914957469     0.602914957469     0.0     0.0    0.0
2015     CMS_bTagSF_light_T_year     183.847240137     183.847240137     183.847240137     0.0     0.0    0.0
2015     CMS_bTagSF_light_T_year     8.09803236451     8.09803236451     8.09803236451     0.0     0.0    0.0
2015     CMS_bTagSF_light_T_year     17.8168721673     17.8168721673     17.8168721673     0.0     0.0    0.0
2015     CMS_bTagSF_light_T_year     0.602914957469     0.602914957469     0.602914957469     0.0     0.0    0.0
2015     CMS_bTagSF_bc_M_year     183.847240137     180.211418933     187.483061341     -0.0197763164742     0.0197763164742    0.0197763164742
2015     CMS_bTagSF_bc_M_year     8.09803236451     4.02946417726     12.1666005518     -0.502414414282     0.502414414282    0.502414414282
2015     CMS_bTagSF_bc_M_year     17.8168721673     16.9767883855     18.6569559491     -0.0471510248206     0.0471510248206    0.0471510248206
2015     CMS_bTagSF_bc_M_year     0.602914957469     0.31946592482     0.886363990118     -0.470131034465     0.470131034465    0.470131034465
2015     CMS_bTagSF_light_M_year     183.847240137     183.520171218     184.174309056     -0.00177902545053     0.00177902545053    0.00177902545053
2015     CMS_bTagSF_light_M_year     8.09803236451     7.28724711652     8.90881761251     -0.100121265451     0.100121265451    0.100121265451
2015     CMS_bTagSF_light_M_year     17.8168721673     17.8279783482     17.8057659864     0.000623351887849     -0.000623351887849    0.000623351887849
2015     CMS_bTagSF_light_M_year     0.602914957469     0.593107652544     0.612722262394     -0.0162664813731     0.0162664813731    0.0162664813731
2015     CMS_jer_eta193     183.847240137     196.405503701     171.288976573     0.0683081429697     -0.0683081429696    0.0683081429697
2015     CMS_jer_eta193     8.09803236451     8.18095601193     8.05716106674     0.0102399748086     -0.00504706525447    0.0102399748086
2015     CMS_jer_eta193     17.8168721673     18.0541117735     17.5804493112     0.0133154463912     -0.0132696050044    0.0133154463912
2015     CMS_jer_eta193     0.602914957469     0.640642547717     0.565187367221     0.0625753098021     -0.0625753098021    0.0625753098021
2015     CMS_jer_193eta25     183.847240137     182.788222894     184.90625738     -0.0057603108007     0.0057603108007    0.0057603108007
2015     CMS_jer_193eta25     8.09803236451     8.09815980068     8.09790492835     1.57366828286e-05     -1.57366828291e-05    1.57366828291e-05
2015     CMS_jer_193eta25     17.8168721673     17.8139432527     17.8198010819     -0.000164389941242     0.000164389941243    0.000164389941243
2015     CMS_jer_193eta25     0.602914957469     0.602717918987     0.603111995952     -0.000326809743611     0.000326809743611    0.000326809743611
2015     CMS_jec_FlavorQCD     183.847240137     177.065223553     190.629256721     -0.0368894119868     0.0368894119868    0.0368894119868
2015     CMS_jec_FlavorQCD     8.09803236451     8.14580167464     8.10370099832     0.00589887863758     0.000700001376422    0.00589887863758
2015     CMS_jec_FlavorQCD     17.8168721673     17.5283360991     18.1054082355     -0.0161945410772     0.0161945410772    0.0161945410772
2015     CMS_jec_FlavorQCD     0.602914957469     0.602614594124     0.603215320814     -0.00049818525992     0.00049818525992    0.00049818525992
2015     CMS_jec_RelativeBal     183.847240137     178.076960027     189.617520247     -0.0313862753986     0.0313862753986    0.0313862753986
2015     CMS_jec_RelativeBal     8.09803236451     8.12126857973     8.14029074751     0.00286936556566     0.00521835195202    0.00521835195202
2015     CMS_jec_RelativeBal     17.8168721673     17.5391875671     18.0945567675     -0.0155854853548     0.0155854853548    0.0155854853548
2015     CMS_jec_RelativeBal     0.602914957469     0.627024184851     0.578805730088     0.0399877745324     -0.0399877745324    0.0399877745324
2015     CMS_jec_Absolute     183.847240137     163.103265466     204.591214808     -0.112832668337     0.112832668337    0.112832668337
2015     CMS_jec_Absolute     8.09803236451     8.21756269391     8.04675478322     0.0147604163605     -0.00633210377338    0.0147604163605
2015     CMS_jec_Absolute     17.8168721673     17.2614657662     18.3850734063     -0.0311730586534     0.0318911890768    0.0318911890768
2015     CMS_jec_Absolute     0.602914957469     0.578505366743     0.627324548195     -0.0404859597923     0.0404859597923    0.0404859597923
2015     CMS_jec_BBEC1_year     183.847240137     185.33413393     182.360346345     0.0080876590347     -0.0080876590347    0.0080876590347
2015     CMS_jec_BBEC1_year     8.09803236451     8.09803236451     8.09803236451     0.0     0.0    0.0
2015     CMS_jec_BBEC1_year     17.8168721673     17.5465461165     18.0871982181     -0.0151724751844     0.0151724751844    0.0151724751844
2015     CMS_jec_BBEC1_year     0.602914957469     0.602717918987     0.603111995952     -0.000326809743611     0.000326809743611    0.000326809743611
2015     CMS_jec_Absolute_year     183.847240137     165.902002542     201.792477732     -0.0976095022248     0.0976095022248    0.0976095022248
2015     CMS_jec_Absolute_year     8.09803236451     8.10970434944     8.1425564734     0.00144133592026     0.00549813916315    0.00549813916315
2015     CMS_jec_Absolute_year     17.8168721673     17.4006848303     18.2458543423     -0.0233591695063     0.0240772999298    0.0240772999298
2015     CMS_jec_Absolute_year     0.602914957469     0.578505366743     0.627324548195     -0.0404859597923     0.0404859597923    0.0404859597923
2015     CMS_jec_RelativeSample_year     183.847240137     158.993219818     208.701260457     -0.135188433075     0.135188433075    0.135188433075
2015     CMS_jec_RelativeSample_year     8.09803236451     6.31140061142     10.004446671     -0.220625415245     0.235416977941    0.235416977941
2015     CMS_jec_RelativeSample_year     17.8168721673     17.8683838529     17.7653604817     0.00289117445214     -0.00289117445214    0.00289117445214
2015     CMS_jec_RelativeSample_year     0.602914957469     0.57830832826     0.627521586678     -0.0408127695359     0.0408127695359    0.0408127695359
2015     CMS_pu     183.847240137     185.025011307     182.669468968     0.00640624884353     -0.00640624884353    0.00640624884353
2015     CMS_pu     8.09803236451     7.84157159168     8.35449313735     -0.0316695169017     0.0316695169017    0.0316695169017
2015     CMS_pu     17.8168721673     18.1751831726     17.458561162     0.0201107692722     -0.0201107692722    0.0201107692722
2015     CMS_pu     0.602914957469     0.585772812711     0.620057102228     -0.0284321106089     0.0284321106089    0.0284321106089
2015     CMS_L1Prefiring     183.847240137     183.273754347     184.365512886     -0.00311936034133     0.00281904013295    0.00311936034133
2015     CMS_L1Prefiring     8.09803236451     8.06956147359     8.1247275505     -0.00351577885155     0.00329650275316    0.00351577885155
2015     CMS_L1Prefiring     17.8168721673     17.6802225274     17.9493535093     -0.00766967617043     0.00743572389132    0.00766967617043
2015     CMS_L1Prefiring     0.602914957469     0.599621837248     0.606053750095     -0.00546199788218     0.00520602878927    0.00546199788218
2015     CMS_pdf_sig     183.847240137     186.080676138     181.613806639     0.0121483248773     -0.0121483112635    0.0121483248773
2015     CMS_pdf_sig     8.09803236451     8.19624732034     7.9998173085     0.0121282493578     -0.0121282617299    0.0121282617299
2015     CMS_pdf_sig     17.8168721673     18.0384265311     17.5953174127     0.0124350874693     -0.0124351094036    0.0124351094036
2015     CMS_pdf_sig     0.602914957469     0.611829724374     0.594000201343     0.0147861100386     -0.0147860921607    0.0147861100386
2015     CMS_renorm_sig     183.847240137     183.847240137     183.847240137     0.0     0.0    0.0
2015     CMS_renorm_sig     8.09803236451     8.09803236451     8.09803236451     0.0     0.0    0.0
2015     CMS_renorm_sig     17.8168721673     17.8168721673     17.8168721673     0.0     0.0    0.0
2015     CMS_renorm_sig     0.602914957469     0.602914957469     0.602914957469     0.0     0.0    0.0
2015     CMS_fact_sig     183.847240137     160.345927403     212.766919641     -0.127830652866     0.157302766589    0.157302766589
2015     CMS_fact_sig     8.09803236451     7.07513361347     9.35311329278     -0.126314480481     0.15498591161    0.15498591161
2015     CMS_fact_sig     17.8168721673     15.5346588038     20.6260888356     -0.128092817981     0.157671708141    0.157671708141
2015     CMS_fact_sig     0.602914957469     0.526023432395     0.69746313404     -0.127532953232     0.156818429199    0.156818429199
2015     CMS_jec_AbsoluteCal     183.847240137     177.571878384     190.122601891     -0.0341335651749     0.0341335651749    0.0341335651749
2015     CMS_jec_AbsoluteCal     8.09803236451     8.16409567085     8.0854070021     0.00815794545718     -0.00155906544317    0.00815794545718
2015     CMS_jec_AbsoluteCal     17.8168721673     17.155119713     18.4786246215     -0.0371418983106     0.0371418983106    0.0371418983106
2015     CMS_jec_AbsoluteCal     0.602914957469     0.602717918987     0.603111995952     -0.000326809743611     0.000326809743611    0.000326809743611
2015     CMS_jec_AbsoluteTheory     183.847240137     163.103265466     204.591214808     -0.112832668337     0.112832668337    0.112832668337
2015     CMS_jec_AbsoluteTheory     8.09803236451     8.21756269391     8.04675478322     0.0147604163605     -0.00633210377338    0.0147604163605
2015     CMS_jec_AbsoluteTheory     17.8168721673     17.2614657662     18.3850734063     -0.0311730586534     0.0318911890768    0.0318911890768
2015     CMS_jec_AbsoluteTheory     0.602914957469     0.578505366743     0.627324548195     -0.0404859597923     0.0404859597923    0.0404859597923
2015     CMS_jec_AbsolutePU     183.847240137     185.369986996     182.324493278     0.00828267456025     -0.00828267456025    0.00828267456025
2015     CMS_jec_AbsolutePU     8.09803236451     8.13969293367     8.09842414499     0.00514452984133     4.83797127966e-05    0.00514452984133
2015     CMS_jec_AbsolutePU     17.8168721673     17.8557376265     17.7780067081     0.0021813850848     -0.0021813850848    0.0021813850848
2015     CMS_jec_AbsolutePU     0.602914957469     0.602717918987     0.603111995952     -0.000326809743611     0.000326809743611    0.000326809743611
2015     CMS_jec_AbsoluteScale     183.847240137     163.103265466     204.591214808     -0.112832668337     0.112832668337    0.112832668337
2015     CMS_jec_AbsoluteScale     8.09803236451     8.21756269391     8.04675478322     0.0147604163605     -0.00633210377338    0.0147604163605
2015     CMS_jec_AbsoluteScale     17.8168721673     17.2614657662     18.3850734063     -0.0311730586534     0.0318911890768    0.0318911890768
2015     CMS_jec_AbsoluteScale     0.602914957469     0.578505366743     0.627324548195     -0.0404859597923     0.0404859597923    0.0404859597923
2015     CMS_jec_Fragmentation     183.847240137     184.214978115     183.47950216     0.00200023659485     -0.00200023659485    0.00200023659485
2015     CMS_jec_Fragmentation     8.09803236451     8.16409567085     8.07402140781     0.00815794545718     -0.00296503590306    0.00815794545718
2015     CMS_jec_Fragmentation     17.8168721673     17.2008994347     18.4328448999     -0.0345724393595     0.0345724393595    0.0345724393595
2015     CMS_jec_Fragmentation     0.602914957469     0.602717918987     0.603111995952     -0.000326809743611     0.000326809743611    0.000326809743611
2015     CMS_jec_AbsoluteMPFBias     183.847240137     163.103265466     204.591214808     -0.112832668337     0.112832668337    0.112832668337
2015     CMS_jec_AbsoluteMPFBias     8.09803236451     8.21756269391     8.04675478322     0.0147604163605     -0.00633210377338    0.0147604163605
2015     CMS_jec_AbsoluteMPFBias     17.8168721673     17.2614657662     18.3850734063     -0.0311730586534     0.0318911890768    0.0318911890768
2015     CMS_jec_AbsoluteMPFBias     0.602914957469     0.578505366743     0.627324548195     -0.0404859597923     0.0404859597923    0.0404859597923
2015     CMS_jec_RelativeFSR     183.847240137     158.960697279     208.733782995     -0.135365332869     0.135365332869    0.135365332869
2015     CMS_jec_RelativeFSR     8.09803236451     8.1640003561     8.10031712104     0.0081461753445     0.000282137242576    0.0081461753445
2015     CMS_jec_RelativeFSR     17.8168721673     17.7054458151     17.9282985195     -0.00625397943936     0.00625397943936    0.00625397943936
2015     CMS_jec_RelativeFSR     0.602914957469     0.578505366743     0.627324548195     -0.0404859597923     0.0404859597923    0.0404859597923
2015     CMS_scale_sig     183.847240137     212.766919641     160.345927403     0.157302766589     -0.127830652866    0.157302766589
2015     CMS_scale_sig     8.09803236451     9.35311329278     7.07513361347     0.15498591161     -0.126314480481    0.15498591161
2015     CMS_scale_sig     17.8168721673     20.6260888356     15.5346588038     0.157671708141     -0.128092817981    0.157671708141
2015     CMS_scale_sig     0.602914957469     0.69746313404     0.526023432395     0.156818429199     -0.127532953232    0.156818429199
2015     CMS_bTagSF_M     27.7444659935     27.2010098332     28.2879221539     -0.0195879120719     0.0195879120719    0.0195879120719
2015     CMS_bTagSF_M     1.17976705732     0.530683446052     1.82885066858     -0.550179467412     0.550179467412    0.550179467412
2015     CMS_bTagSF_M     2.19587297268     2.17194393102     2.21980201434     -0.0108972795599     0.0108972795599    0.0108972795599
2015     CMS_bTagSF_M     0.158669369845     0.0839953062943     0.233343433395     -0.470626836317     0.470626836317    0.470626836317
2015     CMS_bTagSF_T     27.7444659935     27.7444659935     27.7444659935     0.0     0.0    0.0
2015     CMS_bTagSF_T     1.17976705732     1.17976705732     1.17976705732     0.0     0.0    0.0
2015     CMS_bTagSF_T     2.19587297268     2.19587297268     2.19587297268     0.0     0.0    0.0
2015     CMS_bTagSF_T     0.158669369845     0.158669369845     0.158669369845     0.0     0.0    0.0
2015     CMS_bTagSF_M_corr     27.7444659935     21.1601385148     34.3287934723     -0.237320389597     0.237320389597    0.237320389597
2015     CMS_bTagSF_M_corr     1.17976705732     0.637248706222     1.72359601773     -0.459852093453     0.460962998618    0.460962998618
2015     CMS_bTagSF_M_corr     2.19587297268     1.98984180281     2.40190414254     -0.0938265429866     0.0938265429866    0.0938265429866
2015     CMS_bTagSF_M_corr     0.158669369845     0.124577504521     0.195811530799     -0.214861036864     0.234085261641    0.234085261641
2015     CMS_bTagSF_T_corr     27.7444659935     27.7444659935     27.7444659935     0.0     0.0    0.0
2015     CMS_bTagSF_T_corr     1.17976705732     1.17976705732     1.17976705732     0.0     0.0    0.0
2015     CMS_bTagSF_T_corr     2.19587297268     2.19587297268     2.19587297268     0.0     0.0    0.0
2015     CMS_bTagSF_T_corr     0.158669369845     0.158669369845     0.158669369845     0.0     0.0    0.0
2015     CMS_jer     27.7444659935     27.7542831228     27.7346488643     0.000353840986762     -0.000353840986762    0.000353840986762
2015     CMS_jer     1.17976705732     1.18871420182     1.17535103542     0.00758382296499     -0.00374313036113    0.00758382296499
2015     CMS_jer     2.19587297268     2.20377091558     2.18797502978     0.00359672121156     -0.00359672121156    0.00359672121156
2015     CMS_jer     0.158669369845     0.151391538525     0.171805021687     -0.0458679033434     0.0827863112806    0.0827863112806
2015     CMS_jec     27.7444659935     27.9608863427     27.5322233319     0.00780048710153     -0.00764990977762    0.00780048710153
2015     CMS_jec     1.17976705732     1.16579210843     1.21134417966     -0.0118455154365     0.0267655569353    0.0267655569353
2015     CMS_jec     2.19587297268     2.09936049863     2.29267453903     -0.0439517564315     0.0440834089937    0.0440834089937
2015     CMS_jec     0.158669369845     0.153119134001     0.170889147286     -0.0349798820605     0.0770140919661    0.0770140919661
2015     CMS_bTagSF_bc_T_corr     27.7444659935     27.7444659935     27.7444659935     0.0     0.0    0.0
2015     CMS_bTagSF_bc_T_corr     1.17976705732     1.17976705732     1.17976705732     0.0     0.0    0.0
2015     CMS_bTagSF_bc_T_corr     2.19587297268     2.19587297268     2.19587297268     0.0     0.0    0.0
2015     CMS_bTagSF_bc_T_corr     0.158669369845     0.158669369845     0.158669369845     0.0     0.0    0.0
2015     CMS_bTagSF_light_T_corr     27.7444659935     27.7444659935     27.7444659935     0.0     0.0    0.0
2015     CMS_bTagSF_light_T_corr     1.17976705732     1.17976705732     1.17976705732     0.0     0.0    0.0
2015     CMS_bTagSF_light_T_corr     2.19587297268     2.19587297268     2.19587297268     0.0     0.0    0.0
2015     CMS_bTagSF_light_T_corr     0.158669369845     0.158669369845     0.158669369845     0.0     0.0    0.0
2015     CMS_bTagSF_bc_M_corr     27.7444659935     27.0080414581     28.480890529     -0.0265431144213     0.0265431144213    0.0265431144213
2015     CMS_bTagSF_bc_M_corr     1.17976705732     0.39439630153     1.9651378131     -0.665699852285     0.665699852285    0.665699852285
2015     CMS_bTagSF_bc_M_corr     2.19587297268     2.18386908549     2.20787685987     -0.00546656720995     0.00546656720995    0.00546656720995
2015     CMS_bTagSF_bc_M_corr     0.158669369845     0.0663677298741     0.250971009815     -0.581723114303     0.581723114303    0.581723114303
2015     CMS_bTagSF_light_M_corr     27.7444659935     23.5749588495     31.9152804681     -0.150282479577     0.150329599982    0.150329599982
2015     CMS_bTagSF_light_M_corr     1.17976705732     1.48687441571     0.87458665906     0.260311861136     -0.258678521632    0.260311861136
2015     CMS_bTagSF_light_M_corr     2.19587297268     1.96792367243     2.42382227293     -0.103808054058     0.103808054058    0.103808054058
2015     CMS_bTagSF_light_M_corr     0.158669369845     0.24516709817     0.0767613664433     0.545144462412     -0.51621811747    0.545144462412
2015     CMS_bTagSF_bc_T_year     27.7444659935     27.7444659935     27.7444659935     0.0     0.0    0.0
2015     CMS_bTagSF_bc_T_year     1.17976705732     1.17976705732     1.17976705732     0.0     0.0    0.0
2015     CMS_bTagSF_bc_T_year     2.19587297268     2.19587297268     2.19587297268     0.0     0.0    0.0
2015     CMS_bTagSF_bc_T_year     0.158669369845     0.158669369845     0.158669369845     0.0     0.0    0.0
2015     CMS_bTagSF_light_T_year     27.7444659935     27.7444659935     27.7444659935     0.0     0.0    0.0
2015     CMS_bTagSF_light_T_year     1.17976705732     1.17976705732     1.17976705732     0.0     0.0    0.0
2015     CMS_bTagSF_light_T_year     2.19587297268     2.19587297268     2.19587297268     0.0     0.0    0.0
2015     CMS_bTagSF_light_T_year     0.158669369845     0.158669369845     0.158669369845     0.0     0.0    0.0
2015     CMS_bTagSF_bc_M_year     27.7444659935     27.1759113763     28.3130206108     -0.0204925413747     0.0204925413747    0.0204925413747
2015     CMS_bTagSF_bc_M_year     1.17976705732     0.582531701733     1.7770024129     -0.506231591973     0.506231591973    0.506231591973
2015     CMS_bTagSF_bc_M_year     2.19587297268     2.16655182103     2.22519412433     -0.0133528450937     0.0133528450937    0.0133528450937
2015     CMS_bTagSF_bc_M_year     0.158669369845     0.0912952910164     0.226043448673     -0.424619313067     0.424619313067    0.424619313067
2015     CMS_bTagSF_light_M_year     27.7444659935     27.8479364447     27.6409955424     0.0037294086377     -0.0037294086377    0.0037294086377
2015     CMS_bTagSF_light_M_year     1.17976705732     1.13921149992     1.22032261472     -0.0343759025548     0.0343759025548    0.0343759025548
2015     CMS_bTagSF_light_M_year     2.19587297268     2.1976935358     2.19405240956     0.000829083987409     -0.000829083987409    0.000829083987409
2015     CMS_bTagSF_light_M_year     0.158669369845     0.153150227849     0.16418851184     -0.0347839157674     0.0347839157674    0.0347839157674
2015     CMS_jer_eta193     27.7444659935     27.7525521171     27.73637987     0.000291449961001     -0.000291449961001    0.000291449961001
2015     CMS_jer_eta193     1.17976705732     1.18872831508     1.17533692217     0.00759578571455     -0.0037550931107    0.00759578571455
2015     CMS_jer_eta193     2.19587297268     2.20220579382     2.18954015154     0.00288396515516     -0.00288396515516    0.00288396515516
2015     CMS_jer_eta193     0.158669369845     0.151391538525     0.171805021687     -0.0458679033434     0.0827863112806    0.0827863112806
2015     CMS_jer_193eta25     27.7444659935     27.762289993     27.7266419941     0.000642434402703     -0.000642434402703    0.000642434402703
2015     CMS_jer_193eta25     1.17976705732     1.17682011215     1.18271400248     -0.00249790426799     0.00249790426799    0.00249790426799
2015     CMS_jer_193eta25     2.19587297268     2.20320442141     2.18854152395     0.00333873990812     -0.00333873990812    0.00333873990812
2015     CMS_jer_193eta25     0.158669369845     0.158597195233     0.158741544456     -0.000454874254515     0.000454874254515    0.000454874254515
2015     CMS_jec_FlavorQCD     27.7444659935     27.7220325608     27.7690993139     -0.000808573240188     0.000887864281655    0.000887864281655
2015     CMS_jec_FlavorQCD     1.17976705732     1.12856274351     1.23097137112     -0.0434020542308     0.0434020542308    0.0434020542308
2015     CMS_jec_FlavorQCD     2.19587297268     2.15944806767     2.23229787769     -0.0165878925903     0.0165878925903    0.0165878925903
2015     CMS_jec_FlavorQCD     0.158669369845     0.151798767302     0.166084188524     -0.0433013791473     0.0467312543452    0.0467312543452
2015     CMS_jec_RelativeBal     27.7444659935     27.6275737775     27.8635580972     -0.00421317231747     0.00429246335894    0.00429246335894
2015     CMS_jec_RelativeBal     1.17976705732     1.12269525213     1.24136998511     -0.0483754863538     0.0522161789577    0.0522161789577
2015     CMS_jec_RelativeBal     2.19587297268     2.17090724632     2.22112779134     -0.0113693855108     0.011501038073    0.011501038073
2015     CMS_jec_RelativeBal     0.158669369845     0.151298369809     0.166584586017     -0.0464550911307     0.0498849663286    0.0498849663286
2015     CMS_jec_Absolute     27.7444659935     27.9086677945     27.5826790981     0.00591836227708     -0.00583132129771    0.00591836227708
2015     CMS_jec_Absolute     1.17976705732     0.631164877763     1.73534114639     -0.465008898283     0.470918462783    0.470918462783
2015     CMS_jec_Absolute     2.19587297268     2.16489933095     2.22713570671     -0.0141053886614     0.0142370412236    0.0142370412236
2015     CMS_jec_Absolute     0.158669369845     0.150437800953     0.167445154873     -0.0518787520221     0.05530862722    0.05530862722
2015     CMS_jec_BBEC1_year     27.7444659935     27.6955466194     27.7933853677     -0.00176321195557     0.00176321195557    0.00176321195557
2015     CMS_jec_BBEC1_year     1.17976705732     1.17682010433     1.1827140103     -0.00249791089083     0.00249791089083    0.00249791089083
2015     CMS_jec_BBEC1_year     2.19587297268     2.18572043004     2.20602551531     -0.00462346536436     0.00462346536436    0.00462346536436
2015     CMS_jec_BBEC1_year     0.158669369845     0.158597195233     0.158741544456     -0.000454874254515     0.000454874254515    0.000454874254515
2015     CMS_jec_Absolute_year     27.7444659935     27.9504447972     27.5409020953     0.00742414014203     -0.00733709916265    0.00742414014203
2015     CMS_jec_Absolute_year     1.17976705732     0.389746594208     1.97824877669     -0.669641060249     0.676813032221    0.676813032221
2015     CMS_jec_Absolute_year     2.19587297268     2.22266845392     2.17455668402     0.0122026554249     -0.00970743250029    0.0122026554249
2015     CMS_jec_Absolute_year     0.158669369845     0.144509644489     0.173373311336     -0.0892404461495     0.0926703213474    0.0926703213474
2015     CMS_jec_RelativeSample_year     27.7444659935     27.8825962796     27.6085355951     0.00497866082964     -0.00489936978818    0.00497866082964
2015     CMS_jec_RelativeSample_year     1.17976705732     1.17983651284     1.18422872441     5.88722318167e-05     0.00378182037204    0.00378182037204
2015     CMS_jec_RelativeSample_year     2.19587297268     2.17331869015     2.21914973067     -0.0102712145982     0.0106002297413    0.0106002297413
2015     CMS_jec_RelativeSample_year     0.158669369845     0.148528787447     0.169354168379     -0.0639101447717     0.0673400199696    0.0673400199696
2015     CMS_pu     27.7444659935     28.384314883     27.1046171041     0.0230622167902     -0.0230622167902    0.0230622167902
2015     CMS_pu     1.17976705732     1.26080580448     1.09872831015     0.0686904644951     -0.0686904644951    0.0686904644951
2015     CMS_pu     2.19587297268     2.21290263406     2.1788433113     0.00775530351244     -0.00775530351244    0.00775530351244
2015     CMS_pu     0.158669369845     0.15229760298     0.165041136709     -0.0401575103657     0.0401575103657    0.0401575103657
2015     CMS_L1Prefiring     27.7444659935     27.651122856     27.8291368235     -0.00336438760699     0.00305180968317    0.00336438760699
2015     CMS_L1Prefiring     1.17976705732     1.17582579012     1.18340526436     -0.00334071643469     0.00308383508925    0.00334071643469
2015     CMS_L1Prefiring     2.19587297268     2.17720790698     2.21397482445     -0.00850006622698     0.00824357875036    0.00850006622698
2015     CMS_L1Prefiring     0.158669369845     0.157582414271     0.15974232505     -0.00685044362737     0.00676220751831    0.00685044362737
2015     CMS_pdf_sig     27.7444659935     28.3270996084     27.1618357067     0.0209999938362     -0.0209998738841    0.0209999938362
2015     CMS_pdf_sig     1.17976705732     1.20333865912     1.15619547614     0.0199798779421     -0.0199798604596    0.0199798779421
2015     CMS_pdf_sig     2.19587297268     2.24391785225     2.14782809814     0.0218796260832     -0.0218796237937    0.0218796260832
2015     CMS_pdf_sig     0.158669369845     0.16276328098     0.154575459391     0.0258015213621     -0.0258015170632    0.0258015213621
2015     CMS_renorm_sig     27.7444659935     27.7444659935     27.7444659935     0.0     0.0    0.0
2015     CMS_renorm_sig     1.17976705732     1.17976705732     1.17976705732     0.0     0.0    0.0
2015     CMS_renorm_sig     2.19587297268     2.19587297268     2.19587297268     0.0     0.0    0.0
2015     CMS_renorm_sig     0.158669369845     0.158669369845     0.158669369845     0.0     0.0    0.0
2015     CMS_fact_sig     27.7444659935     23.7945386176     32.6911342806     -0.14236811683     0.178293872667    0.178293872667
2015     CMS_fact_sig     1.17976705732     1.01357801165     1.38734565885     -0.140865982515     0.175948802984    0.175948802984
2015     CMS_fact_sig     2.19587297268     1.88274685775     2.58814210578     -0.142597554061     0.17863926465    0.17863926465
2015     CMS_fact_sig     0.158669369845     0.135967108964     0.187112640531     -0.143079038525     0.179261257002    0.179261257002
2015     CMS_jec_AbsoluteCal     27.7444659935     27.4143334184     28.0745985687     -0.0118990423255     0.0118990423255    0.0118990423255
2015     CMS_jec_AbsoluteCal     1.17976705732     1.3774336617     0.986756334087     0.167547146837     -0.163600705777    0.167547146837
2015     CMS_jec_AbsoluteCal     2.19587297268     2.1850382848     2.20670766055     -0.0049341141358     0.0049341141358    0.0049341141358
2015     CMS_jec_AbsoluteCal     0.158669369845     0.149052506729     0.168830449096     -0.0606094492252     0.0640393244231    0.0640393244231
2015     CMS_jec_AbsoluteTheory     27.7444659935     27.9086675707     27.5826793219     0.00591835421173     -0.00583131323236    0.00591835421173
2015     CMS_jec_AbsoluteTheory     1.17976705732     0.631164877763     1.73534114639     -0.465008898283     0.470918462783    0.470918462783
2015     CMS_jec_AbsoluteTheory     2.19587297268     2.16485027941     2.22718475825     -0.0141277267178     0.01425937928    0.01425937928
2015     CMS_jec_AbsoluteTheory     0.158669369845     0.150437800953     0.167445154873     -0.0518787520221     0.05530862722    0.05530862722
2015     CMS_jec_AbsolutePU     27.7444659935     27.4107177202     28.0782142669     -0.0120293637461     0.0120293637461    0.0120293637461
2015     CMS_jec_AbsolutePU     1.17976705732     1.17767565764     1.18185845699     -0.00177272255744     0.00177272255744    0.00177272255744
2015     CMS_jec_AbsolutePU     2.19587297268     2.19004497052     2.20170097483     -0.00265407071727     0.00265407071727    0.00265407071727
2015     CMS_jec_AbsolutePU     0.158669369845     0.158597195352     0.158741544338     -0.000454873509482     0.000454873509482    0.000454873509482
2015     CMS_jec_AbsoluteScale     27.7444659935     27.9086675707     27.5826793219     0.00591835421173     -0.00583131323236    0.00591835421173
2015     CMS_jec_AbsoluteScale     1.17976705732     0.631164877763     1.73534114639     -0.465008898283     0.470918462783    0.470918462783
2015     CMS_jec_AbsoluteScale     2.19587297268     2.16485027941     2.22718475825     -0.0141277267178     0.01425937928    0.01425937928
2015     CMS_jec_AbsoluteScale     0.158669369845     0.150437800953     0.167445154873     -0.0518787520221     0.05530862722    0.05530862722
2015     CMS_jec_Fragmentation     27.7444659935     27.503353827     27.9855781601     -0.00869045980547     0.00869045980547    0.00869045980547
2015     CMS_jec_Fragmentation     1.17976705732     1.36682239328     0.992711721347     0.158552770913     -0.158552770913    0.158552770913
2015     CMS_jec_Fragmentation     2.19587297268     2.18203852877     2.20970741659     -0.00630020228185     0.00630020228185    0.00630020228185
2015     CMS_jec_Fragmentation     0.158669369845     0.158597195352     0.158741544338     -0.000454873509482     0.000454873509482    0.000454873509482
2015     CMS_jec_AbsoluteMPFBias     27.7444659935     27.9086677945     27.5826790981     0.00591836227708     -0.00583132129771    0.00591836227708
2015     CMS_jec_AbsoluteMPFBias     1.17976705732     0.631164877763     1.73534114639     -0.465008898283     0.470918462783    0.470918462783
2015     CMS_jec_AbsoluteMPFBias     2.19587297268     2.16489933095     2.22713570671     -0.0141053886614     0.0142370412236    0.0142370412236
2015     CMS_jec_AbsoluteMPFBias     0.158669369845     0.150437800953     0.167445154873     -0.0518787520221     0.05530862722    0.05530862722
2015     CMS_jec_RelativeFSR     27.7444659935     27.252692211     28.2384396637     -0.0177251125548     0.0178044035963    0.0178044035963
2015     CMS_jec_RelativeFSR     1.17976705732     1.12749642737     1.23656880987     -0.0443058904027     0.0481465830066    0.0481465830066
2015     CMS_jec_RelativeFSR     2.19587297268     2.18400129742     2.20774464793     -0.00540635792872     0.00540635792872    0.00540635792872
2015     CMS_jec_RelativeFSR     0.158669369845     0.151118094913     0.166764860912     -0.0475912580902     0.0510211332881    0.0510211332881
2015     CMS_scale_sig     27.7444659935     32.6911342806     23.7945386176     0.178293872667     -0.14236811683    0.178293872667
2015     CMS_scale_sig     1.17976705732     1.38734565885     1.01357801165     0.175948802984     -0.140865982515    0.175948802984
2015     CMS_scale_sig     2.19587297268     2.58814210578     1.88274685775     0.17863926465     -0.142597554061    0.17863926465
2015     CMS_scale_sig     0.158669369845     0.187112640531     0.135967108964     0.179261257002     -0.143079038525    0.179261257002
2015     CMS_bTagSF_M     4.92719260836     4.81177206812     5.04261314861     -0.0234252137918     0.0234252137918    0.0234252137918
2015     CMS_bTagSF_M     0.190816747516     0.0887997400552     0.292833754977     -0.534633405028     0.534633405028    0.534633405028
2015     CMS_bTagSF_M     0.337530613812     0.334168292984     0.340892934641     -0.00996152849819     0.00996152849819    0.00996152849819
2015     CMS_bTagSF_M     0.0197808241509     0.00848543613383     0.0310762121679     -0.571027169085     0.571027169085    0.571027169085
2015     CMS_bTagSF_T     4.92719260836     4.92719260836     4.92719260836     0.0     0.0    0.0
2015     CMS_bTagSF_T     0.190816747516     0.190816747516     0.190816747516     0.0     0.0    0.0
2015     CMS_bTagSF_T     0.337530613812     0.337530613812     0.337530613812     0.0     0.0    0.0
2015     CMS_bTagSF_T     0.0197808241509     0.0197808241509     0.0197808241509     0.0     0.0    0.0
2015     CMS_bTagSF_M_corr     4.92719260836     2.79326624599     7.06111897074     -0.433091728291     0.433091728291    0.433091728291
2015     CMS_bTagSF_M_corr     0.190816747516     0.100227296269     0.281406198763     -0.474745809401     0.474745809401    0.474745809401
2015     CMS_bTagSF_M_corr     0.337530613812     0.223457393832     0.451603833792     -0.337964069961     0.337964069961    0.337964069961
2015     CMS_bTagSF_M_corr     0.0197808241509     0.00614150026118     0.0334703394215     -0.689522528771     0.692059904393    0.692059904393
2015     CMS_bTagSF_T_corr     4.92719260836     4.92719260836     4.92719260836     0.0     0.0    0.0
2015     CMS_bTagSF_T_corr     0.190816747516     0.190816747516     0.190816747516     0.0     0.0    0.0
2015     CMS_bTagSF_T_corr     0.337530613812     0.337530613812     0.337530613812     0.0     0.0    0.0
2015     CMS_bTagSF_T_corr     0.0197808241509     0.0197808241509     0.0197808241509     0.0     0.0    0.0
2015     CMS_jer     4.92719260836     4.90984879172     4.944536425     -0.00352002002337     0.00352002002337    0.00352002002337
2015     CMS_jer     0.190816747516     0.201207210006     0.182221695826     0.054452570991     -0.0450434870204    0.054452570991
2015     CMS_jer     0.337530613812     0.359041571184     0.317164639819     0.0637303891612     -0.0603381535167    0.0637303891612
2015     CMS_jer     0.0197808241509     0.0196965354742     0.0198651128275     -0.00426113067899     0.00426113067899    0.00426113067899
2015     CMS_jec     4.92719260836     4.89854051717     4.95870345731     -0.00581509461344     0.00639529473486    0.00639529473486
2015     CMS_jec     0.190816747516     0.192711087668     0.190589961028     0.00992753611564     -0.00118850410454    0.00992753611564
2015     CMS_jec     0.337530613812     0.391293539282     0.285574244084     0.15928310876     -0.153930836499    0.15928310876
2015     CMS_jec     0.0197808241509     0.0189151382163     0.0219848423668     -0.0437638961807     0.111421960943    0.111421960943
2015     CMS_bTagSF_bc_T_corr     4.92719260836     4.92719260836     4.92719260836     0.0     0.0    0.0
2015     CMS_bTagSF_bc_T_corr     0.190816747516     0.190816747516     0.190816747516     0.0     0.0    0.0
2015     CMS_bTagSF_bc_T_corr     0.337530613812     0.337530613812     0.337530613812     0.0     0.0    0.0
2015     CMS_bTagSF_bc_T_corr     0.0197808241509     0.0197808241509     0.0197808241509     0.0     0.0    0.0
2015     CMS_bTagSF_light_T_corr     4.92719260836     4.92719260836     4.92719260836     0.0     0.0    0.0
2015     CMS_bTagSF_light_T_corr     0.190816747516     0.190816747516     0.190816747516     0.0     0.0    0.0
2015     CMS_bTagSF_light_T_corr     0.337530613812     0.337530613812     0.337530613812     0.0     0.0    0.0
2015     CMS_bTagSF_light_T_corr     0.0197808241509     0.0197808241509     0.0197808241509     0.0     0.0    0.0
2015     CMS_bTagSF_bc_M_corr     4.92719260836     4.77462409645     5.07976112028     -0.0309645926275     0.0309645926275    0.0309645926275
2015     CMS_bTagSF_bc_M_corr     0.190816747516     0.0668635960458     0.314769898986     -0.64959262268     0.64959262268    0.64959262268
2015     CMS_bTagSF_bc_M_corr     0.337530613812     0.323808335831     0.351252891793     -0.0406549137157     0.0406549137157    0.0406549137157
2015     CMS_bTagSF_bc_M_corr     0.0197808241509     0.00467013082361     0.034935720433     -0.763906155376     0.766140792042    0.766140792042
2015     CMS_bTagSF_light_M_corr     4.92719260836     2.90128778944     6.95309742728     -0.411168180331     0.411168180331    0.411168180331
2015     CMS_bTagSF_light_M_corr     0.190816747516     0.297949384024     0.0836841110076     0.561442524847     -0.561442524847    0.561442524847
2015     CMS_bTagSF_light_M_corr     0.337530613812     0.227898259365     0.447162968259     -0.324807143295     0.324807143295    0.324807143295
2015     CMS_bTagSF_light_M_corr     0.0197808241509     0.0268878123324     0.0126834671581     0.35928675809     -0.358799862869    0.35928675809
2015     CMS_bTagSF_bc_T_year     4.92719260836     4.92719260836     4.92719260836     0.0     0.0    0.0
2015     CMS_bTagSF_bc_T_year     0.190816747516     0.190816747516     0.190816747516     0.0     0.0    0.0
2015     CMS_bTagSF_bc_T_year     0.337530613812     0.337530613812     0.337530613812     0.0     0.0    0.0
2015     CMS_bTagSF_bc_T_year     0.0197808241509     0.0197808241509     0.0197808241509     0.0     0.0    0.0
2015     CMS_bTagSF_light_T_year     4.92719260836     4.92719260836     4.92719260836     0.0     0.0    0.0
2015     CMS_bTagSF_light_T_year     0.190816747516     0.190816747516     0.190816747516     0.0     0.0    0.0
2015     CMS_bTagSF_light_T_year     0.337530613812     0.337530613812     0.337530613812     0.0     0.0    0.0
2015     CMS_bTagSF_light_T_year     0.0197808241509     0.0197808241509     0.0197808241509     0.0     0.0    0.0
2015     CMS_bTagSF_bc_M_year     4.92719260836     4.79725993129     5.05712528544     -0.0263705293058     0.0263705293058    0.0263705293058
2015     CMS_bTagSF_bc_M_year     0.190816747516     0.097975626224     0.283657868808     -0.486545979326     0.486545979326    0.486545979326
2015     CMS_bTagSF_bc_M_year     0.337530613812     0.329355899528     0.345705328096     -0.0242191787918     0.0242191787918    0.0242191787918
2015     CMS_bTagSF_bc_M_year     0.0197808241509     0.00898498307058     0.0305766652311     -0.545773067792     0.545773067792    0.545773067792
2015     CMS_bTagSF_light_M_year     4.92719260836     4.93662530126     4.91775991547     0.00191441529579     -0.00191441529579    0.00191441529579
2015     CMS_bTagSF_light_M_year     0.190816747516     0.179730714461     0.201902780572     -0.0580977990655     0.0580977990655    0.0580977990655
2015     CMS_bTagSF_light_M_year     0.337530613812     0.338770256522     0.336290971102     0.00367268229603     -0.00367268229603    0.00367268229603
2015     CMS_bTagSF_light_M_year     0.0197808241509     0.0193536830478     0.0202079652539     -0.021593695983     0.021593695983    0.021593695983
2015     CMS_jer_eta193     4.92719260836     4.90973358099     4.94465163574     -0.00354340265583     0.00354340265583    0.00354340265583
2015     CMS_jer_eta193     0.190816747516     0.201208742105     0.182220163727     0.0544606001529     -0.0450515161824    0.0544606001529
2015     CMS_jer_eta193     0.337530613812     0.359036690268     0.317169520735     0.0637159285003     -0.0603236928558    0.0637159285003
2015     CMS_jer_eta193     0.0197808241509     0.0196965354742     0.0198651128275     -0.00426113067899     0.00426113067899    0.00426113067899
2015     CMS_jer_193eta25     4.92719260836     4.92291752175     4.93146769498     -0.000867651613275     0.000867651613274    0.000867651613275
2015     CMS_jer_193eta25     0.190816747516     0.190797084055     0.190836410977     -0.00010304892689     0.00010304892689    0.00010304892689
2015     CMS_jer_193eta25     0.337530613812     0.337445388751     0.337615838873     -0.000252495796934     0.000252495796934    0.000252495796934
2015     CMS_jer_193eta25     0.0197808241509     0.0197808241509     0.0197808241509     0.0     0.0    0.0
2015     CMS_jec_FlavorQCD     4.92719260836     4.94433722926     4.91004798747     0.0034795921853     -0.0034795921853    0.0034795921853
2015     CMS_jec_FlavorQCD     0.190816747516     0.195125621601     0.186507873431     0.0225812154378     -0.0225812154378    0.0225812154378
2015     CMS_jec_FlavorQCD     0.337530613812     0.33475005933     0.340311168294     -0.0082379327026     0.0082379327026    0.0082379327026
2015     CMS_jec_FlavorQCD     0.0197808241509     0.017132339264     0.0224293090377     -0.133891533874     0.133891533874    0.133891533874
2015     CMS_jec_RelativeBal     4.92719260836     4.96799635967     4.88638885705     0.00828133879746     -0.00828133879746    0.00828133879746
2015     CMS_jec_RelativeBal     0.190816747516     0.193951301639     0.18825284801     0.0164270388393     -0.0134364490521    0.0164270388393
2015     CMS_jec_RelativeBal     0.337530613812     0.336129412581     0.339595725196     -0.00415133079261     0.00611829356822    0.00611829356822
2015     CMS_jec_RelativeBal     0.0197808241509     0.020354179886     0.0192074684157     0.028985432092     -0.028985432092    0.028985432092
2015     CMS_jec_Absolute     4.92719260836     4.94893952568     4.90544569105     0.0044136527718     -0.0044136527718    0.0044136527718
2015     CMS_jec_Absolute     0.190816747516     0.200443644653     0.181760504995     0.0504510073795     -0.0474604175922    0.0504510073795
2015     CMS_jec_Absolute     0.337530613812     0.329899301843     0.346765854958     -0.0226092438921     0.0273611956025    0.0273611956025
2015     CMS_jec_Absolute     0.0197808241509     0.0200556595958     0.0198097666484     0.0138940340853     0.00146315933691    0.0138940340853
2015     CMS_jec_BBEC1_year     4.92719260836     4.93529166492     4.91909355181     0.00164374669263     -0.00164374669263    0.00164374669263
2015     CMS_jec_BBEC1_year     0.190816747516     0.192619982231     0.189013512801     0.00945008621245     -0.00945008621245    0.00945008621245
2015     CMS_jec_BBEC1_year     0.337530613812     0.337281491624     0.337779736     -0.000738072866584     0.000738072866584    0.000738072866584
2015     CMS_jec_BBEC1_year     0.0197808241509     0.0197808241509     0.0197808241509     0.0     0.0    0.0
2015     CMS_jec_Absolute_year     4.92719260836     4.93585922412     4.9185259926     0.0017589358581     -0.0017589358581    0.0017589358581
2015     CMS_jec_Absolute_year     0.190816747516     0.19595748399     0.186246665659     0.0269406985519     -0.0239501087646    0.0269406985519
2015     CMS_jec_Absolute_year     0.337530613812     0.331555540043     0.345283643671     -0.0177023165454     0.0229698567821    0.0229698567821
2015     CMS_jec_Absolute_year     0.0197808241509     0.0200556595958     0.0198097666484     0.0138940340853     0.00146315933691    0.0138940340853
2015     CMS_jec_RelativeSample_year     4.92719260836     4.98142755051     4.87295766621     0.0110072705618     -0.0110072705618    0.0110072705618
2015     CMS_jec_RelativeSample_year     0.190816747516     0.199756496246     0.182731005664     0.0468499167227     -0.0423743825306    0.0468499167227
2015     CMS_jec_RelativeSample_year     0.337530613812     0.33190767017     0.344267317668     -0.0166590626493     0.0199587936026    0.0199587936026
2015     CMS_jec_RelativeSample_year     0.0197808241509     0.0194412640804     0.0204241621638     -0.0171661235065     0.0325233169288    0.0325233169288
2015     CMS_pu     4.92719260836     5.03496583613     4.81941938059     0.0218731509678     -0.0218731509678    0.0218731509678
2015     CMS_pu     0.190816747516     0.18639538779     0.195238107242     -0.0231707110808     0.0231707110808    0.0231707110808
2015     CMS_pu     0.337530613812     0.343576230351     0.331484997273     0.0179113132013     -0.0179113132013    0.0179113132013
2015     CMS_pu     0.0197808241509     0.0181409841326     0.0214206641691     -0.0829004901799     0.0829004901799    0.0829004901799
2015     CMS_L1Prefiring     4.92719260836     4.91014414508     4.94260924947     -0.00346007648449     0.00312888947808    0.00346007648449
2015     CMS_L1Prefiring     0.190816747516     0.190256872651     0.191319868311     -0.00293409709929     0.0026366700046    0.00293409709929
2015     CMS_L1Prefiring     0.337530613812     0.334370509465     0.340605539419     -0.00936242289621     0.00911006433562    0.00936242289621
2015     CMS_L1Prefiring     0.0197808241509     0.0196285098392     0.0199321844811     -0.007700099376     0.00765187178583    0.007700099376
2015     CMS_pdf_sig     4.92719260836     5.09773614421     4.75664912931     0.0346127195342     -0.0346127080075    0.0346127195342
2015     CMS_pdf_sig     0.190816747516     0.197808096457     0.183825391332     0.036639074044     -0.0366391120029    0.0366391120029
2015     CMS_pdf_sig     0.337530613812     0.348631093462     0.326430136395     0.0328873269436     -0.0328873203291    0.0328873269436
2015     CMS_pdf_sig     0.0197808241509     0.0203922717769     0.0191693762578     0.0309111299578     -0.0309111434598    0.0309111434598
2015     CMS_renorm_sig     4.92719260836     4.92719260836     4.92719260836     0.0     0.0    0.0
2015     CMS_renorm_sig     0.190816747516     0.190816747516     0.190816747516     0.0     0.0    0.0
2015     CMS_renorm_sig     0.337530613812     0.337530613812     0.337530613812     0.0     0.0    0.0
2015     CMS_renorm_sig     0.0197808241509     0.0197808241509     0.0197808241509     0.0     0.0    0.0
2015     CMS_fact_sig     4.92719260836     4.17032458935     5.88904545415     -0.153610398288     0.195213161377    0.195213161377
2015     CMS_fact_sig     0.190816747516     0.161754129798     0.227646338388     -0.152306430628     0.193010264307    0.193010264307
2015     CMS_fact_sig     0.337530613812     0.285555436975     0.403704622296     -0.153986556213     0.196053352722    0.196053352722
2015     CMS_fact_sig     0.0197808241509     0.0167911912049     0.0235648751083     -0.151137936579     0.191298953398    0.191298953398
2015     CMS_jec_AbsoluteCal     4.92719260836     4.94832783212     4.9060573846     0.00428950630466     -0.00428950630466    0.00428950630466
2015     CMS_jec_AbsoluteCal     0.190816747516     0.194557214091     0.187076280941     0.0196024019049     -0.0196024019049    0.0196024019049
2015     CMS_jec_AbsoluteCal     0.337530613812     0.334621985443     0.340439242181     -0.00861737646912     0.00861737646912    0.00861737646912
2015     CMS_jec_AbsoluteCal     0.0197808241509     0.0197791975421     0.0197824507596     -8.22315965703e-05     8.22315965703e-05    8.22315965703e-05
2015     CMS_jec_AbsoluteTheory     4.92719260836     4.94893952568     4.90544569105     0.0044136527718     -0.0044136527718    0.0044136527718
2015     CMS_jec_AbsoluteTheory     0.190816747516     0.200443644653     0.181760504995     0.0504510073795     -0.0474604175922    0.0504510073795
2015     CMS_jec_AbsoluteTheory     0.337530613812     0.329899301843     0.346765854958     -0.0226092438921     0.0273611956025    0.0273611956025
2015     CMS_jec_AbsoluteTheory     0.0197808241509     0.0200556595958     0.0198097666484     0.0138940340853     0.00146315933691    0.0138940340853
2015     CMS_jec_AbsolutePU     4.92719260836     4.93355624977     4.92082896695     0.00129153493947     -0.00129153493947    0.00129153493947
2015     CMS_jec_AbsolutePU     0.190816747516     0.191823541522     0.18980995351     0.00527623502014     -0.00527623502014    0.00527623502014
2015     CMS_jec_AbsolutePU     0.337530613812     0.342379375089     0.332681852535     0.0143653970298     -0.0143653970298    0.0143653970298
2015     CMS_jec_AbsolutePU     0.0197808241509     0.0197808241509     0.0197808241509     0.0     0.0    0.0
2015     CMS_jec_AbsoluteScale     4.92719260836     4.94893952568     4.90544569105     0.0044136527718     -0.0044136527718    0.0044136527718
2015     CMS_jec_AbsoluteScale     0.190816747516     0.200443644653     0.181760504995     0.0504510073795     -0.0474604175922    0.0504510073795
2015     CMS_jec_AbsoluteScale     0.337530613812     0.329899301843     0.346765854958     -0.0226092438921     0.0273611956025    0.0273611956025
2015     CMS_jec_AbsoluteScale     0.0197808241509     0.0200556595958     0.0198097666484     0.0138940340853     0.00146315933691    0.0138940340853
2015     CMS_jec_Fragmentation     4.92719260836     4.95946782931     4.89491738742     0.00655042810561     -0.00655042810561    0.00655042810561
2015     CMS_jec_Fragmentation     0.190816747516     0.194730733412     0.18690276162     0.02051175249     -0.02051175249    0.02051175249
2015     CMS_jec_Fragmentation     0.337530613812     0.334539065499     0.340522162125     -0.00886304290787     0.00886304290787    0.00886304290787
2015     CMS_jec_Fragmentation     0.0197808241509     0.0197791975421     0.0197824507596     -8.22315965703e-05     8.22315965703e-05    8.22315965703e-05
2015     CMS_jec_AbsoluteMPFBias     4.92719260836     4.94893952568     4.90544569105     0.0044136527718     -0.0044136527718    0.0044136527718
2015     CMS_jec_AbsoluteMPFBias     0.190816747516     0.200443644653     0.181760504995     0.0504510073795     -0.0474604175922    0.0504510073795
2015     CMS_jec_AbsoluteMPFBias     0.337530613812     0.329899301843     0.346765854958     -0.0226092438921     0.0273611956025    0.0273611956025
2015     CMS_jec_AbsoluteMPFBias     0.0197808241509     0.0200556595958     0.0198097666484     0.0138940340853     0.00146315933691    0.0138940340853
2015     CMS_jec_RelativeFSR     4.92719260836     4.90846785487     4.94591736186     -0.00380028851776     0.00380028851776    0.00380028851776
2015     CMS_jec_RelativeFSR     0.190816747516     0.199198662358     0.182922993105     0.0439265156274     -0.0413682473545    0.0439265156274
2015     CMS_jec_RelativeFSR     0.337530613812     0.340738936948     0.334322290676     0.0095052804245     -0.0095052804245    0.0095052804245
2015     CMS_jec_RelativeFSR     0.0197808241509     0.0205539983173     0.0190076499844     0.0390870552477     -0.0390870552477    0.0390870552477
2015     CMS_scale_sig     4.92719260836     5.88904545415     4.17032458935     0.195213161377     -0.153610398288    0.195213161377
2015     CMS_scale_sig     0.190816747516     0.227646338388     0.161754129798     0.193010264307     -0.152306430628    0.193010264307
2015     CMS_scale_sig     0.337530613812     0.403704622296     0.285555436975     0.196053352722     -0.153986556213    0.196053352722
2015     CMS_scale_sig     0.0197808241509     0.0235648751083     0.0167911912049     0.191298953398     -0.151137936579    0.191298953398
2015     CMS_bTagSF_M     3.10381288009     3.01946767926     3.18815808091     -0.0271747054625     0.0271747054625    0.0271747054625
2015     CMS_bTagSF_M     0.147858368222     0.0626923741925     0.233024362252     -0.575997118416     0.575997118416    0.575997118416
2015     CMS_bTagSF_M     0.22281272609     0.232450182523     0.213175269658     0.0432536175178     -0.0432536175178    0.0432536175178
2015     CMS_bTagSF_M     0.0159369716341     0.00662226817743     0.0252516750907     -0.584471358205     0.584471358205    0.584471358205
2015     CMS_bTagSF_T     3.10381288009     3.10381288009     3.10381288009     0.0     0.0    0.0
2015     CMS_bTagSF_T     0.147858368222     0.147858368222     0.147858368222     0.0     0.0    0.0
2015     CMS_bTagSF_T     0.22281272609     0.22281272609     0.22281272609     0.0     0.0    0.0
2015     CMS_bTagSF_T     0.0159369716341     0.0159369716341     0.0159369716341     0.0     0.0    0.0
2015     CMS_bTagSF_M_corr     3.10381288009     2.17452814621     4.03319334896     -0.299401017321     0.299431861642    0.299431861642
2015     CMS_bTagSF_M_corr     0.147858368222     0.0839660902892     0.211750646155     -0.432118105327     0.432118105327    0.432118105327
2015     CMS_bTagSF_M_corr     0.22281272609     0.181358421871     0.265054721264     -0.186049984427     0.189585199711    0.189585199711
2015     CMS_bTagSF_M_corr     0.0159369716341     0.00793918793601     0.0240103960472     -0.501838359363     0.506584600797    0.506584600797
2015     CMS_bTagSF_T_corr     3.10381288009     3.10381288009     3.10381288009     0.0     0.0    0.0
2015     CMS_bTagSF_T_corr     0.147858368222     0.147858368222     0.147858368222     0.0     0.0    0.0
2015     CMS_bTagSF_T_corr     0.22281272609     0.22281272609     0.22281272609     0.0     0.0    0.0
2015     CMS_bTagSF_T_corr     0.0159369716341     0.0159369716341     0.0159369716341     0.0     0.0    0.0
2015     CMS_jer     3.10381288009     3.1161699482     3.09145581197     0.00398125421525     -0.00398125421525    0.00398125421525
2015     CMS_jer     0.147858368222     0.17587344859     0.119946432568     0.189472403251     -0.188774811936    0.189472403251
2015     CMS_jer     0.22281272609     0.217696658952     0.227928793228     -0.0229612878402     0.0229612878402    0.0229612878402
2015     CMS_jer     0.0159369716341     0.0158081379127     0.0163737162363     -0.00808395247687     0.0274044914104    0.0274044914104
2015     CMS_jec     3.10381288009     3.08622141823     3.12182347897     -0.00566769407154     0.00580273346892    0.00580273346892
2015     CMS_jec     0.147858368222     0.147025843407     0.149363349862     -0.00563055595233     0.0101785354288    0.0101785354288
2015     CMS_jec     0.22281272609     0.182509516136     0.263399519644     -0.180883788198     0.182156532375    0.182156532375
2015     CMS_jec     0.0159369716341     0.0166940768516     0.0167634658976     0.0475062160444     0.0518601828817    0.0518601828817
2015     CMS_bTagSF_bc_T_corr     3.10381288009     3.10381288009     3.10381288009     0.0     0.0    0.0
2015     CMS_bTagSF_bc_T_corr     0.147858368222     0.147858368222     0.147858368222     0.0     0.0    0.0
2015     CMS_bTagSF_bc_T_corr     0.22281272609     0.22281272609     0.22281272609     0.0     0.0    0.0
2015     CMS_bTagSF_bc_T_corr     0.0159369716341     0.0159369716341     0.0159369716341     0.0     0.0    0.0
2015     CMS_bTagSF_light_T_corr     3.10381288009     3.10381288009     3.10381288009     0.0     0.0    0.0
2015     CMS_bTagSF_light_T_corr     0.147858368222     0.147858368222     0.147858368222     0.0     0.0    0.0
2015     CMS_bTagSF_light_T_corr     0.22281272609     0.22281272609     0.22281272609     0.0     0.0    0.0
2015     CMS_bTagSF_light_T_corr     0.0159369716341     0.0159369716341     0.0159369716341     0.0     0.0    0.0
2015     CMS_bTagSF_bc_M_corr     3.10381288009     2.97973880127     3.2278869589     -0.0399747290226     0.0399747290226    0.0399747290226
2015     CMS_bTagSF_bc_M_corr     0.147858368222     0.0469298475692     0.248786888875     -0.682602695177     0.682602695177    0.682602695177
2015     CMS_bTagSF_bc_M_corr     0.22281272609     0.234145447989     0.211480004191     0.0508620943594     -0.0508620943594    0.0508620943594
2015     CMS_bTagSF_bc_M_corr     0.0159369716341     0.00420191965996     0.0276889690885     -0.736341398074     0.737404679147    0.737404679147
2015     CMS_bTagSF_light_M_corr     3.10381288009     2.32253270351     3.88509305666     -0.251716262146     0.251716262146    0.251716262146
2015     CMS_bTagSF_light_M_corr     0.147858368222     0.212987272679     0.0827294637654     0.440481693663     -0.440481693663    0.440481693663
2015     CMS_bTagSF_light_M_corr     0.22281272609     0.175472399289     0.271148642911     -0.212466889266     0.216935170934    0.216935170934
2015     CMS_bTagSF_light_M_corr     0.0159369716341     0.0213870038553     0.0111842663095     0.341974143291     -0.298218848201    0.341974143291
2015     CMS_bTagSF_bc_T_year     3.10381288009     3.10381288009     3.10381288009     0.0     0.0    0.0
2015     CMS_bTagSF_bc_T_year     0.147858368222     0.147858368222     0.147858368222     0.0     0.0    0.0
2015     CMS_bTagSF_bc_T_year     0.22281272609     0.22281272609     0.22281272609     0.0     0.0    0.0
2015     CMS_bTagSF_bc_T_year     0.0159369716341     0.0159369716341     0.0159369716341     0.0     0.0    0.0
2015     CMS_bTagSF_light_T_year     3.10381288009     3.10381288009     3.10381288009     0.0     0.0    0.0
2015     CMS_bTagSF_light_T_year     0.147858368222     0.147858368222     0.147858368222     0.0     0.0    0.0
2015     CMS_bTagSF_light_T_year     0.22281272609     0.22281272609     0.22281272609     0.0     0.0    0.0
2015     CMS_bTagSF_light_T_year     0.0159369716341     0.0159369716341     0.0159369716341     0.0     0.0    0.0
2015     CMS_bTagSF_bc_M_year     3.10381288009     3.01238666683     3.19523909335     -0.0294560969982     0.0294560969982    0.0294560969982
2015     CMS_bTagSF_bc_M_year     0.147858368222     0.0700776548714     0.225639081573     -0.526048774148     0.526048774148    0.526048774148
2015     CMS_bTagSF_bc_M_year     0.22281272609     0.232629668356     0.212995783825     0.0440591632171     -0.0440591632171    0.0440591632171
2015     CMS_bTagSF_bc_M_year     0.0159369716341     0.00705927401509     0.024814669253     -0.55705047501     0.55705047501    0.55705047501
2015     CMS_bTagSF_light_M_year     3.10381288009     3.11573300292     3.09189275725     0.00384047727572     -0.00384047727572    0.00384047727572
2015     CMS_bTagSF_light_M_year     0.147858368222     0.142674488737     0.153042247707     -0.0350597639324     0.0350597639324    0.0350597639324
2015     CMS_bTagSF_light_M_year     0.22281272609     0.223694985236     0.221930466944     0.00395964432257     -0.00395964432257    0.00395964432257
2015     CMS_bTagSF_light_M_year     0.0159369716341     0.015601614791     0.0162723284771     -0.0210426956083     0.0210426956083    0.0210426956083
2015     CMS_jer_eta193     3.10381288009     3.11643922221     3.09118653796     0.00406801009389     -0.00406801009389    0.00406801009389
2015     CMS_jer_eta193     0.147858368222     0.17587297732     0.119946903838     0.189469215944     -0.188771624629    0.189469215944
2015     CMS_jer_eta193     0.22281272609     0.217861893502     0.227763558678     -0.0222197029537     0.0222197029537    0.0222197029537
2015     CMS_jer_eta193     0.0159369716341     0.0158081379127     0.0163737162363     -0.00808395247687     0.0274044914104    0.0274044914104
2015     CMS_jer_193eta25     3.10381288009     3.09644122965     3.11118453052     -0.00237503055829     0.00237503055829    0.00237503055829
2015     CMS_jer_193eta25     0.147858368222     0.14786678084     0.147849955604     5.68964616279e-05     -5.68964616277e-05    5.68964616279e-05
2015     CMS_jer_193eta25     0.22281272609     0.222810209559     0.222815242622     -1.12943783592e-05     1.12943783592e-05    1.12943783592e-05
2015     CMS_jer_193eta25     0.0159369716341     0.0159369716341     0.0159369716341     0.0     0.0    0.0
2015     CMS_jec_FlavorQCD     3.10381288009     3.09883921291     3.10878654726     -0.00160243783036     0.00160243783036    0.00160243783036
2015     CMS_jec_FlavorQCD     0.147858368222     0.146849272566     0.148970608592     -0.00682474497863     0.0075223362937    0.0075223362937
2015     CMS_jec_FlavorQCD     0.22281272609     0.215248443425     0.230403399467     -0.0339490602634     0.0340675037262    0.0340675037262
2015     CMS_jec_FlavorQCD     0.0159369716341     0.0162494712659     0.0159415047438     0.0196084701046     0.000284439845288    0.0196084701046
2015     CMS_jec_RelativeBal     3.10381288009     3.09565840393     3.11196735624     -0.00262724477082     0.00262724477082    0.00262724477082
2015     CMS_jec_RelativeBal     0.147858368222     0.147421774364     0.148398106794     -0.00295278423087     0.00365037554594    0.00365037554594
2015     CMS_jec_RelativeBal     0.22281272609     0.218932159769     0.226693292411     -0.0174162687611     0.0174162687611    0.0174162687611
2015     CMS_jec_RelativeBal     0.0159369716341     0.0160404798386     0.0161504961711     0.00649484776078     0.0133980621891    0.0133980621891
2015     CMS_jec_Absolute     3.10381288009     3.10944453964     3.09818122053     0.00181443269139     -0.00181443269139    0.00181443269139
2015     CMS_jec_Absolute     0.147858368222     0.145852378186     0.149967502972     -0.0135669699337     0.0142645612487    0.0142645612487
2015     CMS_jec_Absolute     0.22281272609     0.203162641102     0.242462811079     -0.0881910352854     0.0881910352854    0.0881910352854
2015     CMS_jec_Absolute     0.0159369716341     0.0161745401384     0.0169016682787     0.0149067532882     0.0605319923235    0.0605319923235
2015     CMS_jec_BBEC1_year     3.10381288009     3.06806337509     3.13956238508     -0.0115179317749     0.0115179317749    0.0115179317749
2015     CMS_jec_BBEC1_year     0.147858368222     0.147846958737     0.147869777707     -7.71649577582e-05     7.71649577584e-05    7.71649577584e-05
2015     CMS_jec_BBEC1_year     0.22281272609     0.223171100661     0.22245435152     0.00160841158672     -0.00160841158672    0.00160841158672
2015     CMS_jec_BBEC1_year     0.0159369716341     0.0159369716341     0.0159369716341     0.0     0.0    0.0
2015     CMS_jec_Absolute_year     3.10381288009     3.36801962629     2.83960613388     0.0851232843009     -0.0851232843009    0.0851232843009
2015     CMS_jec_Absolute_year     0.147858368222     0.147250348009     0.148569533149     -0.00411217992546     0.00480977124052    0.00480977124052
2015     CMS_jec_Absolute_year     0.22281272609     0.203330059608     0.242321783284     -0.0874396486429     0.0875580921056    0.0875580921056
2015     CMS_jec_Absolute_year     0.0159369716341     0.0159610155847     0.0171151928323     0.00150869005975     0.0739300555519    0.0739300555519
2015     CMS_jec_RelativeSample_year     3.10381288009     3.0936459228     3.11397983737     -0.00327563473675     0.00327563473675    0.00327563473675
2015     CMS_jec_RelativeSample_year     0.147858368222     0.116703048064     0.179116833094     -0.210710563984     0.211408155299    0.211408155299
2015     CMS_jec_RelativeSample_year     0.22281272609     0.213114290639     0.232511161542     -0.043527295866     0.043527295866    0.043527295866
2015     CMS_jec_RelativeSample_year     0.0159369716341     0.0155501429833     0.0175260654337     -0.024272406303     0.0997111519147    0.0997111519147
2015     CMS_pu     3.10381288009     3.14851233503     3.05911342514     0.0144014657685     -0.0144014657685    0.0144014657685
2015     CMS_pu     0.147858368222     0.145523012918     0.150193723526     -0.0157945426553     0.0157945426553    0.0157945426553
2015     CMS_pu     0.22281272609     0.229223679977     0.216401772203     0.028772835373     -0.028772835373    0.028772835373
2015     CMS_pu     0.0159369716341     0.0154186841834     0.0164552590847     -0.0325210750542     0.0325210750542    0.0325210750542
2015     CMS_L1Prefiring     3.10381288009     3.09340376506     3.11320377792     -0.00335365417545     0.00302560050921    0.00335365417545
2015     CMS_L1Prefiring     0.147858368222     0.147350150563     0.148326147409     -0.0034371924008     0.00316369775036    0.0034371924008
2015     CMS_L1Prefiring     0.22281272609     0.220610323211     0.224968148295     -0.00988454707089     0.00967369432675    0.00988454707089
2015     CMS_L1Prefiring     0.0159369716341     0.015773338987     0.0160988126126     -0.010267486877     0.0101550647314    0.010267486877
2015     CMS_pdf_sig     3.10381288009     3.22069900391     2.98692672656     0.0376588822665     -0.0376588918341    0.0376588918341
2015     CMS_pdf_sig     0.147858368222     0.153797536458     0.141919195656     0.0401679546919     -0.0401679839827    0.0401679839827
2015     CMS_pdf_sig     0.22281272609     0.231315956593     0.21430949632     0.0381631276251     -0.0381631243409    0.0381631276251
2015     CMS_pdf_sig     0.0159369716341     0.0164732505062     0.0154006929161     0.0336499859876     -0.0336499763128    0.0336499859876
2015     CMS_renorm_sig     3.10381288009     3.10381288009     3.10381288009     0.0     0.0    0.0
2015     CMS_renorm_sig     0.147858368222     0.147858368222     0.147858368222     0.0     0.0    0.0
2015     CMS_renorm_sig     0.22281272609     0.22281272609     0.22281272609     0.0     0.0    0.0
2015     CMS_renorm_sig     0.0159369716341     0.0159369716341     0.0159369716341     0.0     0.0    0.0
2015     CMS_fact_sig     3.10381288009     2.61924627447     3.72073539803     -0.156119786966     0.198762793307    0.198762793307
2015     CMS_fact_sig     0.147858368222     0.124953921018     0.176956209811     -0.154908020966     0.196795365309    0.196795365309
2015     CMS_fact_sig     0.22281272609     0.187980463414     0.267173708427     -0.156329772035     0.199095370874    0.199095370874
2015     CMS_fact_sig     0.0159369716341     0.0134979835178     0.0190255619322     -0.153039622096     0.193800326003    0.193800326003
2015     CMS_jec_AbsoluteCal     3.10381288009     3.10560369768     3.10202206249     0.000576973440469     -0.000576973440469    0.000576973440469
2015     CMS_jec_AbsoluteCal     0.147858368222     0.184640206253     0.111076530191     0.248763992686     -0.248763992686    0.248763992686
2015     CMS_jec_AbsoluteCal     0.22281272609     0.221356231869     0.224269220311     -0.00653685382691     0.00653685382691    0.00653685382691
2015     CMS_jec_AbsoluteCal     0.0159369716341     0.0162494712659     0.0159415047438     0.0196084701046     0.000284439845288    0.0196084701046
2015     CMS_jec_AbsoluteTheory     3.10381288009     3.10944456031     3.09818119986     0.00181443935098     -0.00181443935098    0.00181443935098
2015     CMS_jec_AbsoluteTheory     0.147858368222     0.145852377921     0.149967503237     -0.0135669717259     0.014264563041    0.014264563041
2015     CMS_jec_AbsoluteTheory     0.22281272609     0.203162640439     0.242462811741     -0.0881910382588     0.0881910382588    0.0881910382588
2015     CMS_jec_AbsoluteTheory     0.0159369716341     0.0161745401384     0.0169016682787     0.0149067532882     0.0605319923235    0.0605319923235
2015     CMS_jec_AbsolutePU     3.10381288009     3.1050862714     3.10253948877     0.000410266780543     -0.000410266780543    0.000410266780543
2015     CMS_jec_AbsolutePU     0.147858368222     0.175246750099     0.120469986345     0.185233897861     -0.185233897861    0.185233897861
2015     CMS_jec_AbsolutePU     0.22281272609     0.222263736439     0.223361715742     -0.00246390617315     0.00246390617315    0.00246390617315
2015     CMS_jec_AbsolutePU     0.0159369716341     0.0159324385243     0.0159415047438     -0.000284439845288     0.000284439845288    0.000284439845288
2015     CMS_jec_AbsoluteScale     3.10381288009     3.10944456031     3.09818119986     0.00181443935098     -0.00181443935098    0.00181443935098
2015     CMS_jec_AbsoluteScale     0.147858368222     0.145852377921     0.149967503237     -0.0135669717259     0.014264563041    0.014264563041
2015     CMS_jec_AbsoluteScale     0.22281272609     0.203162640439     0.242462811741     -0.0881910382588     0.0881910382588    0.0881910382588
2015     CMS_jec_AbsoluteScale     0.0159369716341     0.0161745401384     0.0169016682787     0.0149067532882     0.0605319923235    0.0605319923235
2015     CMS_jec_Fragmentation     3.10381288009     3.11281581824     3.09480994193     0.00290060596539     -0.00290060596539    0.00290060596539
2015     CMS_jec_Fragmentation     0.147858368222     0.184655634282     0.111061102163     0.248868335976     -0.248868335976    0.248868335976
2015     CMS_jec_Fragmentation     0.22281272609     0.222370620253     0.223254831927     -0.0019842037073     0.0019842037073    0.0019842037073
2015     CMS_jec_Fragmentation     0.0159369716341     0.0162540043757     0.0159369716341     0.0198929099499     0.0    0.0198929099499
2015     CMS_jec_AbsoluteMPFBias     3.10381288009     3.10944453964     3.09818122053     0.00181443269139     -0.00181443269139    0.00181443269139
2015     CMS_jec_AbsoluteMPFBias     0.147858368222     0.145852378186     0.149967502972     -0.0135669699337     0.0142645612487    0.0142645612487
2015     CMS_jec_AbsoluteMPFBias     0.22281272609     0.203162641102     0.242462811079     -0.0881910352854     0.0881910352854    0.0881910352854
2015     CMS_jec_AbsoluteMPFBias     0.0159369716341     0.0161745401384     0.0169016682787     0.0149067532882     0.0605319923235    0.0605319923235
2015     CMS_jec_RelativeFSR     3.10381288009     3.1102761889     3.09734957127     0.0020823770849     -0.0020823770849    0.0020823770849
2015     CMS_jec_RelativeFSR     0.147858368222     0.147907050514     0.147912830644     0.00032924948602     0.000368341829046    0.000368341829046
2015     CMS_jec_RelativeFSR     0.22281272609     0.208061079753     0.237564372427     -0.0662064801946     0.0662064801946    0.0662064801946
2015     CMS_jec_RelativeFSR     0.0159369716341     0.0169310086664     0.0152599673433     0.0623730188621     -0.0424801089122    0.0623730188621
2015     CMS_scale_sig     3.10381288009     3.72073539803     2.61924627447     0.198762793307     -0.156119786966    0.198762793307
2015     CMS_scale_sig     0.147858368222     0.176956209811     0.124953921018     0.196795365309     -0.154908020966    0.196795365309
2015     CMS_scale_sig     0.22281272609     0.267173708427     0.187980463414     0.199095370874     -0.156329772035    0.199095370874
2015     CMS_scale_sig     0.0159369716341     0.0190255619322     0.0134979835178     0.193800326003     -0.153039622096    0.193800326003
2016     CMS_bTagSF_M     735.246950455     796.088078168     674.405822743     0.0827492418364     -0.0827492418364    0.0827492418364
2016     CMS_bTagSF_M     1073.5947321     1019.91109944     1127.27836477     -0.050003628985     0.050003628985    0.050003628985
2016     CMS_bTagSF_M     575.553789952     629.399633158     521.707946745     0.0935548408274     -0.0935548408274    0.0935548408274
2016     CMS_bTagSF_M     1084.44275512     1032.20577917     1136.67973107     -0.0481694176147     0.0481694176147    0.0481694176147
2016     CMS_bTagSF_T     735.246950455     735.246950455     735.246950455     0.0     0.0    0.0
2016     CMS_bTagSF_T     1073.5947321     1073.5947321     1073.5947321     0.0     0.0    0.0
2016     CMS_bTagSF_T     575.553789952     575.553789952     575.553789952     0.0     0.0    0.0
2016     CMS_bTagSF_T     1084.44275512     1084.44275512     1084.44275512     0.0     0.0    0.0
2016     CMS_bTagSF_M_corr     735.246950455     779.082063366     691.411837545     0.0596195779983     -0.0596195779983    0.0596195779983
2016     CMS_bTagSF_M_corr     1073.5947321     1032.7051907     1114.4842735     -0.038086570448     0.038086570448    0.038086570448
2016     CMS_bTagSF_M_corr     575.553789952     608.223980368     542.883599536     0.0567630532303     -0.0567630532303    0.0567630532303
2016     CMS_bTagSF_M_corr     1084.44275512     1050.86080731     1118.02470292     -0.0309670083053     0.0309670083053    0.0309670083053
2016     CMS_bTagSF_T_corr     735.246950455     735.246950455     735.246950455     0.0     0.0    0.0
2016     CMS_bTagSF_T_corr     1073.5947321     1073.5947321     1073.5947321     0.0     0.0    0.0
2016     CMS_bTagSF_T_corr     575.553789952     575.553789952     575.553789952     0.0     0.0    0.0
2016     CMS_bTagSF_T_corr     1084.44275512     1084.44275512     1084.44275512     0.0     0.0    0.0
2016     CMS_jer     735.246950455     736.682649784     733.811251127     0.0019526763462     -0.0019526763462    0.0019526763462
2016     CMS_jer     1073.5947321     1085.67278786     1061.51667635     0.0112501071343     -0.0112501071343    0.0112501071343
2016     CMS_jer     575.553789952     574.284167529     576.823412375     -0.00220591445145     0.00220591445145    0.00220591445145
2016     CMS_jer     1084.44275512     1080.19354252     1088.69196771     -0.00391833739061     0.00391833739061    0.00391833739061
2016     CMS_jec     735.246950455     797.834378481     672.659522429     0.0851243626205     -0.0851243626205    0.0851243626205
2016     CMS_jec     1073.5947321     1154.64201196     992.547452243     0.0754915029245     -0.0754915029245    0.0754915029245
2016     CMS_jec     575.553789952     612.765299076     538.342280828     0.0646533995141     -0.0646533995141    0.0646533995141
2016     CMS_jec     1084.44275512     1165.02332416     1003.86218608     0.0743059683504     -0.0743059683504    0.0743059683504
2016     CMS_bTagSF_bc_T_corr     735.246950455     735.246950455     735.246950455     0.0     0.0    0.0
2016     CMS_bTagSF_bc_T_corr     1073.5947321     1073.5947321     1073.5947321     0.0     0.0    0.0
2016     CMS_bTagSF_bc_T_corr     575.553789952     575.553789952     575.553789952     0.0     0.0    0.0
2016     CMS_bTagSF_bc_T_corr     1084.44275512     1084.44275512     1084.44275512     0.0     0.0    0.0
2016     CMS_bTagSF_light_T_corr     735.246950455     735.246950455     735.246950455     0.0     0.0    0.0
2016     CMS_bTagSF_light_T_corr     1073.5947321     1073.5947321     1073.5947321     0.0     0.0    0.0
2016     CMS_bTagSF_light_T_corr     575.553789952     575.553789952     575.553789952     0.0     0.0    0.0
2016     CMS_bTagSF_light_T_corr     1084.44275512     1084.44275512     1084.44275512     0.0     0.0    0.0
2016     CMS_bTagSF_bc_M_corr     735.246950455     758.474745726     712.019155185     0.0315918281009     -0.0315918281009    0.0315918281009
2016     CMS_bTagSF_bc_M_corr     1073.5947321     1051.01830362     1096.17116059     -0.0210288182396     0.0210288182396    0.0210288182396
2016     CMS_bTagSF_bc_M_corr     575.553789952     592.127433609     558.980146295     0.0287959943036     -0.0287959943036    0.0287959943036
2016     CMS_bTagSF_bc_M_corr     1084.44275512     1067.91326898     1100.97224126     -0.0152423777703     0.0152423777703    0.0152423777703
2016     CMS_bTagSF_light_M_corr     735.246950455     755.705793917     714.788106994     0.0278258120607     -0.0278258120607    0.0278258120607
2016     CMS_bTagSF_light_M_corr     1073.5947321     1055.58261386     1091.60685034     -0.0167773906689     0.0167773906689    0.0167773906689
2016     CMS_bTagSF_light_M_corr     575.553789952     591.829305077     559.278274827     0.0282780087792     -0.0282780087792    0.0282780087792
2016     CMS_bTagSF_light_M_corr     1084.44275512     1067.53132041     1101.35418982     -0.0155945849839     0.0155945849839    0.0155945849839
2016     CMS_bTagSF_bc_T_year     735.246950455     735.246950455     735.246950455     0.0     0.0    0.0
2016     CMS_bTagSF_bc_T_year     1073.5947321     1073.5947321     1073.5947321     0.0     0.0    0.0
2016     CMS_bTagSF_bc_T_year     575.553789952     575.553789952     575.553789952     0.0     0.0    0.0
2016     CMS_bTagSF_bc_T_year     1084.44275512     1084.44275512     1084.44275512     0.0     0.0    0.0
2016     CMS_bTagSF_light_T_year     735.246950455     735.246950455     735.246950455     0.0     0.0    0.0
2016     CMS_bTagSF_light_T_year     1073.5947321     1073.5947321     1073.5947321     0.0     0.0    0.0
2016     CMS_bTagSF_light_T_year     575.553789952     575.553789952     575.553789952     0.0     0.0    0.0
2016     CMS_bTagSF_light_T_year     1084.44275512     1084.44275512     1084.44275512     0.0     0.0    0.0
2016     CMS_bTagSF_bc_M_year     735.246950455     764.028080918     706.465819993     0.0391448484688     -0.0391448484688    0.0391448484688
2016     CMS_bTagSF_bc_M_year     1073.5947321     1047.93163527     1099.25782893     -0.0239038960044     0.0239038960044    0.0239038960044
2016     CMS_bTagSF_bc_M_year     575.553789952     602.63138813     548.476191774     0.047046164322     -0.047046164322    0.047046164322
2016     CMS_bTagSF_bc_M_year     1084.44275512     1058.95983883     1109.92567141     -0.0234986274495     0.0234986274495    0.0234986274495
2016     CMS_bTagSF_light_M_year     735.246950455     767.605150147     702.888750763     0.0440099747058     -0.0440099747058    0.0440099747058
2016     CMS_bTagSF_light_M_year     1073.5947321     1046.05318275     1101.13628145     -0.0256535809314     0.0256535809314    0.0256535809314
2016     CMS_bTagSF_light_M_year     575.553789952     601.919498063     549.188081841     0.0458092858931     -0.0458092858931    0.0458092858931
2016     CMS_bTagSF_light_M_year     1084.44275512     1058.11081221     1110.77469803     -0.0242815425592     0.0242815425592    0.0242815425592
2016     CMS_jer_eta193     735.246950455     737.746717745     732.747183165     0.0033999016094     -0.0033999016094    0.0033999016094
2016     CMS_jer_eta193     1073.5947321     1084.71178959     1062.47767461     0.0103549851322     -0.0103549851322    0.0103549851322
2016     CMS_jer_eta193     575.553789952     574.441869734     576.665710169     -0.0019319136402     0.0019319136402    0.0019319136402
2016     CMS_jer_eta193     1084.44275512     1083.41786705     1085.46764318     -0.000945082678777     0.000945082678777    0.000945082678777
2016     CMS_jer_193eta25     735.246950455     731.793256953     738.700643958     -0.00469732448476     0.00469732448476    0.00469732448476
2016     CMS_jer_193eta25     1073.5947321     1074.33350067     1072.85596353     0.000688126115185     -0.000688126115185    0.000688126115185
2016     CMS_jer_193eta25     575.553789952     574.51546541     576.592114494     -0.00180404431337     0.00180404431337    0.00180404431337
2016     CMS_jer_193eta25     1084.44275512     1084.09682834     1084.78868189     -0.000318990351132     0.000318990351132    0.000318990351132
2016     CMS_jec_FlavorQCD     735.246950455     753.355868873     717.138032038     0.0246297089792     -0.0246297089792    0.0246297089792
2016     CMS_jec_FlavorQCD     1073.5947321     1094.955306     1052.2341582     0.0198963102779     -0.0198963102779    0.0198963102779
2016     CMS_jec_FlavorQCD     575.553789952     587.271965576     563.835614328     0.0203598270543     -0.0203598270543    0.0203598270543
2016     CMS_jec_FlavorQCD     1084.44275512     1103.7843308     1065.10117944     0.0178354971584     -0.0178354971584    0.0178354971584
2016     CMS_jec_RelativeBal     735.246950455     750.360792551     720.13310836     0.0205561438728     -0.0205561438728    0.0205561438728
2016     CMS_jec_RelativeBal     1073.5947321     1094.22752437     1052.96193984     0.0192184179457     -0.0192184179457    0.0192184179457
2016     CMS_jec_RelativeBal     575.553789952     586.521076559     564.586503345     0.0190551896245     -0.0190551896245    0.0190551896245
2016     CMS_jec_RelativeBal     1084.44275512     1108.16507799     1060.72043225     0.0218751268877     -0.0218751268877    0.0218751268877
2016     CMS_jec_Absolute     735.246950455     764.121332978     706.372567932     0.0392716794068     -0.0392716794068    0.0392716794068
2016     CMS_jec_Absolute     1073.5947321     1112.74485943     1034.44460478     0.0364663929076     -0.0364663929076    0.0364663929076
2016     CMS_jec_Absolute     575.553789952     593.526116419     557.581463485     0.0312261456367     -0.0312261456367    0.0312261456367
2016     CMS_jec_Absolute     1084.44275512     1126.112532     1042.77297824     0.0384250590324     -0.0384250590324    0.0384250590324
2016     CMS_jec_BBEC1_year     735.246950455     736.837593032     733.656307879     0.00216341268162     -0.00216341268162    0.00216341268162
2016     CMS_jec_BBEC1_year     1073.5947321     1077.51902614     1069.67043806     0.00365528436763     -0.00365528436763    0.00365528436763
2016     CMS_jec_BBEC1_year     575.553789952     579.611991428     571.495588476     0.00705095083542     -0.00705095083542    0.00705095083542
2016     CMS_jec_BBEC1_year     1084.44275512     1092.23648751     1076.64902273     0.00718685458927     -0.00718685458927    0.00718685458927
2016     CMS_jec_Absolute_year     735.246950455     774.332770008     696.161130902     0.0531601246749     -0.0531601246749    0.0531601246749
2016     CMS_jec_Absolute_year     1073.5947321     1124.37284495     1022.81661925     0.0472972820469     -0.0472972820469    0.0472972820469
2016     CMS_jec_Absolute_year     575.553789952     598.627533149     552.480046755     0.0400896381886     -0.0400896381886    0.0400896381886
2016     CMS_jec_Absolute_year     1084.44275512     1136.74774769     1032.13776255     0.0482321379524     -0.0482321379524    0.0482321379524
2016     CMS_jec_RelativeSample_year     735.246950455     760.141969685     710.351931225     0.0338593981448     -0.0338593981448    0.0338593981448
2016     CMS_jec_RelativeSample_year     1073.5947321     1099.56333351     1047.62613069     0.0241884583002     -0.0241884583002    0.0241884583002
2016     CMS_jec_RelativeSample_year     575.553789952     589.672540149     561.435039755     0.0245307223124     -0.0245307223124    0.0245307223124
2016     CMS_jec_RelativeSample_year     1084.44275512     1124.09059644     1044.7949138     0.0365605663682     -0.0365605663682    0.0365605663682
2016     CMS_pu     735.246950455     738.601540514     731.892360396     0.00456253515466     -0.00456253515466    0.00456253515466
2016     CMS_pu     1073.5947321     1062.72401627     1084.46544794     -0.0101255301556     0.0101255301556    0.0101255301556
2016     CMS_pu     575.553789952     576.566014101     574.541565802     0.00175869600215     -0.00175869600215    0.00175869600215
2016     CMS_pu     1084.44275512     1087.66121377     1081.22429647     0.00296784558803     -0.00296784558803    0.00296784558803
2016     CMS_topPt     735.246950455     732.993404803     735.246950455     -0.00306501870055     0.0    0.00306501870055
2016     CMS_topPt     1073.5947321     1073.42676254     1073.5947321     -0.000156455281792     0.0    0.000156455281792
2016     CMS_topPt     575.553789952     575.13402428     575.553789952     -0.000729324833437     0.0    0.000729324833437
2016     CMS_topPt     1084.44275512     1084.39634339     1084.44275512     -4.27977642374e-05     0.0    4.27977642374e-05
2016     CMS_L1Prefiring     735.246950455     730.325519592     740.02784997     -0.00669357534977     0.00650244045401    0.00669357534977
2016     CMS_L1Prefiring     1073.5947321     1066.26581705     1080.76619676     -0.0068265192004     0.00667986200724    0.0068265192004
2016     CMS_L1Prefiring     575.553789952     571.821983325     579.177860869     -0.00648385379798     0.00629666762691    0.00648385379798
2016     CMS_L1Prefiring     1084.44275512     1077.76595761     1090.98296737     -0.00615689253817     0.00603094282562    0.00615689253817
2016     CMS_pdf_allBR     735.246950455     752.361959664     718.62509631     0.0232779057403     -0.0226071718287    0.0232779057403
2016     CMS_pdf_allBR     1073.5947321     1095.42055283     1052.79113892     0.0203296645161     -0.0193775104896    0.0203296645161
2016     CMS_pdf_allBR     575.553789952     587.27979112     563.828059815     0.0203734236019     -0.0203729526966    0.0203734236019
2016     CMS_pdf_allBR     1084.44275512     1103.87845913     1065.00741009     0.0179222959607     -0.0179219649324    0.0179222959607
2016     CMS_renorm_allBR     735.246950455     681.076735756     799.457454527     -0.0736762181272     0.087331887649    0.087331887649
2016     CMS_renorm_allBR     1073.5947321     995.014190418     1166.12780416     -0.0731938592224     0.086189946071    0.086189946071
2016     CMS_renorm_allBR     575.553789952     534.044322379     624.539842881     -0.0721209177967     0.0851111638632    0.0851111638632
2016     CMS_renorm_allBR     1084.44275512     1005.71390557     1176.99737007     -0.0725984374693     0.0853476262476    0.0853476262476
2016     CMS_fact_allBR     735.246950455     635.997918739     860.186875436     -0.134987342218     0.169929198487    0.169929198487
2016     CMS_fact_allBR     1073.5947321     928.319149519     1257.36931562     -0.135316966671     0.171176867787    0.171176867787
2016     CMS_fact_allBR     575.553789952     500.121711153     670.113260003     -0.131059998416     0.164293019526    0.164293019526
2016     CMS_fact_allBR     1084.44275512     941.377574759     1264.44286907     -0.131925064448     0.165983970201    0.165983970201
2016     CMS_jec_AbsoluteCal     735.246950455     739.413472974     731.080427937     0.00566683413771     -0.00566683413771    0.00566683413771
2016     CMS_jec_AbsoluteCal     1073.5947321     1080.70524041     1066.48422379     0.00662308420422     -0.00662308420422    0.00662308420422
2016     CMS_jec_AbsoluteCal     575.553789952     579.797498609     571.310081295     0.00737326159823     -0.00737326159823    0.00737326159823
2016     CMS_jec_AbsoluteCal     1084.44275512     1092.21995537     1076.66555487     0.00717160976367     -0.00717160976367    0.00717160976367
2016     CMS_jec_AbsoluteTheory     735.246950455     764.121338756     706.372562155     0.0392716872648     -0.0392716872648    0.0392716872648
2016     CMS_jec_AbsoluteTheory     1073.5947321     1112.74491341     1034.44455079     0.0364664431913     -0.0364664431913    0.0364664431913
2016     CMS_jec_AbsoluteTheory     575.553789952     593.526128985     557.581450919     0.03122616747     -0.03122616747    0.03122616747
2016     CMS_jec_AbsoluteTheory     1084.44275512     1126.11252362     1042.77298661     0.0384250513072     -0.0384250513072    0.0384250513072
2016     CMS_jec_AbsolutePU     735.246950455     738.265432658     732.228468253     0.00410539914635     -0.00410539914635    0.00410539914635
2016     CMS_jec_AbsolutePU     1073.5947321     1076.52322091     1070.6662433     0.0027277414082     -0.0027277414082    0.0027277414082
2016     CMS_jec_AbsolutePU     575.553789952     576.7694003     574.338179603     0.00211207079126     -0.00211207079126    0.00211207079126
2016     CMS_jec_AbsolutePU     1084.44275512     1087.00970304     1081.8758072     0.0023670663202     -0.0023670663202    0.0023670663202
2016     CMS_jec_AbsoluteScale     735.246950455     764.121338756     706.372562155     0.0392716872648     -0.0392716872648    0.0392716872648
2016     CMS_jec_AbsoluteScale     1073.5947321     1112.74491341     1034.44455079     0.0364664431913     -0.0364664431913    0.0364664431913
2016     CMS_jec_AbsoluteScale     575.553789952     593.526128985     557.581450919     0.03122616747     -0.03122616747    0.03122616747
2016     CMS_jec_AbsoluteScale     1084.44275512     1126.11252362     1042.77298661     0.0384250513072     -0.0384250513072    0.0384250513072
2016     CMS_jec_Fragmentation     735.246950455     739.69529336     730.79860755     0.00605013445084     -0.00605013445084    0.00605013445084
2016     CMS_jec_Fragmentation     1073.5947321     1080.07111239     1067.11835181     0.00603242554786     -0.00603242554786    0.00603242554786
2016     CMS_jec_Fragmentation     575.553789952     577.389180368     573.718399536     0.00318891204938     -0.00318891204938    0.00318891204938
2016     CMS_jec_Fragmentation     1084.44275512     1088.74750941     1080.13800083     0.00396955419884     -0.00396955419884    0.00396955419884
2016     CMS_jec_AbsoluteMPFBias     735.246950455     764.121338756     706.372562155     0.0392716872648     -0.0392716872648    0.0392716872648
2016     CMS_jec_AbsoluteMPFBias     1073.5947321     1112.74491341     1034.44455079     0.0364664431913     -0.0364664431913    0.0364664431913
2016     CMS_jec_AbsoluteMPFBias     575.553789952     593.526128985     557.581450919     0.03122616747     -0.03122616747    0.03122616747
2016     CMS_jec_AbsoluteMPFBias     1084.44275512     1126.11252362     1042.77298661     0.0384250513072     -0.0384250513072    0.0384250513072
2016     CMS_jec_RelativeFSR     735.246950455     745.630221635     724.863679275     0.0141221547038     -0.0141221547038    0.0141221547038
2016     CMS_jec_RelativeFSR     1073.5947321     1086.69792351     1060.4915407     0.0122049699149     -0.0122049699149    0.0122049699149
2016     CMS_jec_RelativeFSR     575.553789952     579.44059727     571.666982634     0.00675316084353     -0.00675316084353    0.00675316084353
2016     CMS_jec_RelativeFSR     1084.44275512     1095.55759249     1073.32791775     0.0102493537038     -0.0102493537038    0.0102493537038
2016     CMS_scale_allBR     735.246950455     936.524260741     588.381363829     0.273754702636     -0.199750011252    0.273754702636
2016     CMS_scale_allBR     1073.5947321     1365.77588011     860.316124478     0.272152181145     -0.198658396178    0.272152181145
2016     CMS_scale_allBR     575.553789952     727.818389202     463.702012766     0.264553204076     -0.194337660769    0.264553204076
2016     CMS_scale_allBR     1084.44275512     1372.53413599     872.942856321     0.265658449481     -0.195030948199    0.265658449481
2016     CMS_bTagSF_M     324.426958052     346.584518149     302.269397954     0.0682975306077     -0.0682975306077    0.0682975306077
2016     CMS_bTagSF_M     11.922202226     5.78148704648     18.0629174055     -0.51506551081     0.51506551081    0.51506551081
2016     CMS_bTagSF_M     53.2991075551     53.4184199281     53.1797951821     0.0022385435414     -0.0022385435414    0.0022385435414
2016     CMS_bTagSF_M     2.99431238721     1.65466749849     4.33395727592     -0.447396502262     0.447396502262    0.447396502262
2016     CMS_bTagSF_T     324.426958052     324.426958052     324.426958052     0.0     0.0    0.0
2016     CMS_bTagSF_T     11.922202226     11.922202226     11.922202226     0.0     0.0    0.0
2016     CMS_bTagSF_T     53.2991075551     53.2991075551     53.2991075551     0.0     0.0    0.0
2016     CMS_bTagSF_T     2.99431238721     2.99431238721     2.99431238721     0.0     0.0    0.0
2016     CMS_bTagSF_M_corr     324.426958052     334.716874692     314.137041412     0.031717205937     -0.031717205937    0.031717205937
2016     CMS_bTagSF_M_corr     11.922202226     7.97925428075     15.869306368     -0.330723122331     0.331071732146    0.331071732146
2016     CMS_bTagSF_M_corr     53.2991075551     54.1788873516     52.4193277586     0.0165064639319     -0.0165064639319    0.0165064639319
2016     CMS_bTagSF_M_corr     2.99431238721     2.21448150862     3.77414326579     -0.260437381857     0.260437381857    0.260437381857
2016     CMS_bTagSF_T_corr     324.426958052     324.426958052     324.426958052     0.0     0.0    0.0
2016     CMS_bTagSF_T_corr     11.922202226     11.922202226     11.922202226     0.0     0.0    0.0
2016     CMS_bTagSF_T_corr     53.2991075551     53.2991075551     53.2991075551     0.0     0.0    0.0
2016     CMS_bTagSF_T_corr     2.99431238721     2.99431238721     2.99431238721     0.0     0.0    0.0
2016     CMS_jer     324.426958052     341.627928097     307.243272071     0.0530195460582     -0.052966270386    0.0530195460582
2016     CMS_jer     11.922202226     13.7647637413     10.2335768434     0.154548755372     -0.141637035722    0.154548755372
2016     CMS_jer     53.2991075551     51.54469779     55.0535173202     -0.0329163065864     0.0329163065864    0.0329163065864
2016     CMS_jer     2.99431238721     3.25775807605     2.73086669836     0.0879820321914     -0.0879820321914    0.0879820321914
2016     CMS_jec     324.426958052     350.871391708     298.053301221     0.0815112092265     -0.081293049719    0.0815112092265
2016     CMS_jec     11.922202226     13.5663846313     10.6532382949     0.137909286732     -0.106437041335    0.137909286732
2016     CMS_jec     53.2991075551     54.0216575684     52.6284369131     0.0135565124146     -0.0125831495634    0.0135565124146
2016     CMS_jec     2.99431238721     2.80610876853     3.25281301945     -0.062853702067     0.0863305489943    0.0863305489943
2016     CMS_bTagSF_bc_T_corr     324.426958052     324.426958052     324.426958052     0.0     0.0    0.0
2016     CMS_bTagSF_bc_T_corr     11.922202226     11.922202226     11.922202226     0.0     0.0    0.0
2016     CMS_bTagSF_bc_T_corr     53.2991075551     53.2991075551     53.2991075551     0.0     0.0    0.0
2016     CMS_bTagSF_bc_T_corr     2.99431238721     2.99431238721     2.99431238721     0.0     0.0    0.0
2016     CMS_bTagSF_light_T_corr     324.426958052     324.426958052     324.426958052     0.0     0.0    0.0
2016     CMS_bTagSF_light_T_corr     11.922202226     11.922202226     11.922202226     0.0     0.0    0.0
2016     CMS_bTagSF_light_T_corr     53.2991075551     53.2991075551     53.2991075551     0.0     0.0    0.0
2016     CMS_bTagSF_light_T_corr     2.99431238721     2.99431238721     2.99431238721     0.0     0.0    0.0
2016     CMS_bTagSF_bc_M_corr     324.426958052     333.285222983     315.56869312     0.0273043429699     -0.0273043429699    0.0273043429699
2016     CMS_bTagSF_bc_M_corr     11.922202226     8.08844180729     15.7598675353     -0.321564786944     0.321892317927    0.321892317927
2016     CMS_bTagSF_bc_M_corr     53.2991075551     54.2081674635     52.3900476467     0.0170558185703     -0.0170558185703    0.0170558185703
2016     CMS_bTagSF_bc_M_corr     2.99431238721     2.23191270715     3.75671206727     -0.254615945657     0.254615945657    0.254615945657
2016     CMS_bTagSF_light_M_corr     324.426958052     324.900991653     323.95292445     0.00146114122133     -0.00146114122133    0.00146114122133
2016     CMS_bTagSF_light_M_corr     11.922202226     11.8071723423     12.0372321097     -0.00964837548323     0.00964837548323    0.00964837548323
2016     CMS_bTagSF_light_M_corr     53.2991075551     53.118655605     53.4795595052     -0.00338564674683     0.00338564674683    0.00338564674683
2016     CMS_bTagSF_light_M_corr     2.99431238721     2.95862315401     3.0300016204     -0.0119190079664     0.0119190079664    0.0119190079664
2016     CMS_bTagSF_bc_T_year     324.426958052     324.426958052     324.426958052     0.0     0.0    0.0
2016     CMS_bTagSF_bc_T_year     11.922202226     11.922202226     11.922202226     0.0     0.0    0.0
2016     CMS_bTagSF_bc_T_year     53.2991075551     53.2991075551     53.2991075551     0.0     0.0    0.0
2016     CMS_bTagSF_bc_T_year     2.99431238721     2.99431238721     2.99431238721     0.0     0.0    0.0
2016     CMS_bTagSF_light_T_year     324.426958052     324.426958052     324.426958052     0.0     0.0    0.0
2016     CMS_bTagSF_light_T_year     11.922202226     11.922202226     11.922202226     0.0     0.0    0.0
2016     CMS_bTagSF_light_T_year     53.2991075551     53.2991075551     53.2991075551     0.0     0.0    0.0
2016     CMS_bTagSF_light_T_year     2.99431238721     2.99431238721     2.99431238721     0.0     0.0    0.0
2016     CMS_bTagSF_bc_M_year     324.426958052     344.804151066     304.049765037     0.0628098020482     -0.0628098020482    0.0628098020482
2016     CMS_bTagSF_bc_M_year     11.922202226     6.08735272691     17.7570517251     -0.48941037809     0.48941037809    0.48941037809
2016     CMS_bTagSF_bc_M_year     53.2991075551     53.4066402475     53.1915748627     0.00201753269972     -0.00201753269972    0.00201753269972
2016     CMS_bTagSF_bc_M_year     2.99431238721     1.72329739336     4.26532738105     -0.424476417116     0.424476417116    0.424476417116
2016     CMS_bTagSF_light_M_year     324.426958052     324.707198867     324.146717237     0.000863802492443     -0.000863802492442    0.000863802492443
2016     CMS_bTagSF_light_M_year     11.922202226     11.2427059397     12.6016985123     -0.0569941922969     0.0569941922969    0.0569941922969
2016     CMS_bTagSF_light_M_year     53.2991075551     53.1861794187     53.4120356915     -0.00211876223751     0.00211876223751    0.00211876223751
2016     CMS_bTagSF_light_M_year     2.99431238721     2.87054301082     3.11808176359     -0.0413348242862     0.0413348242862    0.0413348242862
2016     CMS_jer_eta193     324.426958052     341.55175262     307.319447547     0.0527847459766     -0.0527314703044    0.0527847459766
2016     CMS_jer_eta193     11.922202226     13.605791803     10.3925487817     0.14121464685     -0.1283029272    0.14121464685
2016     CMS_jer_eta193     53.2991075551     51.5450913745     55.0531237357     -0.0329089221387     0.0329089221387    0.0329089221387
2016     CMS_jer_eta193     2.99431238721     3.25775807605     2.73086669836     0.0879820321914     -0.0879820321914    0.0879820321914
2016     CMS_jer_193eta25     324.426958052     324.288737447     324.565178657     -0.000426045375565     0.000426045375565    0.000426045375565
2016     CMS_jer_193eta25     11.922202226     12.0811741643     11.7632302877     0.0133341085225     -0.0133341085225    0.0133341085225
2016     CMS_jer_193eta25     53.2991075551     53.2910452523     53.3071698579     -0.000151265249999     0.00015126525    0.00015126525
2016     CMS_jer_193eta25     2.99431238721     2.99431238721     2.99431238721     0.0     0.0    0.0
2016     CMS_jec_FlavorQCD     324.426958052     355.343184609     294.381579684     0.0952948754411     -0.0926106096382    0.0952948754411
2016     CMS_jec_FlavorQCD     11.922202226     12.5482877376     11.2961167144     0.0525142502808     -0.0525142502808    0.0525142502808
2016     CMS_jec_FlavorQCD     53.2991075551     50.6405227157     55.9576923945     -0.0498804757026     0.0498804757026    0.0498804757026
2016     CMS_jec_FlavorQCD     2.99431238721     2.78482076344     3.20380401098     -0.0699631824208     0.0699631824208    0.0699631824208
2016     CMS_jec_RelativeBal     324.426958052     350.667171908     298.238952919     0.0808817307111     -0.0807208047372    0.0808817307111
2016     CMS_jec_RelativeBal     11.922202226     12.5302227356     11.4110191409     0.0509990099186     -0.042876565542    0.0509990099186
2016     CMS_jec_RelativeBal     53.2991075551     49.3096223817     57.2885927285     -0.0748508813075     0.0748508813075    0.0748508813075
2016     CMS_jec_RelativeBal     2.99431238721     2.99446573317     2.99415904124     5.12124129817e-05     -5.12124129817e-05    5.12124129817e-05
2016     CMS_jec_Absolute     324.426958052     361.780747437     287.243718941     0.115137748136     -0.114612051149    0.115137748136
2016     CMS_jec_Absolute     11.922202226     12.4936576075     11.4599313909     0.0479320322433     -0.0387739468194    0.0479320322433
2016     CMS_jec_Absolute     53.2991075551     54.0321468251     52.5660682852     0.0137533122707     -0.0137533122707    0.0137533122707
2016     CMS_jec_Absolute     2.99431238721     2.95550396432     3.03312081009     -0.012960712801     0.012960712801    0.012960712801
2016     CMS_jec_BBEC1_year     324.426958052     323.785998893     325.06791721     -0.00197566553173     0.00197566553173    0.00197566553173
2016     CMS_jec_BBEC1_year     11.922202226     12.2158795061     11.6285249459     0.0246328047891     -0.0246328047891    0.0246328047891
2016     CMS_jec_BBEC1_year     53.2991075551     53.5338392356     53.0643758746     0.00440404523231     -0.00440404523231    0.00440404523231
2016     CMS_jec_BBEC1_year     2.99431238721     2.99431238721     2.99431238721     0.0     0.0    0.0
2016     CMS_jec_Absolute_year     324.426958052     353.791962955     295.094116582     0.0905134551078     -0.090414315894    0.0905134551078
2016     CMS_jec_Absolute_year     11.922202226     13.0220844718     10.9192278881     0.0922549563363     -0.0841266000067    0.0922549563363
2016     CMS_jec_Absolute_year     53.2991075551     50.129190042     56.4904070531     -0.0594741198965     0.0598752895573    0.0598752895573
2016     CMS_jec_Absolute_year     2.99431238721     2.79663680502     3.1919879694     -0.06601702048     0.06601702048    0.06601702048
2016     CMS_jec_RelativeSample_year     324.426958052     348.57809868     300.30082989     0.0744424593243     -0.0743653619509    0.0744424593243
2016     CMS_jec_RelativeSample_year     11.922202226     12.7017960772     11.2680522885     0.0653900878696     -0.0548682135295    0.0653900878696
2016     CMS_jec_RelativeSample_year     53.2991075551     54.3770778501     52.2513614081     0.0202249220384     -0.0196578553577    0.0202249220384
2016     CMS_jec_RelativeSample_year     2.99431238721     2.77231948742     3.21630528699     -0.0741381897005     0.0741381897005    0.0741381897005
2016     CMS_pu     324.426958052     327.743810612     321.110105492     0.010223726721     -0.010223726721    0.010223726721
2016     CMS_pu     11.922202226     11.3885266406     12.4558778114     -0.0447631717115     0.0447631717115    0.0447631717115
2016     CMS_pu     53.2991075551     53.6153158076     52.9828993026     0.00593271195295     -0.00593271195295    0.00593271195295
2016     CMS_pu     2.99431238721     2.94450018485     3.04412458956     -0.0166356064145     0.0166356064145    0.0166356064145
2016     CMS_L1Prefiring     324.426958052     323.174581902     325.587136217     -0.00386027153108     0.00357608434335    0.00386027153108
2016     CMS_L1Prefiring     11.922202226     11.8710232925     11.9714306178     -0.00429274160318     0.00412913577973    0.00429274160318
2016     CMS_L1Prefiring     53.2991075551     52.9275928844     53.6564433465     -0.00697037319586     0.00670434849335    0.00697037319586
2016     CMS_L1Prefiring     2.99431238721     2.96095674716     3.02724700109     -0.0111396660504     0.0109990574209    0.0111396660504
2016     CMS_pdf_sig     324.426958052     325.965895693     322.888021144     0.00474355661002     -0.00474355434866    0.00474355661002
2016     CMS_pdf_sig     11.922202226     11.9792913601     11.8651128538     0.00478847221421     -0.00478849218567    0.00478849218567
2016     CMS_pdf_sig     53.2991075551     53.5999250975     52.9982884772     0.00564395083194     -0.00564397964026    0.00564397964026
2016     CMS_pdf_sig     2.99431238721     3.00652842245     2.98209637483     0.00407974642173     -0.00407973878401    0.00407974642173
2016     CMS_renorm_sig     324.426958052     324.426958052     324.426958052     0.0     0.0    0.0
2016     CMS_renorm_sig     11.922202226     11.922202226     11.922202226     0.0     0.0    0.0
2016     CMS_renorm_sig     53.2991075551     53.2991075551     53.2991075551     0.0     0.0    0.0
2016     CMS_renorm_sig     2.99431238721     2.99431238721     2.99431238721     0.0     0.0    0.0
2016     CMS_fact_sig     324.426958052     293.297256449     361.281495654     -0.095952881937     0.113598875457    0.113598875457
2016     CMS_fact_sig     11.922202226     10.7942650944     13.2542074702     -0.0946081193889     0.111724765184    0.111724765184
2016     CMS_fact_sig     53.2991075551     48.091261854     59.4823201839     -0.0977098105398     0.116009684073    0.116009684073
2016     CMS_fact_sig     2.99431238721     2.70645959127     3.33516879141     -0.0961331880942     0.113834617142    0.113834617142
2016     CMS_jec_AbsoluteCal     324.426958052     331.387929014     317.465987089     0.0214562038995     -0.0214562038995    0.0214562038995
2016     CMS_jec_AbsoluteCal     11.922202226     12.9618261578     10.8825782942     0.0872006624339     -0.0872006624339    0.0872006624339
2016     CMS_jec_AbsoluteCal     53.2991075551     51.9118557857     54.6863593245     -0.0260276735017     0.0260276735017    0.0260276735017
2016     CMS_jec_AbsoluteCal     2.99431238721     2.82166536376     3.16695941065     -0.0576583205497     0.0576583205496    0.0576583205497
2016     CMS_jec_AbsoluteTheory     324.426958052     361.780747437     287.243718941     0.115137748136     -0.114612051149    0.115137748136
2016     CMS_jec_AbsoluteTheory     11.922202226     12.4936576075     11.4599313909     0.0479320322433     -0.0387739468194    0.0479320322433
2016     CMS_jec_AbsoluteTheory     53.2991075551     54.0321468251     52.5660682852     0.0137533122707     -0.0137533122707    0.0137533122707
2016     CMS_jec_AbsoluteTheory     2.99431238721     2.95550396432     3.03312081009     -0.012960712801     0.012960712801    0.012960712801
2016     CMS_jec_AbsolutePU     324.426958052     330.086901459     318.767014644     0.0174459713254     -0.0174459713254    0.0174459713254
2016     CMS_jec_AbsolutePU     11.922202226     12.8768079838     10.9675964682     0.0800695827592     -0.0800695827592    0.0800695827592
2016     CMS_jec_AbsolutePU     53.2991075551     54.8731954089     51.7250197013     0.0295330996332     -0.0295330996332    0.0295330996332
2016     CMS_jec_AbsolutePU     2.99431238721     2.82180197824     3.16682279617     -0.0576126958897     0.0576126958897    0.0576126958897
2016     CMS_jec_AbsoluteScale     324.426958052     361.780747437     287.243718941     0.115137748136     -0.114612051149    0.115137748136
2016     CMS_jec_AbsoluteScale     11.922202226     12.4936576075     11.4599313909     0.0479320322433     -0.0387739468194    0.0479320322433
2016     CMS_jec_AbsoluteScale     53.2991075551     54.0321468251     52.5660682852     0.0137533122707     -0.0137533122707    0.0137533122707
2016     CMS_jec_AbsoluteScale     2.99431238721     2.95550396432     3.03312081009     -0.012960712801     0.012960712801    0.012960712801
2016     CMS_jec_Fragmentation     324.426958052     318.474965279     330.378950825     -0.0183461719975     0.0183461719975    0.0183461719975
2016     CMS_jec_Fragmentation     11.922202226     12.9616980508     10.8827064012     0.0871899171914     -0.0871899171914    0.0871899171914
2016     CMS_jec_Fragmentation     53.2991075551     50.7294232487     55.8687918615     -0.0482125203265     0.0482125203265    0.0482125203265
2016     CMS_jec_Fragmentation     2.99431238721     2.82166537466     3.16695939975     -0.057658316908     0.057658316908    0.057658316908
2016     CMS_jec_AbsoluteMPFBias     324.426958052     361.780747437     287.243718941     0.115137748136     -0.114612051149    0.115137748136
2016     CMS_jec_AbsoluteMPFBias     11.922202226     12.4936576075     11.4599313909     0.0479320322433     -0.0387739468194    0.0479320322433
2016     CMS_jec_AbsoluteMPFBias     53.2991075551     54.0321468251     52.5660682852     0.0137533122707     -0.0137533122707    0.0137533122707
2016     CMS_jec_AbsoluteMPFBias     2.99431238721     2.95550396432     3.03312081009     -0.012960712801     0.012960712801    0.012960712801
2016     CMS_jec_RelativeFSR     324.426958052     343.422238092     305.456084516     0.0585502516625     -0.0584750220807    0.0585502516625
2016     CMS_jec_RelativeFSR     11.922202226     13.2860220597     10.7369311686     0.114393281364     -0.0994171240322    0.114393281364
2016     CMS_jec_RelativeFSR     53.2991075551     50.7204893937     55.8777257165     -0.048380137673     0.048380137673    0.048380137673
2016     CMS_jec_RelativeFSR     2.99431238721     2.99431238721     2.99431238721     0.0     0.0    0.0
2016     CMS_scale_sig     324.426958052     361.281495654     293.297256449     0.113598875457     -0.095952881937    0.113598875457
2016     CMS_scale_sig     11.922202226     13.2542074702     10.7942650944     0.111724765184     -0.0946081193889    0.111724765184
2016     CMS_scale_sig     53.2991075551     59.4823201839     48.091261854     0.116009684073     -0.0977098105398    0.116009684073
2016     CMS_scale_sig     2.99431238721     3.33516879141     2.70645959127     0.113834617142     -0.0961331880942    0.113834617142
2016     CMS_bTagSF_M     686.62608954     744.897178503     628.355000577     0.0848658241376     -0.0848658241376    0.0848658241376
2016     CMS_bTagSF_M     1046.00156201     994.622528707     1097.38059532     -0.0491194613575     0.0491194613575    0.0491194613575
2016     CMS_bTagSF_M     539.489056617     595.196513372     483.781599861     0.103259660363     -0.103259660363    0.103259660363
2016     CMS_bTagSF_M     1065.6338086     1011.22484984     1120.04276735     -0.0510578383679     0.0510578383679    0.0510578383679
2016     CMS_bTagSF_T     686.62608954     686.62608954     686.62608954     0.0     0.0    0.0
2016     CMS_bTagSF_T     1046.00156201     1046.00156201     1046.00156201     0.0     0.0    0.0
2016     CMS_bTagSF_T     539.489056617     539.489056617     539.489056617     0.0     0.0    0.0
2016     CMS_bTagSF_T     1065.6338086     1065.6338086     1065.6338086     0.0     0.0    0.0
2016     CMS_bTagSF_M_corr     686.62608954     728.709714284     644.542464796     0.0612904539823     -0.0612904539823    0.0612904539823
2016     CMS_bTagSF_M_corr     1046.00156201     1006.78663994     1085.21648408     -0.0374903092818     0.0374903092817    0.0374903092818
2016     CMS_bTagSF_M_corr     539.489056617     573.142276353     505.835836881     0.0623798005232     -0.0623798005232    0.0623798005232
2016     CMS_bTagSF_M_corr     1065.6338086     1030.99916292     1100.26845427     -0.0325014516163     0.0325014516163    0.0325014516163
2016     CMS_bTagSF_T_corr     686.62608954     686.62608954     686.62608954     0.0     0.0    0.0
2016     CMS_bTagSF_T_corr     1046.00156201     1046.00156201     1046.00156201     0.0     0.0    0.0
2016     CMS_bTagSF_T_corr     539.489056617     539.489056617     539.489056617     0.0     0.0    0.0
2016     CMS_bTagSF_T_corr     1065.6338086     1065.6338086     1065.6338086     0.0     0.0    0.0
2016     CMS_jer     686.62608954     688.433523259     684.818655821     0.00263234058042     -0.00263234058042    0.00263234058042
2016     CMS_jer     1046.00156201     1055.19377933     1036.8093447     0.0087879575403     -0.0087879575403    0.0087879575403
2016     CMS_jer     539.489056617     537.532756703     541.445356531     -0.00362620870612     0.00362620870612    0.00362620870612
2016     CMS_jer     1065.6338086     1062.50609532     1068.76152187     -0.00293507324129     0.00293507324129    0.00293507324129
2016     CMS_jec     686.62608954     747.313234436     625.938944644     0.0883845601277     -0.0883845601277    0.0883845601277
2016     CMS_jec     1046.00156201     1125.04992865     966.95319537     0.075571939386     -0.075571939386    0.075571939386
2016     CMS_jec     539.489056617     573.566909619     505.411203614     0.0631669031737     -0.0631669031737    0.0631669031737
2016     CMS_jec     1065.6338086     1146.05392518     985.213692016     0.0754669342614     -0.0754669342614    0.0754669342614
2016     CMS_bTagSF_bc_T_corr     686.62608954     686.62608954     686.62608954     0.0     0.0    0.0
2016     CMS_bTagSF_bc_T_corr     1046.00156201     1046.00156201     1046.00156201     0.0     0.0    0.0
2016     CMS_bTagSF_bc_T_corr     539.489056617     539.489056617     539.489056617     0.0     0.0    0.0
2016     CMS_bTagSF_bc_T_corr     1065.6338086     1065.6338086     1065.6338086     0.0     0.0    0.0
2016     CMS_bTagSF_light_T_corr     686.62608954     686.62608954     686.62608954     0.0     0.0    0.0
2016     CMS_bTagSF_light_T_corr     1046.00156201     1046.00156201     1046.00156201     0.0     0.0    0.0
2016     CMS_bTagSF_light_T_corr     539.489056617     539.489056617     539.489056617     0.0     0.0    0.0
2016     CMS_bTagSF_light_T_corr     1065.6338086     1065.6338086     1065.6338086     0.0     0.0    0.0
2016     CMS_bTagSF_bc_M_corr     686.62608954     708.766697026     664.485482053     0.0322455086162     -0.0322455086162    0.0322455086162
2016     CMS_bTagSF_bc_M_corr     1046.00156201     1024.58727123     1067.41585279     -0.0204725227534     0.0204725227534    0.0204725227534
2016     CMS_bTagSF_bc_M_corr     539.489056617     556.556464849     522.421648384     0.0316362454864     -0.0316362454864    0.0316362454864
2016     CMS_bTagSF_bc_M_corr     1065.6338086     1048.56897515     1082.69864204     -0.0160137875729     0.0160137875729    0.0160137875729
2016     CMS_bTagSF_light_M_corr     686.62608954     706.550650671     666.701528408     0.0290180659239     -0.0290180659239    0.0290180659239
2016     CMS_bTagSF_light_M_corr     1046.00156201     1028.48595303     1063.51717099     -0.0167452990651     0.0167452990651    0.0167452990651
2016     CMS_bTagSF_light_M_corr     539.489056617     556.189876742     522.788236492     0.0309567356745     -0.0309567356745    0.0309567356745
2016     CMS_bTagSF_light_M_corr     1065.6338086     1048.26716228     1083.00045491     -0.0162970113852     0.0162970113852    0.0162970113852
2016     CMS_bTagSF_bc_T_year     686.62608954     686.62608954     686.62608954     0.0     0.0    0.0
2016     CMS_bTagSF_bc_T_year     1046.00156201     1046.00156201     1046.00156201     0.0     0.0    0.0
2016     CMS_bTagSF_bc_T_year     539.489056617     539.489056617     539.489056617     0.0     0.0    0.0
2016     CMS_bTagSF_bc_T_year     1065.6338086     1065.6338086     1065.6338086     0.0     0.0    0.0
2016     CMS_bTagSF_light_T_year     686.62608954     686.62608954     686.62608954     0.0     0.0    0.0
2016     CMS_bTagSF_light_T_year     1046.00156201     1046.00156201     1046.00156201     0.0     0.0    0.0
2016     CMS_bTagSF_light_T_year     539.489056617     539.489056617     539.489056617     0.0     0.0    0.0
2016     CMS_bTagSF_light_T_year     1065.6338086     1065.6338086     1065.6338086     0.0     0.0    0.0
2016     CMS_bTagSF_bc_M_year     686.62608954     713.246889692     660.005289388     0.0387704466193     -0.0387704466193    0.0387704466193
2016     CMS_bTagSF_bc_M_year     1046.00156201     1021.85012692     1070.15299711     -0.0230892916132     0.0230892916132    0.0230892916132
2016     CMS_bTagSF_bc_M_year     539.489056617     567.655712058     511.322401175     0.052209873576     -0.052209873576    0.052209873576
2016     CMS_bTagSF_bc_M_year     1065.6338086     1038.87237538     1092.39524181     -0.0251131608283     0.0251131608283    0.0251131608283
2016     CMS_bTagSF_light_M_year     686.62608954     718.041236362     655.210942717     0.0457529174922     -0.0457529174922    0.0457529174922
2016     CMS_bTagSF_light_M_year     1046.00156201     1019.22336289     1072.77976113     -0.0256005345441     0.0256005345441    0.0256005345441
2016     CMS_bTagSF_light_M_year     539.489056617     566.603184487     512.374928747     0.0502589024515     -0.0502589024515    0.0502589024515
2016     CMS_bTagSF_light_M_year     1065.6338086     1038.42726057     1092.84035662     -0.0255308604209     0.0255308604209    0.0255308604209
2016     CMS_jer_eta193     686.62608954     688.606938353     684.645240727     0.00288490175828     -0.00288490175828    0.00288490175828
2016     CMS_jer_eta193     1046.00156201     1056.78075729     1035.22236674     0.0103051426174     -0.0103051426174    0.0103051426174
2016     CMS_jer_eta193     539.489056617     537.814014573     541.164098661     -0.0031048675105     0.0031048675105    0.0031048675105
2016     CMS_jer_eta193     1065.6338086     1065.87081563     1065.39680156     0.000222409453206     -0.000222409453206    0.000222409453206
2016     CMS_jer_193eta25     686.62608954     682.916286768     690.335892312     -0.0054029446721     0.0054029446721    0.0054029446721
2016     CMS_jer_193eta25     1046.00156201     1047.03582366     1044.96730036     0.000988776391703     -0.000988776391704    0.000988776391704
2016     CMS_jer_193eta25     539.489056617     538.515526574     540.462586659     -0.00180454085303     0.00180454085303    0.00180454085303
2016     CMS_jer_193eta25     1065.6338086     1065.30682959     1065.9607876     -0.00030683993381     0.00030683993381    0.00030683993381
2016     CMS_jec_FlavorQCD     686.62608954     702.850329875     670.401849204     0.0236289307714     -0.0236289307714    0.0236289307714
2016     CMS_jec_FlavorQCD     1046.00156201     1067.56275591     1024.44036812     0.0206129652931     -0.0206129652931    0.0206129652931
2016     CMS_jec_FlavorQCD     539.489056617     550.456769951     528.521343283     0.0203298161467     -0.0203298161467    0.0203298161467
2016     CMS_jec_FlavorQCD     1065.6338086     1085.02922505     1046.23839215     0.0182008268631     -0.0182008268631    0.0182008268631
2016     CMS_jec_RelativeBal     686.62608954     700.657338367     672.594840713     0.0204350650824     -0.0204350650824    0.0204350650824
2016     CMS_jec_RelativeBal     1046.00156201     1065.71896087     1026.28416316     0.0188502575646     -0.0188502575646    0.0188502575646
2016     CMS_jec_RelativeBal     539.489056617     550.086885525     528.891227709     0.0196441962598     -0.0196441962598    0.0196441962598
2016     CMS_jec_RelativeBal     1065.6338086     1088.80413415     1042.46348304     0.0217432342759     -0.0217432342759    0.0217432342759
2016     CMS_jec_Absolute     686.62608954     713.575426562     659.676752518     0.0392489266467     -0.0392489266466    0.0392489266467
2016     CMS_jec_Absolute     1046.00156201     1084.57042005     1007.43270397     0.0368726581713     -0.0368726581713    0.0368726581713
2016     CMS_jec_Absolute     539.489056617     556.338609986     522.639503247     0.0312324284669     -0.0312324284669    0.0312324284669
2016     CMS_jec_Absolute     1065.6338086     1106.81103506     1024.45658213     0.0386410661279     -0.0386410661279    0.0386410661279
2016     CMS_jec_BBEC1_year     686.62608954     688.612822021     684.639357058     0.00289347071364     -0.00289347071364    0.00289347071364
2016     CMS_jec_BBEC1_year     1046.00156201     1049.45709635     1042.54602768     0.00330356517751     -0.00330356517751    0.00330356517751
2016     CMS_jec_BBEC1_year     539.489056617     542.851062219     536.127051015     0.00623183280687     -0.00623183280687    0.00623183280687
2016     CMS_jec_BBEC1_year     1065.6338086     1073.39576565     1057.87185154     0.00728388775895     -0.00728388775895    0.00728388775895
2016     CMS_jec_Absolute_year     686.62608954     723.896953923     649.355225157     0.0542811654709     -0.0542811654709    0.0542811654709
2016     CMS_jec_Absolute_year     1046.00156201     1095.89228462     996.110839402     0.0476966043093     -0.0476966043093    0.0476966043093
2016     CMS_jec_Absolute_year     539.489056617     560.732651612     518.245461622     0.0393772491484     -0.0393772491484    0.0393772491484
2016     CMS_jec_Absolute_year     1065.6338086     1117.60932344     1013.65829375     0.0487742735151     -0.0487742735151    0.0487742735151
2016     CMS_jec_RelativeSample_year     686.62608954     707.293437116     665.958741964     0.030099857682     -0.030099857682    0.030099857682
2016     CMS_jec_RelativeSample_year     1046.00156201     1070.81228253     1021.19084149     0.0237195826647     -0.0237195826647    0.0237195826647
2016     CMS_jec_RelativeSample_year     539.489056617     553.764355824     525.21375741     0.0264607762321     -0.0264607762321    0.0264607762321
2016     CMS_jec_RelativeSample_year     1065.6338086     1104.01630587     1027.25131132     0.0360184680351     -0.0360184680351    0.0360184680351
2016     CMS_pu     686.62608954     690.085648958     683.166530121     0.00503849106674     -0.00503849106674    0.00503849106674
2016     CMS_pu     1046.00156201     1035.24782168     1056.75530235     -0.0102808071474     0.0102808071474    0.0102808071474
2016     CMS_pu     539.489056617     540.570496492     538.407616741     0.00200456313639     -0.00200456313639    0.00200456313639
2016     CMS_pu     1065.6338086     1068.83725849     1062.4303587     0.00300614514382     -0.00300614514381    0.00300614514382
2016     CMS_L1Prefiring     686.62608954     682.027408711     691.098781342     -0.00669750377732     0.00651401377011    0.00669750377732
2016     CMS_L1Prefiring     1046.00156201     1038.88022106     1052.96872873     -0.00680815517466     0.00666076128993    0.00680815517466
2016     CMS_L1Prefiring     539.489056617     536.004151512     542.872154466     -0.00645964002838     0.00627092951735    0.00645964002838
2016     CMS_L1Prefiring     1065.6338086     1059.08819432     1072.04572482     -0.00614246115531     0.00601699774836    0.00614246115531
2016     CMS_pdf_QCD     686.62608954     702.556056814     671.182065648     0.0232003524438     -0.0224926260842    0.0232003524438
2016     CMS_pdf_QCD     1046.00156201     1067.34725199     1025.65598032     0.0204069389093     -0.0194508138738    0.0204069389093
2016     CMS_pdf_QCD     539.489056617     550.38889327     528.58926443     0.0202039995428     -0.0202039171204    0.0202039995428
2016     CMS_pdf_QCD     1065.6338086     1084.65646163     1046.61122823     0.0178510224416     -0.0178509542524    0.0178510224416
2016     CMS_renorm_QCD     686.62608954     636.879840584     744.999248872     -0.0724502749222     0.0850144790904    0.0850144790904
2016     CMS_renorm_QCD     1046.00156201     969.798968202     1135.50631357     -0.0728513193263     0.085568468358    0.085568468358
2016     CMS_renorm_QCD     539.489056617     500.412377871     585.336551479     -0.0724327551532     0.0849831786202    0.0849831786202
2016     CMS_renorm_QCD     1065.6338086     988.208417583     1156.52346007     -0.0726566578391     0.0852916365238    0.0852916365238
2016     CMS_fact_QCD     686.62608954     592.754373499     805.530431591     -0.136714461438     0.173171896411    0.173171896411
2016     CMS_fact_QCD     1046.00156201     904.080047829     1225.59678549     -0.135680021271     0.171696897983    0.171696897983
2016     CMS_fact_QCD     539.489056617     467.983757414     629.538822132     -0.13254263145     0.16691676024    0.16691676024
2016     CMS_fact_QCD     1065.6338086     924.793966612     1242.99373793     -0.132165328134     0.166436094559    0.166436094559
2016     CMS_jec_AbsoluteCal     686.62608954     690.324949426     682.927229653     0.00538700748927     -0.00538700748927    0.00538700748927
2016     CMS_jec_AbsoluteCal     1046.00156201     1053.31347247     1038.68965156     0.00699034372544     -0.00699034372544    0.00699034372544
2016     CMS_jec_AbsoluteCal     539.489056617     543.780646534     535.1974667     0.00795491560807     -0.00795491560807    0.00795491560807
2016     CMS_jec_AbsoluteCal     1065.6338086     1073.02949304     1058.23812415     0.00694017436961     -0.00694017436961    0.00694017436961
2016     CMS_jec_AbsoluteTheory     686.62608954     713.575432972     659.676746108     0.0392489359823     -0.0392489359823    0.0392489359823
2016     CMS_jec_AbsoluteTheory     1046.00156201     1084.57047433     1007.4326497     0.0368727100577     -0.0368727100577    0.0368727100577
2016     CMS_jec_AbsoluteTheory     539.489056617     556.338622264     522.63949097     0.0312324512243     -0.0312324512243    0.0312324512243
2016     CMS_jec_AbsoluteTheory     1065.6338086     1106.81102668     1024.45659051     0.0386410582664     -0.0386410582664    0.0386410582664
2016     CMS_jec_AbsolutePU     686.62608954     689.487352979     683.764826101     0.00416713475127     -0.00416713475127    0.00416713475127
2016     CMS_jec_AbsolutePU     1046.00156201     1049.19691855     1042.80620547     0.00305482960601     -0.00305482960601    0.00305482960601
2016     CMS_jec_AbsolutePU     539.489056617     540.8810115     538.097101734     0.00258013553014     -0.00258013553014    0.00258013553014
2016     CMS_jec_AbsolutePU     1065.6338086     1068.15192448     1063.11569271     0.00236302177009     -0.00236302177009    0.00236302177009
2016     CMS_jec_AbsoluteScale     686.62608954     713.575432972     659.676746108     0.0392489359823     -0.0392489359823    0.0392489359823
2016     CMS_jec_AbsoluteScale     1046.00156201     1084.57047433     1007.4326497     0.0368727100577     -0.0368727100577    0.0368727100577
2016     CMS_jec_AbsoluteScale     539.489056617     556.338622264     522.63949097     0.0312324512243     -0.0312324512243    0.0312324512243
2016     CMS_jec_AbsoluteScale     1065.6338086     1106.81102668     1024.45659051     0.0386410582664     -0.0386410582664    0.0386410582664
2016     CMS_jec_Fragmentation     686.62608954     689.727415855     683.524763224     0.00451676154309     -0.00451676154309    0.00451676154309
2016     CMS_jec_Fragmentation     1046.00156201     1051.56307117     1040.44005286     0.00531692241854     -0.00531692241854    0.00531692241854
2016     CMS_jec_Fragmentation     539.489056617     541.248586493     537.72952674     0.00326147463975     -0.00326147463975    0.00326147463975
2016     CMS_jec_Fragmentation     1065.6338086     1069.97522505     1061.29239214     0.00407402281951     -0.00407402281951    0.00407402281951
2016     CMS_jec_AbsoluteMPFBias     686.62608954     713.575432972     659.676746108     0.0392489359823     -0.0392489359823    0.0392489359823
2016     CMS_jec_AbsoluteMPFBias     1046.00156201     1084.57047433     1007.4326497     0.0368727100577     -0.0368727100577    0.0368727100577
2016     CMS_jec_AbsoluteMPFBias     539.489056617     556.338622264     522.63949097     0.0312324512243     -0.0312324512243    0.0312324512243
2016     CMS_jec_AbsoluteMPFBias     1065.6338086     1106.81102668     1024.45659051     0.0386410582664     -0.0386410582664    0.0386410582664
2016     CMS_jec_RelativeFSR     686.62608954     697.476524008     675.775655071     0.0158025374125     -0.0158025374125    0.0158025374125
2016     CMS_jec_RelativeFSR     1046.00156201     1059.05337703     1032.94974699     0.0124778159917     -0.0124778159917    0.0124778159917
2016     CMS_jec_RelativeFSR     539.489056617     543.141288409     535.836824825     0.00676979773246     -0.00676979773246    0.00676979773246
2016     CMS_jec_RelativeFSR     1065.6338086     1076.7082321     1054.5593851     0.0103923349752     -0.0103923349752    0.0103923349752
2016     CMS_scale_QCD     686.62608954     874.00594627     549.805661679     0.272899412919     -0.19926482542    0.272899412919
2016     CMS_scale_QCD     1046.00156201     1330.46083549     838.211801383     0.27194918613     -0.198651482154    0.27194918613
2016     CMS_scale_QCD     539.489056617     683.035829538     434.084448386     0.266079119049     -0.195378584492    0.266079119049
2016     CMS_scale_QCD     1065.6338086     1349.00856158     857.5999192     0.265921323719     -0.19522080448    0.265921323719
2016     CMS_bTagSF_M     16.8635859687     17.1979402622     16.5292316752     0.0198269984881     -0.0198269984881    0.0198269984881
2016     CMS_bTagSF_M     1.31048636315     1.00122958496     1.61974314135     -0.235986261964     0.235986261964    0.235986261964
2016     CMS_bTagSF_M     3.54529595547     3.58695122447     3.50364068646     0.0117494475861     -0.0117494475861    0.0117494475861
2016     CMS_bTagSF_M     0.432883351454     0.330802919282     0.534963783627     -0.235815103144     0.235815103144    0.235815103144
2016     CMS_bTagSF_T     16.8635859687     16.8635859687     16.8635859687     0.0     0.0    0.0
2016     CMS_bTagSF_T     1.31048636315     1.31048636315     1.31048636315     0.0     0.0    0.0
2016     CMS_bTagSF_T     3.54529595547     3.54529595547     3.54529595547     0.0     0.0    0.0
2016     CMS_bTagSF_T     0.432883351454     0.432883351454     0.432883351454     0.0     0.0    0.0
2016     CMS_bTagSF_M_corr     16.8635859687     17.164801529     16.5623704084     0.0178618925347     -0.0178618925347    0.0178618925347
2016     CMS_bTagSF_M_corr     1.31048636315     1.01568175374     1.60529097256     -0.224958166447     0.224958166447    0.224958166447
2016     CMS_bTagSF_M_corr     3.54529595547     3.59369041888     3.49690149205     0.0136503310367     -0.0136503310367    0.0136503310367
2016     CMS_bTagSF_M_corr     0.432883351454     0.354987718609     0.5107789843     -0.179946012208     0.179946012208    0.179946012208
2016     CMS_bTagSF_T_corr     16.8635859687     16.8635859687     16.8635859687     0.0     0.0    0.0
2016     CMS_bTagSF_T_corr     1.31048636315     1.31048636315     1.31048636315     0.0     0.0    0.0
2016     CMS_bTagSF_T_corr     3.54529595547     3.54529595547     3.54529595547     0.0     0.0    0.0
2016     CMS_bTagSF_T_corr     0.432883351454     0.432883351454     0.432883351454     0.0     0.0    0.0
2016     CMS_jer     16.8635859687     16.9630226426     16.7641492948     0.00589653197783     -0.00589653197783    0.00589653197783
2016     CMS_jer     1.31048636315     1.3385097385     1.28267602746     0.0213839503712     -0.0212213850345    0.0213839503712
2016     CMS_jer     3.54529595547     3.48495542765     3.60563648328     -0.0170198845388     0.0170198845388    0.0170198845388
2016     CMS_jer     0.432883351454     0.442999099965     0.422767602944     0.0233683011293     -0.0233683011293    0.0233683011293
2016     CMS_jec     16.8635859687     17.9253739987     15.8017979388     0.0629633597453     -0.0629633597453    0.0629633597453
2016     CMS_jec     1.31048636315     1.44666210976     1.18380907812     0.103912372105     -0.0966643290588    0.103912372105
2016     CMS_jec     3.54529595547     3.6116562413     3.47896535596     0.0187178409568     -0.0187094675137    0.0187178409568
2016     CMS_jec     0.432883351454     0.458431120578     0.421121240006     0.0590176754027     -0.0271715495839    0.0590176754027
2016     CMS_bTagSF_bc_T_corr     16.8635859687     16.8635859687     16.8635859687     0.0     0.0    0.0
2016     CMS_bTagSF_bc_T_corr     1.31048636315     1.31048636315     1.31048636315     0.0     0.0    0.0
2016     CMS_bTagSF_bc_T_corr     3.54529595547     3.54529595547     3.54529595547     0.0     0.0    0.0
2016     CMS_bTagSF_bc_T_corr     0.432883351454     0.432883351454     0.432883351454     0.0     0.0    0.0
2016     CMS_bTagSF_light_T_corr     16.8635859687     16.8635859687     16.8635859687     0.0     0.0    0.0
2016     CMS_bTagSF_light_T_corr     1.31048636315     1.31048636315     1.31048636315     0.0     0.0    0.0
2016     CMS_bTagSF_light_T_corr     3.54529595547     3.54529595547     3.54529595547     0.0     0.0    0.0
2016     CMS_bTagSF_light_T_corr     0.432883351454     0.432883351454     0.432883351454     0.0     0.0    0.0
2016     CMS_bTagSF_bc_M_corr     16.8635859687     17.1092377095     16.6179342279     0.0145669931212     -0.0145669931212    0.0145669931212
2016     CMS_bTagSF_bc_M_corr     1.31048636315     1.03839247707     1.58258024923     -0.207628170524     0.207628170524    0.207628170524
2016     CMS_bTagSF_bc_M_corr     3.54529595547     3.58512896907     3.50546294186     0.0112354551235     -0.0112354551235    0.0112354551235
2016     CMS_bTagSF_bc_M_corr     0.432883351454     0.360752964056     0.505013738853     -0.166627769712     0.166627769712    0.166627769712
2016     CMS_bTagSF_light_M_corr     16.8635859687     16.9126442442     16.8145276932     0.00290912476315     -0.00290912476314    0.00290912476315
2016     CMS_bTagSF_light_M_corr     1.31048636315     1.29027660042     1.33069612588     -0.0154215742306     0.0154215742306    0.0154215742306
2016     CMS_bTagSF_light_M_corr     3.54529595547     3.55418364245     3.53640826848     0.00250689564453     -0.00250689564453    0.00250689564453
2016     CMS_bTagSF_light_M_corr     0.432883351454     0.42339862899     0.442368073919     -0.0219105734433     0.0219105734433    0.0219105734433
2016     CMS_bTagSF_bc_T_year     16.8635859687     16.8635859687     16.8635859687     0.0     0.0    0.0
2016     CMS_bTagSF_bc_T_year     1.31048636315     1.31048636315     1.31048636315     0.0     0.0    0.0
2016     CMS_bTagSF_bc_T_year     3.54529595547     3.54529595547     3.54529595547     0.0     0.0    0.0
2016     CMS_bTagSF_bc_T_year     0.432883351454     0.432883351454     0.432883351454     0.0     0.0    0.0
2016     CMS_bTagSF_light_T_year     16.8635859687     16.8635859687     16.8635859687     0.0     0.0    0.0
2016     CMS_bTagSF_light_T_year     1.31048636315     1.31048636315     1.31048636315     0.0     0.0    0.0
2016     CMS_bTagSF_light_T_year     3.54529595547     3.54529595547     3.54529595547     0.0     0.0    0.0
2016     CMS_bTagSF_light_T_year     0.432883351454     0.432883351454     0.432883351454     0.0     0.0    0.0
2016     CMS_bTagSF_bc_M_year     16.8635859687     17.1177697137     16.6094022237     0.0150729355832     -0.0150729355832    0.0150729355832
2016     CMS_bTagSF_bc_M_year     1.31048636315     1.03931687899     1.58165584731     -0.206922782094     0.206922782094    0.206922782094
2016     CMS_bTagSF_bc_M_year     3.54529595547     3.56627945801     3.52431245292     0.0059186885408     -0.0059186885408    0.0059186885408
2016     CMS_bTagSF_bc_M_year     0.432883351454     0.339422548152     0.526344154757     -0.21590297476     0.21590297476    0.21590297476
2016     CMS_bTagSF_light_M_year     16.8635859687     16.9577583623     16.7694135751     0.00558436348068     -0.00558436348068    0.00558436348068
2016     CMS_bTagSF_light_M_year     1.31048636315     1.27097269798     1.35000002833     -0.0301519087005     0.0301519087005    0.0301519087005
2016     CMS_bTagSF_light_M_year     3.54529595547     3.5638150029     3.52677690803     0.0052235547226     -0.0052235547226    0.0052235547226
2016     CMS_bTagSF_light_M_year     0.432883351454     0.406147180741     0.459619522168     -0.0617629914013     0.0617629914013    0.0617629914013
2016     CMS_jer_eta193     16.8635859687     16.9404702938     16.7867016436     0.00455919193329     -0.00455919193329    0.00455919193329
2016     CMS_jer_eta193     1.31048636315     1.33638936129     1.28479640467     0.0197659425288     -0.0196033771921    0.0197659425288
2016     CMS_jer_eta193     3.54529595547     3.49045496635     3.60013694458     -0.0154686632106     0.0154686632106    0.0154686632106
2016     CMS_jer_eta193     0.432883351454     0.437670118105     0.428096584804     0.0110578672854     -0.0110578672854    0.0110578672854
2016     CMS_jer_193eta25     16.8635859687     16.8440084671     16.8831634704     -0.00116093348651     0.00116093348651    0.00116093348651
2016     CMS_jer_193eta25     1.31048636315     1.30959661827     1.31137610803     -0.000678942496427     0.000678942496428    0.000678942496428
2016     CMS_jer_193eta25     3.54529595547     3.55343197265     3.53715993828     0.00229487672771     -0.00229487672771    0.00229487672771
2016     CMS_jer_193eta25     0.432883351454     0.432833362654     0.432933340255     -0.000115478685874     0.000115478685874    0.000115478685874
2016     CMS_jec_FlavorQCD     16.8635859687     17.2635126916     16.4636592459     0.0237154021443     -0.0237154021443    0.0237154021443
2016     CMS_jec_FlavorQCD     1.31048636315     1.34739316423     1.28044092292     0.0281626746543     -0.0229269384848    0.0281626746543
2016     CMS_jec_FlavorQCD     3.54529595547     3.56127901913     3.5293128918     0.00450824525364     -0.00450824525364    0.00450824525364
2016     CMS_jec_FlavorQCD     0.432883351454     0.44670201748     0.419064685429     0.0319223781165     -0.0319223781165    0.0319223781165
2016     CMS_jec_RelativeBal     16.8635859687     17.1587619699     16.5684099675     0.0175037504922     -0.0175037504922    0.0175037504922
2016     CMS_jec_RelativeBal     1.31048636315     1.33013579504     1.29904381222     0.0149939995144     -0.00873152995267    0.0149939995144
2016     CMS_jec_RelativeBal     3.54529595547     3.5629188184     3.52767309253     0.00497077343032     -0.00497077343033    0.00497077343033
2016     CMS_jec_RelativeBal     0.432883351454     0.439324939238     0.426441763671     0.0148806549429     -0.0148806549429    0.0148806549429
2016     CMS_jec_Absolute     16.8635859687     17.4365608196     16.2906111178     0.0339770468726     -0.0339770468726    0.0339770468726
2016     CMS_jec_Absolute     1.31048636315     1.38550867521     1.24375366195     0.0572476861812     -0.0509220874633    0.0572476861812
2016     CMS_jec_Absolute     3.54529595547     3.6449081083     3.44568380264     0.0280969922064     -0.0280969922064    0.0280969922064
2016     CMS_jec_Absolute     0.432883351454     0.443874374457     0.423535982632     0.0253902649886     -0.0215932740101    0.0253902649886
2016     CMS_jec_BBEC1_year     16.8635859687     16.9069281701     16.8202437673     0.00257016517659     -0.00257016517659    0.00257016517659
2016     CMS_jec_BBEC1_year     1.31048636315     1.30722345965     1.31787233847     -0.00248984162684     0.0056360566063    0.0056360566063
2016     CMS_jec_BBEC1_year     3.54529595547     3.56361174293     3.526980168     0.00516622242495     -0.00516622242495    0.00516622242495
2016     CMS_jec_BBEC1_year     0.432883351454     0.453738283733     0.412028419176     0.0481767945303     -0.0481767945303    0.0481767945303
2016     CMS_jec_Absolute_year     16.8635859687     17.5855261764     16.141645761     0.0428105984729     -0.0428105984729    0.0428105984729
2016     CMS_jec_Absolute_year     1.31048636315     1.4164079235     1.21292331534     0.080826144649     -0.0744479687524    0.080826144649
2016     CMS_jec_Absolute_year     3.54529595547     3.63096688598     3.45962502495     0.0241646766834     -0.0241646766834    0.0241646766834
2016     CMS_jec_Absolute_year     0.432883351454     0.464976627952     0.405393449867     0.0741383940726     -0.063504178425    0.0741383940726
2016     CMS_jec_RelativeSample_year     16.8635859687     17.2763479708     16.4508239666     0.0244765260993     -0.0244765260993    0.0244765260993
2016     CMS_jec_RelativeSample_year     1.31048636315     1.32880062784     1.29492246433     0.0139751661714     -0.0118764294376    0.0139751661714
2016     CMS_jec_RelativeSample_year     3.54529595547     3.55025960143     3.5403323095     0.00140006533296     -0.00140006533296    0.00140006533296
2016     CMS_jec_RelativeSample_year     0.432883351454     0.450966080945     0.414800621964     0.0417727533971     -0.0417727533971    0.0417727533971
2016     CMS_pu     16.8635859687     16.8699011745     16.8572707629     0.000374487715603     -0.000374487715602    0.000374487715603
2016     CMS_pu     1.31048636315     1.3467664889     1.2742062374     0.0276844740803     -0.0276844740803    0.0276844740803
2016     CMS_pu     3.54529595547     3.59091591078     3.49967600015     0.0128677424653     -0.0128677424653    0.0128677424653
2016     CMS_pu     0.432883351454     0.425919978556     0.439846724353     -0.0160860261208     0.0160860261208    0.0160860261208
2016     CMS_topPt     16.8635859687     14.610040316     16.8635859687     -0.133633834278     0.0    0.133633834278
2016     CMS_topPt     1.31048636315     1.14251679681     1.31048636315     -0.128173456104     0.0    0.128173456104
2016     CMS_topPt     3.54529595547     3.12553028347     3.54529595547     -0.118400742072     0.0    0.118400742072
2016     CMS_topPt     0.432883351454     0.386471626093     0.432883351454     -0.107215316103     0.0    0.107215316103
2016     CMS_L1Prefiring     16.8635859687     16.7445622377     16.9778773611     -0.0070580320948     0.00677740740215    0.0070580320948
2016     CMS_L1Prefiring     1.31048636315     1.30148498295     1.31921796108     -0.00686873244251     0.00666286821282    0.00686873244251
2016     CMS_L1Prefiring     3.54529595547     3.51406193377     3.57539075398     -0.00880998993936     0.0084886562048    0.00880998993936
2016     CMS_L1Prefiring     0.432883351454     0.429336717889     0.436310938024     -0.00819304681772     0.00791803740656    0.00819304681772
2016     CMS_pdf_TTbar     16.8635859687     17.3009996246     16.4323540569     0.0259383536025     -0.0255717800833    0.0259383536025
2016     CMS_pdf_TTbar     1.31048636315     1.34897353885     1.27215048698     0.0293686197591     -0.0292531668017    0.0293686197591
2016     CMS_pdf_TTbar     3.54529595547     3.64310927554     3.44770961267     0.0275896064253     -0.0275255843309    0.0275896064253
2016     CMS_pdf_TTbar     0.432883351454     0.444684133095     0.421082595628     0.027260881253     -0.0272608216205    0.027260881253
2016     CMS_renorm_TTbar     16.8635859687     13.8954833261     20.8936803653     -0.176006612598     0.238982053051    0.238982053051
2016     CMS_renorm_TTbar     1.31048636315     1.07771022962     1.62797840362     -0.177625757948     0.242270388613    0.242270388613
2016     CMS_renorm_TTbar     3.54529595547     2.94038066875     4.36056887666     -0.170624764284     0.229959058829    0.229959058829
2016     CMS_renorm_TTbar     0.432883351454     0.3577110635     0.534770894025     -0.173654837271     0.23536951058    0.23536951058
2016     CMS_fact_TTbar     16.8635859687     14.3489491919     20.101633061     -0.149116373083     0.192014148018    0.192014148018
2016     CMS_fact_TTbar     1.31048636315     1.11614145773     1.56050387886     -0.148299830422     0.190782233789    0.190782233789
2016     CMS_fact_TTbar     3.54529595547     3.01518500102     4.22851911882     -0.149525162668     0.192712589283    0.192712589283
2016     CMS_fact_TTbar     0.432883351454     0.369760983675     0.514086529583     -0.145818423295     0.187586743301    0.187586743301
2016     CMS_jec_AbsoluteCal     16.8635859687     16.9708048318     16.7563671056     0.00635801088011     -0.00635801088011    0.00635801088011
2016     CMS_jec_AbsoluteCal     1.31048636315     1.31193276121     1.31308858869     0.00110371088419     0.00198569448138    0.00198569448138
2016     CMS_jec_AbsoluteCal     3.54529595547     3.53425457587     3.55633733507     -0.00311437457937     0.00311437457937    0.00311437457937
2016     CMS_jec_AbsoluteCal     0.432883351454     0.448610756057     0.417155946852     0.0363317382154     -0.0363317382154    0.0363317382154
2016     CMS_jec_AbsoluteTheory     16.8635859687     17.4365608196     16.2906111178     0.0339770468726     -0.0339770468726    0.0339770468726
2016     CMS_jec_AbsoluteTheory     1.31048636315     1.38550867521     1.24375366195     0.0572476861812     -0.0509220874633    0.0572476861812
2016     CMS_jec_AbsoluteTheory     3.54529595547     3.6449081083     3.44568380264     0.0280969922064     -0.0280969922064    0.0280969922064
2016     CMS_jec_AbsoluteTheory     0.432883351454     0.443874374457     0.423535982632     0.0253902649886     -0.0215932740101    0.0253902649886
2016     CMS_jec_AbsolutePU     16.8635859687     16.9516541023     16.7755178351     0.00522238471308     -0.00522238471308    0.00522238471308
2016     CMS_jec_AbsolutePU     1.31048636315     1.29160336538     1.32958240058     -0.0144091524375     0.0145717177742    0.0145717177742
2016     CMS_jec_AbsolutePU     3.54529595547     3.5495526444     3.54103926653     0.00120065827642     -0.00120065827642    0.00120065827642
2016     CMS_jec_AbsolutePU     0.432883351454     0.429143522131     0.436623180778     -0.00863934662938     0.00863934662938    0.00863934662938
2016     CMS_jec_AbsoluteScale     16.8635859687     17.4365608196     16.2906111178     0.0339770468726     -0.0339770468726    0.0339770468726
2016     CMS_jec_AbsoluteScale     1.31048636315     1.38550867521     1.24375366195     0.0572476861812     -0.0509220874633    0.0572476861812
2016     CMS_jec_AbsoluteScale     3.54529595547     3.6449081083     3.44568380264     0.0280969922064     -0.0280969922064    0.0280969922064
2016     CMS_jec_AbsoluteScale     0.432883351454     0.443874374457     0.423535982632     0.0253902649886     -0.0215932740101    0.0253902649886
2016     CMS_jec_Fragmentation     16.8635859687     16.9643586279     16.7628133096     0.00597575505791     -0.00597575505791    0.00597575505791
2016     CMS_jec_Fragmentation     1.31048636315     1.31008970965     1.31493164025     -0.000302676555314     0.00339208192088    0.00339208192088
2016     CMS_jec_Fragmentation     3.54529595547     3.559193086     3.53139882493     0.00391987882235     -0.00391987882235    0.00391987882235
2016     CMS_jec_Fragmentation     0.432883351454     0.428931456604     0.436835246305     -0.0091292373277     0.0091292373277    0.0091292373277
2016     CMS_jec_AbsoluteMPFBias     16.8635859687     17.4365608196     16.2906111178     0.0339770468726     -0.0339770468726    0.0339770468726
2016     CMS_jec_AbsoluteMPFBias     1.31048636315     1.38550867521     1.24375366195     0.0572476861812     -0.0509220874633    0.0572476861812
2016     CMS_jec_AbsoluteMPFBias     3.54529595547     3.6449081083     3.44568380264     0.0280969922064     -0.0280969922064    0.0280969922064
2016     CMS_jec_AbsoluteMPFBias     0.432883351454     0.443874374457     0.423535982632     0.0253902649886     -0.0215932740101    0.0253902649886
2016     CMS_jec_RelativeFSR     16.8635859687     17.0441173802     16.6830545572     0.0107053987095     -0.0107053987095    0.0107053987095
2016     CMS_jec_RelativeFSR     1.31048636315     1.33566211176     1.289410647     0.0192109962523     -0.0160823620506    0.0192109962523
2016     CMS_jec_RelativeFSR     3.54529595547     3.52715230187     3.56343960906     -0.00511766967233     0.00511766967233    0.00511766967233
2016     CMS_jec_RelativeFSR     0.432883351454     0.432952934401     0.434343496282     0.000160742948496     0.0033730676461    0.0033730676461
2016     CMS_scale_TTbar     16.8635859687     24.920018449     11.8287558264     0.477741359118     -0.298562248367    0.477741359118
2016     CMS_scale_TTbar     1.31048636315     1.93968471697     0.918311788153     0.480125830768     -0.29925879889    0.480125830768
2016     CMS_scale_TTbar     3.54529595547     5.2039477341     2.50181707251     0.467845787621     -0.294327722161    0.467845787621
2016     CMS_scale_TTbar     0.432883351454     0.635631550274     0.305756979944     0.468366820157     -0.293673506    0.468366820157
2016     CMS_bTagSF_M     442.219479092     447.873518029     436.565440155     0.0127855944939     -0.0127855944939    0.0127855944939
2016     CMS_bTagSF_M     15.5087507497     7.10187992583     23.9244545531     -0.542072727814     0.542642275912    0.542642275912
2016     CMS_bTagSF_M     47.3685162022     48.3691048285     46.3679275759     0.0211234952346     -0.0211234952346    0.0211234952346
2016     CMS_bTagSF_M     2.57689878613     1.32906325237     3.82473431989     -0.484239249316     0.484239249316    0.484239249316
2016     CMS_bTagSF_T     442.219479092     442.219479092     442.219479092     0.0     0.0    0.0
2016     CMS_bTagSF_T     15.5087507497     15.5087507497     15.5087507497     0.0     0.0    0.0
2016     CMS_bTagSF_T     47.3685162022     47.3685162022     47.3685162022     0.0     0.0    0.0
2016     CMS_bTagSF_T     2.57689878613     2.57689878613     2.57689878613     0.0     0.0    0.0
2016     CMS_bTagSF_M_corr     442.219479092     448.985547981     435.453410203     0.0153002506871     -0.0153002506871    0.0153002506871
2016     CMS_bTagSF_M_corr     15.5087507497     10.5461271562     20.4713743432     -0.319988609891     0.319988609891    0.319988609891
2016     CMS_bTagSF_M_corr     47.3685162022     47.8827352927     46.8542971117     0.0108557145487     -0.0108557145487    0.0108557145487
2016     CMS_bTagSF_M_corr     2.57689878613     1.84970409329     3.30409347898     -0.282197615505     0.282197615505    0.282197615505
2016     CMS_bTagSF_T_corr     442.219479092     442.219479092     442.219479092     0.0     0.0    0.0
2016     CMS_bTagSF_T_corr     15.5087507497     15.5087507497     15.5087507497     0.0     0.0    0.0
2016     CMS_bTagSF_T_corr     47.3685162022     47.3685162022     47.3685162022     0.0     0.0    0.0
2016     CMS_bTagSF_T_corr     2.57689878613     2.57689878613     2.57689878613     0.0     0.0    0.0
2016     CMS_jer     442.219479092     447.576133193     436.946091251     0.012113112051     -0.0119248203458    0.012113112051
2016     CMS_jer     15.5087507497     16.3282755042     14.8940040513     0.0528427316729     -0.0396386987175    0.0528427316729
2016     CMS_jer     47.3685162022     49.4061877192     45.3327566847     0.0430174233933     -0.042977059041    0.0430174233933
2016     CMS_jer     2.57689878613     2.81133777204     2.42104817765     0.0909771804664     -0.0604799107073    0.0909771804664
2016     CMS_jec     442.219479092     431.263351061     453.244732729     -0.0247753175716     0.0249316327258    0.0249316327258
2016     CMS_jec     15.5087507497     16.4447081897     14.789587879     0.0603502793456     -0.0463714249045    0.0603502793456
2016     CMS_jec     47.3685162022     47.6580398703     47.1686553131     0.00611215404962     -0.00421927696142    0.00611215404962
2016     CMS_jec     2.57689878613     2.82448466073     2.52783389687     0.0960790062558     -0.019040285761    0.0960790062558
2016     CMS_bTagSF_bc_T_corr     442.219479092     442.219479092     442.219479092     0.0     0.0    0.0
2016     CMS_bTagSF_bc_T_corr     15.5087507497     15.5087507497     15.5087507497     0.0     0.0    0.0
2016     CMS_bTagSF_bc_T_corr     47.3685162022     47.3685162022     47.3685162022     0.0     0.0    0.0
2016     CMS_bTagSF_bc_T_corr     2.57689878613     2.57689878613     2.57689878613     0.0     0.0    0.0
2016     CMS_bTagSF_light_T_corr     442.219479092     442.219479092     442.219479092     0.0     0.0    0.0
2016     CMS_bTagSF_light_T_corr     15.5087507497     15.5087507497     15.5087507497     0.0     0.0    0.0
2016     CMS_bTagSF_light_T_corr     47.3685162022     47.3685162022     47.3685162022     0.0     0.0    0.0
2016     CMS_bTagSF_light_T_corr     2.57689878613     2.57689878613     2.57689878613     0.0     0.0    0.0
2016     CMS_bTagSF_bc_M_corr     442.219479092     448.549201489     435.889756695     0.0143135313935     -0.0143135313935    0.0143135313935
2016     CMS_bTagSF_bc_M_corr     15.5087507497     10.7217329307     20.2957685687     -0.308665597654     0.308665597654    0.308665597654
2016     CMS_bTagSF_bc_M_corr     47.3685162022     48.0488147895     46.6882176149     0.0143618302167     -0.0143618302167    0.0143618302167
2016     CMS_bTagSF_bc_M_corr     2.57689878613     1.87064013297     3.28315743929     -0.27407310561     0.27407310561    0.27407310561
2016     CMS_bTagSF_light_M_corr     442.219479092     443.854117525     440.584840659     0.00369644149618     -0.00369644149618    0.00369644149618
2016     CMS_bTagSF_light_M_corr     15.5087507497     15.3716630838     15.6458384156     -0.00883937514558     0.00883937514558    0.00883937514558
2016     CMS_bTagSF_light_M_corr     47.3685162022     47.4736847252     47.2633476792     0.00222021991532     -0.00222021991532    0.00222021991532
2016     CMS_bTagSF_light_M_corr     2.57689878613     2.55865973202     2.59513784025     -0.00707790861459     0.00707790861459    0.00707790861459
2016     CMS_bTagSF_bc_T_year     442.219479092     442.219479092     442.219479092     0.0     0.0    0.0
2016     CMS_bTagSF_bc_T_year     15.5087507497     15.5087507497     15.5087507497     0.0     0.0    0.0
2016     CMS_bTagSF_bc_T_year     47.3685162022     47.3685162022     47.3685162022     0.0     0.0    0.0
2016     CMS_bTagSF_bc_T_year     2.57689878613     2.57689878613     2.57689878613     0.0     0.0    0.0
2016     CMS_bTagSF_light_T_year     442.219479092     442.219479092     442.219479092     0.0     0.0    0.0
2016     CMS_bTagSF_light_T_year     15.5087507497     15.5087507497     15.5087507497     0.0     0.0    0.0
2016     CMS_bTagSF_light_T_year     47.3685162022     47.3685162022     47.3685162022     0.0     0.0    0.0
2016     CMS_bTagSF_light_T_year     2.57689878613     2.57689878613     2.57689878613     0.0     0.0    0.0
2016     CMS_bTagSF_bc_M_year     442.219479092     446.28009735     438.158860834     0.00918235955265     -0.00918235955265    0.00918235955265
2016     CMS_bTagSF_bc_M_year     15.5087507497     7.51303960357     23.5114795907     -0.515561264423     0.516013763465    0.516013763465
2016     CMS_bTagSF_bc_M_year     47.3685162022     48.4062262796     46.3308061248     0.021907168739     -0.021907168739    0.021907168739
2016     CMS_bTagSF_bc_M_year     2.57689878613     1.38239091465     3.77140665762     -0.463544737539     0.463544737539    0.463544737539
2016     CMS_bTagSF_light_M_year     442.219479092     446.605611941     437.833346243     0.00991845238879     -0.00991845238879    0.00991845238879
2016     CMS_bTagSF_light_M_year     15.5087507497     15.1942431758     15.8232583236     -0.0202793622127     0.0202793622127    0.0202793622127
2016     CMS_bTagSF_light_M_year     47.3685162022     47.3171154034     47.419917001     -0.00108512579474     0.00108512579474    0.00108512579474
2016     CMS_bTagSF_light_M_year     2.57689878613     2.53473242541     2.61906514686     -0.0163632196004     0.0163632196004    0.0163632196004
2016     CMS_jer_eta193     442.219479092     441.191338075     443.330886369     -0.00232495641979     0.00251324812501    0.00251324812501
2016     CMS_jer_eta193     15.5087507497     16.3282755042     14.8940040513     0.0528427316729     -0.0396386987175    0.0528427316729
2016     CMS_jer_eta193     47.3685162022     49.4470232194     45.291786676     0.043879504445     -0.0438419797085    0.043879504445
2016     CMS_jer_eta193     2.57689878613     2.81109008158     2.42129586811     0.0908810608721     -0.060383791113    0.0908810608721
2016     CMS_jer_193eta25     442.219479092     442.076602757     442.362355427     -0.000323089194062     0.000323089194061    0.000323089194062
2016     CMS_jer_193eta25     15.5087507497     15.5086884648     15.5088130346     -4.01611407108e-06     4.01611407108e-06    4.01611407108e-06
2016     CMS_jer_193eta25     47.3685162022     47.2358077778     47.5012246265     -0.00280161666412     0.00280161666412    0.00280161666412
2016     CMS_jer_193eta25     2.57689878613     2.5771464766     2.57665109567     9.6119594305e-05     -9.61195943051e-05    9.61195943051e-05
2016     CMS_jec_FlavorQCD     442.219479092     442.139203646     442.344432082     -0.000181528517221     0.000282558765927    0.000282558765927
2016     CMS_jec_FlavorQCD     15.5087507497     15.0697959273     16.0504092135     -0.0283036867077     0.034925989368    0.034925989368
2016     CMS_jec_FlavorQCD     47.3685162022     47.687413276     47.0496191284     0.00673225803396     -0.00673225803396    0.00673225803396
2016     CMS_jec_FlavorQCD     2.57689878613     2.72150280729     2.53034523857     0.0561155222453     -0.0180657260645    0.0561155222453
2016     CMS_jec_RelativeBal     442.219479092     447.555982115     436.927653613     0.0120675440022     -0.0119665137535    0.0120675440022
2016     CMS_jec_RelativeBal     15.5087507497     15.4118348176     15.6119666756     -0.00624911275287     0.0066553346301    0.0066553346301
2016     CMS_jec_RelativeBal     47.3685162022     49.5453006855     45.1917317189     0.0459542467833     -0.0459542467833    0.0459542467833
2016     CMS_jec_RelativeBal     2.57689878613     2.59660860616     2.60249829196     0.0076486589752     0.00993423023072    0.00993423023072
2016     CMS_jec_Absolute     442.219479092     445.789286363     438.707842387     0.0080724785772     -0.00794093628027    0.0080724785772
2016     CMS_jec_Absolute     15.5087507497     16.0675092501     15.0770249181     0.0360285950435     -0.0278375633614    0.0360285950435
2016     CMS_jec_Absolute     47.3685162022     48.4780124772     46.2672730657     0.0234226520896     -0.0232484195147    0.0234226520896
2016     CMS_jec_Absolute     2.57689878613     2.66512846856     2.56977346295     0.0342387069703     -0.00276507685107    0.0342387069703
2016     CMS_jec_BBEC1_year     442.219479092     443.618500051     440.820458133     0.00316363485859     -0.00316363485859    0.00316363485859
2016     CMS_jec_BBEC1_year     15.5087507497     15.512943297     15.5045582024     0.000270334298732     -0.000270334298732    0.000270334298732
2016     CMS_jec_BBEC1_year     47.3685162022     47.4678187186     47.2692136858     0.00209638224541     -0.00209638224541    0.00209638224541
2016     CMS_jec_BBEC1_year     2.57689878613     2.60840851037     2.57649992515     0.0122277694433     -0.000154783331655    0.0122277694433
2016     CMS_jec_Absolute_year     442.219479092     429.294306103     455.198492721     -0.0292279594197     0.0293497103638    0.0293497103638
2016     CMS_jec_Absolute_year     15.5087507497     15.9720481457     15.2125552737     0.0298732891803     -0.0190986031549    0.0298732891803
2016     CMS_jec_Absolute_year     47.3685162022     50.6393797109     44.105905832     0.0690514242572     -0.0688771916823    0.0690514242572
2016     CMS_jec_Absolute_year     2.57689878613     2.48992697345     2.74497495806     -0.0337505738095     0.0652242039287    0.0652242039287
2016     CMS_jec_RelativeSample_year     442.219479092     439.32506877     445.191533329     -0.00654518957045     0.00672076735157    0.00672076735157
2016     CMS_jec_RelativeSample_year     15.5087507497     15.4376743703     15.6825307704     -0.0045829854708     0.0112052881311    0.0112052881311
2016     CMS_jec_RelativeSample_year     47.3685162022     48.0205418813     46.7214573593     0.0137649589089     -0.0136601036885    0.0137649589089
2016     CMS_jec_RelativeSample_year     2.57689878613     2.63255675806     2.57819890715     0.0215988195665     0.00050452932944    0.0215988195665
2016     CMS_pu     442.219479092     445.996500314     438.442457871     0.00854105574281     -0.00854105574281    0.00854105574281
2016     CMS_pu     15.5087507497     15.5089539488     15.5085475506     1.31022228695e-05     -1.31022228691e-05    1.31022228695e-05
2016     CMS_pu     47.3685162022     46.6125126065     48.1245197979     -0.0159600438499     0.0159600438499    0.0159600438499
2016     CMS_pu     2.57689878613     2.52272523252     2.63107233974     -0.0210227712083     0.0210227712083    0.0210227712083
2016     CMS_L1Prefiring     442.219479092     440.452726134     443.855702286     -0.00399519478918     0.00370002514814    0.00399519478918
2016     CMS_L1Prefiring     15.5087507497     15.4612393557     15.5523060689     -0.00306352167248     0.0028084350501    0.00306352167248
2016     CMS_L1Prefiring     47.3685162022     47.0017032723     47.7240973191     -0.00774381296578     0.00750669738872    0.00774381296578
2016     CMS_L1Prefiring     2.57689878613     2.53082045268     2.62283478414     -0.0178813128798     0.0178260777071    0.0178813128798
2016     CMS_pdf_sig     442.219479092     444.337785917     440.101241646     0.00479017077503     -0.00479001388631    0.00479017077503
2016     CMS_pdf_sig     15.5087507497     15.5756124399     15.4418891085     0.00431122347131     -0.00431122030736    0.00431122347131
2016     CMS_pdf_sig     47.3685162022     47.6348383342     47.1021951444     0.00562234482689     -0.00562232214869    0.00562234482689
2016     CMS_pdf_sig     2.57689878613     2.59922740802     2.55457004412     0.00866492002165     -0.00866496664005    0.00866496664005
2016     CMS_renorm_sig     442.219479092     442.219479092     442.219479092     0.0     0.0    0.0
2016     CMS_renorm_sig     15.5087507497     15.5087507497     15.5087507497     0.0     0.0    0.0
2016     CMS_renorm_sig     47.3685162022     47.3685162022     47.3685162022     0.0     0.0    0.0
2016     CMS_renorm_sig     2.57689878613     2.57689878613     2.57689878613     0.0     0.0    0.0
2016     CMS_fact_sig     442.219479092     399.301398296     493.124856119     -0.097051538489     0.115113375673    0.115113375673
2016     CMS_fact_sig     15.5087507497     14.023744163     17.2658089395     -0.0957528179196     0.113294630761    0.113294630761
2016     CMS_fact_sig     47.3685162022     42.7296084279     52.8763232563     -0.0979323007396     0.116275693132    0.116275693132
2016     CMS_fact_sig     2.57689878613     2.31952934749     2.88324550479     -0.0998756489891     0.118881936808    0.118881936808
2016     CMS_jec_AbsoluteCal     442.219479092     446.667585146     437.771373038     0.0100585936725     -0.0100585936725    0.0100585936725
2016     CMS_jec_AbsoluteCal     15.5087507497     15.6865144595     15.3309870399     0.0114621553104     -0.0114621553104    0.0114621553104
2016     CMS_jec_AbsoluteCal     47.3685162022     46.9312604335     47.8057719709     -0.0092309365741     0.0092309365741    0.0092309365741
2016     CMS_jec_AbsoluteCal     2.57689878613     2.57389904027     2.579898532     -0.00116409145814     0.00116409145814    0.00116409145814
2016     CMS_jec_AbsoluteTheory     442.219479092     445.789294846     438.707833888     0.00807249775924     -0.00794095549901    0.00807249775924
2016     CMS_jec_AbsoluteTheory     15.5087507497     16.0675086049     15.0770255632     0.0360285534419     -0.0278375217598    0.0360285534419
2016     CMS_jec_AbsoluteTheory     47.3685162022     48.4780098279     46.267275715     0.023422596161     -0.0232483635861    0.023422596161
2016     CMS_jec_AbsoluteTheory     2.57689878613     2.66512845226     2.56977347925     0.0342387006445     -0.00276507052533    0.0342387006445
2016     CMS_jec_AbsolutePU     442.219479092     438.106505163     446.332453021     -0.00930075250794     0.00930075250794    0.00930075250794
2016     CMS_jec_AbsolutePU     15.5087507497     15.6714460347     15.448759106     0.0104905474108     -0.00386824475058    0.0104905474108
2016     CMS_jec_AbsolutePU     47.3685162022     47.0425448741     47.6944875303     -0.00688160310297     0.00688160310297    0.00688160310297
2016     CMS_jec_AbsolutePU     2.57689878613     2.57689878613     2.57689878613     0.0     0.0    0.0
2016     CMS_jec_AbsoluteScale     442.219479092     445.789294846     438.707833888     0.00807249775924     -0.00794095549901    0.00807249775924
2016     CMS_jec_AbsoluteScale     15.5087507497     16.0675086049     15.0770255632     0.0360285534419     -0.0278375217598    0.0360285534419
2016     CMS_jec_AbsoluteScale     47.3685162022     48.4780098279     46.267275715     0.023422596161     -0.0232483635861    0.023422596161
2016     CMS_jec_AbsoluteScale     2.57689878613     2.66512845226     2.56977347925     0.0342387006445     -0.00276507052533    0.0342387006445
2016     CMS_jec_Fragmentation     442.219479092     445.189001432     439.249956752     0.00671504192104     -0.00671504192104    0.00671504192104
2016     CMS_jec_Fragmentation     15.5087507497     15.6863495154     15.3311519841     0.011451519759     -0.011451519759    0.011451519759
2016     CMS_jec_Fragmentation     47.3685162022     47.7065487619     47.0304836425     0.00713622859162     -0.00713622859162    0.00713622859162
2016     CMS_jec_Fragmentation     2.57689878613     2.5738990607     2.57989851156     -0.00116408352832     0.00116408352832    0.00116408352832
2016     CMS_jec_AbsoluteMPFBias     442.219479092     445.789286363     438.707842387     0.0080724785772     -0.00794093628027    0.0080724785772
2016     CMS_jec_AbsoluteMPFBias     15.5087507497     16.0675092501     15.0770249181     0.0360285950435     -0.0278375633614    0.0360285950435
2016     CMS_jec_AbsoluteMPFBias     47.3685162022     48.4780124772     46.2672730657     0.0234226520896     -0.0232484195147    0.0234226520896
2016     CMS_jec_AbsoluteMPFBias     2.57689878613     2.66512846856     2.56977346295     0.0342387069703     -0.00276507685107    0.0342387069703
2016     CMS_jec_RelativeFSR     442.219479092     446.56055705     437.923078678     0.00981656883818     -0.00971553858947    0.00981656883818
2016     CMS_jec_RelativeFSR     15.5087507497     15.2318579221     15.7856435774     -0.017853973677     0.017853973677    0.017853973677
2016     CMS_jec_RelativeFSR     47.3685162022     47.2237340674     47.513298337     -0.00305650559474     0.00305650559474    0.00305650559474
2016     CMS_jec_RelativeFSR     2.57689878613     2.72774027452     2.50423733229     0.0585360547348     -0.0281972478843    0.0585360547348
2016     CMS_scale_sig     442.219479092     493.124856119     399.301398296     0.115113375673     -0.097051538489    0.115113375673
2016     CMS_scale_sig     15.5087507497     17.2658089395     14.023744163     0.113294630761     -0.0957528179196    0.113294630761
2016     CMS_scale_sig     47.3685162022     52.8763232563     42.7296084279     0.116275693132     -0.0979323007396    0.116275693132
2016     CMS_scale_sig     2.57689878613     2.88324550479     2.31952934749     0.118881936808     -0.0998756489891    0.118881936808
2016     CMS_bTagSF_M     373.42771924     388.080482501     358.774955979     0.0392385527532     -0.0392385527532    0.0392385527532
2016     CMS_bTagSF_M     17.9953378701     6.51052869987     29.4801470403     -0.638210254963     0.638210254963    0.638210254963
2016     CMS_bTagSF_M     41.1497677252     41.680095083     40.6194403674     0.0128877363627     -0.0128877363627    0.0128877363627
2016     CMS_bTagSF_M     1.65554297847     0.807290107558     2.50423051674     -0.512371398353     0.512633951097    0.512633951097
2016     CMS_bTagSF_T     373.42771924     373.42771924     373.42771924     0.0     0.0    0.0
2016     CMS_bTagSF_T     17.9953378701     17.9953378701     17.9953378701     0.0     0.0    0.0
2016     CMS_bTagSF_T     41.1497677252     41.1497677252     41.1497677252     0.0     0.0    0.0
2016     CMS_bTagSF_T     1.65554297847     1.65554297847     1.65554297847     0.0     0.0    0.0
2016     CMS_bTagSF_M_corr     373.42771924     444.784270163     302.071168318     0.19108530847     -0.19108530847    0.19108530847
2016     CMS_bTagSF_M_corr     17.9953378701     12.8482677343     23.1424080058     -0.286022422747     0.286022422747    0.286022422747
2016     CMS_bTagSF_M_corr     41.1497677252     42.0359267138     40.2636087366     0.0215349693963     -0.0215349693963    0.0215349693963
2016     CMS_bTagSF_M_corr     1.65554297847     1.27271673851     2.03836921844     -0.231239082853     0.231239082853    0.231239082853
2016     CMS_bTagSF_T_corr     373.42771924     373.42771924     373.42771924     0.0     0.0    0.0
2016     CMS_bTagSF_T_corr     17.9953378701     17.9953378701     17.9953378701     0.0     0.0    0.0
2016     CMS_bTagSF_T_corr     41.1497677252     41.1497677252     41.1497677252     0.0     0.0    0.0
2016     CMS_bTagSF_T_corr     1.65554297847     1.65554297847     1.65554297847     0.0     0.0    0.0
2016     CMS_jer     373.42771924     383.163419168     363.692019312     0.0260711763646     -0.0260711763646    0.0260711763646
2016     CMS_jer     17.9953378701     18.3613371101     17.6874449927     0.0203385589445     -0.0171095913597    0.0203385589445
2016     CMS_jer     41.1497677252     42.2401738174     40.059361633     0.026498475021     -0.026498475021    0.026498475021
2016     CMS_jer     1.65554297847     1.73671387951     1.57437207743     0.0490297757866     -0.0490297757866    0.0490297757866
2016     CMS_jec     373.42771924     378.503113479     368.352325001     0.0135913698349     -0.0135913698349    0.0135913698349
2016     CMS_jec     17.9953378701     17.6384079427     18.4052722591     -0.0198345777114     0.0227800329155    0.0227800329155
2016     CMS_jec     41.1497677252     42.0110891102     40.4515680041     0.0209313790235     -0.0169672821913    0.0209313790235
2016     CMS_jec     1.65554297847     1.79865477088     1.65419227267     0.0864440212466     -0.000815868762752    0.0864440212466
2016     CMS_bTagSF_bc_T_corr     373.42771924     373.42771924     373.42771924     0.0     0.0    0.0
2016     CMS_bTagSF_bc_T_corr     17.9953378701     17.9953378701     17.9953378701     0.0     0.0    0.0
2016     CMS_bTagSF_bc_T_corr     41.1497677252     41.1497677252     41.1497677252     0.0     0.0    0.0
2016     CMS_bTagSF_bc_T_corr     1.65554297847     1.65554297847     1.65554297847     0.0     0.0    0.0
2016     CMS_bTagSF_light_T_corr     373.42771924     373.42771924     373.42771924     0.0     0.0    0.0
2016     CMS_bTagSF_light_T_corr     17.9953378701     17.9953378701     17.9953378701     0.0     0.0    0.0
2016     CMS_bTagSF_light_T_corr     41.1497677252     41.1497677252     41.1497677252     0.0     0.0    0.0
2016     CMS_bTagSF_light_T_corr     1.65554297847     1.65554297847     1.65554297847     0.0     0.0    0.0
2016     CMS_bTagSF_bc_M_corr     373.42771924     449.429035507     297.426402974     0.203523499597     -0.203523499597    0.203523499597
2016     CMS_bTagSF_bc_M_corr     17.9953378701     12.8568240724     23.1338516677     -0.285546947479     0.285546947479    0.285546947479
2016     CMS_bTagSF_bc_M_corr     41.1497677252     41.8732972685     40.4262381819     0.017582834201     -0.017582834201    0.017582834201
2016     CMS_bTagSF_bc_M_corr     1.65554297847     1.1802189288     2.13985732839     -0.28711066753     0.292541091481    0.292541091481
2016     CMS_bTagSF_light_M_corr     373.42771924     371.055809321     375.79962916     -0.00635172430192     0.00635172430192    0.00635172430192
2016     CMS_bTagSF_light_M_corr     17.9953378701     17.9586632561     18.032012484     -0.00203800641088     0.00203800641088    0.00203800641088
2016     CMS_bTagSF_light_M_corr     41.1497677252     41.2647674376     41.0347680128     0.00279466249142     -0.00279466249142    0.00279466249142
2016     CMS_bTagSF_light_M_corr     1.65554297847     1.66413641092     1.64694954602     0.00519070333112     -0.00519070333112    0.00519070333112
2016     CMS_bTagSF_bc_T_year     373.42771924     373.42771924     373.42771924     0.0     0.0    0.0
2016     CMS_bTagSF_bc_T_year     17.9953378701     17.9953378701     17.9953378701     0.0     0.0    0.0
2016     CMS_bTagSF_bc_T_year     41.1497677252     41.1497677252     41.1497677252     0.0     0.0    0.0
2016     CMS_bTagSF_bc_T_year     1.65554297847     1.65554297847     1.65554297847     0.0     0.0    0.0
2016     CMS_bTagSF_light_T_year     373.42771924     373.42771924     373.42771924     0.0     0.0    0.0
2016     CMS_bTagSF_light_T_year     17.9953378701     17.9953378701     17.9953378701     0.0     0.0    0.0
2016     CMS_bTagSF_light_T_year     41.1497677252     41.1497677252     41.1497677252     0.0     0.0    0.0
2016     CMS_bTagSF_light_T_year     1.65554297847     1.65554297847     1.65554297847     0.0     0.0    0.0
2016     CMS_bTagSF_bc_M_year     373.42771924     392.163750907     354.691687574     0.0501731143699     -0.0501731143699    0.0501731143699
2016     CMS_bTagSF_bc_M_year     17.9953378701     7.11372605143     28.8769496887     -0.604690609157     0.604690609157    0.604690609157
2016     CMS_bTagSF_bc_M_year     41.1497677252     41.6739366852     40.6255987652     0.012738078219     -0.012738078219    0.012738078219
2016     CMS_bTagSF_bc_M_year     1.65554297847     0.856478494875     2.45488437463     -0.482660066206     0.482827330098    0.482827330098
2016     CMS_bTagSF_light_M_year     373.42771924     374.282982657     372.572455824     0.00229030511758     -0.00229030511758    0.00229030511758
2016     CMS_bTagSF_light_M_year     17.9953378701     17.4671985132     18.523477227     -0.0293486769037     0.0293486769037    0.0293486769037
2016     CMS_bTagSF_light_M_year     41.1497677252     41.2251443815     41.0743910688     0.00183176383551     -0.00183176383551    0.00183176383551
2016     CMS_bTagSF_light_M_year     1.65554297847     1.61867484305     1.69241111389     -0.0222695127207     0.0222695127207    0.0222695127207
2016     CMS_jer_eta193     373.42771924     383.05833828     363.7971002     0.0257897808438     -0.0257897808438    0.0257897808438
2016     CMS_jer_eta193     17.9953378701     18.3418184406     17.7069636622     0.0192539074875     -0.0160249399028    0.0192539074875
2016     CMS_jer_eta193     41.1497677252     41.1784763021     41.1210591483     0.000697660727585     -0.000697660727585    0.000697660727585
2016     CMS_jer_eta193     1.65554297847     1.73671387951     1.57437207743     0.0490297757866     -0.0490297757866    0.0490297757866
2016     CMS_jer_193eta25     373.42771924     373.970765258     372.884673223     0.00145421989179     -0.00145421989179    0.00145421989179
2016     CMS_jer_193eta25     17.9953378701     17.9954354466     17.9952402935     5.42232339673e-06     -5.42232339662e-06    5.42232339673e-06
2016     CMS_jer_193eta25     41.1497677252     41.1898945112     41.1096409392     0.00097514003585     -0.000975140035851    0.000975140035851
2016     CMS_jer_193eta25     1.65554297847     1.65560238926     1.65548356768     3.58859850433e-05     -3.58859850433e-05    3.58859850433e-05
2016     CMS_jec_FlavorQCD     373.42771924     406.036950303     340.818488177     0.0873240774133     -0.0873240774133    0.0873240774133
2016     CMS_jec_FlavorQCD     17.9953378701     17.9463268721     18.044348868     -0.0027235386347     0.0027235386347    0.0027235386347
2016     CMS_jec_FlavorQCD     41.1497677252     40.1815463093     42.117989141     -0.0235292073171     0.0235292073171    0.0235292073171
2016     CMS_jec_FlavorQCD     1.65554297847     1.67488049371     1.65214501232     0.01168046707     -0.00205247836538    0.01168046707
2016     CMS_jec_RelativeBal     373.42771924     378.131749809     368.723688672     0.0125968971401     -0.0125968971401    0.0125968971401
2016     CMS_jec_RelativeBal     17.9953378701     17.8147006896     18.1759750506     -0.0100379988312     0.0100379988312    0.0100379988312
2016     CMS_jec_RelativeBal     41.1497677252     43.5523952193     38.7471402311     0.0583873889686     -0.0583873889686    0.0583873889686
2016     CMS_jec_RelativeBal     1.65554297847     1.67019858041     1.68331787251     0.00885244425944     0.0167769090851    0.0167769090851
2016     CMS_jec_Absolute     373.42771924     377.765709757     369.089728724     0.0116166805323     -0.0116166805323    0.0116166805323
2016     CMS_jec_Absolute     17.9953378701     17.7332599654     18.2574157748     -0.0145636556876     0.0145636556876    0.0145636556876
2016     CMS_jec_Absolute     41.1497677252     42.5443422138     39.7551932366     0.0338902153201     -0.0338902153201    0.0338902153201
2016     CMS_jec_Absolute     1.65554297847     1.6138141253     1.7991949286     -0.0252055390388     0.0867702934916    0.0867702934916
2016     CMS_jec_BBEC1_year     373.42771924     384.899707706     361.955730775     0.0307207737246     -0.0307207737246    0.0307207737246
2016     CMS_jec_BBEC1_year     17.9953378701     17.9953378701     17.9953378701     2.22044604925e-16     0.0    2.22044604925e-16
2016     CMS_jec_BBEC1_year     41.1497677252     41.2074392669     41.0920961834     0.00140150345764     -0.00140150345764    0.00140150345764
2016     CMS_jec_BBEC1_year     1.65554297847     1.65613060618     1.65495535077     0.000354945605277     -0.000354945605277    0.000354945605277
2016     CMS_jec_Absolute_year     373.42771924     371.289459204     375.565979277     -0.00572603458825     0.00572603458825    0.00572603458825
2016     CMS_jec_Absolute_year     17.9953378701     17.9160518896     18.0746238505     -0.00440591785594     0.00440591785594    0.00440591785594
2016     CMS_jec_Absolute_year     41.1497677252     42.9370980508     39.3624373996     0.0434347609823     -0.0434347609823    0.0434347609823
2016     CMS_jec_Absolute_year     1.65554297847     1.65903606043     1.75397299347     0.00210993130524     0.0594548231476    0.0594548231476
2016     CMS_jec_RelativeSample_year     373.42771924     376.82057833     370.034860151     0.00908571837197     -0.00908571837197    0.00908571837197
2016     CMS_jec_RelativeSample_year     17.9953378701     17.5248860128     18.4657897274     -0.0261429855161     0.0261429855161    0.0261429855161
2016     CMS_jec_RelativeSample_year     41.1497677252     41.0537674116     41.2457680388     -0.00233294910091     0.00233294910091    0.00233294910091
2016     CMS_jec_RelativeSample_year     1.65554297847     1.70704801944     1.61285626404     0.0311106637741     -0.0257841173495    0.0311106637741
2016     CMS_pu     373.42771924     348.762435248     398.093003232     -0.0660510259987     0.0660510259987    0.0660510259987
2016     CMS_pu     17.9953378701     18.0741838421     17.916491898     0.00438146661298     -0.00438146661298    0.00438146661298
2016     CMS_pu     41.1497677252     40.5313633326     41.7681721177     -0.0150281381095     0.0150281381095    0.0150281381095
2016     CMS_pu     1.65554297847     1.73952758322     1.57155837372     0.0507293412769     -0.0507293412769    0.0507293412769
2016     CMS_L1Prefiring     373.42771924     371.926838397     374.822161009     -0.00401920041299     0.00373416781042    0.00401920041299
2016     CMS_L1Prefiring     17.9953378701     17.9078587179     18.0796713042     -0.00486121198795     0.00468640459477    0.00486121198795
2016     CMS_L1Prefiring     41.1497677252     40.7584977868     41.5302927401     -0.00950843613511     0.00924731866007    0.00950843613511
2016     CMS_L1Prefiring     1.65554297847     1.61161093883     1.69880218746     -0.026536332919     0.0261299220565    0.026536332919
2016     CMS_pdf_sig     373.42771924     376.086767288     370.768584911     0.00712064989065     -0.00712088094218    0.00712088094218
2016     CMS_pdf_sig     17.9953378701     18.1356071947     17.8550695955     0.0077947591581     -0.00779470080524    0.0077947591581
2016     CMS_pdf_sig     41.1497677252     41.5034761514     40.7960594866     0.00859563603263     -0.00859563147456    0.00859563603263
2016     CMS_pdf_sig     1.65554297847     1.6689868335     1.64209909107     0.00812051103969     -0.00812053059106    0.00812053059106
2016     CMS_renorm_sig     373.42771924     373.42771924     373.42771924     0.0     0.0    0.0
2016     CMS_renorm_sig     17.9953378701     17.9953378701     17.9953378701     0.0     0.0    0.0
2016     CMS_renorm_sig     41.1497677252     41.1497677252     41.1497677252     0.0     0.0    0.0
2016     CMS_renorm_sig     1.65554297847     1.65554297847     1.65554297847     0.0     0.0    0.0
2016     CMS_fact_sig     373.42771924     331.294065365     424.361877085     -0.112829475972     0.136396296311    0.136396296311
2016     CMS_fact_sig     17.9953378701     15.97723729     20.4308027043     -0.112145745452     0.135338655591    0.135338655591
2016     CMS_fact_sig     41.1497677252     36.457985898     46.8317143088     -0.114017212892     0.138079675725    0.138079675725
2016     CMS_fact_sig     1.65554297847     1.47081940694     1.87846430554     -0.111578843882     0.134651488946    0.134651488946
2016     CMS_jec_AbsoluteCal     373.42771924     374.007956335     372.847482145     0.00155381367039     -0.00155381367039    0.00155381367039
2016     CMS_jec_AbsoluteCal     17.9953378701     17.8993454035     18.0913303367     -0.00533429643086     0.00533429643086    0.00533429643086
2016     CMS_jec_AbsoluteCal     41.1497677252     41.5139230837     40.7856123667     0.00884951188312     -0.00884951188312    0.00884951188312
2016     CMS_jec_AbsoluteCal     1.65554297847     1.68599786648     1.63390641699     0.0183957096902     -0.0130691632655    0.0183957096902
2016     CMS_jec_AbsoluteTheory     373.42771924     377.765706408     369.089732072     0.0116166715662     -0.0116166715662    0.0116166715662
2016     CMS_jec_AbsoluteTheory     17.9953378701     17.7332599654     18.2574157748     -0.0145636556876     0.0145636556876    0.0145636556876
2016     CMS_jec_AbsoluteTheory     41.1497677252     42.5443422055     39.7551932448     0.0338902151201     -0.0338902151201    0.0338902151201
2016     CMS_jec_AbsoluteTheory     1.65554297847     1.6138141253     1.7991949286     -0.0252055390388     0.0867702934916    0.0867702934916
2016     CMS_jec_AbsolutePU     373.42771924     381.438818643     365.416619838     0.0214528782669     -0.0214528782669    0.0214528782669
2016     CMS_jec_AbsolutePU     17.9953378701     17.9342529088     18.0564228314     -0.00339448815788     0.00339448815788    0.00339448815788
2016     CMS_jec_AbsolutePU     41.1497677252     41.5773619006     40.7221735498     0.0103911686268     -0.0103911686268    0.0103911686268
2016     CMS_jec_AbsolutePU     1.65554297847     1.65554297847     1.65554297847     0.0     0.0    0.0
2016     CMS_jec_AbsoluteScale     373.42771924     377.765706408     369.089732072     0.0116166715662     -0.0116166715662    0.0116166715662
2016     CMS_jec_AbsoluteScale     17.9953378701     17.7332599654     18.2574157748     -0.0145636556876     0.0145636556876    0.0145636556876
2016     CMS_jec_AbsoluteScale     41.1497677252     42.5443422055     39.7551932448     0.0338902151201     -0.0338902151201    0.0338902151201
2016     CMS_jec_AbsoluteScale     1.65554297847     1.6138141253     1.7991949286     -0.0252055390388     0.0867702934916    0.0867702934916
2016     CMS_jec_Fragmentation     373.42771924     375.513920651     371.34151783     0.00558662708527     -0.00558662708527    0.00558662708527
2016     CMS_jec_Fragmentation     17.9953378701     17.9013167842     18.089358956     -0.00522474690806     0.00522474690806    0.00522474690806
2016     CMS_jec_Fragmentation     41.1497677252     40.8307192596     41.4688161908     -0.00775334790966     0.00775334790966    0.00775334790966
2016     CMS_jec_Fragmentation     1.65554297847     1.68547975706     1.63442452642     0.0180827553112     -0.0127562088865    0.0180827553112
2016     CMS_jec_AbsoluteMPFBias     373.42771924     377.765709757     369.089728724     0.0116166805323     -0.0116166805323    0.0116166805323
2016     CMS_jec_AbsoluteMPFBias     17.9953378701     17.7332599654     18.2574157748     -0.0145636556876     0.0145636556876    0.0145636556876
2016     CMS_jec_AbsoluteMPFBias     41.1497677252     42.5443422138     39.7551932366     0.0338902153201     -0.0338902153201    0.0338902153201
2016     CMS_jec_AbsoluteMPFBias     1.65554297847     1.6138141253     1.7991949286     -0.0252055390388     0.0867702934916    0.0867702934916
2016     CMS_jec_RelativeFSR     373.42771924     419.84420443     327.011234051     0.124298445985     -0.124298445985    0.124298445985
2016     CMS_jec_RelativeFSR     17.9953378701     18.2366499987     17.7540257415     0.0134097025759     -0.0134097025759    0.0134097025759
2016     CMS_jec_RelativeFSR     41.1497677252     41.7626549381     40.5368805123     0.0148940625124     -0.0148940625124    0.0148940625124
2016     CMS_jec_RelativeFSR     1.65554297847     1.68599786648     1.63390641699     0.0183957096902     -0.0130691632655    0.0183957096902
2016     CMS_scale_sig     373.42771924     424.361877085     331.294065365     0.136396296311     -0.112829475972    0.136396296311
2016     CMS_scale_sig     17.9953378701     20.4308027043     15.97723729     0.135338655591     -0.112145745452    0.135338655591
2016     CMS_scale_sig     41.1497677252     46.8317143088     36.457985898     0.138079675725     -0.114017212892    0.138079675725
2016     CMS_scale_sig     1.65554297847     1.87846430554     1.47081940694     0.134651488946     -0.111578843882    0.134651488946
2016     CMS_bTagSF_M     221.538984688     216.025319871     227.052649505     -0.0248880115824     0.0248880115824    0.0248880115824
2016     CMS_bTagSF_M     11.192694057     3.67108849831     18.7142996156     -0.672010288173     0.672010288173    0.672010288173
2016     CMS_bTagSF_M     23.2114940181     23.6670559831     22.7559320532     0.0196265679655     -0.0196265679655    0.0196265679655
2016     CMS_bTagSF_M     1.54136518444     0.762092935859     2.32063743301     -0.505572758776     0.505572758776    0.505572758776
2016     CMS_bTagSF_T     221.538984688     221.538984688     221.538984688     0.0     0.0    0.0
2016     CMS_bTagSF_T     11.192694057     11.192694057     11.192694057     0.0     0.0    0.0
2016     CMS_bTagSF_T     23.2114940181     23.2114940181     23.2114940181     0.0     0.0    0.0
2016     CMS_bTagSF_T     1.54136518444     1.54136518444     1.54136518444     0.0     0.0    0.0
2016     CMS_bTagSF_M_corr     221.538984688     220.065354977     223.0126144     -0.0066517850734     0.0066517850734    0.0066517850734
2016     CMS_bTagSF_M_corr     11.192694057     7.99181385526     14.3935742587     -0.285979424204     0.285979424204    0.285979424204
2016     CMS_bTagSF_M_corr     23.2114940181     23.6443622347     22.7786258016     0.0186488735355     -0.0186488735355    0.0186488735355
2016     CMS_bTagSF_M_corr     1.54136518444     1.18366661433     1.89906375454     -0.232066076043     0.232066076043    0.232066076043
2016     CMS_bTagSF_T_corr     221.538984688     221.538984688     221.538984688     0.0     0.0    0.0
2016     CMS_bTagSF_T_corr     11.192694057     11.192694057     11.192694057     0.0     0.0    0.0
2016     CMS_bTagSF_T_corr     23.2114940181     23.2114940181     23.2114940181     0.0     0.0    0.0
2016     CMS_bTagSF_T_corr     1.54136518444     1.54136518444     1.54136518444     0.0     0.0    0.0
2016     CMS_jer     221.538984688     227.538249479     215.539719898     0.0270799507316     -0.0270799507316    0.0270799507316
2016     CMS_jer     11.192694057     10.9982967037     11.3902630535     -0.0173682361286     0.0176516034055    0.0176516034055
2016     CMS_jer     23.2114940181     22.3769934112     24.0459946251     -0.0359520419632     0.0359520419632    0.0359520419632
2016     CMS_jer     1.54136518444     1.57841584614     1.50431452273     0.0240375623372     -0.0240375623372    0.0240375623372
2016     CMS_jec     221.538984688     224.371340403     218.706628973     0.0127849088005     -0.0127849088005    0.0127849088005
2016     CMS_jec     11.192694057     11.2194276657     11.2872565093     0.0023884873995     0.00844858725303    0.00844858725303
2016     CMS_jec     23.2114940181     22.4626258718     23.9825882325     -0.0322628153862     0.0332203611598    0.0332203611598
2016     CMS_jec     1.54136518444     1.52589512092     1.56989509182     -0.0100365985109     0.0185095055192    0.0185095055192
2016     CMS_bTagSF_bc_T_corr     221.538984688     221.538984688     221.538984688     0.0     0.0    0.0
2016     CMS_bTagSF_bc_T_corr     11.192694057     11.192694057     11.192694057     0.0     0.0    0.0
2016     CMS_bTagSF_bc_T_corr     23.2114940181     23.2114940181     23.2114940181     0.0     0.0    0.0
2016     CMS_bTagSF_bc_T_corr     1.54136518444     1.54136518444     1.54136518444     0.0     0.0    0.0
2016     CMS_bTagSF_light_T_corr     221.538984688     221.538984688     221.538984688     0.0     0.0    0.0
2016     CMS_bTagSF_light_T_corr     11.192694057     11.192694057     11.192694057     0.0     0.0    0.0
2016     CMS_bTagSF_light_T_corr     23.2114940181     23.2114940181     23.2114940181     0.0     0.0    0.0
2016     CMS_bTagSF_light_T_corr     1.54136518444     1.54136518444     1.54136518444     0.0     0.0    0.0
2016     CMS_bTagSF_bc_M_corr     221.538984688     221.836446145     221.241523231     0.00134270479544     -0.00134270479544    0.00134270479544
2016     CMS_bTagSF_bc_M_corr     11.192694057     8.03140205789     14.353986056     -0.282442456033     0.282442456033    0.282442456033
2016     CMS_bTagSF_bc_M_corr     23.2114940181     23.4468939932     22.9760940431     0.0101415262125     -0.0101415262125    0.0101415262125
2016     CMS_bTagSF_bc_M_corr     1.54136518444     1.1907459896     1.89198437927     -0.22747315067     0.22747315067    0.22747315067
2016     CMS_bTagSF_light_M_corr     221.538984688     230.000481453     213.077487923     0.0381941660363     -0.0381941660363    0.0381941660363
2016     CMS_bTagSF_light_M_corr     11.192694057     11.1607046657     11.2246834482     -0.00285806000378     0.00285806000378    0.00285806000378
2016     CMS_bTagSF_light_M_corr     23.2114940181     23.2532154386     23.1697725976     0.00179744657824     -0.00179744657824    0.00179744657824
2016     CMS_bTagSF_light_M_corr     1.54136518444     1.53732578721     1.54540458167     -0.0026206620408     0.0026206620408    0.0026206620408
2016     CMS_bTagSF_bc_T_year     221.538984688     221.538984688     221.538984688     0.0     0.0    0.0
2016     CMS_bTagSF_bc_T_year     11.192694057     11.192694057     11.192694057     0.0     0.0    0.0
2016     CMS_bTagSF_bc_T_year     23.2114940181     23.2114940181     23.2114940181     0.0     0.0    0.0
2016     CMS_bTagSF_bc_T_year     1.54136518444     1.54136518444     1.54136518444     0.0     0.0    0.0
2016     CMS_bTagSF_light_T_year     221.538984688     221.538984688     221.538984688     0.0     0.0    0.0
2016     CMS_bTagSF_light_T_year     11.192694057     11.192694057     11.192694057     0.0     0.0    0.0
2016     CMS_bTagSF_light_T_year     23.2114940181     23.2114940181     23.2114940181     0.0     0.0    0.0
2016     CMS_bTagSF_light_T_year     1.54136518444     1.54136518444     1.54136518444     0.0     0.0    0.0
2016     CMS_bTagSF_bc_M_year     221.538984688     219.803059563     223.274909813     -0.00783575463044     0.00783575463044    0.00783575463044
2016     CMS_bTagSF_bc_M_year     11.192694057     4.06143793751     18.3239501764     -0.637134909894     0.637134909894    0.637134909894
2016     CMS_bTagSF_bc_M_year     23.2114940181     23.5811874882     22.8418005481     0.0159271725379     -0.0159271725379    0.0159271725379
2016     CMS_bTagSF_bc_M_year     1.54136518444     0.810262791306     2.27246757757     -0.47432133573     0.47432133573    0.47432133573
2016     CMS_bTagSF_light_M_year     221.538984688     241.348645254     201.729324122     0.089418395566     -0.089418395566    0.089418395566
2016     CMS_bTagSF_light_M_year     11.192694057     10.9377145592     11.4476735547     -0.0227808869287     0.0227808869287    0.0227808869287
2016     CMS_bTagSF_light_M_year     23.2114940181     23.278373998     23.1446140383     0.00288133024924     -0.00288133024924    0.00288133024924
2016     CMS_bTagSF_light_M_year     1.54136518444     1.50653765908     1.57619270979     -0.0225952458969     0.0225952458969    0.0225952458969
2016     CMS_jer_eta193     221.538984688     227.535472664     215.542496712     0.0270674165277     -0.0270674165277    0.0270674165277
2016     CMS_jer_eta193     11.192694057     10.9981541461     11.3904056111     -0.0173809727946     0.0176643400715    0.0176643400715
2016     CMS_jer_eta193     23.2114940181     22.3725272458     24.0504607905     -0.0361444537658     0.0361444537658    0.0361444537658
2016     CMS_jer_eta193     1.54136518444     1.57791199333     1.50481837555     0.0237106749647     -0.0237106749647    0.0237106749647
2016     CMS_jer_193eta25     221.538984688     218.097806854     224.980162522     -0.0155330577096     0.0155330577096    0.0155330577096
2016     CMS_jer_193eta25     11.192694057     11.1928366146     11.1925514994     1.27366659468e-05     -1.2736665947e-05    1.2736665947e-05
2016     CMS_jer_193eta25     23.2114940181     23.2169064717     23.2060815646     0.000233179885332     -0.000233179885332    0.000233179885332
2016     CMS_jer_193eta25     1.54136518444     1.54186903648     1.54086133239     0.000326886873786     -0.000326886873786    0.000326886873786
2016     CMS_jec_FlavorQCD     221.538984688     227.121520966     215.956448411     0.0251988889685     -0.0251988889685    0.0251988889685
2016     CMS_jec_FlavorQCD     11.192694057     11.2710282363     11.2116238387     0.00699868851536     0.00169126231835    0.00699868851536
2016     CMS_jec_FlavorQCD     23.2114940181     23.4661492316     22.9710199444     0.010971082399     -0.0103601290606    0.010971082399
2016     CMS_jec_FlavorQCD     1.54136518444     1.54173385406     1.54099651482     0.000239183824681     -0.000239183824681    0.000239183824681
2016     CMS_jec_RelativeBal     221.538984688     215.654682693     227.570836234     -0.0265610226723     0.0272270433779    0.0272270433779
2016     CMS_jec_RelativeBal     11.192694057     11.1134959557     11.3456149961     -0.00707587475369     0.0136625675951    0.0136625675951
2016     CMS_jec_RelativeBal     23.2114940181     24.1375785289     22.2854095073     0.0398976692356     -0.0398976692356    0.0398976692356
2016     CMS_jec_RelativeBal     1.54136518444     1.54674375154     1.53598661733     0.0034894826724     -0.0034894826724    0.0034894826724
2016     CMS_jec_Absolute     221.538984688     237.934413775     205.143555602     0.0740069704189     -0.0740069704189    0.0740069704189
2016     CMS_jec_Absolute     11.192694057     11.2906810499     11.2043322585     0.00875454938715     0.00103980341747    0.00875454938715
2016     CMS_jec_Absolute     23.2114940181     22.8266319918     23.6105371843     -0.0165806658578     0.0171916191962    0.0171916191962
2016     CMS_jec_Absolute     1.54136518444     1.52422338712     1.60224093114     -0.011121178476     0.0394946942622    0.0394946942622
2016     CMS_jec_BBEC1_year     221.538984688     181.695760223     261.382209154     -0.179847463514     0.179847463514    0.179847463514
2016     CMS_jec_BBEC1_year     11.192694057     11.1845336539     11.20085446     -0.000729083005307     0.000729083005306    0.000729083005307
2016     CMS_jec_BBEC1_year     23.2114940181     23.2393554326     23.1836326037     0.00120032835382     -0.00120032835382    0.00120032835382
2016     CMS_jec_BBEC1_year     1.54136518444     1.54155876939     1.54117159948     0.000125593177917     -0.000125593177917    0.000125593177917
2016     CMS_jec_Absolute_year     221.538984688     226.696713168     216.381256209     0.0232813582982     -0.0232813582982    0.0232813582982
2016     CMS_jec_Absolute_year     11.192694057     11.2588397427     11.2361735657     0.00590971980279     0.00388463300183    0.00590971980279
2016     CMS_jec_Absolute_year     23.2114940181     23.2031535638     23.2340156123     -0.000359324323257     0.00097027766166    0.00097027766166
2016     CMS_jec_Absolute_year     1.54136518444     1.53008125212     1.59638306614     -0.00732073906046     0.0356942548467    0.0356942548467
2016     CMS_jec_RelativeSample_year     221.538984688     222.39011702     220.687852357     0.00384190770178     -0.00384190770178    0.00384190770178
2016     CMS_jec_RelativeSample_year     11.192694057     11.2022077455     11.2804443295     0.000849990937638     0.00783995989607    0.00783995989607
2016     CMS_jec_RelativeSample_year     23.2114940181     24.1201829718     22.3169862042     0.0391482320337     -0.0385372786953    0.0391482320337
2016     CMS_jec_RelativeSample_year     1.54136518444     1.61345190887     1.46927846     0.0467681021747     -0.0467681021747    0.0467681021747
2016     CMS_pu     221.538984688     220.825965777     222.252003599     -0.00321848053887     0.00321848053887    0.00321848053887
2016     CMS_pu     11.192694057     10.9717321952     11.4136559187     -0.0197416154365     0.0197416154365    0.0197416154365
2016     CMS_pu     23.2114940181     22.866232886     23.5567551503     -0.0148745760139     0.0148745760139    0.0148745760139
2016     CMS_pu     1.54136518444     1.46116960324     1.62156076564     -0.0520289299447     0.0520289299447    0.0520289299447
2016     CMS_L1Prefiring     221.538984688     220.663448297     222.348250078     -0.00395206465404     0.00365292542483    0.00395206465404
2016     CMS_L1Prefiring     11.192694057     11.1424876538     11.2398886596     -0.0044856406226     0.00421655432988    0.0044856406226
2016     CMS_L1Prefiring     23.2114940181     22.9715591455     23.4446749996     -0.010336899144     0.0100459273014    0.010336899144
2016     CMS_L1Prefiring     1.54136518444     1.51827736581     1.56424268689     -0.0149788115493     0.0148423635674    0.0149788115493
2016     CMS_pdf_sig     221.538984688     223.144265249     219.933659529     0.00724604097511     -0.0072462422855    0.0072462422855
2016     CMS_pdf_sig     11.192694057     11.2668836992     11.118503896     0.00662839901581     -0.0066284453547    0.0066284453547
2016     CMS_pdf_sig     23.2114940181     23.4074784631     23.0155094139     0.0084434222478     -0.00844342910735    0.00844342910735
2016     CMS_pdf_sig     1.54136518444     1.55470785702     1.52802251061     0.00865639935134     -0.008656400156    0.008656400156
2016     CMS_renorm_sig     221.538984688     221.538984688     221.538984688     0.0     0.0    0.0
2016     CMS_renorm_sig     11.192694057     11.192694057     11.192694057     0.0     0.0    0.0
2016     CMS_renorm_sig     23.2114940181     23.2114940181     23.2114940181     0.0     0.0    0.0
2016     CMS_renorm_sig     1.54136518444     1.54136518444     1.54136518444     0.0     0.0    0.0
2016     CMS_fact_sig     221.538984688     196.433241544     251.901662808     -0.113324267418     0.137053431759    0.137053431759
2016     CMS_fact_sig     11.192694057     9.9430041018     12.6995723787     -0.111652292897     0.134630528993    0.134630528993
2016     CMS_fact_sig     23.2114940181     20.568943878     26.4091476985     -0.113846620046     0.13776164851    0.13776164851
2016     CMS_fact_sig     1.54136518444     1.36615277306     1.75330106527     -0.113673523407     0.137498811424    0.137498811424
2016     CMS_jec_AbsoluteCal     221.538984688     223.361503071     219.716466305     0.00822662605128     -0.00822662605128    0.00822662605128
2016     CMS_jec_AbsoluteCal     11.192694057     11.2741798112     11.1849311405     0.00728026280606     -0.000693569964688    0.00728026280606
2016     CMS_jec_AbsoluteCal     23.2114940181     23.439810994     22.9831770423     0.00983637570682     -0.00983637570682    0.00983637570682
2016     CMS_jec_AbsoluteCal     1.54136518444     1.54136518444     1.54136518444     0.0     0.0    0.0
2016     CMS_jec_AbsoluteTheory     221.538984688     237.934421535     205.143547841     0.0740070054479     -0.0740070054479    0.0740070054479
2016     CMS_jec_AbsoluteTheory     11.192694057     11.2906814457     11.2043318627     0.00875458474946     0.00103976805516    0.00875458474946
2016     CMS_jec_AbsoluteTheory     23.2114940181     22.8266323185     23.6105368575     -0.0165806517807     0.0171916051191    0.0171916051191
2016     CMS_jec_AbsoluteTheory     1.54136518444     1.52422339445     1.60224092381     -0.0111211737207     0.039494689507    0.039494689507
2016     CMS_jec_AbsolutePU     221.538984688     207.111589683     235.966379693     -0.0651235042247     0.0651235042247    0.0651235042247
2016     CMS_jec_AbsolutePU     11.192694057     11.1334646086     11.3256463431     -0.00529179552663     0.011878488368    0.011878488368
2016     CMS_jec_AbsolutePU     23.2114940181     23.1390537498     23.2839342865     -0.00312087917824     0.00312087917824    0.00312087917824
2016     CMS_jec_AbsolutePU     1.54136518444     1.54145055985     1.54127980902     5.53894804858e-05     -5.53894804859e-05    5.53894804859e-05
2016     CMS_jec_AbsoluteScale     221.538984688     237.934421535     205.143547841     0.0740070054479     -0.0740070054479    0.0740070054479
2016     CMS_jec_AbsoluteScale     11.192694057     11.2906814457     11.2043318627     0.00875458474946     0.00103976805516    0.00875458474946
2016     CMS_jec_AbsoluteScale     23.2114940181     22.8266323185     23.6105368575     -0.0165806517807     0.0171916051191    0.0171916051191
2016     CMS_jec_AbsoluteScale     1.54136518444     1.52422339445     1.60224092381     -0.0111211737207     0.039494689507    0.039494689507
2016     CMS_jec_Fragmentation     221.538984688     218.2693976     224.808571776     -0.0147585179763     0.0147585179763    0.0147585179763
2016     CMS_jec_Fragmentation     11.192694057     11.3734406648     11.085670287     0.0161486239928     -0.0095619311514    0.0161486239928
2016     CMS_jec_Fragmentation     23.2114940181     23.5419612295     22.8810268068     0.0142372227769     -0.0142372227769    0.0142372227769
2016     CMS_jec_Fragmentation     1.54136518444     1.54136519412     1.54136517475     6.28062735153e-09     -6.28062746255e-09    6.28062746255e-09
2016     CMS_jec_AbsoluteMPFBias     221.538984688     237.934413775     205.143555602     0.0740069704189     -0.0740069704189    0.0740069704189
2016     CMS_jec_AbsoluteMPFBias     11.192694057     11.2906810499     11.2043322585     0.00875454938715     0.00103980341747    0.00875454938715
2016     CMS_jec_AbsoluteMPFBias     23.2114940181     22.8266319918     23.6105371843     -0.0165806658578     0.0171916191962    0.0171916191962
2016     CMS_jec_AbsoluteMPFBias     1.54136518444     1.52422338712     1.60224093114     -0.011121178476     0.0394946942622    0.0394946942622
2016     CMS_jec_RelativeFSR     221.538984688     216.19174548     226.886223896     -0.0241367866488     0.0241367866488    0.0241367866488
2016     CMS_jec_RelativeFSR     11.192694057     11.1200043236     11.3626477514     -0.00649439115976     0.0151843419935    0.0151843419935
2016     CMS_jec_RelativeFSR     23.2114940181     23.4315515095     23.0056176665     0.00948053973675     -0.00886958639835    0.00948053973675
2016     CMS_jec_RelativeFSR     1.54136518444     1.52726196908     1.55546839979     -0.00914982088198     0.00914982088198    0.00914982088198
2016     CMS_scale_sig     221.538984688     251.901662808     196.433241544     0.137053431759     -0.113324267418    0.137053431759
2016     CMS_scale_sig     11.192694057     12.6995723787     9.9430041018     0.134630528993     -0.111652292897    0.134630528993
2016     CMS_scale_sig     23.2114940181     26.4091476985     20.568943878     0.13776164851     -0.113846620046    0.13776164851
2016     CMS_scale_sig     1.54136518444     1.75330106527     1.36615277306     0.137498811424     -0.113673523407    0.137498811424
2016     CMS_bTagSF_M     72.2386968079     68.4558940131     76.0214996026     -0.05236532443     0.05236532443    0.05236532443
2016     CMS_bTagSF_M     3.06156919757     1.06842828876     5.05752994082     -0.65101938914     0.651940431345    0.651940431345
2016     CMS_bTagSF_M     6.6583004629     7.19616460626     6.12043631954     0.0807809960451     -0.0807809960451    0.0807809960451
2016     CMS_bTagSF_M     0.507927529919     0.353773541187     0.662081518652     -0.303496029752     0.303496029752    0.303496029752
2016     CMS_bTagSF_T     72.2386968079     72.2386968079     72.2386968079     0.0     0.0    0.0
2016     CMS_bTagSF_T     3.06156919757     3.06156919757     3.06156919757     0.0     0.0    0.0
2016     CMS_bTagSF_T     6.6583004629     6.6583004629     6.6583004629     0.0     0.0    0.0
2016     CMS_bTagSF_T     0.507927529919     0.507927529919     0.507927529919     0.0     0.0    0.0
2016     CMS_bTagSF_M_corr     72.2386968079     72.1864100305     72.2909835853     -0.000723805656658     0.000723805656657    0.000723805656658
2016     CMS_bTagSF_M_corr     3.06156919757     2.12974370733     3.99339468781     -0.304362054264     0.304362054264    0.304362054264
2016     CMS_bTagSF_M_corr     6.6583004629     6.7408707146     6.5757302112     0.0124011002749     -0.0124011002749    0.0124011002749
2016     CMS_bTagSF_M_corr     0.507927529919     0.386007681079     0.629847378759     -0.240033945117     0.240033945117    0.240033945117
2016     CMS_bTagSF_T_corr     72.2386968079     72.2386968079     72.2386968079     0.0     0.0    0.0
2016     CMS_bTagSF_T_corr     3.06156919757     3.06156919757     3.06156919757     0.0     0.0    0.0
2016     CMS_bTagSF_T_corr     6.6583004629     6.6583004629     6.6583004629     0.0     0.0    0.0
2016     CMS_bTagSF_T_corr     0.507927529919     0.507927529919     0.507927529919     0.0     0.0    0.0
2016     CMS_jer     72.2386968079     76.6776118226     67.7997817932     0.0614478833485     -0.0614478833485    0.0614478833485
2016     CMS_jer     3.06156919757     3.48040900469     2.76612149111     0.136805598727     -0.0965020508729    0.136805598727
2016     CMS_jer     6.6583004629     7.54553844204     5.77254862142     0.133252920033     -0.133029719283    0.133252920033
2016     CMS_jer     0.507927529919     0.580520706863     0.465513274365     0.142920343293     -0.0835045416053    0.142920343293
2016     CMS_jec     72.2386968079     75.9063746113     68.5710190044     0.0507716496214     -0.0507716496214    0.0507716496214
2016     CMS_jec     3.06156919757     3.17390514622     3.03303261127     0.0366922781757     -0.00932090194821    0.0366922781757
2016     CMS_jec     6.6583004629     5.06742379566     8.30285233829     -0.23893134233     0.246992740047    0.246992740047
2016     CMS_jec     0.507927529919     0.552401107662     0.510997380806     0.0875589038257     0.00604387576196    0.0875589038257
2016     CMS_bTagSF_bc_T_corr     72.2386968079     72.2386968079     72.2386968079     0.0     0.0    0.0
2016     CMS_bTagSF_bc_T_corr     3.06156919757     3.06156919757     3.06156919757     0.0     0.0    0.0
2016     CMS_bTagSF_bc_T_corr     6.6583004629     6.6583004629     6.6583004629     0.0     0.0    0.0
2016     CMS_bTagSF_bc_T_corr     0.507927529919     0.507927529919     0.507927529919     0.0     0.0    0.0
2016     CMS_bTagSF_light_T_corr     72.2386968079     72.2386968079     72.2386968079     0.0     0.0    0.0
2016     CMS_bTagSF_light_T_corr     3.06156919757     3.06156919757     3.06156919757     0.0     0.0    0.0
2016     CMS_bTagSF_light_T_corr     6.6583004629     6.6583004629     6.6583004629     0.0     0.0    0.0
2016     CMS_bTagSF_light_T_corr     0.507927529919     0.507927529919     0.507927529919     0.0     0.0    0.0
2016     CMS_bTagSF_bc_M_corr     72.2386968079     72.1461056952     72.3312879206     -0.00128173841464     0.00128173841464    0.00128173841464
2016     CMS_bTagSF_bc_M_corr     3.06156919757     2.09763783248     4.02550056265     -0.314848792525     0.314848792525    0.314848792525
2016     CMS_bTagSF_bc_M_corr     6.6583004629     6.79991625289     6.51668467291     0.021269059692     -0.021269059692    0.021269059692
2016     CMS_bTagSF_bc_M_corr     0.507927529919     0.377222180956     0.638632878883     -0.257330704214     0.257330704214    0.257330704214
2016     CMS_bTagSF_light_M_corr     72.2386968079     72.2027218113     72.2746718045     -0.000498001738903     0.000498001738902    0.000498001738903
2016     CMS_bTagSF_light_M_corr     3.06156919757     3.08353249575     3.03960589939     0.00717386959527     -0.00717386959527    0.00717386959527
2016     CMS_bTagSF_light_M_corr     6.6583004629     6.58731966479     6.72928126101     -0.010660497901     0.010660497901    0.010660497901
2016     CMS_bTagSF_light_M_corr     0.507927529919     0.514395855334     0.501459204504     0.0127347407529     -0.0127347407529    0.0127347407529
2016     CMS_bTagSF_bc_T_year     72.2386968079     72.2386968079     72.2386968079     0.0     0.0    0.0
2016     CMS_bTagSF_bc_T_year     3.06156919757     3.06156919757     3.06156919757     0.0     0.0    0.0
2016     CMS_bTagSF_bc_T_year     6.6583004629     6.6583004629     6.6583004629     0.0     0.0    0.0
2016     CMS_bTagSF_bc_T_year     0.507927529919     0.507927529919     0.507927529919     0.0     0.0    0.0
2016     CMS_bTagSF_light_T_year     72.2386968079     72.2386968079     72.2386968079     0.0     0.0    0.0
2016     CMS_bTagSF_light_T_year     3.06156919757     3.06156919757     3.06156919757     0.0     0.0    0.0
2016     CMS_bTagSF_light_T_year     6.6583004629     6.6583004629     6.6583004629     0.0     0.0    0.0
2016     CMS_bTagSF_light_T_year     0.507927529919     0.507927529919     0.507927529919     0.0     0.0    0.0
2016     CMS_bTagSF_bc_M_year     72.2386968079     68.0412742409     76.4361193748     -0.0581049043303     0.0581049043303    0.0581049043303
2016     CMS_bTagSF_bc_M_year     3.06156919757     1.16611452398     4.9575605167     -0.619112145202     0.619287429673    0.619287429673
2016     CMS_bTagSF_bc_M_year     6.6583004629     7.15533670409     6.16126422171     0.0746491156352     -0.0746491156352    0.0746491156352
2016     CMS_bTagSF_bc_M_year     0.507927529919     0.372615254453     0.643239805385     -0.266400751083     0.266400751083    0.266400751083
2016     CMS_bTagSF_light_M_year     72.2386968079     72.3531900141     72.1242036017     0.00158492900956     -0.00158492900956    0.00158492900956
2016     CMS_bTagSF_light_M_year     3.06156919757     2.97367357638     3.14946481876     -0.0287093367873     0.0287093367873    0.0287093367873
2016     CMS_bTagSF_light_M_year     6.6583004629     6.58348375184     6.73311717396     -0.0112366078222     0.0112366078222    0.0112366078222
2016     CMS_bTagSF_light_M_year     0.507927529919     0.492705180906     0.523149878932     -0.0299695293451     0.0299695293451    0.0299695293451
2016     CMS_jer_eta193     72.2386968079     76.7186370817     67.7587565341     0.0620157958512     -0.0620157958512    0.0620157958512
2016     CMS_jer_eta193     3.06156919757     3.48040900469     2.76612149111     0.136805598727     -0.0965020508729    0.136805598727
2016     CMS_jer_eta193     6.6583004629     5.73083736095     7.58724970251     -0.139294269929     0.139517470679    0.139517470679
2016     CMS_jer_eta193     0.507927529919     0.580520706863     0.465513274365     0.142920343293     -0.0835045416053    0.142920343293
2016     CMS_jer_193eta25     72.2386968079     72.1947670353     72.2826265805     -0.000608119672142     0.000608119672141    0.000608119672142
2016     CMS_jer_193eta25     3.06156919757     3.06156919757     3.06156919757     0.0     0.0    0.0
2016     CMS_jer_193eta25     6.6583004629     6.37982182375     6.93677910205     -0.0418242824429     0.0418242824429    0.0418242824429
2016     CMS_jer_193eta25     0.507927529919     0.507927529919     0.507927529919     0.0     0.0    0.0
2016     CMS_jec_FlavorQCD     72.2386968079     73.2913756398     71.186017976     0.0145722289908     -0.0145722289908    0.0145722289908
2016     CMS_jec_FlavorQCD     3.06156919757     2.77107831051     3.35206008463     -0.0948830055163     0.0948830055163    0.0948830055163
2016     CMS_jec_FlavorQCD     6.6583004629     5.71879943335     7.62492452822     -0.141102227931     0.145175795342    0.145175795342
2016     CMS_jec_FlavorQCD     0.507927529919     0.538182730512     0.525215757956     0.0595659790243     0.0340368005634    0.0595659790243
2016     CMS_jec_RelativeBal     72.2386968079     72.4396376929     72.0377559229     0.00278162389218     -0.00278162389218    0.00278162389218
2016     CMS_jec_RelativeBal     3.06156919757     3.05526058292     3.10321466797     -0.00206058208758     0.0136026552763    0.0136026552763
2016     CMS_jec_RelativeBal     6.6583004629     5.89227903342     7.4249045242     -0.11504759116     0.115135095746    0.115135095746
2016     CMS_jec_RelativeBal     0.507927529919     0.538182730512     0.525215757956     0.0595659790243     0.0340368005634    0.0595659790243
2016     CMS_jec_Absolute     72.2386968079     78.2048040786     66.2725895371     0.0825887998315     -0.0825887998315    0.0825887998315
2016     CMS_jec_Absolute     3.06156919757     3.02745371269     3.16611721162     -0.0111431369596     0.0341485059814    0.0341485059814
2016     CMS_jec_Absolute     6.6583004629     5.27499269601     8.0849489804     -0.207756885499     0.214266166787    0.214266166787
2016     CMS_jec_Absolute     0.507927529919     0.538182730512     0.525215757956     0.0595659790243     0.0340368005634    0.0595659790243
2016     CMS_jec_BBEC1_year     72.2386968079     72.4048959744     72.0724976414     0.00230069441755     -0.00230069441755    0.00230069441755
2016     CMS_jec_BBEC1_year     3.06156919757     2.91866352533     3.20447486981     -0.0466772635273     0.0466772635273    0.0466772635273
2016     CMS_jec_BBEC1_year     6.6583004629     5.63216842963     7.69000589951     -0.154113206364     0.154950267318    0.154950267318
2016     CMS_jec_BBEC1_year     0.507927529919     0.507927529919     0.525292037159     0.0     0.0341869778999    0.0341869778999
2016     CMS_jec_Absolute_year     72.2386968079     74.3206761945     70.1567174212     0.0288208325819     -0.0288208325819    0.0288208325819
2016     CMS_jec_Absolute_year     3.06156919757     3.21908339174     2.9903819039     0.0514488433905     -0.0232518976623    0.0514488433905
2016     CMS_jec_Absolute_year     6.6583004629     5.30677326806     8.05133424806     -0.202983809813     0.209217621362    0.209217621362
2016     CMS_jec_Absolute_year     0.507927529919     0.538182730512     0.525215757956     0.0595659790243     0.0340368005634    0.0595659790243
2016     CMS_jec_RelativeSample_year     72.2386968079     71.8117396472     72.6656539685     -0.00591036632029     0.00591036632029    0.00591036632029
2016     CMS_jec_RelativeSample_year     3.06156919757     3.08962033532     3.10023485078     0.00916233994345     0.0126293579263    0.0126293579263
2016     CMS_jec_RelativeSample_year     6.6583004629     4.76800286432     8.5543511844     -0.283900915724     0.284764968488    0.284764968488
2016     CMS_jec_RelativeSample_year     0.507927529919     0.538182730512     0.525215757956     0.0595659790243     0.0340368005634    0.0595659790243
2016     CMS_pu     72.2386968079     72.0972169315     72.3801766843     -0.00195850538042     0.00195850538042    0.00195850538042
2016     CMS_pu     3.06156919757     2.97612060495     3.14701779019     -0.0279100641222     0.0279100641222    0.0279100641222
2016     CMS_pu     6.6583004629     6.15260193896     7.16399898684     -0.0759500906811     0.0759500906811    0.0759500906811
2016     CMS_pu     0.507927529919     0.649675463216     0.366179596623     0.279071176392     -0.279071176392    0.279071176392
2016     CMS_L1Prefiring     72.2386968079     71.9078378298     72.5463893163     -0.00458007955186     0.00425938620176    0.00458007955186
2016     CMS_L1Prefiring     3.06156919757     3.04887537188     3.07361524861     -0.00414618284398     0.00393460028705    0.00414618284398
2016     CMS_L1Prefiring     6.6583004629     6.57349907512     6.7420589271     -0.0127361912025     0.0125795561001    0.0127361912025
2016     CMS_L1Prefiring     0.507927529919     0.499630587495     0.516293136265     -0.0163348941248     0.0164700786097    0.0164700786097
2016     CMS_pdf_sig     72.2386968079     73.0945156205     71.3828753629     0.0118470965067     -0.011847132947    0.011847132947
2016     CMS_pdf_sig     3.06156919757     3.09343320304     3.02970522033     0.0104077364972     -0.0104077272738    0.0104077364972
2016     CMS_pdf_sig     6.6583004629     6.74138574886     6.57521482177     0.0124784524859     -0.0124785058283    0.0124785058283
2016     CMS_pdf_sig     0.507927529919     0.511876438368     0.503978616996     0.00777455092794     -0.0077745597373    0.0077745597373
2016     CMS_renorm_sig     72.2386968079     72.2386968079     72.2386968079     0.0     0.0    0.0
2016     CMS_renorm_sig     3.06156919757     3.06156919757     3.06156919757     0.0     0.0    0.0
2016     CMS_renorm_sig     6.6583004629     6.6583004629     6.6583004629     0.0     0.0    0.0
2016     CMS_renorm_sig     0.507927529919     0.507927529919     0.507927529919     0.0     0.0    0.0
2016     CMS_fact_sig     72.2386968079     63.1773723925     83.364195435     -0.125435878771     0.154010234386    0.154010234386
2016     CMS_fact_sig     3.06156919757     2.67700722664     3.53350376566     -0.125609432977     0.154147934487    0.154147934487
2016     CMS_fact_sig     6.6583004629     5.81708049835     7.69460746562     -0.126341544548     0.155641369519    0.155641369519
2016     CMS_fact_sig     0.507927529919     0.447900784134     0.581044429947     -0.118179744648     0.14395144134    0.14395144134
2016     CMS_jec_AbsoluteCal     72.2386968079     72.4040713894     72.0733222263     0.0022892796915     -0.0022892796915    0.0022892796915
2016     CMS_jec_AbsoluteCal     3.06156919757     2.92912721105     3.19401118408     -0.0432595110449     0.0432595110449    0.0432595110449
2016     CMS_jec_AbsoluteCal     6.6583004629     5.39627338124     7.92531831608     -0.189541924204     0.190291480572    0.190291480572
2016     CMS_jec_AbsoluteCal     0.507927529919     0.538182730512     0.525215757956     0.0595659790243     0.0340368005634    0.0595659790243
2016     CMS_jec_AbsoluteTheory     72.2386968079     78.2048040786     66.2725895371     0.0825887998315     -0.0825887998315    0.0825887998315
2016     CMS_jec_AbsoluteTheory     3.06156919757     3.02745371269     3.16611721162     -0.0111431369596     0.0341485059814    0.0341485059814
2016     CMS_jec_AbsoluteTheory     6.6583004629     5.27499269601     8.0849489804     -0.207756885499     0.214266166787    0.214266166787
2016     CMS_jec_AbsoluteTheory     0.507927529919     0.538182730512     0.525215757956     0.0595659790243     0.0340368005634    0.0595659790243
2016     CMS_jec_AbsolutePU     72.2386968079     72.7083093612     71.7690842546     0.00650084475536     -0.00650084475536    0.00650084475536
2016     CMS_jec_AbsolutePU     3.06156919757     2.98499216311     3.13814623203     -0.0250123480865     0.0250123480865    0.0250123480865
2016     CMS_jec_AbsolutePU     6.6583004629     6.69322043995     6.62338048584     0.00524457813956     -0.00524457813956    0.00524457813956
2016     CMS_jec_AbsolutePU     0.507927529919     0.508003809123     0.507851250716     0.000150177336506     -0.000150177336506    0.000150177336506
2016     CMS_jec_AbsoluteScale     72.2386968079     78.2048040786     66.2725895371     0.0825887998315     -0.0825887998315    0.0825887998315
2016     CMS_jec_AbsoluteScale     3.06156919757     3.02745371269     3.16611721162     -0.0111431369596     0.0341485059814    0.0341485059814
2016     CMS_jec_AbsoluteScale     6.6583004629     5.27499269601     8.0849489804     -0.207756885499     0.214266166787    0.214266166787
2016     CMS_jec_AbsoluteScale     0.507927529919     0.538182730512     0.525215757956     0.0595659790243     0.0340368005634    0.0595659790243
2016     CMS_jec_Fragmentation     72.2386968079     71.8465568992     72.6308367166     -0.00542839123681     0.00542839123681    0.00542839123681
2016     CMS_jec_Fragmentation     3.06156919757     2.90871102451     3.21442737063     -0.0499280477417     0.0499280477417    0.0499280477417
2016     CMS_jec_Fragmentation     6.6583004629     6.40747482337     6.90912610243     -0.0376711205697     0.0376711205697    0.0376711205697
2016     CMS_jec_Fragmentation     0.507927529919     0.538182730512     0.525215757956     0.0595659790243     0.0340368005634    0.0595659790243
2016     CMS_jec_AbsoluteMPFBias     72.2386968079     78.2048040786     66.2725895371     0.0825887998315     -0.0825887998315    0.0825887998315
2016     CMS_jec_AbsoluteMPFBias     3.06156919757     3.02745371269     3.16611721162     -0.0111431369596     0.0341485059814    0.0341485059814
2016     CMS_jec_AbsoluteMPFBias     6.6583004629     5.27499269601     8.0849489804     -0.207756885499     0.214266166787    0.214266166787
2016     CMS_jec_AbsoluteMPFBias     0.507927529919     0.538182730512     0.525215757956     0.0595659790243     0.0340368005634    0.0595659790243
2016     CMS_jec_RelativeFSR     72.2386968079     73.4674917187     71.0099018971     0.0170102031888     -0.0170102031888    0.0170102031888
2016     CMS_jec_RelativeFSR     3.06156919757     2.73701618243     3.40573232225     -0.106008714549     0.112413962407    0.112413962407
2016     CMS_jec_RelativeFSR     6.6583004629     5.77540074318     7.54178281444     -0.132601363462     0.132688868047    0.132688868047
2016     CMS_jec_RelativeFSR     0.507927529919     0.538182730512     0.525215757956     0.0595659790243     0.0340368005634    0.0595659790243
2016     CMS_scale_sig     72.2386968079     83.364195435     63.1773723925     0.154010234386     -0.125435878771    0.154010234386
2016     CMS_scale_sig     3.06156919757     3.53350376566     2.67700722664     0.154147934487     -0.125609432977    0.154147934487
2016     CMS_scale_sig     6.6583004629     7.69460746562     5.81708049835     0.155641369519     -0.126341544548    0.155641369519
2016     CMS_scale_sig     0.507927529919     0.581044429947     0.447900784134     0.14395144134     -0.118179744648    0.14395144134
2016     CMS_bTagSF_M     131.77429584     129.45909245     134.08949923     -0.017569461294     0.017569461294    0.017569461294
2016     CMS_bTagSF_M     7.02189332216     2.07633086793     11.970922313     -0.704306121915     0.704799797396    0.704799797396
2016     CMS_bTagSF_M     12.3063416869     11.9882410461     12.6244423278     -0.0258485136305     0.0258485136305    0.0258485136305
2016     CMS_bTagSF_M     1.02765554078     0.458563097211     1.61608432871     -0.553777429289     0.572593407604    0.572593407604
2016     CMS_bTagSF_T     131.77429584     131.77429584     131.77429584     0.0     0.0    0.0
2016     CMS_bTagSF_T     7.02189332216     7.02189332216     7.02189332216     0.0     0.0    0.0
2016     CMS_bTagSF_T     12.3063416869     12.3063416869     12.3063416869     0.0     0.0    0.0
2016     CMS_bTagSF_T     1.02765554078     1.02765554078     1.02765554078     0.0     0.0    0.0
2016     CMS_bTagSF_M_corr     131.77429584     131.272349345     132.276242336     -0.00380913813527     0.00380913813527    0.00380913813527
2016     CMS_bTagSF_M_corr     7.02189332216     5.24303098752     8.8007556568     -0.253330868617     0.253330868617    0.253330868617
2016     CMS_bTagSF_M_corr     12.3063416869     12.1871816108     12.425501763     -0.00968281875484     0.00968281875484    0.00968281875484
2016     CMS_bTagSF_M_corr     1.02765554078     0.774358227386     1.28095285417     -0.246480754825     0.246480754825    0.246480754825
2016     CMS_bTagSF_T_corr     131.77429584     131.77429584     131.77429584     0.0     0.0    0.0
2016     CMS_bTagSF_T_corr     7.02189332216     7.02189332216     7.02189332216     0.0     0.0    0.0
2016     CMS_bTagSF_T_corr     12.3063416869     12.3063416869     12.3063416869     0.0     0.0    0.0
2016     CMS_bTagSF_T_corr     1.02765554078     1.02765554078     1.02765554078     0.0     0.0    0.0
2016     CMS_jer     131.77429584     131.31298145     132.235610231     -0.00350079192329     0.00350079192329    0.00350079192329
2016     CMS_jer     7.02189332216     7.01989983526     7.04107103258     -0.000283895924353     0.00273113098475    0.00273113098475
2016     CMS_jer     12.3063416869     11.6046698131     13.0080135607     -0.0570170966868     0.0570170966868    0.0570170966868
2016     CMS_jer     1.02765554078     1.12709862164     0.957295919848     0.0967669388415     -0.0684661524579    0.0967669388415
2016     CMS_jec     131.77429584     135.047664826     128.51631037     0.0248407245468     -0.0247239831502    0.0248407245468
2016     CMS_jec     7.02189332216     7.18838106017     6.98040243402     0.0237098073656     -0.00590878930168    0.0237098073656
2016     CMS_jec     12.3063416869     12.1895715844     12.4231117894     -0.00948861209099     0.00948861209099    0.00948861209099
2016     CMS_jec     1.02765554078     1.05951302792     1.03917967881     0.0310001609283     0.0112140085603    0.0310001609283
2016     CMS_bTagSF_bc_T_corr     131.77429584     131.77429584     131.77429584     0.0     0.0    0.0
2016     CMS_bTagSF_bc_T_corr     7.02189332216     7.02189332216     7.02189332216     0.0     0.0    0.0
2016     CMS_bTagSF_bc_T_corr     12.3063416869     12.3063416869     12.3063416869     0.0     0.0    0.0
2016     CMS_bTagSF_bc_T_corr     1.02765554078     1.02765554078     1.02765554078     0.0     0.0    0.0
2016     CMS_bTagSF_light_T_corr     131.77429584     131.77429584     131.77429584     0.0     0.0    0.0
2016     CMS_bTagSF_light_T_corr     7.02189332216     7.02189332216     7.02189332216     0.0     0.0    0.0
2016     CMS_bTagSF_light_T_corr     12.3063416869     12.3063416869     12.3063416869     0.0     0.0    0.0
2016     CMS_bTagSF_light_T_corr     1.02765554078     1.02765554078     1.02765554078     0.0     0.0    0.0
2016     CMS_bTagSF_bc_M_corr     131.77429584     131.205228428     132.343363252     -0.00431850087812     0.00431850087812    0.00431850087812
2016     CMS_bTagSF_bc_M_corr     7.02189332216     5.18135846532     8.862428179     -0.26211375941     0.26211375941    0.26211375941
2016     CMS_bTagSF_bc_M_corr     12.3063416869     12.2473607394     12.3653226345     -0.00479272793433     0.00479272793433    0.00479272793433
2016     CMS_bTagSF_bc_M_corr     1.02765554078     0.768686492227     1.28662458933     -0.25199985625     0.25199985625    0.25199985625
2016     CMS_bTagSF_light_M_corr     131.77429584     131.357464767     132.191126913     -0.00316321988315     0.00316321988315    0.00316321988315
2016     CMS_bTagSF_light_M_corr     7.02189332216     7.0803206615     6.96346598282     0.00832073867594     -0.00832073867594    0.00832073867594
2016     CMS_bTagSF_light_M_corr     12.3063416869     12.2399738105     12.3727095634     -0.00539298177493     0.00539298177493    0.00539298177493
2016     CMS_bTagSF_light_M_corr     1.02765554078     1.0367036495     1.01860743206     0.00880461240435     -0.00880461240435    0.00880461240435
2016     CMS_bTagSF_bc_T_year     131.77429584     131.77429584     131.77429584     0.0     0.0    0.0
2016     CMS_bTagSF_bc_T_year     7.02189332216     7.02189332216     7.02189332216     0.0     0.0    0.0
2016     CMS_bTagSF_bc_T_year     12.3063416869     12.3063416869     12.3063416869     0.0     0.0    0.0
2016     CMS_bTagSF_bc_T_year     1.02765554078     1.02765554078     1.02765554078     0.0     0.0    0.0
2016     CMS_bTagSF_light_T_year     131.77429584     131.77429584     131.77429584     0.0     0.0    0.0
2016     CMS_bTagSF_light_T_year     7.02189332216     7.02189332216     7.02189332216     0.0     0.0    0.0
2016     CMS_bTagSF_light_T_year     12.3063416869     12.3063416869     12.3063416869     0.0     0.0    0.0
2016     CMS_bTagSF_light_T_year     1.02765554078     1.02765554078     1.02765554078     0.0     0.0    0.0
2016     CMS_bTagSF_bc_M_year     131.77429584     130.790928723     132.757662958     -0.00746251088947     0.00746251088947    0.00746251088947
2016     CMS_bTagSF_bc_M_year     7.02189332216     2.37417200893     11.6719811888     -0.661890048737     0.662227073707    0.662227073707
2016     CMS_bTagSF_bc_M_year     12.3063416869     12.0405810384     12.5721023355     -0.0215954225317     0.0215954225317    0.0215954225317
2016     CMS_bTagSF_bc_M_year     1.02765554078     0.491655059314     1.58210056842     -0.521576014719     0.53952419429    0.53952419429
2016     CMS_bTagSF_light_M_year     131.77429584     131.691736816     131.856854865     -0.000626518426034     0.000626518426034    0.000626518426034
2016     CMS_bTagSF_light_M_year     7.02189332216     6.4751951158     7.56859152852     -0.0778562392338     0.0778562392338    0.0778562392338
2016     CMS_bTagSF_light_M_year     12.3063416869     12.322562625     12.2901207489     0.00131809586235     -0.00131809586235    0.00131809586235
2016     CMS_bTagSF_light_M_year     1.02765554078     1.00125739427     1.05405368729     -0.0256877382197     0.0256877382197    0.0256877382197
2016     CMS_jer_eta193     131.77429584     131.347852962     132.200738718     -0.00323616131163     0.00323616131163    0.00323616131163
2016     CMS_jer_eta193     7.02189332216     6.98771725634     7.07325361151     -0.00486707277575     0.00731430783615    0.00731430783615
2016     CMS_jer_eta193     12.3063416869     11.6054945744     13.0071887994     -0.0569500774732     0.0569500774732    0.0569500774732
2016     CMS_jer_eta193     1.02765554078     1.12709862164     0.957295919848     0.0967669388415     -0.0684661524579    0.0967669388415
2016     CMS_jer_193eta25     131.77429584     131.677028434     131.871563246     -0.000738136412949     0.000738136412948    0.000738136412949
2016     CMS_jer_193eta25     7.02189332216     7.0243457761     7.01944086822     0.000349258216593     -0.000349258216593    0.000349258216593
2016     CMS_jer_193eta25     12.3063416869     12.3053739129     12.307309461     -7.86402711357e-05     7.86402711357e-05    7.86402711357e-05
2016     CMS_jer_193eta25     1.02765554078     1.02765554078     1.02765554078     0.0     0.0    0.0
2016     CMS_jec_FlavorQCD     131.77429584     134.684104871     128.864486809     0.0220817649803     -0.0220817649803    0.0220817649803
2016     CMS_jec_FlavorQCD     7.02189332216     6.58694983028     7.47390520865     -0.0619410566252     0.0643717962883    0.0643717962883
2016     CMS_jec_FlavorQCD     12.3063416869     12.4300157708     12.182667603     0.010049622142     -0.010049622142    0.010049622142
2016     CMS_jec_FlavorQCD     1.02765554078     1.00863383988     1.04667724167     -0.0185098023026     0.0185098023026    0.0185098023026
2016     CMS_jec_RelativeBal     131.77429584     136.669619416     126.878972264     0.0371493055207     -0.0371493055207    0.0371493055207
2016     CMS_jec_RelativeBal     7.02189332216     6.58394128012     7.64260216886     -0.0623695094683     0.088396222817    0.088396222817
2016     CMS_jec_RelativeBal     12.3063416869     12.2002403161     12.4124430578     -0.00862168250659     0.00862168250659    0.00862168250659
2016     CMS_jec_RelativeBal     1.02765554078     1.09414672676     0.980914984416     0.0647018221037     -0.0454827074893    0.0647018221037
2016     CMS_jec_Absolute     131.77429584     134.727882349     128.867290317     0.0224139805858     -0.0220604899028    0.0224139805858
2016     CMS_jec_Absolute     7.02189332216     7.10744486651     7.00259613638     0.0121835437295     -0.00274814567696    0.0121835437295
2016     CMS_jec_Absolute     12.3063416869     11.7788691817     12.8338141922     -0.0428618446235     0.0428618446235    0.0428618446235
2016     CMS_jec_Absolute     1.02765554078     1.11526031361     0.980914980703     0.0852472150003     -0.0454827111023    0.0852472150003
2016     CMS_jec_BBEC1_year     131.77429584     130.490126086     133.058465594     -0.00974522190426     0.00974522190426    0.00974522190426
2016     CMS_jec_BBEC1_year     7.02189332216     7.02538748689     7.01839915743     0.000497610055508     -0.000497610055508    0.000497610055508
2016     CMS_jec_BBEC1_year     12.3063416869     12.3002954425     12.3123879313     -0.000491311272228     0.000491311272228    0.000491311272228
2016     CMS_jec_BBEC1_year     1.02765554078     1.00828175949     1.04702932206     -0.0188524077549     0.0188524077549    0.0188524077549
2016     CMS_jec_Absolute_year     131.77429584     134.48931537     129.091583618     0.0206035593848     -0.0203583878387    0.0206035593848
2016     CMS_jec_Absolute_year     7.02189332216     7.02017241055     7.10148879082     -0.000245078005737     0.0113353286659    0.0113353286659
2016     CMS_jec_Absolute_year     12.3063416869     12.3791281652     12.2335552086     0.00591455041389     -0.00591455041389    0.00591455041389
2016     CMS_jec_Absolute_year     1.02765554078     1.15353035178     0.945162354946     0.122487356912     -0.0802731874232    0.122487356912
2016     CMS_jec_RelativeSample_year     131.77429584     136.572961442     126.975630239     0.0364157939207     -0.0364157939207    0.0364157939207
2016     CMS_jec_RelativeSample_year     7.02189332216     7.00221458125     7.11125753837     -0.00280248360458     0.0127265129372    0.0127265129372
2016     CMS_jec_RelativeSample_year     12.3063416869     12.0032985699     12.6093848039     -0.0246249555473     0.0246249555473    0.0246249555473
2016     CMS_jec_RelativeSample_year     1.02765554078     1.04831741591     1.00951107806     0.0201058373279     -0.0176561717373    0.0201058373279
2016     CMS_pu     131.77429584     133.273949774     130.274641906     0.0113804738961     -0.0113804738961    0.0113804738961
2016     CMS_pu     7.02189332216     6.86121757343     7.18256907089     -0.022882111897     0.022882111897    0.022882111897
2016     CMS_pu     12.3063416869     12.4640496618     12.1486337121     0.012815179269     -0.012815179269    0.012815179269
2016     CMS_pu     1.02765554078     1.01719318338     1.03811789818     -0.0101808018218     0.0101808018218    0.0101808018218
2016     CMS_L1Prefiring     131.77429584     131.244444895     132.265971586     -0.00402089756701     0.00373119615018    0.00402089756701
2016     CMS_L1Prefiring     7.02189332216     6.99482626335     7.04718932095     -0.0038546667635     0.00360244703663    0.0038546667635
2016     CMS_L1Prefiring     12.3063416869     12.1645550614     12.4451978521     -0.011521427665     0.0112833016233    0.011521427665
2016     CMS_L1Prefiring     1.02765554078     1.01652243476     1.03851772673     -0.0108334997205     0.0105698704692    0.0108334997205
2016     CMS_pdf_sig     131.77429584     133.363246462     130.185358701     0.0120581226561     -0.0120580203396    0.0120581226561
2016     CMS_pdf_sig     7.02189332216     7.10049989756     6.94328686368     0.0111944986614     -0.011194482011    0.0111944986614
2016     CMS_pdf_sig     12.3063416869     12.4702112559     12.1424718694     0.0133158637377     -0.0133158839328    0.0133158839328
2016     CMS_pdf_sig     1.02765554078     1.04318524618     1.01212583948     0.0151117809333     -0.0151117769359    0.0151117809333
2016     CMS_renorm_sig     131.77429584     131.77429584     131.77429584     0.0     0.0    0.0
2016     CMS_renorm_sig     7.02189332216     7.02189332216     7.02189332216     0.0     0.0    0.0
2016     CMS_renorm_sig     12.3063416869     12.3063416869     12.3063416869     0.0     0.0    0.0
2016     CMS_renorm_sig     1.02765554078     1.02765554078     1.02765554078     0.0     0.0    0.0
2016     CMS_fact_sig     131.77429584     114.935139978     152.494027645     -0.127787864502     0.157236520767    0.157236520767
2016     CMS_fact_sig     7.02189332216     6.13535861502     8.10963498872     -0.126252944393     0.154907176263    0.154907176263
2016     CMS_fact_sig     12.3063416869     10.7288503926     14.2487090189     -0.128185234448     0.157834666174    0.157834666174
2016     CMS_fact_sig     1.02765554078     0.89663903162     1.18866904488     -0.127490685311     0.156680422292    0.156680422292
2016     CMS_jec_AbsoluteCal     131.77429584     132.844168136     130.704423545     0.00811897562065     -0.00811897562065    0.00811897562065
2016     CMS_jec_AbsoluteCal     7.02189332216     6.50896096789     7.71213428496     -0.0730475857061     0.0982984119993    0.0982984119993
2016     CMS_jec_AbsoluteCal     12.3063416869     12.3280310068     12.284652367     0.00176245064888     -0.00176245064888    0.00176245064888
2016     CMS_jec_AbsoluteCal     1.02765554078     1.00828175949     1.04702932206     -0.0188524077549     0.0188524077549    0.0188524077549
2016     CMS_jec_AbsoluteTheory     131.77429584     134.727882287     128.86729038     0.0224139801134     -0.0220604894304    0.0224139801134
2016     CMS_jec_AbsoluteTheory     7.02189332216     7.10744486651     7.00259613638     0.0121835437295     -0.00274814567696    0.0121835437295
2016     CMS_jec_AbsoluteTheory     12.3063416869     11.7788691789     12.8338141949     -0.0428618448433     0.0428618448433    0.0428618448433
2016     CMS_jec_AbsoluteTheory     1.02765554078     1.11526031361     0.980914980703     0.0852472150003     -0.0454827111023    0.0852472150003
2016     CMS_jec_AbsolutePU     131.77429584     132.041276054     131.507315626     0.00202604166491     -0.00202604166491    0.00202604166491
2016     CMS_jec_AbsolutePU     7.02189332216     6.97958027057     7.06420637375     -0.00602587502416     0.00602587502416    0.00602587502416
2016     CMS_jec_AbsolutePU     12.3063416869     12.2156903143     12.3969930595     -0.00736623238002     0.00736623238002    0.00736623238002
2016     CMS_jec_AbsolutePU     1.02765554078     1.00828175949     1.04702932206     -0.0188524077549     0.0188524077549    0.0188524077549
2016     CMS_jec_AbsoluteScale     131.77429584     134.727882287     128.86729038     0.0224139801134     -0.0220604894304    0.0224139801134
2016     CMS_jec_AbsoluteScale     7.02189332216     7.10744486651     7.00259613638     0.0121835437295     -0.00274814567696    0.0121835437295
2016     CMS_jec_AbsoluteScale     12.3063416869     11.7788691789     12.8338141949     -0.0428618448433     0.0428618448433    0.0428618448433
2016     CMS_jec_AbsoluteScale     1.02765554078     1.11526031361     0.980914980703     0.0852472150003     -0.0454827111023    0.0852472150003
2016     CMS_jec_Fragmentation     131.77429584     131.791644493     131.756947187     0.000131654302117     -0.000131654302117    0.000131654302117
2016     CMS_jec_Fragmentation     7.02189332216     6.57721230678     7.47819453602     -0.0633277942258     0.0649826468335    0.0649826468335
2016     CMS_jec_Fragmentation     12.3063416869     12.2038988724     12.4087845014     -0.0083243921785     0.0083243921785    0.0083243921785
2016     CMS_jec_Fragmentation     1.02765554078     1.00828175949     1.04702932206     -0.0188524077549     0.0188524077549    0.0188524077549
2016     CMS_jec_AbsoluteMPFBias     131.77429584     134.727882349     128.867290317     0.0224139805858     -0.0220604899028    0.0224139805858
2016     CMS_jec_AbsoluteMPFBias     7.02189332216     7.10744486651     7.00259613638     0.0121835437295     -0.00274814567696    0.0121835437295
2016     CMS_jec_AbsoluteMPFBias     12.3063416869     11.7788691817     12.8338141922     -0.0428618446235     0.0428618446235    0.0428618446235
2016     CMS_jec_AbsoluteMPFBias     1.02765554078     1.11526031361     0.980914980703     0.0852472150003     -0.0454827111023    0.0852472150003
2016     CMS_jec_RelativeFSR     131.77429584     134.552717898     128.995873783     0.0210847042647     -0.0210847042647    0.0210847042647
2016     CMS_jec_RelativeFSR     7.02189332216     6.6632890001     7.4091862373     -0.0510694631218     0.0551550553926    0.0551550553926
2016     CMS_jec_RelativeFSR     12.3063416869     12.2604129843     12.3522703896     -0.00373211664373     0.00373211664373    0.00373211664373
2016     CMS_jec_RelativeFSR     1.02765554078     1.09414672676     0.980914984416     0.0647018221037     -0.0454827074893    0.0647018221037
2016     CMS_scale_sig     131.77429584     152.494027645     114.935139978     0.157236520767     -0.127787864502    0.157236520767
2016     CMS_scale_sig     7.02189332216     8.10963498872     6.13535861502     0.154907176263     -0.126252944393    0.154907176263
2016     CMS_scale_sig     12.3063416869     14.2487090189     10.7288503926     0.157834666174     -0.128185234448    0.157834666174
2016     CMS_scale_sig     1.02765554078     1.18866904488     0.89663903162     0.156680422292     -0.127490685311    0.156680422292
2016     CMS_bTagSF_M     19.6635010495     19.1157694571     20.2112326419     -0.0278552426156     0.0278552426156    0.0278552426156
2016     CMS_bTagSF_M     1.35342537662     0.357599886555     2.34931657092     -0.73578160072     0.735830147347    0.735830147347
2016     CMS_bTagSF_M     1.4591249207     1.41923780381     1.49901203759     -0.0273363276356     0.0273363276356    0.0273363276356
2016     CMS_bTagSF_M     0.130540992497     0.0641478818091     0.197140337076     -0.508599708168     0.51017954824    0.51017954824
2016     CMS_bTagSF_T     19.6635010495     19.6635010495     19.6635010495     0.0     0.0    0.0
2016     CMS_bTagSF_T     1.35342537662     1.35342537662     1.35342537662     0.0     0.0    0.0
2016     CMS_bTagSF_T     1.4591249207     1.4591249207     1.4591249207     0.0     0.0    0.0
2016     CMS_bTagSF_T     0.130540992497     0.130540992497     0.130540992497     0.0     0.0    0.0
2016     CMS_bTagSF_M_corr     19.6635010495     19.1300666101     20.1969354889     -0.0271281516981     0.0271281516981    0.0271281516981
2016     CMS_bTagSF_M_corr     1.35342537662     1.03072292568     1.67612782755     -0.238433870466     0.238433870466    0.238433870466
2016     CMS_bTagSF_M_corr     1.4591249207     1.4534192765     1.4648305649     -0.00391031920716     0.00391031920716    0.00391031920716
2016     CMS_bTagSF_M_corr     0.130540992497     0.103001597603     0.158080387391     -0.210963578316     0.210963578316    0.210963578316
2016     CMS_bTagSF_T_corr     19.6635010495     19.6635010495     19.6635010495     0.0     0.0    0.0
2016     CMS_bTagSF_T_corr     1.35342537662     1.35342537662     1.35342537662     0.0     0.0    0.0
2016     CMS_bTagSF_T_corr     1.4591249207     1.4591249207     1.4591249207     0.0     0.0    0.0
2016     CMS_bTagSF_T_corr     0.130540992497     0.130540992497     0.130540992497     0.0     0.0    0.0
2016     CMS_jer     19.6635010495     20.3101175046     19.0168845944     0.0328840959443     -0.0328840959443    0.0328840959443
2016     CMS_jer     1.35342537662     1.35706399523     1.34978675801     0.00268845159161     -0.00268845159161    0.00268845159161
2016     CMS_jer     1.4591249207     1.40717599297     1.51388328055     -0.0356027965772     0.0375282191908    0.0375282191908
2016     CMS_jer     0.130540992497     0.148091435205     0.123606262532     0.134443919666     -0.0531230062893    0.134443919666
2016     CMS_jec     19.6635010495     19.4378708735     19.8901732715     -0.0114745678018     0.0115275617204    0.0115275617204
2016     CMS_jec     1.35342537662     1.31980490833     1.39288411994     -0.024841021062     0.0291547240106    0.0291547240106
2016     CMS_jec     1.4591249207     1.31560699584     1.61542378354     -0.098358901851     0.107118219025    0.107118219025
2016     CMS_jec     0.130540992497     0.136174724187     0.134986634044     0.0431568014173     0.0340555212748    0.0431568014173
2016     CMS_bTagSF_bc_T_corr     19.6635010495     19.6635010495     19.6635010495     0.0     0.0    0.0
2016     CMS_bTagSF_bc_T_corr     1.35342537662     1.35342537662     1.35342537662     0.0     0.0    0.0
2016     CMS_bTagSF_bc_T_corr     1.4591249207     1.4591249207     1.4591249207     0.0     0.0    0.0
2016     CMS_bTagSF_bc_T_corr     0.130540992497     0.130540992497     0.130540992497     0.0     0.0    0.0
2016     CMS_bTagSF_light_T_corr     19.6635010495     19.6635010495     19.6635010495     0.0     0.0    0.0
2016     CMS_bTagSF_light_T_corr     1.35342537662     1.35342537662     1.35342537662     0.0     0.0    0.0
2016     CMS_bTagSF_light_T_corr     1.4591249207     1.4591249207     1.4591249207     0.0     0.0    0.0
2016     CMS_bTagSF_light_T_corr     0.130540992497     0.130540992497     0.130540992497     0.0     0.0    0.0
2016     CMS_bTagSF_bc_M_corr     19.6635010495     19.0840814823     20.2429206167     -0.0294667549669     0.0294667549669    0.0294667549669
2016     CMS_bTagSF_bc_M_corr     1.35342537662     1.00572052223     1.701130231     -0.256907296401     0.256907296401    0.256907296401
2016     CMS_bTagSF_bc_M_corr     1.4591249207     1.48332014027     1.43492970113     0.0165820069469     -0.0165820069469    0.0165820069469
2016     CMS_bTagSF_bc_M_corr     0.130540992497     0.0999660982301     0.161115886764     -0.234216805634     0.234216805634    0.234216805634
2016     CMS_bTagSF_light_M_corr     19.6635010495     19.6110751823     19.7159269167     -0.0026661512163     0.0026661512163    0.0026661512163
2016     CMS_bTagSF_light_M_corr     1.35342537662     1.37387348014     1.3329772731     0.0151084085424     -0.0151084085424    0.0151084085424
2016     CMS_bTagSF_light_M_corr     1.4591249207     1.47324090919     1.44500893221     0.00967428373629     -0.00967428373629    0.00967428373629
2016     CMS_bTagSF_light_M_corr     0.130540992497     0.133260393676     0.127821591318     0.0208317795546     -0.0208317795546    0.0208317795546
2016     CMS_bTagSF_bc_T_year     19.6635010495     19.6635010495     19.6635010495     0.0     0.0    0.0
2016     CMS_bTagSF_bc_T_year     1.35342537662     1.35342537662     1.35342537662     0.0     0.0    0.0
2016     CMS_bTagSF_bc_T_year     1.4591249207     1.4591249207     1.4591249207     0.0     0.0    0.0
2016     CMS_bTagSF_bc_T_year     0.130540992497     0.130540992497     0.130540992497     0.0     0.0    0.0
2016     CMS_bTagSF_light_T_year     19.6635010495     19.6635010495     19.6635010495     0.0     0.0    0.0
2016     CMS_bTagSF_light_T_year     1.35342537662     1.35342537662     1.35342537662     0.0     0.0    0.0
2016     CMS_bTagSF_light_T_year     1.4591249207     1.4591249207     1.4591249207     0.0     0.0    0.0
2016     CMS_bTagSF_light_T_year     0.130540992497     0.130540992497     0.130540992497     0.0     0.0    0.0
2016     CMS_bTagSF_bc_M_year     19.6635010495     19.1219441305     20.2050579685     -0.027541225628     0.027541225628    0.027541225628
2016     CMS_bTagSF_bc_M_year     1.35342537662     0.411806705182     2.29510175742     -0.695730025241     0.695772664728    0.695772664728
2016     CMS_bTagSF_bc_M_year     1.4591249207     1.41274104782     1.50550879358     -0.0317888291986     0.0317888291986    0.0317888291986
2016     CMS_bTagSF_bc_M_year     0.130540992497     0.068969238735     0.192112746259     -0.471666045924     0.471666045924    0.471666045924
2016     CMS_bTagSF_light_M_year     19.6635010495     19.8292114448     19.4977906542     0.0084273087935     -0.0084273087935    0.0084273087935
2016     CMS_bTagSF_light_M_year     1.35342537662     1.31701188986     1.38983886338     -0.0269046874624     0.0269046874624    0.0269046874624
2016     CMS_bTagSF_light_M_year     1.4591249207     1.48454078355     1.43370905785     0.0174185653948     -0.0174185653948    0.0174185653948
2016     CMS_bTagSF_light_M_year     0.130540992497     0.126911484707     0.134170500287     -0.0278035866005     0.0278035866005    0.0278035866005
2016     CMS_jer_eta193     19.6635010495     20.3103777026     19.0166243964     0.0328973284815     -0.0328973284815    0.0328973284815
2016     CMS_jer_eta193     1.35342537662     1.36443947725     1.34241127599     0.00813794452163     -0.00813794452163    0.00813794452163
2016     CMS_jer_eta193     1.4591249207     1.40717599297     1.51388328055     -0.0356027965772     0.0375282191908    0.0375282191908
2016     CMS_jer_eta193     0.130540992497     0.148091435205     0.123606262532     0.134443919666     -0.0531230062893    0.134443919666
2016     CMS_jer_193eta25     19.6635010495     19.6633472789     19.6636548201     -7.82010099709e-06     7.82010099676e-06    7.82010099709e-06
2016     CMS_jer_193eta25     1.35342537662     1.35340138574     1.3534493675     -1.77260471903e-05     1.77260471903e-05    1.77260471903e-05
2016     CMS_jer_193eta25     1.4591249207     1.4591339428     1.4591158986     6.18322743451e-06     -6.18322743473e-06    6.18322743473e-06
2016     CMS_jer_193eta25     0.130540992497     0.130540992497     0.130540992497     0.0     0.0    0.0
2016     CMS_jec_FlavorQCD     19.6635010495     19.599957665     19.727044434     -0.00323153971034     0.00323153971034    0.00323153971034
2016     CMS_jec_FlavorQCD     1.35342537662     1.31954620757     1.38730454567     -0.0250321662627     0.0250321662627    0.0250321662627
2016     CMS_jec_FlavorQCD     1.4591249207     1.5720263239     1.3462235175     0.0773761050858     -0.0773761050858    0.0773761050858
2016     CMS_jec_FlavorQCD     0.130540992497     0.128721032601     0.132360952393     -0.0139416735032     0.0139416735032    0.0139416735032
2016     CMS_jec_RelativeBal     19.6635010495     19.6103836041     19.7166184949     -0.00270132186971     0.00270132186971    0.00270132186971
2016     CMS_jec_RelativeBal     1.35342537662     1.33433188675     1.37251886648     -0.0141075305642     0.0141075305642    0.0141075305642
2016     CMS_jec_RelativeBal     1.4591249207     1.60267526682     1.31865558659     0.0983811215059     -0.0962695737162    0.0983811215059
2016     CMS_jec_RelativeBal     0.130540992497     0.128653724829     0.132428260165     -0.0144572799103     0.0144572799103    0.0144572799103
2016     CMS_jec_Absolute     19.6635010495     19.6835657311     19.6434363679     0.00102040229326     -0.00102040229326    0.00102040229326
2016     CMS_jec_Absolute     1.35342537662     1.35302262449     1.35382812874     -0.000297579854075     0.000297579854075    0.000297579854075
2016     CMS_jec_Absolute     1.4591249207     1.6211160828     1.30021477049     0.111019392375     -0.108907844666    0.111019392375
2016     CMS_jec_Absolute     0.130540992497     0.132174211361     0.132428260165     0.0125111570932     0.0144572799103    0.0144572799103
2016     CMS_jec_BBEC1_year     19.6635010495     19.6511561077     19.6758459913     -0.000627809961252     0.000627809961252    0.000627809961252
2016     CMS_jec_BBEC1_year     1.35342537662     1.35346339013     1.35338736311     2.80868911171e-05     -2.80868911172e-05    2.80868911172e-05
2016     CMS_jec_BBEC1_year     1.4591249207     1.45964439694     1.45860544447     0.000356019027321     -0.000356019027321    0.000356019027321
2016     CMS_jec_BBEC1_year     0.130540992497     0.130552195426     0.130529789568     8.5819244253e-05     -8.58192442531e-05    8.58192442531e-05
2016     CMS_jec_Absolute_year     19.6635010495     19.5906517175     19.7373924275     -0.00370479966025     0.00375779357886    0.00375779357886
2016     CMS_jec_Absolute_year     1.35342537662     1.35034288474     1.35931943332     -0.00227754845604     0.00435491812486    0.00435491812486
2016     CMS_jec_Absolute_year     1.4591249207     1.57366275826     1.3569627656     0.0784976227425     -0.0700160443087    0.0784976227425
2016     CMS_jec_Absolute_year     0.130540992497     0.13173140091     0.132871070617     0.00911903908426     0.0178493979192    0.0178493979192
2016     CMS_jec_RelativeSample_year     19.6635010495     19.5189269546     19.8080751445     -0.00735240863691     0.00735240863691    0.00735240863691
2016     CMS_jec_RelativeSample_year     1.35342537662     1.43311863601     1.27373211722     0.0588826401298     -0.0588826401298    0.0588826401298
2016     CMS_jec_RelativeSample_year     1.4591249207     1.43567299015     1.48257685125     -0.0160725995547     0.0160725995547    0.0160725995547
2016     CMS_jec_RelativeSample_year     0.130540992497     0.131506588878     0.133095882648     0.00739688248857     0.0195715545149    0.0195715545149
2016     CMS_pu     19.6635010495     18.8399081132     20.4870939858     -0.0418843487852     0.0418843487852    0.0418843487852
2016     CMS_pu     1.35342537662     1.34482318858     1.36202756466     -0.00635586430282     0.00635586430282    0.00635586430282
2016     CMS_pu     1.4591249207     1.45751084938     1.46073899202     -0.00110619131669     0.00110619131669    0.00110619131669
2016     CMS_pu     0.130540992497     0.120656295328     0.140425689666     -0.0757210205013     0.0757210205013    0.0757210205013
2016     CMS_L1Prefiring     19.6635010495     19.579393905     19.741552509     -0.00427732296136     0.00396935720035    0.00427732296136
2016     CMS_L1Prefiring     1.35342537662     1.34775282443     1.35871945604     -0.00419125597009     0.00391161531101    0.00419125597009
2016     CMS_L1Prefiring     1.4591249207     1.43737212375     1.48061466398     -0.0149081114622     0.0147278296589    0.0149081114622
2016     CMS_L1Prefiring     0.130540992497     0.12839022792     0.132697207152     -0.0164757792617     0.0165175291948    0.0165175291948
2016     CMS_pdf_sig     19.6635010495     20.0788306693     19.2481705724     0.0211218550921     -0.0211218986917    0.0211218986917
2016     CMS_pdf_sig     1.35342537662     1.3810845726     1.32576615031     0.0204364396169     -0.0204364620203    0.0204364620203
2016     CMS_pdf_sig     1.4591249207     1.49345323696     1.42479662605     0.0235266465358     -0.023526631727    0.0235266465358
2016     CMS_pdf_sig     0.130540992497     0.133526557619     0.127555426419     0.0228707095361     -0.0228707168582    0.0228707168582
2016     CMS_renorm_sig     19.6635010495     19.6635010495     19.6635010495     0.0     0.0    0.0
2016     CMS_renorm_sig     1.35342537662     1.35342537662     1.35342537662     0.0     0.0    0.0
2016     CMS_renorm_sig     1.4591249207     1.4591249207     1.4591249207     0.0     0.0    0.0
2016     CMS_renorm_sig     0.130540992497     0.130540992497     0.130540992497     0.0     0.0    0.0
2016     CMS_fact_sig     19.6635010495     16.86299822     23.171046088     -0.142421373612     0.178378460159    0.178378460159
2016     CMS_fact_sig     1.35342537662     1.16343064471     1.59053312168     -0.140380648381     0.175190852156    0.175190852156
2016     CMS_fact_sig     1.4591249207     1.25121163115     1.71954575666     -0.142491767908     0.178477409486    0.178477409486
2016     CMS_fact_sig     0.130540992497     0.112016651525     0.153713551676     -0.141904398135     0.177511743517    0.177511743517
2016     CMS_jec_AbsoluteCal     19.6635010495     19.5769651696     19.7500369294     -0.00440083786336     0.00440083786336    0.00440083786336
2016     CMS_jec_AbsoluteCal     1.35342537662     1.32110790095     1.38574285228     -0.0238782841104     0.0238782841104    0.0238782841104
2016     CMS_jec_AbsoluteCal     1.4591249207     1.5683143195     1.3499355219     0.0748321115276     -0.0748321115276    0.0748321115276
2016     CMS_jec_AbsoluteCal     0.130540992497     0.128653724625     0.132428260369     -0.01445728147     0.01445728147    0.01445728147
2016     CMS_jec_AbsoluteTheory     19.6635010495     19.6835660792     19.6434360198     0.00102041999715     -0.00102041999715    0.00102041999715
2016     CMS_jec_AbsoluteTheory     1.35342537662     1.35302267545     1.35382807779     -0.000297542202812     0.000297542202812    0.000297542202812
2016     CMS_jec_AbsoluteTheory     1.4591249207     1.62111607722     1.30021477618     0.111019388553     -0.108907840763    0.111019388553
2016     CMS_jec_AbsoluteTheory     0.130540992497     0.132174211361     0.132428260165     0.0125111570932     0.0144572799103    0.0144572799103
2016     CMS_jec_AbsolutePU     19.6635010495     19.6264371374     19.7005649616     -0.00188490910083     0.00188490910083    0.00188490910083
2016     CMS_jec_AbsolutePU     1.35342537662     1.35877368643     1.34807706681     0.00395168430033     -0.00395168430033    0.00395168430033
2016     CMS_jec_AbsolutePU     1.4591249207     1.47056666742     1.44768317398     0.00784151278467     -0.00784151278467    0.00784151278467
2016     CMS_jec_AbsolutePU     0.130540992497     0.130552195426     0.130529789568     8.5819244253e-05     -8.58192442531e-05    8.58192442531e-05
2016     CMS_jec_AbsoluteScale     19.6635010495     19.6835660792     19.6434360198     0.00102041999715     -0.00102041999715    0.00102041999715
2016     CMS_jec_AbsoluteScale     1.35342537662     1.35302267545     1.35382807779     -0.000297542202812     0.000297542202812    0.000297542202812
2016     CMS_jec_AbsoluteScale     1.4591249207     1.62111607722     1.30021477618     0.111019388553     -0.108907840763    0.111019388553
2016     CMS_jec_AbsoluteScale     0.130540992497     0.132174211361     0.132428260165     0.0125111570932     0.0144572799103    0.0144572799103
2016     CMS_jec_Fragmentation     19.6635010495     19.5773291679     19.7496729311     -0.0043823264918     0.0043823264918    0.0043823264918
2016     CMS_jec_Fragmentation     1.35342537662     1.32110288168     1.38574787156     -0.0238819926823     0.0238819926823    0.0238819926823
2016     CMS_jec_Fragmentation     1.4591249207     1.54142158166     1.37682825975     0.0564013812575     -0.0564013812575    0.0564013812575
2016     CMS_jec_Fragmentation     0.130540992497     0.128653724625     0.132428260369     -0.01445728147     0.01445728147    0.01445728147
2016     CMS_jec_AbsoluteMPFBias     19.6635010495     19.6835657311     19.6434363679     0.00102040229326     -0.00102040229326    0.00102040229326
2016     CMS_jec_AbsoluteMPFBias     1.35342537662     1.35302262449     1.35382812874     -0.000297579854075     0.000297579854075    0.000297579854075
2016     CMS_jec_AbsoluteMPFBias     1.4591249207     1.6211160828     1.30021477049     0.111019392375     -0.108907844666    0.111019392375
2016     CMS_jec_AbsoluteMPFBias     0.130540992497     0.132174211361     0.132428260165     0.0125111570932     0.0144572799103    0.0144572799103
2016     CMS_jec_RelativeFSR     19.6635010495     19.6098532216     19.7171488774     -0.00272829481243     0.00272829481243    0.00272829481243
2016     CMS_jec_RelativeFSR     1.35342537662     1.34310272771     1.36374802553     -0.00762705435413     0.00762705435413    0.00762705435413
2016     CMS_jec_RelativeFSR     1.4591249207     1.49060062614     1.43953529441     0.021571631733     -0.0134255991482    0.021571631733
2016     CMS_jec_RelativeFSR     0.130540992497     0.12794415585     0.133137829144     -0.0198928826642     0.0198928826642    0.0198928826642
2016     CMS_scale_sig     19.6635010495     23.171046088     16.86299822     0.178378460159     -0.142421373612    0.178378460159
2016     CMS_scale_sig     1.35342537662     1.59053312168     1.16343064471     0.175190852156     -0.140380648381    0.175190852156
2016     CMS_scale_sig     1.4591249207     1.71954575666     1.25121163115     0.178477409486     -0.142491767908    0.178477409486
2016     CMS_scale_sig     0.130540992497     0.153713551676     0.112016651525     0.177511743517     -0.141904398135    0.177511743517
2016     CMS_bTagSF_M     3.62188714773     3.3761870391     3.86758725637     -0.0678375936671     0.0678375936671    0.0678375936671
2016     CMS_bTagSF_M     0.247272845581     0.0694069688976     0.425138722264     -0.719310186549     0.719310186549    0.719310186549
2016     CMS_bTagSF_M     0.215639732742     0.223660045531     0.207619419953     0.037193112267     -0.037193112267    0.037193112267
2016     CMS_bTagSF_M     0.0257398073294     0.0114787858039     0.0402741319848     -0.55404538748     0.564663304174    0.564663304174
2016     CMS_bTagSF_T     3.62188714773     3.62188714773     3.62188714773     0.0     0.0    0.0
2016     CMS_bTagSF_T     0.247272845581     0.247272845581     0.247272845581     0.0     0.0    0.0
2016     CMS_bTagSF_T     0.215639732742     0.215639732742     0.215639732742     0.0     0.0    0.0
2016     CMS_bTagSF_T     0.0257398073294     0.0257398073294     0.0257398073294     0.0     0.0    0.0
2016     CMS_bTagSF_M_corr     3.62188714773     3.31219578424     3.93157851122     -0.0855055253953     0.0855055253953    0.0855055253953
2016     CMS_bTagSF_M_corr     0.247272845581     0.183138664067     0.311407027095     -0.259366051148     0.259366051148    0.259366051148
2016     CMS_bTagSF_M_corr     0.215639732742     0.21051319626     0.220766269224     -0.0237736173045     0.0237736173045    0.0237736173045
2016     CMS_bTagSF_M_corr     0.0257398073294     0.0187736390864     0.0327059755723     -0.27063793267     0.27063793267    0.27063793267
2016     CMS_bTagSF_T_corr     3.62188714773     3.62188714773     3.62188714773     0.0     0.0    0.0
2016     CMS_bTagSF_T_corr     0.247272845581     0.247272845581     0.247272845581     0.0     0.0    0.0
2016     CMS_bTagSF_T_corr     0.215639732742     0.215639732742     0.215639732742     0.0     0.0    0.0
2016     CMS_bTagSF_T_corr     0.0257398073294     0.0257398073294     0.0257398073294     0.0     0.0    0.0
2016     CMS_jer     3.62188714773     3.90174881642     3.34216267742     0.0772695717083     -0.0772316913554    0.0772695717083
2016     CMS_jer     0.247272845581     0.294662182781     0.200260331326     0.191647963157     -0.190124047565    0.191647963157
2016     CMS_jer     0.215639732742     0.226663401946     0.204616063538     0.0511207701081     -0.0511207701081    0.0511207701081
2016     CMS_jer     0.0257398073294     0.0258319098811     0.0256477047777     0.00357821449519     -0.00357821449519    0.00357821449519
2016     CMS_jec     3.62188714773     3.58228510603     3.66155749917     -0.0109340904583     0.010952950719    0.010952950719
2016     CMS_jec     0.247272845581     0.318052328938     0.176626277626     0.286240420743     -0.285702895474    0.286240420743
2016     CMS_jec     0.215639732742     0.199472348735     0.231843792514     -0.0749740495496     0.0751441284319    0.0751441284319
2016     CMS_jec     0.0257398073294     0.0236981703317     0.0292556320537     -0.0793182703948     0.136590949549    0.136590949549
2016     CMS_bTagSF_bc_T_corr     3.62188714773     3.62188714773     3.62188714773     0.0     0.0    0.0
2016     CMS_bTagSF_bc_T_corr     0.247272845581     0.247272845581     0.247272845581     0.0     0.0    0.0
2016     CMS_bTagSF_bc_T_corr     0.215639732742     0.215639732742     0.215639732742     0.0     0.0    0.0
2016     CMS_bTagSF_bc_T_corr     0.0257398073294     0.0257398073294     0.0257398073294     0.0     0.0    0.0
2016     CMS_bTagSF_light_T_corr     3.62188714773     3.62188714773     3.62188714773     0.0     0.0    0.0
2016     CMS_bTagSF_light_T_corr     0.247272845581     0.247272845581     0.247272845581     0.0     0.0    0.0
2016     CMS_bTagSF_light_T_corr     0.215639732742     0.215639732742     0.215639732742     0.0     0.0    0.0
2016     CMS_bTagSF_light_T_corr     0.0257398073294     0.0257398073294     0.0257398073294     0.0     0.0    0.0
2016     CMS_bTagSF_bc_M_corr     3.62188714773     3.36097526198     3.88279903349     -0.0720375525552     0.0720375525552    0.0720375525552
2016     CMS_bTagSF_bc_M_corr     0.247272845581     0.183017240284     0.311528450878     -0.259857102976     0.259857102976    0.259857102976
2016     CMS_bTagSF_bc_M_corr     0.215639732742     0.226074258608     0.205205206877     0.0483886978198     -0.0483886978198    0.0483886978198
2016     CMS_bTagSF_bc_M_corr     0.0257398073294     0.01913829115     0.0323413235088     -0.256471079791     0.256471079791    0.256471079791
2016     CMS_bTagSF_light_M_corr     3.62188714773     3.5147280875     3.72904620797     -0.0295865265449     0.0295865265449    0.0295865265449
2016     CMS_bTagSF_light_M_corr     0.247272845581     0.244933140584     0.249612550578     -0.00946203773855     0.00946203773855    0.00946203773855
2016     CMS_bTagSF_light_M_corr     0.215639732742     0.20902039049     0.222259074995     -0.0306963015047     0.0306963015047    0.0306963015047
2016     CMS_bTagSF_light_M_corr     0.0257398073294     0.0254322191381     0.0260473955207     -0.0119499026294     0.0119499026294    0.0119499026294
2016     CMS_bTagSF_bc_T_year     3.62188714773     3.62188714773     3.62188714773     0.0     0.0    0.0
2016     CMS_bTagSF_bc_T_year     0.247272845581     0.247272845581     0.247272845581     0.0     0.0    0.0
2016     CMS_bTagSF_bc_T_year     0.215639732742     0.215639732742     0.215639732742     0.0     0.0    0.0
2016     CMS_bTagSF_bc_T_year     0.0257398073294     0.0257398073294     0.0257398073294     0.0     0.0    0.0
2016     CMS_bTagSF_light_T_year     3.62188714773     3.62188714773     3.62188714773     0.0     0.0    0.0
2016     CMS_bTagSF_light_T_year     0.247272845581     0.247272845581     0.247272845581     0.0     0.0    0.0
2016     CMS_bTagSF_light_T_year     0.215639732742     0.215639732742     0.215639732742     0.0     0.0    0.0
2016     CMS_bTagSF_light_T_year     0.0257398073294     0.0257398073294     0.0257398073294     0.0     0.0    0.0
2016     CMS_bTagSF_bc_M_year     3.62188714773     3.37760344659     3.86617084888     -0.0674465247476     0.0674465247476    0.0674465247476
2016     CMS_bTagSF_bc_M_year     0.247272845581     0.0773549312658     0.417190759896     -0.687167707056     0.687167707056    0.687167707056
2016     CMS_bTagSF_bc_M_year     0.215639732742     0.22280141186     0.208478053624     0.0332113151282     -0.0332113151282    0.0332113151282
2016     CMS_bTagSF_bc_M_year     0.0257398073294     0.0121635682979     0.0395846896658     -0.527441361847     0.537878242801    0.537878242801
2016     CMS_bTagSF_light_M_year     3.62188714773     3.63613493342     3.60763936205     0.003933801663     -0.003933801663    0.003933801663
2016     CMS_bTagSF_light_M_year     0.247272845581     0.242185171961     0.252360519201     -0.0205751408268     0.0205751408268    0.0205751408268
2016     CMS_bTagSF_light_M_year     0.215639732742     0.223919978464     0.20735948702     0.038398515973     -0.038398515973    0.038398515973
2016     CMS_bTagSF_light_M_year     0.0257398073294     0.0252297735776     0.0262498410812     -0.0198149793925     0.0198149793925    0.0198149793925
2016     CMS_jer_eta193     3.62188714773     3.88436128964     3.35958894098     0.072468890168     -0.0724203146205    0.072468890168
2016     CMS_jer_eta193     0.247272845581     0.294950304806     0.199972209301     0.192813161966     -0.191289246374    0.192813161966
2016     CMS_jer_eta193     0.215639732742     0.226788636455     0.204490829029     0.0517015281521     -0.0517015281521    0.0517015281521
2016     CMS_jer_eta193     0.0257398073294     0.0258319098811     0.0256477047777     0.00357821449519     -0.00357821449519    0.00357821449519
2016     CMS_jer_193eta25     3.62188714773     3.62183403942     3.62194025604     -1.46631599015e-05     1.46631599012e-05    1.46631599015e-05
2016     CMS_jer_193eta25     0.247272845581     0.247343542657     0.247202148504     0.000285907157856     -0.000285907157856    0.000285907157856
2016     CMS_jer_193eta25     0.215639732742     0.213485122039     0.217794343445     -0.0099917147701     0.0099917147701    0.0099917147701
2016     CMS_jer_193eta25     0.0257398073294     0.0257398073294     0.0257398073294     0.0     0.0    0.0
2016     CMS_jec_FlavorQCD     3.62188714773     3.22178853619     4.02198575928     -0.110466890663     0.110466890663    0.110466890663
2016     CMS_jec_FlavorQCD     0.247272845581     0.22442419561     0.270482654243     -0.0924025843505     0.0938631518867    0.0938631518867
2016     CMS_jec_FlavorQCD     0.215639732742     0.215955074061     0.215324391423     0.00146235257718     -0.00146235257718    0.00146235257718
2016     CMS_jec_FlavorQCD     0.0257398073294     0.025648330163     0.026351366805     -0.00355391806866     0.0237592872312    0.0237592872312
2016     CMS_jec_RelativeBal     3.62188714773     3.42502186955     3.81898733823     -0.0543543379887     0.0544191970794    0.0544191970794
2016     CMS_jec_RelativeBal     0.247272845581     0.25030911751     0.244597732343     0.0122790350128     -0.0108184674766    0.0122790350128
2016     CMS_jec_RelativeBal     0.215639732742     0.225523001638     0.205756463846     0.0458323184251     -0.0458323184251    0.0458323184251
2016     CMS_jec_RelativeBal     0.0257398073294     0.025648330163     0.026351366805     -0.00355391806866     0.0237592872312    0.0237592872312
2016     CMS_jec_Absolute     3.62188714773     2.31682558192     4.92729067238     -0.360326402392     0.360420816938    0.360420816938
2016     CMS_jec_Absolute     0.247272845581     0.248704931699     0.246234337229     0.005791521971     -0.00419984794403    0.005791521971
2016     CMS_jec_Absolute     0.215639732742     0.205172162918     0.226107302566     -0.048541934693     0.048541934693    0.048541934693
2016     CMS_jec_Absolute     0.0257398073294     0.0246117581146     0.0273879388534     -0.0438250838613     0.0640304530238    0.0640304530238
2016     CMS_jec_BBEC1_year     3.62188714773     3.53850788497     3.7052664105     -0.0230209444307     0.0230209444307    0.0230209444307
2016     CMS_jec_BBEC1_year     0.247272845581     0.24728049555     0.247265195612     3.09373602214e-05     -3.09373602214e-05    3.09373602214e-05
2016     CMS_jec_BBEC1_year     0.215639732742     0.2324809518     0.198798513685     0.07809886816     -0.07809886816    0.07809886816
2016     CMS_jec_BBEC1_year     0.0257398073294     0.0257398073294     0.0257398073294     0.0     0.0    0.0
2016     CMS_jec_Absolute_year     3.62188714773     2.3827989552     4.86104365001     -0.342111209432     0.342130069693    0.342130069693
2016     CMS_jec_Absolute_year     0.247272845581     0.247533244343     0.247406024585     0.00105308272302     0.000538591303941    0.00105308272302
2016     CMS_jec_Absolute_year     0.215639732742     0.20420249239     0.227076973095     -0.0530386501922     0.0530386501922    0.0530386501922
2016     CMS_jec_Absolute_year     0.0257398073294     0.0246117581146     0.0276995065087     -0.0438250838613     0.0761349591418    0.0761349591418
2016     CMS_jec_RelativeSample_year     3.62188714773     3.05545866188     4.18838394333     -0.156390429286     0.156409289546    0.156409289546
2016     CMS_jec_RelativeSample_year     0.247272845581     0.223082459565     0.271824390288     -0.0978287201704     0.0992892877066    0.0992892877066
2016     CMS_jec_RelativeSample_year     0.215639732742     0.212823007944     0.21845645754     -0.0130621790429     0.0130621790429    0.0130621790429
2016     CMS_jec_RelativeSample_year     0.0257398073294     0.0242357548392     0.0277639421289     -0.0584329350634     0.078638304226    0.078638304226
2016     CMS_pu     3.62188714773     3.60544432893     3.63832996653     -0.00453984846284     0.00453984846284    0.00453984846284
2016     CMS_pu     0.247272845581     0.247907938996     0.246637752166     0.00256839125907     -0.00256839125907    0.00256839125907
2016     CMS_pu     0.215639732742     0.217531932457     0.213747533027     0.00877481942052     -0.00877481942052    0.00877481942052
2016     CMS_pu     0.0257398073294     0.0263257101859     0.0251539044728     0.0227625191225     -0.0227625191225    0.0227625191225
2016     CMS_L1Prefiring     3.62188714773     3.605931992     3.6366142001     -0.00440520509853     0.00406612679037    0.00440520509853
2016     CMS_L1Prefiring     0.247272845581     0.246236806791     0.248231436738     -0.00418986074863     0.00387665355897    0.00418986074863
2016     CMS_L1Prefiring     0.215639732742     0.211827377423     0.219440797646     -0.0176792804856     0.0176269227192    0.0176792804856
2016     CMS_L1Prefiring     0.0257398073294     0.025390789219     0.0260942994127     -0.013559468643     0.0137721342961    0.0137721342961
2016     CMS_pdf_sig     3.62188714773     3.74576319411     3.49801153004     0.034202072378     -0.0342019540197    0.034202072378
2016     CMS_pdf_sig     0.247272845581     0.256033059906     0.238512629101     0.035427320392     -0.035427329108    0.035427329108
2016     CMS_pdf_sig     0.215639732742     0.223126390078     0.20815307503     0.0347183575151     -0.0347183592621    0.0347183592621
2016     CMS_pdf_sig     0.0257398073294     0.0266894120172     0.0247902024489     0.0368924551646     -0.036892462647    0.036892462647
2016     CMS_renorm_sig     3.62188714773     3.62188714773     3.62188714773     0.0     0.0    0.0
2016     CMS_renorm_sig     0.247272845581     0.247272845581     0.247272845581     0.0     0.0    0.0
2016     CMS_renorm_sig     0.215639732742     0.215639732742     0.215639732742     0.0     0.0    0.0
2016     CMS_renorm_sig     0.0257398073294     0.0257398073294     0.0257398073294     0.0     0.0    0.0
2016     CMS_fact_sig     3.62188714773     3.06562527555     4.32872082643     -0.153583435788     0.195156185123    0.195156185123
2016     CMS_fact_sig     0.247272845581     0.209545755923     0.295089387875     -0.152572716058     0.193375629991    0.193375629991
2016     CMS_fact_sig     0.215639732742     0.182457774157     0.257906849341     -0.15387683041     0.196008017914    0.196008017914
2016     CMS_fact_sig     0.0257398073294     0.0217975562776     0.0307522319072     -0.153157752945     0.194734347217    0.194734347217
2016     CMS_jec_AbsoluteCal     3.62188714773     3.2265154798     4.01749372797     -0.109161785502     0.109226644592    0.109226644592
2016     CMS_jec_AbsoluteCal     0.247272845581     0.223725517218     0.271181332635     -0.095228120612     0.0966886881483    0.0966886881483
2016     CMS_jec_AbsoluteCal     0.215639732742     0.223288446921     0.207991018563     0.0354698741363     -0.0354698741363    0.0354698741363
2016     CMS_jec_AbsoluteCal     0.0257398073294     0.0256483300969     0.0263513668711     -0.00355392063685     0.0237592897994    0.0237592897994
2016     CMS_jec_AbsoluteTheory     3.62188714773     2.31682558192     4.92729067238     -0.360326402392     0.360420816938    0.360420816938
2016     CMS_jec_AbsoluteTheory     0.247272845581     0.248704931699     0.246234337229     0.005791521971     -0.00419984794403    0.005791521971
2016     CMS_jec_AbsoluteTheory     0.215639732742     0.205172162918     0.226107302566     -0.048541934693     0.048541934693    0.048541934693
2016     CMS_jec_AbsoluteTheory     0.0257398073294     0.0246117581146     0.0273879388534     -0.0438250838613     0.0640304530238    0.0640304530238
2016     CMS_jec_AbsolutePU     3.62188714773     3.61338963087     3.6303846646     -0.00234615727107     0.00234615727107    0.00234615727107
2016     CMS_jec_AbsolutePU     0.247272845581     0.246769902376     0.247775788786     -0.00203396051678     0.00203396051678    0.00203396051678
2016     CMS_jec_AbsolutePU     0.215639732742     0.219426998189     0.211852467295     0.0175629296076     -0.0175629296076    0.0175629296076
2016     CMS_jec_AbsolutePU     0.0257398073294     0.0257404326486     0.0257391820102     2.4293858341e-05     -2.4293858341e-05    2.4293858341e-05
2016     CMS_jec_AbsoluteScale     3.62188714773     2.31682558192     4.92729067238     -0.360326402392     0.360420816938    0.360420816938
2016     CMS_jec_AbsoluteScale     0.247272845581     0.248704931699     0.246234337229     0.005791521971     -0.00419984794403    0.005791521971
2016     CMS_jec_AbsoluteScale     0.215639732742     0.205172162918     0.226107302566     -0.048541934693     0.048541934693    0.048541934693
2016     CMS_jec_AbsoluteScale     0.0257398073294     0.0246117581146     0.0273879388534     -0.0438250838613     0.0640304530238    0.0640304530238
2016     CMS_jec_Fragmentation     3.62188714773     3.2363820978     4.00762710997     -0.106437620558     0.106502479648    0.106502479648
2016     CMS_jec_Fragmentation     0.247272845581     0.215339507605     0.279338436817     -0.12914211385     0.129676961337    0.129676961337
2016     CMS_jec_Fragmentation     0.215639732742     0.224325431984     0.2069540335     0.0402787516542     -0.0402787516542    0.0402787516542
2016     CMS_jec_Fragmentation     0.0257398073294     0.0257404326486     0.0262592643194     2.42938583412e-05     0.0201810753042    0.0201810753042
2016     CMS_jec_AbsoluteMPFBias     3.62188714773     2.31682558192     4.92729067238     -0.360326402392     0.360420816938    0.360420816938
2016     CMS_jec_AbsoluteMPFBias     0.247272845581     0.248704931699     0.246234337229     0.005791521971     -0.00419984794403    0.005791521971
2016     CMS_jec_AbsoluteMPFBias     0.215639732742     0.205172162918     0.226107302566     -0.048541934693     0.048541934693    0.048541934693
2016     CMS_jec_AbsoluteMPFBias     0.0257398073294     0.0246117581146     0.0273879388534     -0.0438250838613     0.0640304530238    0.0640304530238
2016     CMS_jec_RelativeFSR     3.62188714773     2.9965602246     4.24744898318     -0.172652238358     0.172717097448    0.172717097448
2016     CMS_jec_RelativeFSR     0.247272845581     0.250105416061     0.244801433792     0.0114552427834     -0.00999467524721    0.0114552427834
2016     CMS_jec_RelativeFSR     0.215639732742     0.207993827312     0.223285638173     -0.0354568489457     0.0354568489457    0.0354568489457
2016     CMS_jec_RelativeFSR     0.0257398073294     0.025648330163     0.026351366805     -0.00355391806866     0.0237592872312    0.0237592872312
2016     CMS_scale_sig     3.62188714773     4.32872082643     3.06562527555     0.195156185123     -0.153583435788    0.195156185123
2016     CMS_scale_sig     0.247272845581     0.295089387875     0.209545755923     0.193375629991     -0.152572716058    0.193375629991
2016     CMS_scale_sig     0.215639732742     0.257906849341     0.182457774157     0.196008017914     -0.15387683041    0.196008017914
2016     CMS_scale_sig     0.0257398073294     0.0307522319072     0.0217975562776     0.194734347217     -0.153157752945    0.194734347217
2016     CMS_bTagSF_M     2.20244559021     1.82895114769     2.57594003274     -0.169581688731     0.169581688731    0.169581688731
2016     CMS_bTagSF_M     0.203537003211     0.0495712881132     0.357675144242     -0.756450732147     0.757297879987    0.757297879987
2016     CMS_bTagSF_M     0.162578240201     0.159125718629     0.166030761773     -0.0212360618956     0.0212360618956    0.0212360618956
2016     CMS_bTagSF_M     0.0117980848856     0.00368388406454     0.0202959983545     -0.687755758644     0.720279058114    0.720279058114
2016     CMS_bTagSF_T     2.20244559021     2.20244559021     2.20244559021     0.0     0.0    0.0
2016     CMS_bTagSF_T     0.203537003211     0.203537003211     0.203537003211     0.0     0.0    0.0
2016     CMS_bTagSF_T     0.162578240201     0.162578240201     0.162578240201     0.0     0.0    0.0
2016     CMS_bTagSF_T     0.0117980848856     0.0117980848856     0.0117980848856     0.0     0.0    0.0
2016     CMS_bTagSF_M_corr     2.20244559021     2.0467285216     2.35816265882     -0.0707018912543     0.0707018912543    0.0707018912543
2016     CMS_bTagSF_M_corr     0.203537003211     0.154903598718     0.252170407705     -0.238941341015     0.238941341015    0.238941341015
2016     CMS_bTagSF_M_corr     0.162578240201     0.159142634366     0.166013846035     -0.0211320151469     0.0211320151469    0.0211320151469
2016     CMS_bTagSF_M_corr     0.0117980848856     0.00907239116549     0.0145237786056     -0.231028488649     0.231028488649    0.231028488649
2016     CMS_bTagSF_T_corr     2.20244559021     2.20244559021     2.20244559021     0.0     0.0    0.0
2016     CMS_bTagSF_T_corr     0.203537003211     0.203537003211     0.203537003211     0.0     0.0    0.0
2016     CMS_bTagSF_T_corr     0.162578240201     0.162578240201     0.162578240201     0.0     0.0    0.0
2016     CMS_bTagSF_T_corr     0.0117980848856     0.0117980848856     0.0117980848856     0.0     0.0    0.0
2016     CMS_jer     2.20244559021     2.08762351173     2.317613836     -0.05213390015     0.0522910742046    0.0522910742046
2016     CMS_jer     0.203537003211     0.205636451322     0.2014375551     0.0103148227506     -0.0103148227506    0.0103148227506
2016     CMS_jer     0.162578240201     0.176309922395     0.149018864839     0.0844619930526     -0.0834021536068    0.0844619930526
2016     CMS_jer     0.0117980848856     0.0129428321789     0.01093044591     0.0970282299559     -0.0735406622322    0.0970282299559
2016     CMS_jec     2.20244559021     2.20020477931     2.20570008646     -0.00101741941339     0.00147767384758    0.00147767384758
2016     CMS_jec     0.203537003211     0.204581625079     0.203743257427     0.00513234375791     0.00101334996905    0.00513234375791
2016     CMS_jec     0.162578240201     0.143902932651     0.181508144249     -0.114869662304     0.116435655994    0.116435655994
2016     CMS_jec     0.0117980848856     0.0106852490561     0.0148952929395     -0.0943234296258     0.262517864889    0.262517864889
2016     CMS_bTagSF_bc_T_corr     2.20244559021     2.20244559021     2.20244559021     0.0     0.0    0.0
2016     CMS_bTagSF_bc_T_corr     0.203537003211     0.203537003211     0.203537003211     0.0     0.0    0.0
2016     CMS_bTagSF_bc_T_corr     0.162578240201     0.162578240201     0.162578240201     0.0     0.0    0.0
2016     CMS_bTagSF_bc_T_corr     0.0117980848856     0.0117980848856     0.0117980848856     0.0     0.0    0.0
2016     CMS_bTagSF_light_T_corr     2.20244559021     2.20244559021     2.20244559021     0.0     0.0    0.0
2016     CMS_bTagSF_light_T_corr     0.203537003211     0.203537003211     0.203537003211     0.0     0.0    0.0
2016     CMS_bTagSF_light_T_corr     0.162578240201     0.162578240201     0.162578240201     0.0     0.0    0.0
2016     CMS_bTagSF_light_T_corr     0.0117980848856     0.0117980848856     0.0117980848856     0.0     0.0    0.0
2016     CMS_bTagSF_bc_M_corr     2.20244559021     2.0528761213     2.35201505912     -0.0679106306081     0.0679106306081    0.0679106306081
2016     CMS_bTagSF_bc_M_corr     0.203537003211     0.153156631054     0.253917375369     -0.247524388011     0.247524388011    0.247524388011
2016     CMS_bTagSF_bc_M_corr     0.162578240201     0.161015209696     0.164141270706     -0.00961402032078     0.00961402032078    0.00961402032078
2016     CMS_bTagSF_bc_M_corr     0.0117980848856     0.00894179486085     0.0146543749103     -0.242097768614     0.242097768614    0.242097768614
2016     CMS_bTagSF_light_M_corr     2.20244559021     2.17409340007     2.23079778035     -0.0128730490616     0.0128730490616    0.0128730490616
2016     CMS_bTagSF_light_M_corr     0.203537003211     0.205150918555     0.201923087867     0.00792934610636     -0.00792934610636    0.00792934610636
2016     CMS_bTagSF_light_M_corr     0.162578240201     0.160647963182     0.16450851722     -0.0118729112598     0.0118729112598    0.0118729112598
2016     CMS_bTagSF_light_M_corr     0.0117980848856     0.0119249850799     0.0116711846912     0.0107559994348     -0.0107559994348    0.0107559994348
2016     CMS_bTagSF_bc_T_year     2.20244559021     2.20244559021     2.20244559021     0.0     0.0    0.0
2016     CMS_bTagSF_bc_T_year     0.203537003211     0.203537003211     0.203537003211     0.0     0.0    0.0
2016     CMS_bTagSF_bc_T_year     0.162578240201     0.162578240201     0.162578240201     0.0     0.0    0.0
2016     CMS_bTagSF_bc_T_year     0.0117980848856     0.0117980848856     0.0117980848856     0.0     0.0    0.0
2016     CMS_bTagSF_light_T_year     2.20244559021     2.20244559021     2.20244559021     0.0     0.0    0.0
2016     CMS_bTagSF_light_T_year     0.203537003211     0.203537003211     0.203537003211     0.0     0.0    0.0
2016     CMS_bTagSF_light_T_year     0.162578240201     0.162578240201     0.162578240201     0.0     0.0    0.0
2016     CMS_bTagSF_light_T_year     0.0117980848856     0.0117980848856     0.0117980848856     0.0     0.0    0.0
2016     CMS_bTagSF_bc_M_year     2.20244559021     1.82306888117     2.58182229926     -0.172252477306     0.172252477306    0.172252477306
2016     CMS_bTagSF_bc_M_year     0.203537003211     0.0575718735406     0.349647610408     -0.717142963529     0.717857710843    0.717857710843
2016     CMS_bTagSF_bc_M_year     0.162578240201     0.158220971293     0.166935509109     -0.0268010583861     0.0268010583861    0.0268010583861
2016     CMS_bTagSF_bc_M_year     0.0117980848856     0.00407316324537     0.0199067191736     -0.654760642521     0.687283941991    0.687283941991
2016     CMS_bTagSF_light_M_year     2.20244559021     2.21199084329     2.19290033713     0.00433393365997     -0.00433393365997    0.00433393365997
2016     CMS_bTagSF_light_M_year     0.203537003211     0.198622909401     0.208451097021     -0.0241434910244     0.0241434910244    0.0241434910244
2016     CMS_bTagSF_light_M_year     0.162578240201     0.192010098694     0.133146381708     0.18103196625     -0.18103196625    0.18103196625
2016     CMS_bTagSF_light_M_year     0.0117980848856     0.0115443695583     0.0120518002129     -0.021504789104     0.021504789104    0.021504789104
2016     CMS_jer_eta193     2.20244559021     2.08768761878     2.31754972895     -0.0521047929383     0.0522619669929    0.0522619669929
2016     CMS_jer_eta193     0.203537003211     0.205637894372     0.201436112051     0.0103219126121     -0.0103219126121    0.0103219126121
2016     CMS_jer_eta193     0.162578240201     0.176538501505     0.148790285729     0.0858679567843     -0.0848081173384    0.0858679567843
2016     CMS_jer_eta193     0.0117980848856     0.0129428321789     0.01093044591     0.0970282299559     -0.0735406622322    0.0970282299559
2016     CMS_jer_193eta25     2.20244559021     2.20258368575     2.20230749467     6.27010007639e-05     -6.27010007641e-05    6.27010007641e-05
2016     CMS_jer_193eta25     0.203537003211     0.203535104085     0.203538902338     -9.33062125441e-06     9.3306212543e-06    9.33062125441e-06
2016     CMS_jer_193eta25     0.162578240201     0.163081989789     0.162074490613     0.00309850560321     -0.00309850560321    0.00309850560321
2016     CMS_jer_193eta25     0.0117980848856     0.0117980848856     0.0117980848856     0.0     0.0    0.0
2016     CMS_jec_FlavorQCD     2.20244559021     2.07195130404     2.33341578276     -0.0592497207448     0.0594658016186    0.0594658016186
2016     CMS_jec_FlavorQCD     0.203537003211     0.201433317121     0.205887978978     -0.0103356444155     0.0115506061796    0.0115506061796
2016     CMS_jec_FlavorQCD     0.162578240201     0.160088807984     0.165067672418     -0.0153122103787     0.0153122103787    0.0153122103787
2016     CMS_jec_FlavorQCD     0.0117980848856     0.0117980848856     0.0117980848856     0.0     0.0    0.0
2016     CMS_jec_RelativeBal     2.20244559021     2.07071905023     2.33506619924     -0.0598092141626     0.0602151579202    0.0602151579202
2016     CMS_jec_RelativeBal     0.203537003211     0.201986611786     0.205334684313     -0.0076172460069     0.00883220777095    0.00883220777095
2016     CMS_jec_RelativeBal     0.162578240201     0.158860073254     0.166296407148     -0.0228700159543     0.0228700159543    0.0228700159543
2016     CMS_jec_RelativeBal     0.0117980848856     0.0132179043693     0.0113642653978     0.12034321651     -0.0367703311161    0.12034321651
2016     CMS_jec_Absolute     2.20244559021     1.96422536418     2.44155988529     -0.108161684944     0.108567628701    0.108567628701
2016     CMS_jec_Absolute     0.203537003211     0.203586545313     0.204230360652     0.000243405874116     0.00340654244396    0.00340654244396
2016     CMS_jec_Absolute     0.162578240201     0.157610866796     0.167545613606     -0.0305537407665     0.0305537407665    0.0305537407665
2016     CMS_jec_Absolute     0.0117980848856     0.0116797238081     0.0129024459591     -0.0100322279975     0.0936051133914    0.0936051133914
2016     CMS_jec_BBEC1_year     2.20244559021     2.17880604701     2.22650329609     -0.010733315415     0.0109231782987    0.0109231782987
2016     CMS_jec_BBEC1_year     0.203537003211     0.203541493349     0.203532513074     2.20605464671e-05     -2.20605464674e-05    2.20605464674e-05
2016     CMS_jec_BBEC1_year     0.162578240201     0.162379714319     0.162776766082     -0.0012211097944     0.0012211097944    0.0012211097944
2016     CMS_jec_BBEC1_year     0.0117980848856     0.0117980848856     0.0117980848856     0.0     0.0    0.0
2016     CMS_jec_Absolute_year     2.20244559021     1.95794992853     2.44783532093     -0.111010988315     0.111416932072    0.111416932072
2016     CMS_jec_Absolute_year     0.203537003211     0.201970768233     0.206089289357     -0.00769508715042     0.0125396665236    0.0125396665236
2016     CMS_jec_Absolute_year     0.162578240201     0.157411496296     0.167744984106     -0.0317800457108     0.0317800457108    0.0317800457108
2016     CMS_jec_Absolute_year     0.0117980848856     0.0116797238081     0.0129024459591     -0.0100322279975     0.0936051133914    0.0936051133914
2016     CMS_jec_RelativeSample_year     2.20244559021     1.8436022982     2.5620532122     -0.162929469681     0.16327650662    0.16327650662
2016     CMS_jec_RelativeSample_year     0.203537003211     0.204700234909     0.20262106119     0.00571508708039     -0.00450012531634    0.00571508708039
2016     CMS_jec_RelativeSample_year     0.162578240201     0.159048444156     0.166108036246     -0.0217113682635     0.0217113682635    0.0217113682635
2016     CMS_jec_RelativeSample_year     0.0117980848856     0.0116797238651     0.012902445902     -0.0100322231617     0.0936051085556    0.0936051085556
2016     CMS_pu     2.20244559021     2.2098965362     2.19499464423     0.00338303294191     -0.00338303294191    0.00338303294191
2016     CMS_pu     0.203537003211     0.205814536491     0.201259469931     0.0111897750494     -0.0111897750494    0.0111897750494
2016     CMS_pu     0.162578240201     0.163021522356     0.162134958045     0.00272657740027     -0.00272657740027    0.00272657740027
2016     CMS_pu     0.0117980848856     0.01219786619     0.0113983035812     0.0338852710656     -0.0338852710656    0.0338852710656
2016     CMS_L1Prefiring     2.20244559021     2.19302241023     2.21118506971     -0.00427850750233     0.00396807963802    0.00427850750233
2016     CMS_L1Prefiring     0.203537003211     0.20259958838     0.204424552433     -0.00460562362607     0.00436062832544    0.00460562362607
2016     CMS_L1Prefiring     0.162578240201     0.160451462516     0.164676450427     -0.0130815641868     0.0129058490446    0.0130815641868
2016     CMS_L1Prefiring     0.0117980848856     0.0115427438303     0.0120523494629     -0.0216425850228     0.0215513432704    0.0216425850228
2016     CMS_pdf_sig     2.20244559021     2.28590226499     2.11898899834     0.0378927294061     -0.0378926917604    0.0378927294061
2016     CMS_pdf_sig     0.203537003211     0.211303111801     0.195770890826     0.0381557577624     -0.0381557764095    0.0381557764095
2016     CMS_pdf_sig     0.162578240201     0.168811573929     0.156344905504     0.0383405166681     -0.0383405226279    0.0383405226279
2016     CMS_pdf_sig     0.0117980848856     0.0121421336922     0.0114540360749     0.0291614113653     -0.0291614117056    0.0291614117056
2016     CMS_renorm_sig     2.20244559021     2.20244559021     2.20244559021     0.0     0.0    0.0
2016     CMS_renorm_sig     0.203537003211     0.203537003211     0.203537003211     0.0     0.0    0.0
2016     CMS_renorm_sig     0.162578240201     0.162578240201     0.162578240201     0.0     0.0    0.0
2016     CMS_renorm_sig     0.0117980848856     0.0117980848856     0.0117980848856     0.0     0.0    0.0
2016     CMS_fact_sig     2.20244559021     1.85820925437     2.6408253142     -0.156297316662     0.199042249185    0.199042249185
2016     CMS_fact_sig     0.203537003211     0.172082103795     0.243461758191     -0.154541429418     0.196154774561    0.196154774561
2016     CMS_fact_sig     0.162578240201     0.137210487297     0.194870833425     -0.156034121617     0.198628015556    0.198628015556
2016     CMS_fact_sig     0.0117980848856     0.00999105261532     0.0140874003258     -0.15316318604     0.194041275549    0.194041275549
2016     CMS_jec_AbsoluteCal     2.20244559021     2.10566271394     2.3031043907     -0.0439433676375     0.0457031950898    0.0457031950898
2016     CMS_jec_AbsoluteCal     0.203537003211     0.204415325466     0.202658680956     0.00431529520963     -0.00431529520963    0.00431529520963
2016     CMS_jec_AbsoluteCal     0.162578240201     0.1607222063     0.164434274102     -0.0114162504081     0.0114162504081    0.0114162504081
2016     CMS_jec_AbsoluteCal     0.0117980848856     0.0117980848856     0.0117980848856     0.0     0.0    0.0
2016     CMS_jec_AbsoluteTheory     2.20244559021     1.96422535863     2.44155989084     -0.108161687464     0.108567631222    0.108567631222
2016     CMS_jec_AbsoluteTheory     0.203537003211     0.203586544401     0.204230361564     0.000243401389211     0.00340654692887    0.00340654692887
2016     CMS_jec_AbsoluteTheory     0.162578240201     0.157610866339     0.167545614063     -0.0305537435739     0.0305537435739    0.0305537435739
2016     CMS_jec_AbsoluteTheory     0.0117980848856     0.0116797238081     0.0129024459591     -0.0100322279975     0.0936051133914    0.0936051133914
2016     CMS_jec_AbsolutePU     2.20244559021     2.16075955388     2.24447779385     -0.0189271582997     0.0190843323543    0.0190843323543
2016     CMS_jec_AbsolutePU     0.203537003211     0.203537786401     0.203536220021     3.8479011919e-06     -3.8479011919e-06    3.8479011919e-06
2016     CMS_jec_AbsolutePU     0.162578240201     0.1348055598     0.190350920602     -0.17082655321     0.17082655321    0.17082655321
2016     CMS_jec_AbsolutePU     0.0117980848856     0.0117980848856     0.0117980848856     0.0     0.0    0.0
2016     CMS_jec_AbsoluteScale     2.20244559021     1.96422535863     2.44155989084     -0.108161687464     0.108567631222    0.108567631222
2016     CMS_jec_AbsoluteScale     0.203537003211     0.203586544401     0.204230361564     0.000243401389211     0.00340654692887    0.00340654692887
2016     CMS_jec_AbsoluteScale     0.162578240201     0.157610866339     0.167545614063     -0.0305537435739     0.0305537435739    0.0305537435739
2016     CMS_jec_AbsoluteScale     0.0117980848856     0.0116797238081     0.0129024459591     -0.0100322279975     0.0936051133914    0.0936051133914
2016     CMS_jec_Fragmentation     2.20244559021     2.11285803619     2.29609437023     -0.0406763982803     0.0425203602912    0.0425203602912
2016     CMS_jec_Fragmentation     0.203537003211     0.204415326561     0.202658679861     0.00431530058854     -0.00431530058854    0.00431530058854
2016     CMS_jec_Fragmentation     0.162578240201     0.160784323458     0.164372156944     -0.0110341749324     0.0110341749324    0.0110341749324
2016     CMS_jec_Fragmentation     0.0117980848856     0.0117980848856     0.0117980848856     0.0     0.0    0.0
2016     CMS_jec_AbsoluteMPFBias     2.20244559021     1.96422536418     2.44155988529     -0.108161684944     0.108567628701    0.108567628701
2016     CMS_jec_AbsoluteMPFBias     0.203537003211     0.203586545313     0.204230360652     0.000243405874116     0.00340654244396    0.00340654244396
2016     CMS_jec_AbsoluteMPFBias     0.162578240201     0.157610866796     0.167545613606     -0.0305537407665     0.0305537407665    0.0305537407665
2016     CMS_jec_AbsoluteMPFBias     0.0117980848856     0.0116797238081     0.0129024459591     -0.0100322279975     0.0936051133914    0.0936051133914
2016     CMS_jec_RelativeFSR     2.20244559021     2.20120589339     2.2041611934     -0.000562872848491     0.000778953722349    0.000778953722349
2016     CMS_jec_RelativeFSR     0.203537003211     0.204216660653     0.203317555381     0.00333923282149     -0.00107817166925    0.00333923282149
2016     CMS_jec_RelativeFSR     0.162578240201     0.160519216131     0.164637264271     -0.0126648195188     0.0126648195188    0.0126648195188
2016     CMS_jec_RelativeFSR     0.0117980848856     0.0117980848856     0.0117980848856     0.0     0.0    0.0
2016     CMS_scale_sig     2.20244559021     2.6408253142     1.85820925437     0.199042249185     -0.156297316662    0.199042249185
2016     CMS_scale_sig     0.203537003211     0.243461758191     0.172082103795     0.196154774561     -0.154541429418    0.196154774561
2016     CMS_scale_sig     0.162578240201     0.194870833425     0.137210487297     0.198628015556     -0.156034121617    0.198628015556
2016     CMS_scale_sig     0.0117980848856     0.0140874003258     0.00999105261532     0.194041275549     -0.15316318604    0.194041275549
2017     CMS_bTagSF_M     1630.95884924     1734.49314227     1527.42455622     0.0634806286348     -0.0634806286348    0.0634806286348
2017     CMS_bTagSF_M     2298.08984578     2200.79816968     2395.38152187     -0.0423358887695     0.0423358887695    0.0423358887695
2017     CMS_bTagSF_M     1209.07283158     1285.93574791     1132.20991526     0.0635717835335     -0.0635717835335    0.0635717835335
2017     CMS_bTagSF_M     2297.30819544     2217.9051013     2376.71128957     -0.0345635358326     0.0345635358326    0.0345635358326
2017     CMS_bTagSF_T     1630.95884924     1630.95884924     1630.95884924     0.0     0.0    0.0
2017     CMS_bTagSF_T     2298.08984578     2298.08984578     2298.08984578     0.0     0.0    0.0
2017     CMS_bTagSF_T     1209.07283158     1209.07283158     1209.07283158     0.0     0.0    0.0
2017     CMS_bTagSF_T     2297.30819544     2297.30819544     2297.30819544     0.0     0.0    0.0
2017     CMS_bTagSF_M_corr     1630.95884924     1714.25873724     1547.65896124     0.0510741813258     -0.0510741813258    0.0510741813258
2017     CMS_bTagSF_M_corr     2298.08984578     2208.20619907     2387.97349248     -0.0391123292553     0.0391123292553    0.0391123292553
2017     CMS_bTagSF_M_corr     1209.07283158     1269.44254066     1148.7031225     0.0499305811034     -0.0499305811034    0.0499305811034
2017     CMS_bTagSF_M_corr     2297.30819544     2233.09297491     2361.52341597     -0.0279523751569     0.0279523751569    0.0279523751569
2017     CMS_bTagSF_T_corr     1630.95884924     1630.95884924     1630.95884924     0.0     0.0    0.0
2017     CMS_bTagSF_T_corr     2298.08984578     2298.08984578     2298.08984578     0.0     0.0    0.0
2017     CMS_bTagSF_T_corr     1209.07283158     1209.07283158     1209.07283158     0.0     0.0    0.0
2017     CMS_bTagSF_T_corr     2297.30819544     2297.30819544     2297.30819544     0.0     0.0    0.0
2017     CMS_jer     1630.95884924     1646.46798131     1615.44971718     0.00950921114553     -0.00950921114553    0.00950921114553
2017     CMS_jer     2298.08984578     2335.45845102     2260.72124054     0.0162607242318     -0.0162607242318    0.0162607242318
2017     CMS_jer     1209.07283158     1209.5499859     1208.59567727     0.000394644808688     -0.000394644808688    0.000394644808688
2017     CMS_jer     2297.30819544     2309.12518852     2285.49120235     0.00514384317451     -0.00514384317451    0.00514384317451
2017     CMS_jec     1630.95884924     1728.26136707     1533.65633142     0.0596597013285     -0.0596597013285    0.0596597013285
2017     CMS_jec     2298.08984578     2440.87509988     2155.30459168     0.0621321461233     -0.0621321461233    0.0621321461233
2017     CMS_jec     1209.07283158     1280.41348963     1137.73217353     0.0590044339633     -0.0590044339633    0.0590044339633
2017     CMS_jec     2297.30819544     2414.02975833     2180.58663254     0.0508079687022     -0.0508079687022    0.0508079687022
2017     CMS_bTagSF_bc_T_corr     1630.95884924     1630.95884924     1630.95884924     0.0     0.0    0.0
2017     CMS_bTagSF_bc_T_corr     2298.08984578     2298.08984578     2298.08984578     0.0     0.0    0.0
2017     CMS_bTagSF_bc_T_corr     1209.07283158     1209.07283158     1209.07283158     0.0     0.0    0.0
2017     CMS_bTagSF_bc_T_corr     2297.30819544     2297.30819544     2297.30819544     0.0     0.0    0.0
2017     CMS_bTagSF_light_T_corr     1630.95884924     1630.95884924     1630.95884924     0.0     0.0    0.0
2017     CMS_bTagSF_light_T_corr     2298.08984578     2298.08984578     2298.08984578     0.0     0.0    0.0
2017     CMS_bTagSF_light_T_corr     1209.07283158     1209.07283158     1209.07283158     0.0     0.0    0.0
2017     CMS_bTagSF_light_T_corr     2297.30819544     2297.30819544     2297.30819544     0.0     0.0    0.0
2017     CMS_bTagSF_bc_M_corr     1630.95884924     1697.63313158     1564.28456691     0.0408804197409     -0.0408804197409    0.0408804197409
2017     CMS_bTagSF_bc_M_corr     2298.08984578     2235.5794999     2360.60019166     -0.0272010017347     0.0272010017347    0.0272010017347
2017     CMS_bTagSF_bc_M_corr     1209.07283158     1249.36120774     1168.78445542     0.0333217115705     -0.0333217115705    0.0333217115705
2017     CMS_bTagSF_bc_M_corr     2297.30819544     2255.79961638     2338.81677449     -0.0180683545783     0.0180683545783    0.0180683545783
2017     CMS_bTagSF_light_M_corr     1630.95884924     1647.86145455     1614.05624393     0.0103636001111     -0.0103636001111    0.0103636001111
2017     CMS_bTagSF_light_M_corr     2298.08984578     2273.23442043     2322.94527112     -0.0108156891222     0.0108156891222    0.0108156891222
2017     CMS_bTagSF_light_M_corr     1209.07283158     1228.48859431     1189.65706886     0.0160583897157     -0.0160583897157    0.0160583897157
2017     CMS_bTagSF_light_M_corr     2297.30819544     2275.11904646     2319.49734442     -0.00965876020624     0.00965876020623    0.00965876020624
2017     CMS_bTagSF_bc_T_year     1630.95884924     1630.95884924     1630.95884924     0.0     0.0    0.0
2017     CMS_bTagSF_bc_T_year     2298.08984578     2298.08984578     2298.08984578     0.0     0.0    0.0
2017     CMS_bTagSF_bc_T_year     1209.07283158     1209.07283158     1209.07283158     0.0     0.0    0.0
2017     CMS_bTagSF_bc_T_year     2297.30819544     2297.30819544     2297.30819544     0.0     0.0    0.0
2017     CMS_bTagSF_light_T_year     1630.95884924     1630.95884924     1630.95884924     0.0     0.0    0.0
2017     CMS_bTagSF_light_T_year     2298.08984578     2298.08984578     2298.08984578     0.0     0.0    0.0
2017     CMS_bTagSF_light_T_year     1209.07283158     1209.07283158     1209.07283158     0.0     0.0    0.0
2017     CMS_bTagSF_light_T_year     2297.30819544     2297.30819544     2297.30819544     0.0     0.0    0.0
2017     CMS_bTagSF_bc_M_year     1630.95884924     1700.85054684     1561.06715165     0.0428531336812     -0.0428531336812    0.0428531336812
2017     CMS_bTagSF_bc_M_year     2298.08984578     2232.89568025     2363.28401131     -0.0283688497432     0.0283688497432    0.0283688497432
2017     CMS_bTagSF_bc_M_year     1209.07283158     1257.70751638     1160.43814678     0.0402247768143     -0.0402247768143    0.0402247768143
2017     CMS_bTagSF_bc_M_year     2297.30819544     2246.63447802     2347.98191285     -0.0220578664698     0.0220578664698    0.0220578664698
2017     CMS_bTagSF_light_M_year     1630.95884924     1664.45611564     1597.46158285     0.0205383884514     -0.0205383884514    0.0205383884514
2017     CMS_bTagSF_light_M_year     2298.08984578     2266.68794421     2329.49174735     -0.0136643489498     0.0136643489498    0.0136643489498
2017     CMS_bTagSF_light_M_year     1209.07283158     1237.29921172     1180.84645144     0.0233454754796     -0.0233454754796    0.0233454754796
2017     CMS_bTagSF_light_M_year     2297.30819544     2269.00804741     2325.60834346     -0.0123188295235     0.0123188295235    0.0123188295235
2017     CMS_jer_eta193     1630.95884924     1649.35810461     1612.55959387     0.0112812505226     -0.0112812505226    0.0112812505226
2017     CMS_jer_eta193     2298.08984578     2326.46605478     2269.71363678     0.012347736993     -0.012347736993    0.012347736993
2017     CMS_jer_eta193     1209.07283158     1212.06945124     1206.07621192     0.0024784442924     -0.0024784442924    0.0024784442924
2017     CMS_jer_eta193     2297.30819544     2313.25853713     2281.35785374     0.00694305697593     -0.00694305697593    0.00694305697593
2017     CMS_jer_193eta25     1630.95884924     1627.86122516     1634.05647332     -0.00189926562565     0.00189926562565    0.00189926562565
2017     CMS_jer_193eta25     2298.08984578     2299.19467349     2296.98501807     0.000480759146199     -0.0004807591462    0.0004807591462
2017     CMS_jer_193eta25     1209.07283158     1207.38421604     1210.76144713     -0.00139662020535     0.00139662020535    0.00139662020535
2017     CMS_jer_193eta25     2297.30819544     2293.39108153     2301.22530934     -0.00170508855287     0.00170508855287    0.00170508855287
2017     CMS_jec_FlavorQCD     1630.95884924     1667.37977731     1594.53792117     0.02233099142     -0.02233099142    0.02233099142
2017     CMS_jec_FlavorQCD     2298.08984578     2353.12460651     2243.05508505     0.0239480457353     -0.0239480457353    0.0239480457353
2017     CMS_jec_FlavorQCD     1209.07283158     1229.79351194     1188.35215122     0.0171376610388     -0.0171376610388    0.0171376610388
2017     CMS_jec_FlavorQCD     2297.30819544     2334.87466935     2259.74172152     0.0163523875401     -0.0163523875401    0.0163523875401
2017     CMS_jec_RelativeBal     1630.95884924     1646.65832793     1615.25937056     0.00962591955912     -0.00962591955911    0.00962591955912
2017     CMS_jec_RelativeBal     2298.08984578     2325.2334679     2270.94622365     0.0118113842136     -0.0118113842136    0.0118113842136
2017     CMS_jec_RelativeBal     1209.07283158     1220.49418837     1197.65147479     0.00944637617295     -0.00944637617295    0.00944637617295
2017     CMS_jec_RelativeBal     2297.30819544     2316.43716301     2278.17922786     0.00832668756239     -0.00832668756239    0.00832668756239
2017     CMS_jec_Absolute     1630.95884924     1692.68046773     1569.23723076     0.0378437619758     -0.0378437619758    0.0378437619758
2017     CMS_jec_Absolute     2298.08984578     2394.05786485     2202.12182671     0.0417599073626     -0.0417599073626    0.0417599073626
2017     CMS_jec_Absolute     1209.07283158     1257.96128776     1160.1843754     0.0404346660533     -0.0404346660533    0.0404346660533
2017     CMS_jec_Absolute     2297.30819544     2388.11349084     2206.50290003     0.03952682343     -0.03952682343    0.03952682343
2017     CMS_jec_BBEC1_year     1630.95884924     1645.02390016     1616.89379832     0.00862379264026     -0.00862379264026    0.00862379264026
2017     CMS_jec_BBEC1_year     2298.08984578     2326.1083329     2270.07135866     0.0121920764631     -0.0121920764631    0.0121920764631
2017     CMS_jec_BBEC1_year     1209.07283158     1219.67156307     1198.47410009     0.008765999211     -0.008765999211    0.008765999211
2017     CMS_jec_BBEC1_year     2297.30819544     2319.49640209     2275.11998878     0.00965835002019     -0.00965835002019    0.00965835002019
2017     CMS_jec_Absolute_year     1630.95884924     1652.08338715     1609.83431133     0.0129522200501     -0.0129522200501    0.0129522200501
2017     CMS_jec_Absolute_year     2298.08984578     2326.30216933     2269.87752222     0.012276423224     -0.012276423224    0.012276423224
2017     CMS_jec_Absolute_year     1209.07283158     1221.78435994     1196.36130322     0.010513451323     -0.010513451323    0.010513451323
2017     CMS_jec_Absolute_year     2297.30819544     2317.57333246     2277.04305841     0.00882125309326     -0.00882125309326    0.00882125309326
2017     CMS_jec_RelativeSample_year     1630.95884924     1669.23082029     1592.6868782     0.0234659329766     -0.0234659329765    0.0234659329766
2017     CMS_jec_RelativeSample_year     2298.08984578     2368.59067986     2227.5890117     0.0306780147043     -0.0306780147043    0.0306780147043
2017     CMS_jec_RelativeSample_year     1209.07283158     1237.60916056     1180.53650261     0.0236018279697     -0.0236018279697    0.0236018279697
2017     CMS_jec_RelativeSample_year     2297.30819544     2353.0611648     2241.55522607     0.0242688244759     -0.0242688244759    0.0242688244759
2017     CMS_pu     1630.95884924     1645.90239595     1616.01530253     0.00916243025703     -0.00916243025703    0.00916243025703
2017     CMS_pu     2298.08984578     2314.27748507     2281.90220649     0.0070439540563     -0.0070439540563    0.0070439540563
2017     CMS_pu     1209.07283158     1216.34707687     1201.7985863     0.00601638304704     -0.00601638304704    0.00601638304704
2017     CMS_pu     2297.30819544     2292.42240553     2302.19398535     -0.00212674551891     0.0021267455189    0.00212674551891
2017     CMS_topPt     1630.95884924     1625.38862579     1630.95884924     -0.00341530594603     0.0    0.00341530594603
2017     CMS_topPt     2298.08984578     2297.81398612     2298.08984578     -0.000120038674503     0.0    0.000120038674503
2017     CMS_topPt     1209.07283158     1208.06873813     1209.07283158     -0.000830465643233     0.0    0.000830465643233
2017     CMS_topPt     2297.30819544     2297.23257822     2297.30819544     -3.29155720733e-05     0.0    3.29155720733e-05
2017     CMS_L1Prefiring     1630.95884924     1620.04310936     1641.77644906     -0.00669283586922     0.00663266263665    0.00669283586922
2017     CMS_L1Prefiring     2298.08984578     2282.78584617     2314.11568021     -0.00665944355208     0.00697354564366    0.00697354564366
2017     CMS_L1Prefiring     1209.07283158     1200.1947714     1217.92127486     -0.0073428663274     0.00731837077983    0.0073428663274
2017     CMS_L1Prefiring     2297.30819544     2281.3955945     2313.3372833     -0.00692662872641     0.00697733455881    0.00697733455881
2017     CMS_pdf_allBR     1630.95884924     1666.12210473     1596.45215508     0.0215598667642     -0.0211573052106    0.0215598667642
2017     CMS_pdf_allBR     2298.08984578     2344.50263186     2253.4783406     0.0201962452289     -0.0194124286568    0.0201962452289
2017     CMS_pdf_allBR     1209.07283158     1232.39195236     1185.76083944     0.0192867792337     -0.019280883277    0.0192867792337
2017     CMS_pdf_allBR     2297.30819544     2335.67370278     2259.27036522     0.0167002004437     -0.0165575651928    0.0167002004437
2017     CMS_renorm_allBR     1630.95884924     1510.06423788     1775.51629883     -0.0741248691979     0.0886334131909    0.0886334131909
2017     CMS_renorm_allBR     2298.08984578     2129.941974     2496.04451396     -0.0731685369408     0.086138785456    0.086138785456
2017     CMS_renorm_allBR     1209.07283158     1122.05547244     1312.22757109     -0.0719703204578     0.0853172255727    0.0853172255727
2017     CMS_renorm_allBR     2297.30819544     2130.07334285     2493.78605327     -0.0727960022587     0.0855252500391    0.0855252500391
2017     CMS_fact_allBR     1630.95884924     1409.21219591     1912.33746244     -0.135960912462     0.172523428978    0.172523428978
2017     CMS_fact_allBR     2298.08984578     1987.27187664     2691.18023909     -0.135250573302     0.171050924766    0.171050924766
2017     CMS_fact_allBR     1209.07283158     1051.09668755     1407.90470051     -0.130658914756     0.164449869132    0.164449869132
2017     CMS_fact_allBR     2297.30819544     1993.73771077     2679.71243183     -0.132141819399     0.166457525011    0.166457525011
2017     CMS_jec_AbsoluteCal     1630.95884924     1648.64420088     1613.2734976     0.0108435302635     -0.0108435302635    0.0108435302635
2017     CMS_jec_AbsoluteCal     2298.08984578     2320.44397245     2275.73571911     0.00972726401917     -0.00972726401917    0.00972726401917
2017     CMS_jec_AbsoluteCal     1209.07283158     1221.0542422     1197.09142097     0.00990958551086     -0.00990958551086    0.00990958551086
2017     CMS_jec_AbsoluteCal     2297.30819544     2323.13059507     2271.4857958     0.0112402853405     -0.0112402853405    0.0112402853405
2017     CMS_jec_AbsoluteTheory     1630.95884924     1692.28872477     1569.62897372     0.0376035701645     -0.0376035701645    0.0376035701645
2017     CMS_jec_AbsoluteTheory     2298.08984578     2394.84545023     2201.33424132     0.0421026204146     -0.0421026204146    0.0421026204146
2017     CMS_jec_AbsoluteTheory     1209.07283158     1257.74538207     1160.4002811     0.0402560947638     -0.0402560947638    0.0402560947638
2017     CMS_jec_AbsoluteTheory     2297.30819544     2388.11985148     2206.49653939     0.0395295921672     -0.0395295921672    0.0395295921672
2017     CMS_jec_AbsolutePU     1630.95884924     1657.44845056     1604.46924793     0.0162417349334     -0.0162417349334    0.0162417349334
2017     CMS_jec_AbsolutePU     2298.08984578     2340.42380066     2255.75589089     0.0184213663197     -0.0184213663197    0.0184213663197
2017     CMS_jec_AbsolutePU     1209.07283158     1222.2476404     1195.89802276     0.0108966213396     -0.0108966213396    0.0108966213396
2017     CMS_jec_AbsolutePU     2297.30819544     2316.69937743     2277.91701344     0.00844082741394     -0.00844082741394    0.00844082741394
2017     CMS_jec_AbsoluteScale     1630.95884924     1692.28872477     1569.62897372     0.0376035701645     -0.0376035701645    0.0376035701645
2017     CMS_jec_AbsoluteScale     2298.08984578     2394.84545023     2201.33424132     0.0421026204146     -0.0421026204146    0.0421026204146
2017     CMS_jec_AbsoluteScale     1209.07283158     1257.74538207     1160.4002811     0.0402560947638     -0.0402560947638    0.0402560947638
2017     CMS_jec_AbsoluteScale     2297.30819544     2388.11985148     2206.49653939     0.0395295921672     -0.0395295921672    0.0395295921672
2017     CMS_jec_Fragmentation     1630.95884924     1641.62067127     1620.29702722     0.00653714962378     -0.00653714962378    0.00653714962378
2017     CMS_jec_Fragmentation     2298.08984578     2307.42348348     2288.75620808     0.00406147641175     -0.00406147641175    0.00406147641175
2017     CMS_jec_Fragmentation     1209.07283158     1212.38424483     1205.76141834     0.0027388037837     -0.0027388037837    0.0027388037837
2017     CMS_jec_Fragmentation     2297.30819544     2310.68758898     2283.92880189     0.00582394367958     -0.00582394367958    0.00582394367958
2017     CMS_jec_AbsoluteMPFBias     1630.95884924     1692.28872477     1569.62897372     0.0376035701645     -0.0376035701645    0.0376035701645
2017     CMS_jec_AbsoluteMPFBias     2298.08984578     2394.84545023     2201.33424132     0.0421026204146     -0.0421026204146    0.0421026204146
2017     CMS_jec_AbsoluteMPFBias     1209.07283158     1257.74538207     1160.4002811     0.0402560947638     -0.0402560947638    0.0402560947638
2017     CMS_jec_AbsoluteMPFBias     2297.30819544     2388.11985148     2206.49653939     0.0395295921672     -0.0395295921672    0.0395295921672
2017     CMS_jec_RelativeFSR     1630.95884924     1651.688123     1610.22957548     0.0127098692715     -0.0127098692715    0.0127098692715
2017     CMS_jec_RelativeFSR     2298.08984578     2329.24568039     2266.93401116     0.0135572743917     -0.0135572743917    0.0135572743917
2017     CMS_jec_RelativeFSR     1209.07283158     1216.03684634     1202.10881683     0.00575979756822     -0.00575979756822    0.00575979756822
2017     CMS_jec_RelativeFSR     2297.30819544     2315.90201764     2278.71437324     0.00809374303249     -0.00809374303249    0.00809374303249
2017     CMS_scale_allBR     1630.95884924     2083.68847536     1302.27886726     0.27758494724     -0.201525613065    0.27758494724
2017     CMS_scale_allBR     2298.08984578     2923.08830609     1841.69757041     0.27196432788     -0.198596358713    0.27196432788
2017     CMS_scale_allBR     1209.07283158     1529.19390633     973.43800594     0.264765749746     -0.194888859866    0.264765749746
2017     CMS_scale_allBR     2297.30819544     2908.96681589     1848.57081129     0.266250136427     -0.195331817052    0.266250136427
2017     CMS_bTagSF_M     804.113537547     823.657483917     784.569591177     0.0243049587622     -0.0243049587622    0.0243049587622
2017     CMS_bTagSF_M     19.032063514     8.31765206693     29.746474961     -0.56296635618     0.56296635618    0.56296635618
2017     CMS_bTagSF_M     137.346037063     145.717628287     128.97444584     0.0609525502304     -0.0609525502304    0.0609525502304
2017     CMS_bTagSF_M     6.12834842833     3.63500663615     8.6216902205     -0.406853791252     0.406853791252    0.406853791252
2017     CMS_bTagSF_T     804.113537547     804.113537547     804.113537547     0.0     0.0    0.0
2017     CMS_bTagSF_T     19.032063514     19.032063514     19.032063514     0.0     0.0    0.0
2017     CMS_bTagSF_T     137.346037063     137.346037063     137.346037063     0.0     0.0    0.0
2017     CMS_bTagSF_T     6.12834842833     6.12834842833     6.12834842833     0.0     0.0    0.0
2017     CMS_bTagSF_M_corr     804.113537547     821.231310081     786.995765013     0.0212877556897     -0.0212877556897    0.0212877556897
2017     CMS_bTagSF_M_corr     19.032063514     10.5159493599     27.5912339037     -0.447461419398     0.449723719313    0.449723719313
2017     CMS_bTagSF_M_corr     137.346037063     145.962008087     128.73006604     0.0627318502054     -0.0627318502054    0.0627318502054
2017     CMS_bTagSF_M_corr     6.12834842833     4.0994221453     8.15727471135     -0.331072279384     0.331072279384    0.331072279384
2017     CMS_bTagSF_T_corr     804.113537547     804.113537547     804.113537547     0.0     0.0    0.0
2017     CMS_bTagSF_T_corr     19.032063514     19.032063514     19.032063514     0.0     0.0    0.0
2017     CMS_bTagSF_T_corr     137.346037063     137.346037063     137.346037063     0.0     0.0    0.0
2017     CMS_bTagSF_T_corr     6.12834842833     6.12834842833     6.12834842833     0.0     0.0    0.0
2017     CMS_jer     804.113537547     801.418983242     806.808091853     -0.00335096249463     0.00335096249463    0.00335096249463
2017     CMS_jer     19.032063514     18.6829482448     19.521293706     -0.0183435321631     0.0257055779427    0.0257055779427
2017     CMS_jer     137.346037063     142.929002684     131.7823042     0.0406489021449     -0.0405088707518    0.0406489021449
2017     CMS_jer     6.12834842833     6.21621483003     6.10097091149     0.014337696809     -0.00446735644309    0.014337696809
2017     CMS_jec     804.113537547     840.36764784     767.882041564     0.0450858101499     -0.04505768687    0.0450858101499
2017     CMS_jec     19.032063514     18.9013841858     19.4344381829     -0.00686627217755     0.0211419360076    0.0211419360076
2017     CMS_jec     137.346037063     155.889348773     118.968561143     0.135011625427     -0.133804194962    0.135011625427
2017     CMS_jec     6.12834842833     5.35997313654     6.93754718365     -0.125380483956     0.132041897549    0.132041897549
2017     CMS_bTagSF_bc_T_corr     804.113537547     804.113537547     804.113537547     0.0     0.0    0.0
2017     CMS_bTagSF_bc_T_corr     19.032063514     19.032063514     19.032063514     0.0     0.0    0.0
2017     CMS_bTagSF_bc_T_corr     137.346037063     137.346037063     137.346037063     0.0     0.0    0.0
2017     CMS_bTagSF_bc_T_corr     6.12834842833     6.12834842833     6.12834842833     0.0     0.0    0.0
2017     CMS_bTagSF_light_T_corr     804.113537547     804.113537547     804.113537547     0.0     0.0    0.0
2017     CMS_bTagSF_light_T_corr     19.032063514     19.032063514     19.032063514     0.0     0.0    0.0
2017     CMS_bTagSF_light_T_corr     137.346037063     137.346037063     137.346037063     0.0     0.0    0.0
2017     CMS_bTagSF_light_T_corr     6.12834842833     6.12834842833     6.12834842833     0.0     0.0    0.0
2017     CMS_bTagSF_bc_M_corr     804.113537547     832.901375435     775.325699659     0.0358007128893     -0.0358007128893    0.0358007128893
2017     CMS_bTagSF_bc_M_corr     19.032063514     10.2534230747     27.8107039532     -0.46125531437     0.46125531437    0.46125531437
2017     CMS_bTagSF_bc_M_corr     137.346037063     144.740971594     129.951102533     0.0538416301544     -0.0538416301544    0.0538416301544
2017     CMS_bTagSF_bc_M_corr     6.12834842833     3.91252145459     8.34417540207     -0.361570005304     0.361570005304    0.361570005304
2017     CMS_bTagSF_light_M_corr     804.113537547     805.286447814     802.94062728     0.00145863763318     -0.00145863763318    0.00145863763318
2017     CMS_bTagSF_light_M_corr     19.032063514     19.470159338     18.7465772413     0.0230188294466     -0.0150002795276    0.0230188294466
2017     CMS_bTagSF_light_M_corr     137.346037063     137.599271535     137.092802592     0.00184376977358     -0.00184376977358    0.00184376977358
2017     CMS_bTagSF_light_M_corr     6.12834842833     6.28833720554     5.96835965112     0.0261063448139     -0.0261063448139    0.0261063448139
2017     CMS_bTagSF_bc_T_year     804.113537547     804.113537547     804.113537547     0.0     0.0    0.0
2017     CMS_bTagSF_bc_T_year     19.032063514     19.032063514     19.032063514     0.0     0.0    0.0
2017     CMS_bTagSF_bc_T_year     137.346037063     137.346037063     137.346037063     0.0     0.0    0.0
2017     CMS_bTagSF_bc_T_year     6.12834842833     6.12834842833     6.12834842833     0.0     0.0    0.0
2017     CMS_bTagSF_light_T_year     804.113537547     804.113537547     804.113537547     0.0     0.0    0.0
2017     CMS_bTagSF_light_T_year     19.032063514     19.032063514     19.032063514     0.0     0.0    0.0
2017     CMS_bTagSF_light_T_year     137.346037063     137.346037063     137.346037063     0.0     0.0    0.0
2017     CMS_bTagSF_light_T_year     6.12834842833     6.12834842833     6.12834842833     0.0     0.0    0.0
2017     CMS_bTagSF_bc_M_year     804.113537547     826.214997222     782.012077872     0.0274854963171     -0.0274854963171    0.0274854963171
2017     CMS_bTagSF_bc_M_year     19.032063514     8.62618308567     29.4379439423     -0.546755238635     0.546755238635    0.546755238635
2017     CMS_bTagSF_bc_M_year     137.346037063     145.315791813     129.376282314     0.0580268271257     -0.0580268271257    0.0580268271257
2017     CMS_bTagSF_bc_M_year     6.12834842833     3.7446638805     8.51203297615     -0.38896034971     0.38896034971    0.38896034971
2017     CMS_bTagSF_light_M_year     804.113537547     800.549429021     807.677646073     -0.00443234488639     0.00443234488639    0.00443234488639
2017     CMS_bTagSF_light_M_year     19.032063514     18.5751737557     19.4889532722     -0.024006317439     0.024006317439    0.024006317439
2017     CMS_bTagSF_light_M_year     137.346037063     137.50427965     137.187794477     0.00115214526572     -0.00115214526572    0.00115214526572
2017     CMS_bTagSF_light_M_year     6.12834842833     6.04666571592     6.21003114074     -0.0133286665025     0.0133286665025    0.0133286665025
2017     CMS_jer_eta193     804.113537547     801.253559334     806.97351576     -0.00355668457179     0.00355668457179    0.00355668457179
2017     CMS_jer_eta193     19.032063514     18.6829482448     19.521293706     -0.0183435321631     0.0257055779427    0.0257055779427
2017     CMS_jer_eta193     137.346037063     142.92848879     131.782818093     0.0406451605472     -0.0405051291542    0.0406451605472
2017     CMS_jer_eta193     6.12834842833     6.2162722387     6.10091350282     0.0143470645315     -0.00447672416558    0.0143470645315
2017     CMS_jer_193eta25     804.113537547     804.141415465     804.08565963     3.46691307169e-05     -3.46691307173e-05    3.46691307173e-05
2017     CMS_jer_193eta25     19.032063514     18.9132580458     19.1508689822     -0.00624238502066     0.00624238502066    0.00624238502066
2017     CMS_jer_193eta25     137.346037063     137.362532844     137.329541283     0.000120103798594     -0.000120103798594    0.000120103798594
2017     CMS_jer_193eta25     6.12834842833     6.12829101966     6.128405837     -9.3677224946e-06     9.36772249482e-06    9.36772249482e-06
2017     CMS_jec_FlavorQCD     804.113537547     816.039562083     792.187513011     0.0148312694402     -0.0148312694402    0.0148312694402
2017     CMS_jec_FlavorQCD     19.032063514     19.3262727956     18.824792348     0.0154586117998     -0.010890630217    0.0154586117998
2017     CMS_jec_FlavorQCD     137.346037063     140.381852719     134.310221408     0.0221034091741     -0.0221034091741    0.0221034091741
2017     CMS_jec_FlavorQCD     6.12834842833     5.73773434759     6.51896250906     -0.0637388825559     0.0637388825559    0.0637388825559
2017     CMS_jec_RelativeBal     804.113537547     811.543041666     796.684033428     0.0092393720189     -0.0092393720189    0.0092393720189
2017     CMS_jec_RelativeBal     19.032063514     18.5562873539     19.507839674     -0.0249986639494     0.0249986639494    0.0249986639494
2017     CMS_jec_RelativeBal     137.346037063     139.300895347     135.39117878     0.0142330883737     -0.0142330883737    0.0142330883737
2017     CMS_jec_RelativeBal     6.12834842833     6.28559822309     5.97109863356     0.0256594083389     -0.0256594083389    0.0256594083389
2017     CMS_jec_Absolute     804.113537547     828.957034424     779.27004067     0.0308955088017     -0.0308955088017    0.0308955088017
2017     CMS_jec_Absolute     19.032063514     18.6089877852     19.7334015612     -0.0222296299334     0.0368503418829    0.0368503418829
2017     CMS_jec_Absolute     137.346037063     157.225870043     117.573867117     0.144742676267     -0.143958794655    0.144742676267
2017     CMS_jec_Absolute     6.12834842833     6.18823241927     6.10928790091     0.00977163613367     -0.00311022254022    0.00977163613367
2017     CMS_jec_BBEC1_year     804.113537547     812.290889271     795.936185824     0.0101693993965     -0.0101693993965    0.0101693993965
2017     CMS_jec_BBEC1_year     19.032063514     19.0026420445     19.0614849835     -0.00154588962308     0.00154588962308    0.00154588962308
2017     CMS_jec_BBEC1_year     137.346037063     140.91581129     133.776262837     0.0259910974     -0.0259910974    0.0259910974
2017     CMS_jec_BBEC1_year     6.12834842833     6.12829097452     6.12840588214     -9.37508928267e-06     9.37508928289e-06    9.37508928289e-06
2017     CMS_jec_Absolute_year     804.113537547     825.546712017     782.680363077     0.026654413176     -0.026654413176    0.026654413176
2017     CMS_jec_Absolute_year     19.032063514     18.4873871504     19.5767398775     -0.0286188811393     0.0286188811393    0.0286188811393
2017     CMS_jec_Absolute_year     137.346037063     141.149204837     133.54286929     0.0276904077822     -0.0276904077822    0.0276904077822
2017     CMS_jec_Absolute_year     6.12834842833     5.97622877123     6.32129154896     -0.0248222924793     0.0314837060727    0.0314837060727
2017     CMS_jec_RelativeSample_year     804.113537547     814.580289061     793.646786034     0.0130165095159     -0.0130165095159    0.0130165095159
2017     CMS_jec_RelativeSample_year     19.032063514     18.5552324917     19.720437435     -0.0250540894788     0.0361691689677    0.0361691689677
2017     CMS_jec_RelativeSample_year     137.346037063     164.170670383     110.629371808     0.195306933441     -0.194520830938    0.195306933441
2017     CMS_jec_RelativeSample_year     6.12834842833     5.97189997719     6.325620343     -0.0255286482113     0.0321900618048    0.0321900618048
2017     CMS_pu     804.113537547     804.016449844     804.21062525     -0.000120738799547     0.000120738799547    0.000120738799547
2017     CMS_pu     19.032063514     18.7821886225     19.3422353218     -0.0131291539281     0.0162973293771    0.0162973293771
2017     CMS_pu     137.346037063     132.308399635     142.383674492     -0.0366784330779     0.0366784330779    0.0366784330779
2017     CMS_pu     6.12834842833     6.39771559934     5.85898125732     0.0439542846108     -0.0439542846108    0.0439542846108
2017     CMS_L1Prefiring     804.113537547     801.777002037     806.477986767     -0.002905728359     0.00294044200086    0.00294044200086
2017     CMS_L1Prefiring     19.032063514     18.9645695293     19.0980575219     -0.00354633036278     0.00346751721716    0.00354633036278
2017     CMS_L1Prefiring     137.346037063     136.608221645     138.103573759     -0.00537194544772     0.00551553369348    0.00551553369348
2017     CMS_L1Prefiring     6.12834842833     6.10095308261     6.15515614526     -0.00447026569035     0.00437437871576    0.00447026569035
2017     CMS_pdf_sig     804.113537547     807.87875152     800.348194648     0.00468244072117     -0.00468260105444    0.00468260105444
2017     CMS_pdf_sig     19.032063514     19.127831597     18.9362949763     0.00503193376314     -0.00503195765203    0.00503195765203
2017     CMS_pdf_sig     137.346037063     138.076515485     136.615570533     0.00531852564996     -0.0053184390784    0.00531852564996
2017     CMS_pdf_sig     6.12834842833     6.15769775438     6.09899909026     0.00478910858136     -0.00478911054273    0.00478911054273
2017     CMS_renorm_sig     804.113537547     804.113537547     804.113537547     0.0     0.0    0.0
2017     CMS_renorm_sig     19.032063514     19.032063514     19.032063514     0.0     0.0    0.0
2017     CMS_renorm_sig     137.346037063     137.346037063     137.346037063     0.0     0.0    0.0
2017     CMS_renorm_sig     6.12834842833     6.12834842833     6.12834842833     0.0     0.0    0.0
2017     CMS_fact_sig     804.113537547     726.944318613     895.481300972     -0.0959680633778     0.113625451082    0.113625451082
2017     CMS_fact_sig     19.032063514     17.2100722066     21.1872071569     -0.0957327252503     0.113237518429    0.113237518429
2017     CMS_fact_sig     137.346037063     123.959302785     153.23286823     -0.0974672044779     0.115670109645    0.115670109645
2017     CMS_fact_sig     6.12834842833     5.53889716579     6.82647712466     -0.0961843585477     0.113917918424    0.113917918424
2017     CMS_jec_AbsoluteCal     804.113537547     821.404713691     786.822361404     0.0215034013684     -0.0215034013684    0.0215034013684
2017     CMS_jec_AbsoluteCal     19.032063514     18.1511969805     19.9998681631     -0.0462832909754     0.0508512725582    0.0508512725582
2017     CMS_jec_AbsoluteCal     137.346037063     139.979891419     134.712182708     0.0191767772284     -0.0191767772284    0.0191767772284
2017     CMS_jec_AbsoluteCal     6.12834842833     6.11333607564     6.18418424454     -0.00244965717344     0.0091110707669    0.0091110707669
2017     CMS_jec_AbsoluteTheory     804.113537547     828.957091671     779.269983424     0.0308955799939     -0.0308955799939    0.0308955799939
2017     CMS_jec_AbsoluteTheory     19.032063514     18.6089880055     19.7334013409     -0.022229618359     0.0368503303086    0.0368503303086
2017     CMS_jec_AbsoluteTheory     137.346037063     157.225867821     117.573869339     0.144742660091     -0.143958778479    0.144742660091
2017     CMS_jec_AbsoluteTheory     6.12834842833     6.18823244184     6.10928787834     0.00977163981706     -0.00311022622361    0.00977163981706
2017     CMS_jec_AbsolutePU     804.113537547     833.552406987     775.806007952     0.0366103392927     -0.0352033988652    0.0366103392927
2017     CMS_jec_AbsolutePU     19.032063514     18.9703770099     19.1806881337     -0.00324118843216     0.00780917001497    0.00780917001497
2017     CMS_jec_AbsolutePU     137.346037063     126.271897431     148.52814476     -0.0806294806146     0.0814155831177    0.0814155831177
2017     CMS_jec_AbsolutePU     6.12834842833     6.22730140665     6.07021891354     0.0161467611504     -0.00948534755692    0.0161467611504
2017     CMS_jec_AbsoluteScale     804.113537547     828.957091671     779.269983424     0.0308955799939     -0.0308955799939    0.0308955799939
2017     CMS_jec_AbsoluteScale     19.032063514     18.6089880055     19.7334013409     -0.022229618359     0.0368503303086    0.0368503303086
2017     CMS_jec_AbsoluteScale     137.346037063     157.225867821     117.573869339     0.144742660091     -0.143958778479    0.144742660091
2017     CMS_jec_AbsoluteScale     6.12834842833     6.18823244184     6.10928787834     0.00977163981706     -0.00311022622361    0.00977163981706
2017     CMS_jec_Fragmentation     804.113537547     813.754043689     794.473031405     0.0119889862459     -0.0119889862459    0.0119889862459
2017     CMS_jec_Fragmentation     19.032063514     18.6524976314     19.4116293966     -0.0199434960032     0.0199434960032    0.0199434960032
2017     CMS_jec_Fragmentation     137.346037063     137.209933713     137.482140414     -0.000990952150728     0.000990952150728    0.000990952150728
2017     CMS_jec_Fragmentation     6.12834842833     6.12737453166     6.129322325     -0.000158916661022     0.000158916661023    0.000158916661023
2017     CMS_jec_AbsoluteMPFBias     804.113537547     828.957034424     779.27004067     0.0308955088017     -0.0308955088017    0.0308955088017
2017     CMS_jec_AbsoluteMPFBias     19.032063514     18.6089877852     19.7334015612     -0.0222296299334     0.0368503418829    0.0368503418829
2017     CMS_jec_AbsoluteMPFBias     137.346037063     157.225870043     117.573867117     0.144742676267     -0.143958794655    0.144742676267
2017     CMS_jec_AbsoluteMPFBias     6.12834842833     6.18823241927     6.10928790091     0.00977163613367     -0.00311022254022    0.00977163613367
2017     CMS_jec_RelativeFSR     804.113537547     832.452663469     780.885987801     0.0352426922302     -0.028885908099    0.0352426922302
2017     CMS_jec_RelativeFSR     19.032063514     18.0492969573     20.0148300706     -0.0516374147209     0.0516374147209    0.0516374147209
2017     CMS_jec_RelativeFSR     137.346037063     136.505800193     138.256643325     -0.00611766373929     0.0066300148207    0.0066300148207
2017     CMS_jec_RelativeFSR     6.12834842833     6.11333609973     6.14336075693     -0.00244965324323     0.00244965324323    0.00244965324323
2017     CMS_scale_sig     804.113537547     895.481300972     726.944318613     0.113625451082     -0.0959680633778    0.113625451082
2017     CMS_scale_sig     19.032063514     21.1872071569     17.2100722066     0.113237518429     -0.0957327252503    0.113237518429
2017     CMS_scale_sig     137.346037063     153.23286823     123.959302785     0.115670109645     -0.0974672044779    0.115670109645
2017     CMS_scale_sig     6.12834842833     6.82647712466     5.53889716579     0.113917918424     -0.0961843585477    0.113917918424
2017     CMS_bTagSF_M     1529.21608182     1628.4372843     1429.99487934     0.0648837032654     -0.0648837032654    0.0648837032654
2017     CMS_bTagSF_M     2233.35739278     2140.43638782     2326.27839773     -0.0416059719132     0.0416059719132    0.0416059719132
2017     CMS_bTagSF_M     1131.47519201     1211.23983976     1051.71054426     0.0704961525592     -0.0704961525592    0.0704961525592
2017     CMS_bTagSF_M     2265.44775526     2184.08367439     2346.81183613     -0.0359152316274     0.0359152316274    0.0359152316274
2017     CMS_bTagSF_T     1529.21608182     1529.21608182     1529.21608182     0.0     0.0    0.0
2017     CMS_bTagSF_T     2233.35739278     2233.35739278     2233.35739278     0.0     0.0    0.0
2017     CMS_bTagSF_T     1131.47519201     1131.47519201     1131.47519201     0.0     0.0    0.0
2017     CMS_bTagSF_T     2265.44775526     2265.44775526     2265.44775526     0.0     0.0    0.0
2017     CMS_bTagSF_M_corr     1529.21608182     1609.05803717     1449.37412647     0.0522110356407     -0.0522110356407    0.0522110356407
2017     CMS_bTagSF_M_corr     2233.35739278     2147.98483759     2318.72994796     -0.0382261054399     0.0382261054399    0.0382261054399
2017     CMS_bTagSF_M_corr     1131.47519201     1193.36748453     1069.58289949     0.0547005298576     -0.0547005298576    0.0547005298576
2017     CMS_bTagSF_M_corr     2265.44775526     2199.6329823     2331.26252822     -0.0290515518653     0.0290515518653    0.0290515518653
2017     CMS_bTagSF_T_corr     1529.21608182     1529.21608182     1529.21608182     0.0     0.0    0.0
2017     CMS_bTagSF_T_corr     2233.35739278     2233.35739278     2233.35739278     0.0     0.0    0.0
2017     CMS_bTagSF_T_corr     1131.47519201     1131.47519201     1131.47519201     0.0     0.0    0.0
2017     CMS_bTagSF_T_corr     2265.44775526     2265.44775526     2265.44775526     0.0     0.0    0.0
2017     CMS_jer     1529.21608182     1545.75004794     1512.6821157     0.0108120535176     -0.0108120535176    0.0108120535176
2017     CMS_jer     2233.35739278     2268.1131283     2198.60165725     0.0155621019879     -0.0155621019879    0.0155621019879
2017     CMS_jer     1131.47519201     1134.19570142     1128.7546826     0.00240439156671     -0.00240439156672    0.00240439156672
2017     CMS_jer     2265.44775526     2277.31005329     2253.58545723     0.00523618256209     -0.00523618256209    0.00523618256209
2017     CMS_jec     1529.21608182     1624.72938867     1433.70277497     0.0624589997377     -0.0624589997377    0.0624589997377
2017     CMS_jec     2233.35739278     2369.95854435     2096.75624121     0.0611640358199     -0.0611640358199    0.0611640358199
2017     CMS_jec     1131.47519201     1197.21957516     1065.73080886     0.0581050151293     -0.0581050151293    0.0581050151293
2017     CMS_jec     2265.44775526     2381.55540561     2149.3401049     0.0512515241575     -0.0512515241575    0.0512515241575
2017     CMS_bTagSF_bc_T_corr     1529.21608182     1529.21608182     1529.21608182     0.0     0.0    0.0
2017     CMS_bTagSF_bc_T_corr     2233.35739278     2233.35739278     2233.35739278     0.0     0.0    0.0
2017     CMS_bTagSF_bc_T_corr     1131.47519201     1131.47519201     1131.47519201     0.0     0.0    0.0
2017     CMS_bTagSF_bc_T_corr     2265.44775526     2265.44775526     2265.44775526     0.0     0.0    0.0
2017     CMS_bTagSF_light_T_corr     1529.21608182     1529.21608182     1529.21608182     0.0     0.0    0.0
2017     CMS_bTagSF_light_T_corr     2233.35739278     2233.35739278     2233.35739278     0.0     0.0    0.0
2017     CMS_bTagSF_light_T_corr     1131.47519201     1131.47519201     1131.47519201     0.0     0.0    0.0
2017     CMS_bTagSF_light_T_corr     2265.44775526     2265.44775526     2265.44775526     0.0     0.0    0.0
2017     CMS_bTagSF_bc_M_corr     1529.21608182     1593.05665288     1465.37551075     0.0417472532654     -0.0417472532654    0.0417472532654
2017     CMS_bTagSF_bc_M_corr     2233.35739278     2173.94404946     2292.77073609     -0.0266027029567     0.0266027029567    0.0266027029567
2017     CMS_bTagSF_bc_M_corr     1131.47519201     1173.19647328     1089.75391074     0.0368733504387     -0.0368733504387    0.0368733504387
2017     CMS_bTagSF_bc_M_corr     2265.44775526     2222.8857677     2308.00974282     -0.0187874504997     0.0187874504997    0.0187874504997
2017     CMS_bTagSF_light_M_corr     1529.21608182     1546.02665808     1512.40550556     0.010992937139     -0.010992937139    0.010992937139
2017     CMS_bTagSF_light_M_corr     2233.35739278     2209.01587594     2257.69890961     -0.0108990692292     0.0108990692292    0.0108990692292
2017     CMS_bTagSF_light_M_corr     1131.47519201     1151.15679745     1111.79358657     0.0173946415937     -0.0173946415937    0.0173946415937
2017     CMS_bTagSF_light_M_corr     2265.44775526     2243.34185393     2287.55365658     -0.00975785085805     0.00975785085805    0.00975785085805
2017     CMS_bTagSF_bc_T_year     1529.21608182     1529.21608182     1529.21608182     0.0     0.0    0.0
2017     CMS_bTagSF_bc_T_year     2233.35739278     2233.35739278     2233.35739278     0.0     0.0    0.0
2017     CMS_bTagSF_bc_T_year     1131.47519201     1131.47519201     1131.47519201     0.0     0.0    0.0
2017     CMS_bTagSF_bc_T_year     2265.44775526     2265.44775526     2265.44775526     0.0     0.0    0.0
2017     CMS_bTagSF_light_T_year     1529.21608182     1529.21608182     1529.21608182     0.0     0.0    0.0
2017     CMS_bTagSF_light_T_year     2233.35739278     2233.35739278     2233.35739278     0.0     0.0    0.0
2017     CMS_bTagSF_light_T_year     1131.47519201     1131.47519201     1131.47519201     0.0     0.0    0.0
2017     CMS_bTagSF_light_T_year     2265.44775526     2265.44775526     2265.44775526     0.0     0.0    0.0
2017     CMS_bTagSF_bc_M_year     1529.21608182     1595.71502666     1462.71713698     0.0434856431531     -0.0434856431531    0.0434856431531
2017     CMS_bTagSF_bc_M_year     2233.35739278     2171.51117372     2295.20361183     -0.0276920385674     0.0276920385674    0.0276920385674
2017     CMS_bTagSF_bc_M_year     1131.47519201     1182.19880345     1080.75158057     0.0448296275474     -0.0448296275475    0.0448296275475
2017     CMS_bTagSF_bc_M_year     2265.44775526     2213.45900296     2317.43650755     -0.0229485549485     0.0229485549485    0.0229485549485
2017     CMS_bTagSF_light_M_year     1529.21608182     1561.84232549     1496.58983815     0.0213352737145     -0.0213352737145    0.0213352737145
2017     CMS_bTagSF_light_M_year     2233.35739278     2202.93800891     2263.77677664     -0.0136204729098     0.0136204729098    0.0136204729098
2017     CMS_bTagSF_light_M_year     1131.47519201     1160.5000435     1102.45034052     0.0256522208279     -0.0256522208279    0.0256522208279
2017     CMS_bTagSF_light_M_year     2265.44775526     2236.53583737     2294.35967314     -0.012762120786     0.012762120786    0.012762120786
2017     CMS_jer_eta193     1529.21608182     1548.58200465     1509.85015899     0.0126639544662     -0.0126639544662    0.0126639544662
2017     CMS_jer_eta193     2233.35739278     2261.4690221     2205.24576345     0.0125871611122     -0.0125871611122    0.0125871611122
2017     CMS_jer_eta193     1131.47519201     1135.63950095     1127.31088307     0.00368042442746     -0.00368042442746    0.00368042442746
2017     CMS_jer_eta193     2265.44775526     2281.49268992     2249.40282059     0.00708245627175     -0.00708245627175    0.00708245627175
2017     CMS_jer_193eta25     1529.21608182     1526.96617237     1531.46599127     -0.00147128288476     0.00147128288475    0.00147128288476
2017     CMS_jer_193eta25     2233.35739278     2234.39135808     2232.32342748     0.00046296455017     -0.00046296455017    0.00046296455017
2017     CMS_jer_193eta25     1131.47519201     1130.16119862     1132.7891854     -0.00116130994081     0.00116130994081    0.00116130994081
2017     CMS_jer_193eta25     2265.44775526     2262.47023352     2268.425277     -0.00131431931453     0.00131431931453    0.00131431931453
2017     CMS_jec_FlavorQCD     1529.21608182     1563.9113969     1494.52076674     0.0226883012131     -0.0226883012131    0.0226883012131
2017     CMS_jec_FlavorQCD     2233.35739278     2283.74064386     2182.97414169     0.0225594216357     -0.0225594216357    0.0225594216357
2017     CMS_jec_FlavorQCD     1131.47519201     1152.64958289     1110.30080113     0.0187139683049     -0.0187139683049    0.0187139683049
2017     CMS_jec_FlavorQCD     2265.44775526     2300.1560151     2230.73949542     0.0153207063629     -0.0153207063629    0.0153207063629
2017     CMS_jec_RelativeBal     1529.21608182     1544.69753172     1513.73463192     0.0101237817776     -0.0101237817776    0.0101237817776
2017     CMS_jec_RelativeBal     2233.35739278     2259.39973102     2207.31505453     0.0116606228491     -0.0116606228491    0.0116606228491
2017     CMS_jec_RelativeBal     1131.47519201     1142.44053572     1120.5098483     0.00969119233555     -0.00969119233555    0.00969119233555
2017     CMS_jec_RelativeBal     2265.44775526     2284.14354867     2246.75196184     0.00825258202216     -0.00825258202216    0.00825258202216
2017     CMS_jec_Absolute     1529.21608182     1588.59680792     1469.83535572     0.0388308276392     -0.0388308276392    0.0388308276392
2017     CMS_jec_Absolute     2233.35739278     2326.81345546     2139.90133009     0.0418455474189     -0.0418455474189    0.0418455474189
2017     CMS_jec_Absolute     1131.47519201     1177.44980321     1085.50058081     0.0406324518022     -0.0406324518022    0.0406324518022
2017     CMS_jec_Absolute     2265.44775526     2354.09032032     2176.80519019     0.0391280553078     -0.0391280553078    0.0391280553078
2017     CMS_jec_BBEC1_year     1529.21608182     1542.92321252     1515.50895112     0.00896350153818     -0.00896350153818    0.00896350153818
2017     CMS_jec_BBEC1_year     2233.35739278     2264.57518629     2202.13959927     0.0139779659145     -0.0139779659145    0.0139779659145
2017     CMS_jec_BBEC1_year     1131.47519201     1141.37180787     1121.57857615     0.00874664855984     -0.00874664855984    0.00874664855984
2017     CMS_jec_BBEC1_year     2265.44775526     2283.66699983     2247.22851068     0.00804222676605     -0.00804222676605    0.00804222676605
2017     CMS_jec_Absolute_year     1529.21608182     1550.52053918     1507.91162446     0.0139316200057     -0.0139316200057    0.0139316200057
2017     CMS_jec_Absolute_year     2233.35739278     2263.40877697     2203.30600858     0.0134556987127     -0.0134556987127    0.0134556987127
2017     CMS_jec_Absolute_year     1131.47519201     1143.48737602     1119.463008     0.010616391849     -0.010616391849    0.010616391849
2017     CMS_jec_Absolute_year     2265.44775526     2284.7510914     2246.14441912     0.00852075978996     -0.00852075978996    0.00852075978996
2017     CMS_jec_RelativeSample_year     1529.21608182     1566.88292779     1491.54923585     0.0246314738748     -0.0246314738748    0.0246314738748
2017     CMS_jec_RelativeSample_year     2233.35739278     2301.61559312     2165.09919243     0.0305630440361     -0.0305630440361    0.0305630440361
2017     CMS_jec_RelativeSample_year     1131.47519201     1160.26403842     1102.68634559     0.0254436390814     -0.0254436390814    0.0254436390814
2017     CMS_jec_RelativeSample_year     2265.44775526     2319.8035019     2211.09200862     0.0239933790193     -0.0239933790193    0.0239933790193
2017     CMS_pu     1529.21608182     1543.43293247     1514.99923116     0.00929682261643     -0.00929682261643    0.00929682261643
2017     CMS_pu     2233.35739278     2250.07086063     2216.64392492     0.00748356170235     -0.00748356170235    0.00748356170235
2017     CMS_pu     1131.47519201     1135.94097719     1127.00940683     0.00394686972135     -0.00394686972135    0.00394686972135
2017     CMS_pu     2265.44775526     2259.3024646     2271.59304591     -0.00271261636494     0.00271261636494    0.00271261636494
2017     CMS_L1Prefiring     1529.21608182     1518.91810374     1539.41255942     -0.0067341549695     0.00666778078296    0.0067341549695
2017     CMS_L1Prefiring     2233.35739278     2218.43257322     2249.00764338     -0.00668268303353     0.00700749940629    0.00700749940629
2017     CMS_L1Prefiring     1131.47519201     1123.07063351     1139.84597798     -0.0074279653275     0.00739811710402    0.0074279653275
2017     CMS_L1Prefiring     2265.44775526     2249.74150304     2281.26629785     -0.00693295715286     0.00698252367885    0.00698252367885
2017     CMS_pdf_QCD     1529.21608182     1562.02498061     1497.03908851     0.0214547173404     -0.0210414955018    0.0214547173404
2017     CMS_pdf_QCD     2233.35739278     2278.4491868     2190.0663147     0.020190138025     -0.0193838559908    0.020190138025
2017     CMS_pdf_QCD     1131.47519201     1153.32924293     1109.62102147     0.0193146531872     -0.0193147589062    0.0193147589062
2017     CMS_pdf_QCD     2265.44775526     2303.22376263     2227.99942471     0.0166748525912     -0.0165302115047    0.0166748525912
2017     CMS_renorm_QCD     1529.21608182     1418.44502292     1659.19385335     -0.072436498813     0.0849963409854    0.0849963409854
2017     CMS_renorm_QCD     2233.35739278     2070.77512549     2424.29234282     -0.072797245894     0.0854923402141    0.0854923402141
2017     CMS_renorm_QCD     1131.47519201     1049.57059575     1227.56191487     -0.0723874432549     0.0849216346369    0.0849216346369
2017     CMS_renorm_QCD     2265.44775526     2100.73719781     2458.82573144     -0.0727055201621     0.0853597156369    0.0853597156369
2017     CMS_fact_QCD     1529.21608182     1318.82150133     1796.15970579     -0.137583290547     0.174562396473    0.174562396473
2017     CMS_fact_QCD     2233.35739278     1930.27699113     2616.87628752     -0.135706180581     0.171723028291    0.171723028291
2017     CMS_fact_QCD     1131.47519201     981.484867315     1320.36269199     -0.132561743955     0.166939143969    0.166939143969
2017     CMS_fact_QCD     2265.44775526     1965.57847893     2643.29256524     -0.13236644969     0.166785929673    0.166785929673
2017     CMS_jec_AbsoluteCal     1529.21608182     1543.86564287     1514.56652077     0.00957978484647     -0.00957978484647    0.00957978484647
2017     CMS_jec_AbsoluteCal     2233.35739278     2255.05563961     2211.65914595     0.00971552824459     -0.00971552824459    0.00971552824459
2017     CMS_jec_AbsoluteCal     1131.47519201     1142.61204608     1120.33833794     0.00984277353257     -0.00984277353257    0.00984277353257
2017     CMS_jec_AbsoluteCal     2265.44775526     2289.90899054     2240.98651998     0.0107975278728     -0.0107975278728    0.0107975278728
2017     CMS_jec_AbsoluteTheory     1529.21608182     1588.59682075     1469.83534289     0.0388308360335     -0.0388308360335    0.0388308360335
2017     CMS_jec_AbsoluteTheory     2233.35739278     2326.81343858     2139.90134697     0.0418455398628     -0.0418455398628    0.0418455398628
2017     CMS_jec_AbsoluteTheory     1131.47519201     1177.44977832     1085.5006057     0.0406324298039     -0.0406324298039    0.0406324298039
2017     CMS_jec_AbsoluteTheory     2265.44775526     2354.09033298     2176.80517753     0.0391280608967     -0.0391280608967    0.0391280608967
2017     CMS_jec_AbsolutePU     1529.21608182     1551.1108639     1507.32129974     0.0143176509468     -0.0143176509468    0.0143176509468
2017     CMS_jec_AbsolutePU     2233.35739278     2272.86382992     2193.85095563     0.0176892589045     -0.0176892589045    0.0176892589045
2017     CMS_jec_AbsolutePU     1131.47519201     1142.83858556     1120.11179846     0.0100429895675     -0.0100429895675    0.0100429895675
2017     CMS_jec_AbsolutePU     2265.44775526     2283.83554348     2247.05996704     0.00811662426442     -0.00811662426442    0.00811662426442
2017     CMS_jec_AbsoluteScale     1529.21608182     1588.59682075     1469.83534289     0.0388308360335     -0.0388308360335    0.0388308360335
2017     CMS_jec_AbsoluteScale     2233.35739278     2326.81343858     2139.90134697     0.0418455398628     -0.0418455398628    0.0418455398628
2017     CMS_jec_AbsoluteScale     1131.47519201     1177.44977832     1085.5006057     0.0406324298039     -0.0406324298039    0.0406324298039
2017     CMS_jec_AbsoluteScale     2265.44775526     2354.09033298     2176.80517753     0.0391280608967     -0.0391280608967    0.0391280608967
2017     CMS_jec_Fragmentation     1529.21608182     1541.84743055     1516.58473309     0.00826001562767     -0.00826001562767    0.00826001562767
2017     CMS_jec_Fragmentation     2233.35739278     2245.56511516     2221.1496704     0.00546608546427     -0.00546608546427    0.00546608546427
2017     CMS_jec_Fragmentation     1131.47519201     1134.29393968     1128.65644434     0.00249121473289     -0.00249121473289    0.00249121473289
2017     CMS_jec_Fragmentation     2265.44775526     2277.10798269     2253.78752783     0.00514698580141     -0.00514698580142    0.00514698580142
2017     CMS_jec_AbsoluteMPFBias     1529.21608182     1588.59682075     1469.83534289     0.0388308360335     -0.0388308360335    0.0388308360335
2017     CMS_jec_AbsoluteMPFBias     2233.35739278     2326.81343858     2139.90134697     0.0418455398628     -0.0418455398628    0.0418455398628
2017     CMS_jec_AbsoluteMPFBias     1131.47519201     1177.44977832     1085.5006057     0.0406324298039     -0.0406324298039    0.0406324298039
2017     CMS_jec_AbsoluteMPFBias     2265.44775526     2354.09033298     2176.80517753     0.0391280608967     -0.0391280608967    0.0391280608967
2017     CMS_jec_RelativeFSR     1529.21608182     1546.3815831     1512.05058054     0.0112250331918     -0.0112250331918    0.0112250331918
2017     CMS_jec_RelativeFSR     2233.35739278     2264.19927971     2202.51550584     0.0138096513518     -0.0138096513518    0.0138096513518
2017     CMS_jec_RelativeFSR     1131.47519201     1137.18016519     1125.77021883     0.0050420665177     -0.0050420665177    0.0050420665177
2017     CMS_jec_RelativeFSR     2265.44775526     2283.10470871     2247.7908018     0.00779402368136     -0.00779402368136    0.00779402368136
2017     CMS_scale_QCD     1529.21608182     1948.81344035     1223.2828068     0.274387225924     -0.200058892042    0.274387225924
2017     CMS_scale_QCD     2233.35739278     2840.57934899     1789.74767378     0.271887499142     -0.198629077652    0.271887499142
2017     CMS_scale_QCD     1131.47519201     1432.48425934     910.434116863     0.26603240571     -0.195356536942    0.26603240571
2017     CMS_scale_QCD     2265.44775526     2868.92532532     1822.66961078     0.266383353429     -0.195448402398    0.266383353429
2017     CMS_bTagSF_M     41.6598439677     42.2639319765     41.0557559589     0.0145004865906     -0.0145004865906    0.0145004865906
2017     CMS_bTagSF_M     2.22564606903     1.60677105048     2.84452108759     -0.278065334451     0.278065334451    0.278065334451
2017     CMS_bTagSF_M     8.48074288498     8.55363670073     8.40784906922     0.0085952158606     -0.0085952158606    0.0085952158606
2017     CMS_bTagSF_M     0.686769814533     0.523536339436     0.850003289629     -0.237682949429     0.237682949429    0.237682949429
2017     CMS_bTagSF_T     41.6598439677     41.6598439677     41.6598439677     0.0     0.0    0.0
2017     CMS_bTagSF_T     2.22564606903     2.22564606903     2.22564606903     0.0     0.0    0.0
2017     CMS_bTagSF_T     8.48074288498     8.48074288498     8.48074288498     0.0     0.0    0.0
2017     CMS_bTagSF_T     0.686769814533     0.686769814533     0.686769814533     0.0     0.0    0.0
2017     CMS_bTagSF_M_corr     41.6598439677     42.2344484498     41.0852394856     0.0137927660638     -0.0137927660638    0.0137927660638
2017     CMS_bTagSF_M_corr     2.22564606903     1.59252360412     2.85876853394     -0.284466822339     0.284466822339    0.284466822339
2017     CMS_bTagSF_M_corr     8.48074288498     8.57650080831     8.38498496165     0.0112912187797     -0.0112912187797    0.0112912187797
2017     CMS_bTagSF_M_corr     0.686769814533     0.528908604329     0.844631024737     -0.229860437753     0.229860437753    0.229860437753
2017     CMS_bTagSF_T_corr     41.6598439677     41.6598439677     41.6598439677     0.0     0.0    0.0
2017     CMS_bTagSF_T_corr     2.22564606903     2.22564606903     2.22564606903     0.0     0.0    0.0
2017     CMS_bTagSF_T_corr     8.48074288498     8.48074288498     8.48074288498     0.0     0.0    0.0
2017     CMS_bTagSF_T_corr     0.686769814533     0.686769814533     0.686769814533     0.0     0.0    0.0
2017     CMS_jer     41.6598439677     42.093212109     41.2264758264     0.0104025387529     -0.0104025387529    0.0104025387529
2017     CMS_jer     2.22564606903     2.19455291585     2.25673922221     -0.0139703943103     0.0139703943103    0.0139703943103
2017     CMS_jer     8.48074288498     8.50016489885     8.46132087111     0.00229013119896     -0.00229013119896    0.00229013119896
2017     CMS_jer     0.686769814533     0.675283548605     0.700888337915     -0.0167250593794     0.0205578682741    0.0205578682741
2017     CMS_jec     41.6598439677     43.532607971     39.7870799644     0.0449536970127     -0.0449536970127    0.0449536970127
2017     CMS_jec     2.22564606903     2.30768956693     2.14547537378     0.0368627784248     -0.036021313708    0.0368627784248
2017     CMS_jec     8.48074288498     8.76684750683     8.20653780416     0.0337357971745     -0.0323326723308    0.0337357971745
2017     CMS_jec     0.686769814533     0.669341977579     0.707742896837     -0.0253765331342     0.0305387363566    0.0305387363566
2017     CMS_bTagSF_bc_T_corr     41.6598439677     41.6598439677     41.6598439677     0.0     0.0    0.0
2017     CMS_bTagSF_bc_T_corr     2.22564606903     2.22564606903     2.22564606903     0.0     0.0    0.0
2017     CMS_bTagSF_bc_T_corr     8.48074288498     8.48074288498     8.48074288498     0.0     0.0    0.0
2017     CMS_bTagSF_bc_T_corr     0.686769814533     0.686769814533     0.686769814533     0.0     0.0    0.0
2017     CMS_bTagSF_light_T_corr     41.6598439677     41.6598439677     41.6598439677     0.0     0.0    0.0
2017     CMS_bTagSF_light_T_corr     2.22564606903     2.22564606903     2.22564606903     0.0     0.0    0.0
2017     CMS_bTagSF_light_T_corr     8.48074288498     8.48074288498     8.48074288498     0.0     0.0    0.0
2017     CMS_bTagSF_light_T_corr     0.686769814533     0.686769814533     0.686769814533     0.0     0.0    0.0
2017     CMS_bTagSF_bc_M_corr     41.6598439677     42.2340999745     41.0855879609     0.0137844012872     -0.0137844012872    0.0137844012872
2017     CMS_bTagSF_bc_M_corr     2.22564606903     1.62210686554     2.82918527252     -0.271174834081     0.271174834081    0.271174834081
2017     CMS_bTagSF_bc_M_corr     8.48074288498     8.56557019544     8.39591557452     0.0100023443239     -0.0100023443239    0.0100023443239
2017     CMS_bTagSF_bc_M_corr     0.686769814533     0.532804266132     0.840735362934     -0.224187995953     0.224187995953    0.224187995953
2017     CMS_bTagSF_light_M_corr     41.6598439677     41.6721500111     41.6475379243     0.000295393411836     -0.000295393411835    0.000295393411836
2017     CMS_bTagSF_light_M_corr     2.22564606903     2.21426960432     2.23702253374     -0.0051115336198     0.0051115336198    0.0051115336198
2017     CMS_bTagSF_light_M_corr     8.48074288498     8.49853779675     8.46294797321     0.00209827275868     -0.00209827275868    0.00209827275868
2017     CMS_bTagSF_light_M_corr     0.686769814533     0.685871352646     0.68766827642     -0.00130824312331     0.00130824312332    0.00130824312332
2017     CMS_bTagSF_bc_T_year     41.6598439677     41.6598439677     41.6598439677     0.0     0.0    0.0
2017     CMS_bTagSF_bc_T_year     2.22564606903     2.22564606903     2.22564606903     0.0     0.0    0.0
2017     CMS_bTagSF_bc_T_year     8.48074288498     8.48074288498     8.48074288498     0.0     0.0    0.0
2017     CMS_bTagSF_bc_T_year     0.686769814533     0.686769814533     0.686769814533     0.0     0.0    0.0
2017     CMS_bTagSF_light_T_year     41.6598439677     41.6598439677     41.6598439677     0.0     0.0    0.0
2017     CMS_bTagSF_light_T_year     2.22564606903     2.22564606903     2.22564606903     0.0     0.0    0.0
2017     CMS_bTagSF_light_T_year     8.48074288498     8.48074288498     8.48074288498     0.0     0.0    0.0
2017     CMS_bTagSF_light_T_year     0.686769814533     0.686769814533     0.686769814533     0.0     0.0    0.0
2017     CMS_bTagSF_bc_M_year     41.6598439677     42.1691495104     41.150538425     0.0122253348592     -0.0122253348592    0.0122253348592
2017     CMS_bTagSF_bc_M_year     2.22564606903     1.64345554863     2.80783658943     -0.26158270558     0.26158270558    0.26158270558
2017     CMS_bTagSF_bc_M_year     8.48074288498     8.5549718674     8.40651390255     0.00875265096851     -0.00875265096851    0.00875265096851
2017     CMS_bTagSF_bc_M_year     0.686769814533     0.534418920973     0.839120708093     -0.221836910033     0.221836910033    0.221836910033
2017     CMS_bTagSF_light_M_year     41.6598439677     41.7799815972     41.5397063382     0.00288377531087     -0.00288377531086    0.00288377531087
2017     CMS_bTagSF_light_M_year     2.22564606903     2.19450704765     2.25678509041     -0.0139910032491     0.0139910032491    0.0139910032491
2017     CMS_bTagSF_light_M_year     8.48074288498     8.49702739419     8.46445837577     0.00192017485179     -0.00192017485179    0.00192017485179
2017     CMS_bTagSF_light_M_year     0.686769814533     0.67678726634     0.696752362726     -0.0145355080866     0.0145355080866    0.0145355080866
2017     CMS_jer_eta193     41.6598439677     42.0632615836     41.2564263518     0.00968360842231     -0.00968360842231    0.00968360842231
2017     CMS_jer_eta193     2.22564606903     2.20105310493     2.25023903314     -0.0110498090628     0.0110498090628    0.0110498090628
2017     CMS_jer_eta193     8.48074288498     8.47928499627     8.48220077368     -0.000171905778233     0.000171905778233    0.000171905778233
2017     CMS_jer_eta193     0.686769814533     0.682545400412     0.690994228653     -0.00615113540396     0.00615113540396    0.00615113540396
2017     CMS_jer_193eta25     41.6598439677     41.6466618228     41.6730261126     -0.000316423290632     0.000316423290632    0.000316423290632
2017     CMS_jer_193eta25     2.22564606903     2.20402554488     2.24726659319     -0.00971426879369     0.00971426879369    0.00971426879369
2017     CMS_jer_193eta25     8.48074288498     8.42667393709     8.53481183286     -0.00637549665374     0.00637549665374    0.00637549665374
2017     CMS_jer_193eta25     0.686769814533     0.686220176806     0.68731945226     -0.00080032307112     0.00080032307112    0.00080032307112
2017     CMS_jec_FlavorQCD     41.6598439677     42.6133340685     40.7063538669     0.0228875101291     -0.0228875101291    0.0228875101291
2017     CMS_jec_FlavorQCD     2.22564606903     2.25631911707     2.19656360777     0.0137816378222     -0.0130669748728    0.0137816378222
2017     CMS_jec_FlavorQCD     8.48074288498     8.60555594682     8.35592982314     0.0147172321494     -0.0147172321494    0.0147172321494
2017     CMS_jec_FlavorQCD     0.686769814533     0.673436396405     0.700103232661     -0.0194146828329     0.0194146828329    0.0194146828329
2017     CMS_jec_RelativeBal     41.6598439677     42.0101237317     41.3095642037     0.00840809111754     -0.00840809111754    0.00840809111754
2017     CMS_jec_RelativeBal     2.22564606903     2.24780229058     2.20348984749     0.00995496177617     -0.00995496177617    0.00995496177617
2017     CMS_jec_RelativeBal     8.48074288498     8.54143597088     8.42004979908     0.00715657657886     -0.00715657657886    0.00715657657886
2017     CMS_jec_RelativeBal     0.686769814533     0.688636200241     0.687535686278     0.00271762920984     0.00111517968484    0.00271762920984
2017     CMS_jec_Absolute     41.6598439677     43.0785022366     40.2411856988     0.0340533745146     -0.0340533745146    0.0340533745146
2017     CMS_jec_Absolute     2.22564606903     2.24070301721     2.21230908754     0.00676520332287     -0.00599240898133    0.00676520332287
2017     CMS_jec_Absolute     8.48074288498     8.56087841864     8.40060735131     0.00944911722379     -0.00944911722379    0.00944911722379
2017     CMS_jec_Absolute     0.686769814533     0.668148829509     0.708083740246     -0.0271138664358     0.0310350357015    0.0310350357015
2017     CMS_jec_BBEC1_year     41.6598439677     41.8904185076     41.4292694278     0.00553469523552     -0.00553469523552    0.00553469523552
2017     CMS_jec_BBEC1_year     2.22564606903     2.19983093697     2.25146120109     -0.0115989385808     0.0115989385808    0.0115989385808
2017     CMS_jec_BBEC1_year     8.48074288498     8.52538968184     8.43609608811     0.00526449126809     -0.00526449126809    0.00526449126809
2017     CMS_jec_BBEC1_year     0.686769814533     0.685526112105     0.690645774415     -0.00181094509635     0.00564375399103    0.00564375399103
2017     CMS_jec_Absolute_year     41.6598439677     42.083642702     41.2360452334     0.0101728353713     -0.0101728353713    0.0101728353713
2017     CMS_jec_Absolute_year     2.22564606903     2.25456497308     2.19672716498     0.0129934873542     -0.0129934873542    0.0129934873542
2017     CMS_jec_Absolute_year     8.48074288498     8.49773721745     8.4637485525     0.00200387309309     -0.00200387309309    0.00200387309309
2017     CMS_jec_Absolute_year     0.686769814533     0.691424264614     0.682115364452     0.00677730730549     -0.00677730730549    0.00677730730549
2017     CMS_jec_RelativeSample_year     41.6598439677     42.6223202374     40.697367698     0.0231032135037     -0.0231032135037    0.0231032135037
2017     CMS_jec_RelativeSample_year     2.22564606903     2.2709336161     2.18198327756     0.0203480453146     -0.0196180300552    0.0203480453146
2017     CMS_jec_RelativeSample_year     8.48074288498     8.5315339027     8.42995186725     0.00598898214638     -0.00598898214638    0.00598898214638
2017     CMS_jec_RelativeSample_year     0.686769814533     0.681699932761     0.694532636994     -0.00738221404677     0.0113033833125    0.0113033833125
2017     CMS_pu     41.6598439677     41.4631653292     41.8565226062     -0.00472106037193     0.00472106037193    0.00472106037193
2017     CMS_pu     2.22564606903     2.22863303838     2.22265909969     0.00134206843848     -0.00134206843848    0.00134206843848
2017     CMS_pu     8.48074288498     8.48538417098     8.47610159898     0.000547273518472     -0.000547273518472    0.000547273518472
2017     CMS_pu     0.686769814533     0.705626261144     0.668923814848     0.0274567201595     -0.0259854165212    0.0274567201595
2017     CMS_topPt     41.6598439677     36.0896205121     41.6598439677     -0.133707256798     0.0    0.133707256798
2017     CMS_topPt     2.22564606903     1.94978641006     2.22564606903     -0.123945879272     0.0    0.123945879272
2017     CMS_topPt     8.48074288498     7.47664943818     8.48074288498     -0.118396874002     0.0    0.118396874002
2017     CMS_topPt     0.686769814533     0.611152601052     0.686769814533     -0.110105616003     0.0    0.110105616003
2017     CMS_L1Prefiring     41.6598439677     41.4060794897     41.9208013621     -0.00609134489765     0.00626400316328    0.00626400316328
2017     CMS_L1Prefiring     2.22564606903     2.21063849715     2.24048761698     -0.00674301817098     0.00666842233093    0.00674301817098
2017     CMS_L1Prefiring     8.48074288498     8.41447519073     8.55467007654     -0.00781390205413     0.00871706554034    0.00871706554034
2017     CMS_L1Prefiring     0.686769814533     0.682539638544     0.694281383984     -0.0061595252143     0.0109375358264    0.0109375358264
2017     CMS_pdf_TTbar     41.6598439677     42.7368665509     40.6064219309     0.0258527752542     -0.025286269378    0.0258527752542
2017     CMS_pdf_TTbar     2.22564606903     2.28664951414     2.16486341063     0.0274093199081     -0.0273101187319    0.0274093199081
2017     CMS_pdf_TTbar     8.48074288498     8.70332616613     8.26510372978     0.0262457291976     -0.0254269181516    0.0262457291976
2017     CMS_pdf_TTbar     0.686769814533     0.700650771133     0.672888918472     0.0202119491947     -0.0202118610448    0.0202119491947
2017     CMS_renorm_TTbar     41.6598439677     34.3004802134     51.6668518987     -0.176653656216     0.24020752307    0.24020752307
2017     CMS_renorm_TTbar     2.22564606903     1.8171572157     2.78718412951     -0.183537202528     0.252303395535    0.252303395535
2017     CMS_renorm_TTbar     8.48074288498     7.04785927405     10.4068616838     -0.168957322532     0.227116754383    0.227116754383
2017     CMS_renorm_TTbar     0.686769814533     0.569365088668     0.845121978773     -0.17095207649     0.230575311974    0.230575311974
2017     CMS_fact_TTbar     41.6598439677     35.4276512734     49.6918091813     -0.149597120411     0.192798734912    0.192798734912
2017     CMS_fact_TTbar     2.22564606903     1.89761227938     2.64741315312     -0.147388119889     0.189503214349    0.189503214349
2017     CMS_fact_TTbar     8.48074288498     7.21491202947     10.1119278963     -0.149259430768     0.192339873219    0.192339873219
2017     CMS_fact_TTbar     0.686769814533     0.584554744098     0.818396394681     -0.148834541461     0.191660404057    0.191660404057
2017     CMS_jec_AbsoluteCal     41.6598439677     42.0281965952     41.2914913402     0.00884191087605     -0.00884191087605    0.00884191087605
2017     CMS_jec_AbsoluteCal     2.22564606903     2.24094964726     2.2103424908     0.00687601611274     -0.00687601611274    0.00687601611274
2017     CMS_jec_AbsoluteCal     8.48074288498     8.53411130418     8.42737446578     0.00629289437517     -0.00629289437517    0.00629289437517
2017     CMS_jec_AbsoluteCal     0.686769814533     0.692235817625     0.681303811441     0.00795900311333     -0.00795900311333    0.00795900311333
2017     CMS_jec_AbsoluteTheory     41.6598439677     43.0785022366     40.2411856988     0.0340533745146     -0.0340533745146    0.0340533745146
2017     CMS_jec_AbsoluteTheory     2.22564606903     2.24070301721     2.21230908754     0.00676520332287     -0.00599240898133    0.00676520332287
2017     CMS_jec_AbsoluteTheory     8.48074288498     8.56087841864     8.40060735131     0.00944911722379     -0.00944911722379    0.00944911722379
2017     CMS_jec_AbsoluteTheory     0.686769814533     0.668148829509     0.708083740246     -0.0271138664358     0.0310350357015    0.0310350357015
2017     CMS_jec_AbsolutePU     41.6598439677     42.3668487653     40.9528391701     0.0169708940368     -0.0169708940368    0.0169708940368
2017     CMS_jec_AbsolutePU     2.22564606903     2.24655957705     2.2063881564     0.00939660097394     -0.00865272915402    0.00939660097394
2017     CMS_jec_AbsolutePU     8.48074288498     8.45935063234     8.50213513761     -0.00252245032389     0.00252245032389    0.00252245032389
2017     CMS_jec_AbsolutePU     0.686769814533     0.67713060385     0.696409025216     -0.0140355771022     0.0140355771022    0.0140355771022
2017     CMS_jec_AbsoluteScale     41.6598439677     43.0785022366     40.2411856988     0.0340533745146     -0.0340533745146    0.0340533745146
2017     CMS_jec_AbsoluteScale     2.22564606903     2.24070301721     2.21230908754     0.00676520332287     -0.00599240898133    0.00676520332287
2017     CMS_jec_AbsoluteScale     8.48074288498     8.56087841864     8.40060735131     0.00944911722379     -0.00944911722379    0.00944911722379
2017     CMS_jec_AbsoluteScale     0.686769814533     0.668148829509     0.708083740246     -0.0271138664358     0.0310350357015    0.0310350357015
2017     CMS_jec_Fragmentation     41.6598439677     41.9033640211     41.4163239143     0.0058454384409     -0.0058454384409    0.0058454384409
2017     CMS_jec_Fragmentation     2.22564606903     2.23480864811     2.21648348995     0.004116817678     -0.004116817678    0.004116817678
2017     CMS_jec_Fragmentation     8.48074288498     8.55052795874     8.41095781121     0.00822865104042     -0.00822865104042    0.00822865104042
2017     CMS_jec_Fragmentation     0.686769814533     0.689082243468     0.684457385597     0.00336710916335     -0.00336710916335    0.00336710916335
2017     CMS_jec_AbsoluteMPFBias     41.6598439677     43.0785022366     40.2411856988     0.0340533745146     -0.0340533745146    0.0340533745146
2017     CMS_jec_AbsoluteMPFBias     2.22564606903     2.24070301721     2.21230908754     0.00676520332287     -0.00599240898133    0.00676520332287
2017     CMS_jec_AbsoluteMPFBias     8.48074288498     8.56087841864     8.40060735131     0.00944911722379     -0.00944911722379    0.00944911722379
2017     CMS_jec_AbsoluteMPFBias     0.686769814533     0.668148829509     0.708083740246     -0.0271138664358     0.0310350357015    0.0310350357015
2017     CMS_jec_RelativeFSR     41.6598439677     42.2438915905     41.0757963449     0.0140194385573     -0.0140194385573    0.0140194385573
2017     CMS_jec_RelativeFSR     2.22564606903     2.21800135186     2.2332907862     -0.00343483057783     0.00343483057783    0.00343483057783
2017     CMS_jec_RelativeFSR     8.48074288498     8.42586291315     8.53562285681     -0.00647112789243     0.00647112789243    0.00647112789243
2017     CMS_jec_RelativeFSR     0.686769814533     0.67721437479     0.698957511729     -0.0139135989093     0.017746407804    0.017746407804
2017     CMS_scale_TTbar     41.6598439677     61.6609546663     29.1814058907     0.480105271496     -0.299531560576    0.480105271496
2017     CMS_scale_TTbar     2.22564606903     3.31717247194     1.5500024959     0.490431258635     -0.303571885273    0.490431258635
2017     CMS_scale_TTbar     8.48074288498     12.41560015     5.9985329777     0.463975540635     -0.292687791735    0.463975540635
2017     CMS_scale_TTbar     0.686769814533     1.00773561532     0.484856925543     0.467355719474     -0.294003732717    0.467355719474
2017     CMS_bTagSF_M     1116.80275521     1132.44796428     1101.15754614     0.0140089277151     -0.0140089277151    0.0140089277151
2017     CMS_bTagSF_M     25.8664517793     10.3633738356     41.3725682609     -0.599350775899     0.599468246128    0.599468246128
2017     CMS_bTagSF_M     122.779950776     125.872162622     119.687738931     0.0251849901039     -0.0251849901039    0.0251849901039
2017     CMS_bTagSF_M     5.34193893234     2.84285917088     7.8410186938     -0.467822600205     0.467822600205    0.467822600205
2017     CMS_bTagSF_T     1116.80275521     1116.80275521     1116.80275521     0.0     0.0    0.0
2017     CMS_bTagSF_T     25.8664517793     25.8664517793     25.8664517793     0.0     0.0    0.0
2017     CMS_bTagSF_T     122.779950776     122.779950776     122.779950776     0.0     0.0    0.0
2017     CMS_bTagSF_T     5.34193893234     5.34193893234     5.34193893234     0.0     0.0    0.0
2017     CMS_bTagSF_M_corr     1116.80275521     1127.24953026     1106.40980864     0.00935418094473     -0.00930598220874    0.00935418094473
2017     CMS_bTagSF_M_corr     25.8664517793     14.1872203087     37.5456832499     -0.451520431572     0.451520431572    0.451520431572
2017     CMS_bTagSF_M_corr     122.779950776     125.486344346     120.073557207     0.0220426344243     -0.0220426344243    0.0220426344243
2017     CMS_bTagSF_M_corr     5.34193893234     3.37071932097     7.3131585437     -0.369008263916     0.369008263916    0.369008263916
2017     CMS_bTagSF_T_corr     1116.80275521     1116.80275521     1116.80275521     0.0     0.0    0.0
2017     CMS_bTagSF_T_corr     25.8664517793     25.8664517793     25.8664517793     0.0     0.0    0.0
2017     CMS_bTagSF_T_corr     122.779950776     122.779950776     122.779950776     0.0     0.0    0.0
2017     CMS_bTagSF_T_corr     5.34193893234     5.34193893234     5.34193893234     0.0     0.0    0.0
2017     CMS_jer     1116.80275521     1114.51057833     1119.09493208     -0.00205244557816     0.00205244557816    0.00205244557816
2017     CMS_jer     25.8664517793     19.2001737648     32.5737945329     -0.257719074549     0.259306642088    0.259306642088
2017     CMS_jer     122.779950776     120.137970097     125.421931456     -0.0215180138362     0.0215180138362    0.0215180138362
2017     CMS_jer     5.34193893234     4.87705975724     5.80681810744     -0.0870244270832     0.0870244270832    0.0870244270832
2017     CMS_jec     1116.80275521     1098.11874994     1135.48676047     -0.0167299061338     0.0167299061338    0.0167299061338
2017     CMS_jec     25.8664517793     18.4994281751     33.2764886924     -0.284809979623     0.286472879094    0.286472879094
2017     CMS_jec     122.779950776     122.826337595     122.733563958     0.00037780450637     -0.00037780450637    0.00037780450637
2017     CMS_jec     5.34193893234     5.07513952702     5.75148244331     -0.04994430088     0.0766657043733    0.0766657043733
2017     CMS_bTagSF_bc_T_corr     1116.80275521     1116.80275521     1116.80275521     0.0     0.0    0.0
2017     CMS_bTagSF_bc_T_corr     25.8664517793     25.8664517793     25.8664517793     0.0     0.0    0.0
2017     CMS_bTagSF_bc_T_corr     122.779950776     122.779950776     122.779950776     0.0     0.0    0.0
2017     CMS_bTagSF_bc_T_corr     5.34193893234     5.34193893234     5.34193893234     0.0     0.0    0.0
2017     CMS_bTagSF_light_T_corr     1116.80275521     1116.80275521     1116.80275521     0.0     0.0    0.0
2017     CMS_bTagSF_light_T_corr     25.8664517793     25.8664517793     25.8664517793     0.0     0.0    0.0
2017     CMS_bTagSF_light_T_corr     122.779950776     122.779950776     122.779950776     0.0     0.0    0.0
2017     CMS_bTagSF_light_T_corr     5.34193893234     5.34193893234     5.34193893234     0.0     0.0    0.0
2017     CMS_bTagSF_bc_M_corr     1116.80275521     1113.75209833     1119.85341209     -0.00273159863324     0.00273159863324    0.00273159863324
2017     CMS_bTagSF_bc_M_corr     25.8664517793     14.1782828898     37.5546206688     -0.451865953214     0.451865953214    0.451865953214
2017     CMS_bTagSF_bc_M_corr     122.779950776     124.656501239     120.903400314     0.015283850911     -0.015283850911    0.015283850911
2017     CMS_bTagSF_bc_M_corr     5.34193893234     3.33686235358     7.3470155111     -0.375346218696     0.375346218696    0.375346218696
2017     CMS_bTagSF_light_M_corr     1116.80275521     1119.38894746     1114.23737063     0.00231571084279     -0.00229707937411    0.00231571084279
2017     CMS_bTagSF_light_M_corr     25.8664517793     25.7860244607     25.9468790978     -0.00310932938319     0.00310932938319    0.00310932938319
2017     CMS_bTagSF_light_M_corr     122.779950776     123.227498298     122.335942445     0.00364511892405     -0.00361629344797    0.00364511892405
2017     CMS_bTagSF_light_M_corr     5.34193893234     5.36990316983     5.31397469484     0.00523484784248     -0.00523484784248    0.00523484784248
2017     CMS_bTagSF_bc_T_year     1116.80275521     1116.80275521     1116.80275521     0.0     0.0    0.0
2017     CMS_bTagSF_bc_T_year     25.8664517793     25.8664517793     25.8664517793     0.0     0.0    0.0
2017     CMS_bTagSF_bc_T_year     122.779950776     122.779950776     122.779950776     0.0     0.0    0.0
2017     CMS_bTagSF_bc_T_year     5.34193893234     5.34193893234     5.34193893234     0.0     0.0    0.0
2017     CMS_bTagSF_light_T_year     1116.80275521     1116.80275521     1116.80275521     0.0     0.0    0.0
2017     CMS_bTagSF_light_T_year     25.8664517793     25.8664517793     25.8664517793     0.0     0.0    0.0
2017     CMS_bTagSF_light_T_year     122.779950776     122.779950776     122.779950776     0.0     0.0    0.0
2017     CMS_bTagSF_light_T_year     5.34193893234     5.34193893234     5.34193893234     0.0     0.0    0.0
2017     CMS_bTagSF_bc_M_year     1116.80275521     1132.31228644     1101.29322397     0.0138874399798     -0.0138874399798    0.0138874399798
2017     CMS_bTagSF_bc_M_year     25.8664517793     10.7217979136     41.0137562627     -0.58549405983     0.585596533019    0.585596533019
2017     CMS_bTagSF_bc_M_year     122.779950776     126.060575677     119.499325876     0.0267195489161     -0.0267195489161    0.0267195489161
2017     CMS_bTagSF_bc_M_year     5.34193893234     2.91275529967     7.771122565     -0.454738188406     0.454738188406    0.454738188406
2017     CMS_bTagSF_light_M_year     1116.80275521     1117.96799245     1115.63751796     0.00104336888708     -0.00104336888708    0.00104336888708
2017     CMS_bTagSF_light_M_year     25.8664517793     25.1673933076     26.5655102509     -0.0270256808932     0.0270256808932    0.0270256808932
2017     CMS_bTagSF_light_M_year     122.779950776     122.625534427     122.934367126     -0.00125766746331     0.00125766746331    0.00125766746331
2017     CMS_bTagSF_light_M_year     5.34193893234     5.29241773218     5.39146013249     -0.0092702669914     0.0092702669914    0.0092702669914
2017     CMS_jer_eta193     1116.80275521     1108.09897583     1125.50653458     -0.00779347949673     0.00779347949673    0.00779347949673
2017     CMS_jer_eta193     25.8664517793     19.2003940475     32.5735742502     -0.257710558396     0.259298125935    0.259298125935
2017     CMS_jer_eta193     122.779950776     120.19678118     125.363120372     -0.0210390180124     0.0210390180124    0.0210390180124
2017     CMS_jer_eta193     5.34193893234     4.87683235767     5.80704550701     -0.0870669958161     0.0870669958161    0.0870669958161
2017     CMS_jer_193eta25     1116.80275521     1116.61840003     1116.98711039     -0.000165074074232     0.000165074074232    0.000165074074232
2017     CMS_jer_193eta25     25.8664517793     25.8655825125     25.867321046     -3.36059525309e-05     3.36059525314e-05    3.36059525314e-05
2017     CMS_jer_193eta25     122.779950776     122.664515313     122.89538624     -0.000940181705839     0.000940181705839    0.000940181705839
2017     CMS_jer_193eta25     5.34193893234     5.34168450161     5.34219336307     -4.76289103989e-05     4.7628910399e-05    4.7628910399e-05
2017     CMS_jec_FlavorQCD     1116.80275521     1122.51224289     1111.09326752     0.00511235100152     -0.00511235100152    0.00511235100152
2017     CMS_jec_FlavorQCD     25.8664517793     26.1223487264     25.6105548322     0.00989300539917     -0.00989300539917    0.00989300539917
2017     CMS_jec_FlavorQCD     122.779950776     120.921073316     124.638828236     -0.0151399104528     0.0151399104528    0.0151399104528
2017     CMS_jec_FlavorQCD     5.34193893234     5.26642654767     5.417451317     -0.0141357633661     0.0141357633661    0.0141357633661
2017     CMS_jec_RelativeBal     1116.80275521     1125.71377585     1107.89173456     0.00797904607763     -0.00797904607763    0.00797904607763
2017     CMS_jec_RelativeBal     25.8664517793     25.1448899742     26.5880135843     -0.02789566235     0.02789566235    0.02789566235
2017     CMS_jec_RelativeBal     122.779950776     123.172041481     122.387860071     0.00319344243418     -0.00319344243418    0.00319344243418
2017     CMS_jec_RelativeBal     5.34193893234     5.27885667683     5.40502118785     -0.01180886871     0.01180886871    0.01180886871
2017     CMS_jec_Absolute     1116.80275521     1136.24270812     1097.36280229     0.0174067916856     -0.0174067916856    0.0174067916856
2017     CMS_jec_Absolute     25.8664517793     23.4923445457     28.2559143351     -0.0917832586343     0.0923768971576    0.0923768971576
2017     CMS_jec_Absolute     122.779950776     123.340286081     122.219615471     0.00456373619066     -0.00456373619066    0.00456373619066
2017     CMS_jec_Absolute     5.34193893234     5.97977176407     4.76627495009     0.119400996493     -0.107763115516    0.119400996493
2017     CMS_jec_BBEC1_year     1116.80275521     1122.24520311     1111.36030731     0.00487324003761     -0.00487324003761    0.00487324003761
2017     CMS_jec_BBEC1_year     25.8664517793     25.1038618757     26.6290416829     -0.029481813358     0.029481813358    0.029481813358
2017     CMS_jec_BBEC1_year     122.779950776     125.717175817     119.842725736     0.0239226764778     -0.0239226764778    0.0239226764778
2017     CMS_jec_BBEC1_year     5.34193893234     5.29130191286     5.39257595182     -0.00947914607776     0.00947914607776    0.00947914607776
2017     CMS_jec_Absolute_year     1116.80275521     1118.91719068     1114.68831973     0.00189329356918     -0.00189329356918    0.00189329356918
2017     CMS_jec_Absolute_year     25.8664517793     26.1034942868     25.6294092718     0.0091640905967     -0.0091640905967    0.0091640905967
2017     CMS_jec_Absolute_year     122.779950776     119.506535446     126.053366107     -0.0266608294729     0.0266608294729    0.0266608294729
2017     CMS_jec_Absolute_year     5.34193893234     5.34213640229     5.34174146239     3.69659693293e-05     -3.69659693296e-05    3.69659693296e-05
2017     CMS_jec_RelativeSample_year     1116.80275521     1131.58788223     1102.01762818     0.0132387988428     -0.0132387988428    0.0132387988428
2017     CMS_jec_RelativeSample_year     25.8664517793     23.2554560576     28.477447501     -0.100941394822     0.100941394822    0.100941394822
2017     CMS_jec_RelativeSample_year     122.779950776     124.133088685     121.426812868     0.0110208376834     -0.0110208376834    0.0110208376834
2017     CMS_jec_RelativeSample_year     5.34193893234     5.08833297588     5.65771373828     -0.0474745143429     0.0591123953201    0.0591123953201
2017     CMS_pu     1116.80275521     1120.32898776     1113.27652265     0.0031574353999     -0.0031574353999    0.0031574353999
2017     CMS_pu     25.8664517793     27.2037688248     24.5291347337     0.0517008307494     -0.0517008307494    0.0517008307494
2017     CMS_pu     122.779950776     120.490429752     125.069471801     -0.0186473525188     0.0186473525188    0.0186473525188
2017     CMS_pu     5.34193893234     4.85129347683     5.83258438785     -0.0918478218722     0.0918478218722    0.0918478218722
2017     CMS_L1Prefiring     1116.80275521     1113.79560161     1119.85803703     -0.00269264521799     0.00273573987074    0.00273573987074
2017     CMS_L1Prefiring     25.8664517793     25.775782241     25.9551103386     -0.00350529477425     0.00342755009764    0.00350529477425
2017     CMS_L1Prefiring     122.779950776     121.880262746     123.771182549     -0.00732764612671     0.0080732380699    0.0080732380699
2017     CMS_L1Prefiring     5.34193893234     5.29260728976     5.39047541046     -0.00923478220216     0.00908592904827    0.00923478220216
2017     CMS_pdf_sig     1116.80275521     1122.09092429     1111.51415257     0.00473509673855     -0.004735484946    0.004735484946
2017     CMS_pdf_sig     25.8664517793     25.9828268389     25.7500757471     0.00449907318585     -0.00449911078696    0.00449911078696
2017     CMS_pdf_sig     122.779950776     123.475779449     122.084122251     0.00566728254757     -0.00566728134761    0.00566728254757
2017     CMS_pdf_sig     5.34193893234     5.36827416993     5.31560354853     0.00492990240586     -0.00492992977769    0.00492992977769
2017     CMS_renorm_sig     1116.80275521     1116.80275521     1116.80275521     0.0     0.0    0.0
2017     CMS_renorm_sig     25.8664517793     25.8664517793     25.8664517793     0.0     0.0    0.0
2017     CMS_renorm_sig     122.779950776     122.779950776     122.779950776     0.0     0.0    0.0
2017     CMS_renorm_sig     5.34193893234     5.34193893234     5.34193893234     0.0     0.0    0.0
2017     CMS_fact_sig     1116.80275521     1008.36470205     1245.43266988     -0.0970968710877     0.115176931709    0.115176931709
2017     CMS_fact_sig     25.8664517793     23.38591467     28.8019659112     -0.0958978498632     0.113487313874    0.113487313874
2017     CMS_fact_sig     122.779950776     110.747604053     137.067528796     -0.0979992795827     0.116367354195    0.116367354195
2017     CMS_fact_sig     5.34193893234     4.82392532677     5.95580747947     -0.0969710833706     0.11491493162    0.11491493162
2017     CMS_jec_AbsoluteCal     1116.80275521     1121.31336093     1112.29214948     0.00403885619203     -0.00403885619203    0.00403885619203
2017     CMS_jec_AbsoluteCal     25.8664517793     26.014506053     25.7183975056     0.00572379524531     -0.00572379524531    0.00572379524531
2017     CMS_jec_AbsoluteCal     122.779950776     120.478887226     125.081014327     -0.0187413623795     0.0187413623795    0.0187413623795
2017     CMS_jec_AbsoluteCal     5.34193893234     5.27881705554     5.40506080914     -0.0118162857349     0.0118162857349    0.0118162857349
2017     CMS_jec_AbsoluteTheory     1116.80275521     1136.24267982     1097.36283059     0.0174067663491     -0.0174067663491    0.0174067663491
2017     CMS_jec_AbsoluteTheory     25.8664517793     23.4923444928     28.2559143879     -0.0917832606766     0.0923768992    0.0923768992
2017     CMS_jec_AbsoluteTheory     122.779950776     123.340286156     122.219615397     0.00456373679735     -0.00456373679735    0.00456373679735
2017     CMS_jec_AbsoluteTheory     5.34193893234     5.97977176652     4.76627494764     0.119400996953     -0.107763115976    0.119400996953
2017     CMS_jec_AbsolutePU     1116.80275521     1122.29217421     1111.3133362     0.00491529858814     -0.00491529858814    0.00491529858814
2017     CMS_jec_AbsolutePU     25.8664517793     22.9539102122     28.7789933464     -0.112599191878     0.112599191878    0.112599191878
2017     CMS_jec_AbsolutePU     122.779950776     118.996199492     126.563702061     -0.0308173383421     0.0308173383421    0.0308173383421
2017     CMS_jec_AbsolutePU     5.34193893234     5.14798324493     5.53589461975     -0.0363081064505     0.0363081064505    0.0363081064505
2017     CMS_jec_AbsoluteScale     1116.80275521     1136.24267982     1097.36283059     0.0174067663491     -0.0174067663491    0.0174067663491
2017     CMS_jec_AbsoluteScale     25.8664517793     23.4923444928     28.2559143879     -0.0917832606766     0.0923768992    0.0923768992
2017     CMS_jec_AbsoluteScale     122.779950776     123.340286156     122.219615397     0.00456373679735     -0.00456373679735    0.00456373679735
2017     CMS_jec_AbsoluteScale     5.34193893234     5.97977176652     4.76627494764     0.119400996953     -0.107763115976    0.119400996953
2017     CMS_jec_Fragmentation     1116.80275521     1118.96483426     1114.64067615     0.00193595426563     -0.00193595426563    0.00193595426563
2017     CMS_jec_Fragmentation     25.8664517793     25.989069252     25.7438343066     0.00474040559409     -0.00474040559409    0.00474040559409
2017     CMS_jec_Fragmentation     122.779950776     122.460786119     123.099115434     -0.00259948513973     0.00259948513973    0.00259948513973
2017     CMS_jec_Fragmentation     5.34193893234     5.34222168113     5.34165618355     5.29299925711e-05     -5.2929992571e-05    5.29299925711e-05
2017     CMS_jec_AbsoluteMPFBias     1116.80275521     1136.24270812     1097.36280229     0.0174067916856     -0.0174067916856    0.0174067916856
2017     CMS_jec_AbsoluteMPFBias     25.8664517793     23.4923445457     28.2559143351     -0.0917832586343     0.0923768971576    0.0923768971576
2017     CMS_jec_AbsoluteMPFBias     122.779950776     123.340286081     122.219615471     0.00456373619066     -0.00456373619066    0.00456373619066
2017     CMS_jec_AbsoluteMPFBias     5.34193893234     5.97977176407     4.76627495009     0.119400996493     -0.107763115516    0.119400996493
2017     CMS_jec_RelativeFSR     1116.80275521     1125.72645584     1107.87905458     0.00799039990503     -0.00799039990503    0.00799039990503
2017     CMS_jec_RelativeFSR     25.8664517793     25.5629864919     26.1699170666     -0.0117320029014     0.0117320029014    0.0117320029014
2017     CMS_jec_RelativeFSR     122.779950776     122.606412283     122.95348927     -0.00141341068037     0.00141341068037    0.00141341068037
2017     CMS_jec_RelativeFSR     5.34193893234     5.22316528065     5.46071258403     -0.022234183729     0.022234183729    0.022234183729
2017     CMS_scale_sig     1116.80275521     1245.43266988     1008.36470205     0.115176931709     -0.0970968710877    0.115176931709
2017     CMS_scale_sig     25.8664517793     28.8019659112     23.38591467     0.113487313874     -0.0958978498632    0.113487313874
2017     CMS_scale_sig     122.779950776     137.067528796     110.747604053     0.116367354195     -0.0979992795827    0.116367354195
2017     CMS_scale_sig     5.34193893234     5.95580747947     4.82392532677     0.11491493162     -0.0969710833706    0.11491493162
2017     CMS_bTagSF_M     947.197477233     947.245931543     947.149022922     5.11554467766e-05     -5.11554467766e-05    5.11554467766e-05
2017     CMS_bTagSF_M     25.9263201982     9.29868029631     42.5539601001     -0.641342071485     0.641342071485    0.641342071485
2017     CMS_bTagSF_M     104.604143883     105.62375446     103.584533305     0.00974732491434     -0.00974732491434    0.00974732491434
2017     CMS_bTagSF_M     4.19071632033     2.05619043041     6.32762203296     -0.509346309023     0.509914188718    0.509914188718
2017     CMS_bTagSF_T     947.197477233     947.197477233     947.197477233     0.0     0.0    0.0
2017     CMS_bTagSF_T     25.9263201982     25.9263201982     25.9263201982     0.0     0.0    0.0
2017     CMS_bTagSF_T     104.604143883     104.604143883     104.604143883     0.0     0.0    0.0
2017     CMS_bTagSF_T     4.19071632033     4.19071632033     4.19071632033     0.0     0.0    0.0
2017     CMS_bTagSF_M_corr     947.197477233     953.591104471     940.803849994     0.00675004673502     -0.00675004673502    0.00675004673502
2017     CMS_bTagSF_M_corr     25.9263201982     15.7881307786     36.0884070112     -0.391038502268     0.391960244852    0.391960244852
2017     CMS_bTagSF_M_corr     104.604143883     104.651951311     104.596670691     0.000457031881051     -7.14425988158e-05    0.000457031881051
2017     CMS_bTagSF_M_corr     4.19071632033     2.96111540502     5.50047349388     -0.293410677631     0.312537779565    0.312537779565
2017     CMS_bTagSF_T_corr     947.197477233     947.197477233     947.197477233     0.0     0.0    0.0
2017     CMS_bTagSF_T_corr     25.9263201982     25.9263201982     25.9263201982     0.0     0.0    0.0
2017     CMS_bTagSF_T_corr     104.604143883     104.604143883     104.604143883     0.0     0.0    0.0
2017     CMS_bTagSF_T_corr     4.19071632033     4.19071632033     4.19071632033     0.0     0.0    0.0
2017     CMS_jer     947.197477233     915.979247567     978.415706899     -0.0329585228176     0.0329585228176    0.0329585228176
2017     CMS_jer     25.9263201982     25.4677400676     26.3882633427     -0.017687821763     0.0178175360402    0.0178175360402
2017     CMS_jer     104.604143883     102.831128078     106.377159688     -0.0169497664167     0.0169497664167    0.0169497664167
2017     CMS_jer     4.19071632033     4.38252012474     4.0140106193     0.0457687396955     -0.0421659896609    0.0457687396955
2017     CMS_jec     947.197477233     987.59867834     906.796276125     0.0426534086909     -0.0426534086909    0.0426534086909
2017     CMS_jec     25.9263201982     24.9359612642     26.9882683479     -0.0381989779673     0.0409602342923    0.0409602342923
2017     CMS_jec     104.604143883     113.873118588     98.1286145322     0.0886100144901     -0.0619050939094    0.0886100144901
2017     CMS_jec     4.19071632033     4.11010262377     4.30137449692     -0.0192362570971     0.026405551732    0.026405551732
2017     CMS_bTagSF_bc_T_corr     947.197477233     947.197477233     947.197477233     0.0     0.0    0.0
2017     CMS_bTagSF_bc_T_corr     25.9263201982     25.9263201982     25.9263201982     0.0     0.0    0.0
2017     CMS_bTagSF_bc_T_corr     104.604143883     104.604143883     104.604143883     0.0     0.0    0.0
2017     CMS_bTagSF_bc_T_corr     4.19071632033     4.19071632033     4.19071632033     0.0     0.0    0.0
2017     CMS_bTagSF_light_T_corr     947.197477233     947.197477233     947.197477233     0.0     0.0    0.0
2017     CMS_bTagSF_light_T_corr     25.9263201982     25.9263201982     25.9263201982     0.0     0.0    0.0
2017     CMS_bTagSF_light_T_corr     104.604143883     104.604143883     104.604143883     0.0     0.0    0.0
2017     CMS_bTagSF_light_T_corr     4.19071632033     4.19071632033     4.19071632033     0.0     0.0    0.0
2017     CMS_bTagSF_bc_M_corr     947.197477233     959.80591106     934.589043405     0.0133113042744     -0.0133113042744    0.0133113042744
2017     CMS_bTagSF_bc_M_corr     25.9263201982     14.6420548553     37.2105855411     -0.435243615624     0.435243615624    0.435243615624
2017     CMS_bTagSF_bc_M_corr     104.604143883     105.455642476     103.752645289     0.00814019944128     -0.00814019944128    0.00814019944128
2017     CMS_bTagSF_bc_M_corr     4.19071632033     2.61578825107     5.7656443896     -0.375813571924     0.375813571924    0.375813571924
2017     CMS_bTagSF_light_M_corr     947.197477233     946.614808587     947.780145878     -0.000615150124108     0.000615150124109    0.000615150124109
2017     CMS_bTagSF_light_M_corr     25.9263201982     26.7761876033     25.1196252578     0.0327801014038     -0.0311149030895    0.0327801014038
2017     CMS_bTagSF_light_M_corr     104.604143883     99.9200740851     109.351211904     -0.0447790080168     0.045381261631    0.045381261631
2017     CMS_bTagSF_light_M_corr     4.19071632033     4.55651795431     3.96017625253     0.0872885697854     -0.0550120910566    0.0872885697854
2017     CMS_bTagSF_bc_T_year     947.197477233     947.197477233     947.197477233     0.0     0.0    0.0
2017     CMS_bTagSF_bc_T_year     25.9263201982     25.9263201982     25.9263201982     0.0     0.0    0.0
2017     CMS_bTagSF_bc_T_year     104.604143883     104.604143883     104.604143883     0.0     0.0    0.0
2017     CMS_bTagSF_bc_T_year     4.19071632033     4.19071632033     4.19071632033     0.0     0.0    0.0
2017     CMS_bTagSF_light_T_year     947.197477233     947.197477233     947.197477233     0.0     0.0    0.0
2017     CMS_bTagSF_light_T_year     25.9263201982     25.9263201982     25.9263201982     0.0     0.0    0.0
2017     CMS_bTagSF_light_T_year     104.604143883     104.604143883     104.604143883     0.0     0.0    0.0
2017     CMS_bTagSF_light_T_year     4.19071632033     4.19071632033     4.19071632033     0.0     0.0    0.0
2017     CMS_bTagSF_bc_M_year     947.197477233     950.202792957     944.192161508     0.00317285022065     -0.00317285022065    0.00317285022065
2017     CMS_bTagSF_bc_M_year     25.9263201982     9.8019229437     42.0507174527     -0.621931578845     0.621931578845    0.621931578845
2017     CMS_bTagSF_bc_M_year     104.604143883     105.228039226     103.980248539     0.00596434634367     -0.00596434634367    0.00596434634367
2017     CMS_bTagSF_bc_M_year     4.19071632033     2.14131479402     6.24011784665     -0.489033704423     0.489033704423    0.489033704423
2017     CMS_bTagSF_light_M_year     947.197477233     947.629751065     946.7652034     0.000456371393379     -0.000456371393379    0.000456371393379
2017     CMS_bTagSF_light_M_year     25.9263201982     25.3570898762     26.4955505202     -0.0219556928103     0.0219556928103    0.0219556928103
2017     CMS_bTagSF_light_M_year     104.604143883     104.986395905     104.22189186     0.00365427227431     -0.00365427227431    0.00365427227431
2017     CMS_bTagSF_light_M_year     4.19071632033     4.01494951365     4.36648312702     -0.0419419481654     0.0419419481654    0.0419419481654
2017     CMS_jer_eta193     947.197477233     917.227820751     977.167133714     -0.0316403466034     0.0316403466034    0.0316403466034
2017     CMS_jer_eta193     25.9263201982     25.4624399625     26.3935634478     -0.0178922512766     0.0180219655538    0.0180219655538
2017     CMS_jer_eta193     104.604143883     103.363933185     105.844354581     -0.0118562291312     0.0118562291312    0.0118562291312
2017     CMS_jer_eta193     4.19071632033     4.36228326348     4.01914937718     0.0409397654329     -0.0409397654329    0.0409397654329
2017     CMS_jer_193eta25     947.197477233     944.160706451     950.234248014     -0.00320605877263     0.00320605877263    0.00320605877263
2017     CMS_jer_193eta25     25.9263201982     25.9266811448     25.9259592516     1.39220145063e-05     -1.39220145057e-05    1.39220145063e-05
2017     CMS_jer_193eta25     104.604143883     104.765022025     104.44326574     0.00153797102697     -0.00153797102697    0.00153797102697
2017     CMS_jer_193eta25     4.19071632033     4.20974067039     4.17169197028     0.0045396415789     -0.0045396415789    0.0045396415789
2017     CMS_jec_FlavorQCD     947.197477233     963.824282272     930.570672194     0.017553683829     -0.017553683829    0.017553683829
2017     CMS_jec_FlavorQCD     25.9263201982     25.8984659006     25.9575375097     -0.00107436371146     0.00120407798867    0.00120407798867
2017     CMS_jec_FlavorQCD     104.604143883     100.232895229     108.975392536     -0.0417884845803     0.0417884845803    0.0417884845803
2017     CMS_jec_FlavorQCD     4.19071632033     3.62316756388     4.75993374955     -0.135430010784     0.135828193966    0.135828193966
2017     CMS_jec_RelativeBal     947.197477233     947.133892424     947.261062041     -6.71294106418e-05     6.71294106418e-05    6.71294106418e-05
2017     CMS_jec_RelativeBal     25.9263201982     25.9806747282     25.8719656682     0.00209649998714     -0.00209649998714    0.00209649998714
2017     CMS_jec_RelativeBal     104.604143883     104.176385795     105.03190197     -0.00408930346302     0.00408930346302    0.00408930346302
2017     CMS_jec_RelativeBal     4.19071632033     3.81479831164     4.56663432902     -0.0897025663292     0.0897025663292    0.0897025663292
2017     CMS_jec_Absolute     947.197477233     960.020627339     934.374327126     0.0135379901387     -0.0135379901387    0.0135379901387
2017     CMS_jec_Absolute     25.9263201982     26.3675912869     25.5048563273     0.0170201974429     -0.0162562163733    0.0170201974429
2017     CMS_jec_Absolute     104.604143883     106.139630462     103.068657303     0.0146790224773     -0.0146790224773    0.0146790224773
2017     CMS_jec_Absolute     4.19071632033     3.76765775529     4.62464706585     -0.100951372679     0.103545721625    0.103545721625
2017     CMS_jec_BBEC1_year     947.197477233     926.956557754     967.438396711     -0.0213692708911     0.0213692708911    0.0213692708911
2017     CMS_jec_BBEC1_year     25.9263201982     26.1460802145     25.7065601819     0.00847632886803     -0.00847632886803    0.00847632886803
2017     CMS_jec_BBEC1_year     104.604143883     102.412818926     106.795468839     -0.0209487394562     0.0209487394562    0.0209487394562
2017     CMS_jec_BBEC1_year     4.19071632033     4.27075069069     4.11068194998     0.0190980167199     -0.0190980167199    0.0190980167199
2017     CMS_jec_Absolute_year     947.197477233     954.228995837     940.165958628     0.00742349802808     -0.00742349802808    0.00742349802808
2017     CMS_jec_Absolute_year     25.9263201982     25.7547804234     26.097859973     -0.00661643355009     0.00661643355009    0.00661643355009
2017     CMS_jec_Absolute_year     104.604143883     100.199294441     109.008993324     -0.0421097030952     0.0421097030952    0.0421097030952
2017     CMS_jec_Absolute_year     4.19071632033     3.73449049442     4.64694214625     -0.108865833677     0.108865833677    0.108865833677
2017     CMS_jec_RelativeSample_year     947.197477233     946.840231675     947.55472279     -0.00037716058833     0.000377160588329    0.00037716058833
2017     CMS_jec_RelativeSample_year     25.9263201982     25.5553639404     26.31372066     -0.0143080952098     0.0149423620022    0.0149423620022
2017     CMS_jec_RelativeSample_year     104.604143883     105.63836303     103.570000473     0.00988698066323     -0.00988625661939    0.00988698066323
2017     CMS_jec_RelativeSample_year     4.19071632033     4.01105883643     4.37204247699     -0.0428703520272     0.0432685352097    0.0432685352097
2017     CMS_pu     947.197477233     949.264663101     945.130291364     0.00218242332601     -0.00218242332601    0.00218242332601
2017     CMS_pu     25.9263201982     26.1967471077     25.6558932887     0.0104305936002     -0.0104305936002    0.0104305936002
2017     CMS_pu     104.604143883     108.94705274     100.261235026     0.0415175603546     -0.0415175603546    0.0415175603546
2017     CMS_pu     4.19071632033     4.05138453294     4.33004810772     -0.0332477258634     0.0332477258634    0.0332477258634
2017     CMS_L1Prefiring     947.197477233     944.52978361     949.871081624     -0.00281640701852     0.00282264728884    0.00282264728884
2017     CMS_L1Prefiring     25.9263201982     25.8475023486     26.0021501799     -0.00304007082525     0.00292482624335    0.00304007082525
2017     CMS_L1Prefiring     104.604143883     103.710559255     105.538606523     -0.00854253564206     0.00893332334128    0.00893332334128
2017     CMS_L1Prefiring     4.19071632033     4.1141918107     4.26687230818     -0.0182604843147     0.0181725466536    0.0182604843147
2017     CMS_pdf_sig     947.197477233     953.885455023     940.509146079     0.00706080616842     -0.00706117923054    0.00706117923054
2017     CMS_pdf_sig     25.9263201982     26.1237930092     25.7288470887     0.00761669259364     -0.00761670410489    0.00761670410489
2017     CMS_pdf_sig     104.604143883     105.489229386     103.719060371     0.00846128528214     -0.00846126624247    0.00846128528214
2017     CMS_pdf_sig     4.19071632033     4.22967787542     4.15175489205     0.00929711106755     -0.00929708081066    0.00929711106755
2017     CMS_renorm_sig     947.197477233     947.197477233     947.197477233     0.0     0.0    0.0
2017     CMS_renorm_sig     25.9263201982     25.9263201982     25.9263201982     0.0     0.0    0.0
2017     CMS_renorm_sig     104.604143883     104.604143883     104.604143883     0.0     0.0    0.0
2017     CMS_renorm_sig     4.19071632033     4.19071632033     4.19071632033     0.0     0.0    0.0
2017     CMS_fact_sig     947.197477233     840.24690859     1076.50858659     -0.112912640937     0.136519693586    0.136519693586
2017     CMS_fact_sig     25.9263201982     23.0203744119     29.433764149     -0.112084775783     0.135285066451    0.135285066451
2017     CMS_fact_sig     104.604143883     92.6998313944     119.016543119     -0.113803450287     0.137780385184    0.137780385184
2017     CMS_fact_sig     4.19071632033     3.71493961381     4.76626763948     -0.113531117392     0.137339603817    0.137339603817
2017     CMS_jec_AbsoluteCal     947.197477233     957.580545269     936.814409196     0.0109618831194     -0.0109618831194    0.0109618831194
2017     CMS_jec_AbsoluteCal     25.9263201982     25.5625669404     26.290073456     -0.0140302694334     0.0140302694334    0.0140302694334
2017     CMS_jec_AbsoluteCal     104.604143883     99.4124859706     109.795801795     -0.049631474617     0.049631474617    0.049631474617
2017     CMS_jec_AbsoluteCal     4.19071632033     3.71367929826     4.66942201517     -0.113831857279     0.114230040462    0.114230040462
2017     CMS_jec_AbsoluteTheory     947.197477233     960.020694437     934.374260029     0.0135380609771     -0.0135380609771    0.0135380609771
2017     CMS_jec_AbsoluteTheory     25.9263201982     26.3675907185     25.5048568957     0.0170201755178     -0.0162561944483    0.0170201755178
2017     CMS_jec_AbsoluteTheory     104.604143883     106.139631979     103.068655786     0.0146790369827     -0.0146790369827    0.0146790369827
2017     CMS_jec_AbsoluteTheory     4.19071632033     3.76765776566     4.62464705548     -0.100951370204     0.10354571915    0.10354571915
2017     CMS_jec_AbsolutePU     947.197477233     947.163159442     947.242247457     -3.6230872311e-05     4.72659873878e-05    4.72659873878e-05
2017     CMS_jec_AbsolutePU     25.9263201982     25.704918787     26.1586339745     -0.008539638849     0.00896053795884    0.00896053795884
2017     CMS_jec_AbsolutePU     104.604143883     103.692464057     105.515823708     -0.00871552303641     0.00871552303641    0.00871552303641
2017     CMS_jec_AbsolutePU     4.19071632033     3.58105436723     4.8020469462     -0.145479175039     0.145877358221    0.145877358221
2017     CMS_jec_AbsoluteScale     947.197477233     960.020694437     934.374260029     0.0135380609771     -0.0135380609771    0.0135380609771
2017     CMS_jec_AbsoluteScale     25.9263201982     26.3675907185     25.5048568957     0.0170201755178     -0.0162561944483    0.0170201755178
2017     CMS_jec_AbsoluteScale     104.604143883     106.139631979     103.068655786     0.0146790369827     -0.0146790369827    0.0146790369827
2017     CMS_jec_AbsoluteScale     4.19071632033     3.76765776566     4.62464705548     -0.100951370204     0.10354571915    0.10354571915
2017     CMS_jec_Fragmentation     947.197477233     950.371739933     944.023214532     0.0033512153237     -0.0033512153237    0.0033512153237
2017     CMS_jec_Fragmentation     25.9263201982     26.0718362849     25.7808041115     0.00561267798876     -0.00561267798876    0.00561267798876
2017     CMS_jec_Fragmentation     104.604143883     103.821446992     105.386840773     -0.00748246543191     0.00748246543191    0.00748246543191
2017     CMS_jec_Fragmentation     4.19071632033     3.78213254665     4.59930009402     -0.0974973590314     0.0974973590314    0.0974973590314
2017     CMS_jec_AbsoluteMPFBias     947.197477233     960.020627339     934.374327126     0.0135379901387     -0.0135379901387    0.0135379901387
2017     CMS_jec_AbsoluteMPFBias     25.9263201982     26.3675912869     25.5048563273     0.0170201974429     -0.0162562163733    0.0170201974429
2017     CMS_jec_AbsoluteMPFBias     104.604143883     106.139630462     103.068657303     0.0146790224773     -0.0146790224773    0.0146790224773
2017     CMS_jec_AbsoluteMPFBias     4.19071632033     3.76765775529     4.62464706585     -0.100951372679     0.103545721625    0.103545721625
2017     CMS_jec_RelativeFSR     947.197477233     947.110580082     947.284374383     -9.17413237044e-05     9.17413237043e-05    9.17413237044e-05
2017     CMS_jec_RelativeFSR     25.9263201982     25.5315008927     26.3320518688     -0.0152285130509     0.0156494121608    0.0156494121608
2017     CMS_jec_RelativeFSR     104.604143883     101.979359291     107.228928475     -0.0250925488661     0.0250925488661    0.0250925488661
2017     CMS_jec_RelativeFSR     4.19071632033     3.65885060483     4.72425070859     -0.126915227575     0.127313410758    0.127313410758
2017     CMS_scale_sig     947.197477233     1076.50858659     840.24690859     0.136519693586     -0.112912640937    0.136519693586
2017     CMS_scale_sig     25.9263201982     29.433764149     23.0203744119     0.135285066451     -0.112084775783    0.135285066451
2017     CMS_scale_sig     104.604143883     119.016543119     92.6998313944     0.137780385184     -0.113803450287    0.137780385184
2017     CMS_scale_sig     4.19071632033     4.76626763948     3.71493961381     0.137339603817     -0.113531117392    0.137339603817
2017     CMS_bTagSF_M     557.252056663     554.412523522     560.091589804     -0.00509559921199     0.00509559921199    0.00509559921199
2017     CMS_bTagSF_M     15.3715356426     5.35740063649     25.3856706487     -0.651472646517     0.651472646517    0.651472646517
2017     CMS_bTagSF_M     60.3977744825     61.5359319891     59.259616976     0.0188443616716     -0.0188443616716    0.0188443616716
2017     CMS_bTagSF_M     2.35522002074     1.13714395967     3.57329608182     -0.51718143118     0.51718143118    0.51718143118
2017     CMS_bTagSF_T     557.252056663     557.252056663     557.252056663     0.0     0.0    0.0
2017     CMS_bTagSF_T     15.3715356426     15.3715356426     15.3715356426     0.0     0.0    0.0
2017     CMS_bTagSF_T     60.3977744825     60.3977744825     60.3977744825     0.0     0.0    0.0
2017     CMS_bTagSF_T     2.35522002074     2.35522002074     2.35522002074     0.0     0.0    0.0
2017     CMS_bTagSF_M_corr     557.252056663     551.180253032     564.193730221     -0.0108959734806     0.0124569725229    0.0124569725229
2017     CMS_bTagSF_M_corr     15.3715356426     9.40961901323     21.333452272     -0.387854328156     0.387854328156    0.387854328156
2017     CMS_bTagSF_M_corr     60.3977744825     60.577823076     60.2177258891     0.00298104681818     -0.00298104681818    0.00298104681818
2017     CMS_bTagSF_M_corr     2.35522002074     1.54975662871     3.16068341278     -0.341990720586     0.341990720586    0.341990720586
2017     CMS_bTagSF_T_corr     557.252056663     557.252056663     557.252056663     0.0     0.0    0.0
2017     CMS_bTagSF_T_corr     15.3715356426     15.3715356426     15.3715356426     0.0     0.0    0.0
2017     CMS_bTagSF_T_corr     60.3977744825     60.3977744825     60.3977744825     0.0     0.0    0.0
2017     CMS_bTagSF_T_corr     2.35522002074     2.35522002074     2.35522002074     0.0     0.0    0.0
2017     CMS_jer     557.252056663     576.612050673     537.892062653     0.0347418978151     -0.0347418978151    0.0347418978151
2017     CMS_jer     15.3715356426     15.9593557025     14.7869016499     0.0382408155916     -0.0380335450093    0.0382408155916
2017     CMS_jer     60.3977744825     60.6539054237     60.1416435414     0.00424073475129     -0.00424073475129    0.00424073475129
2017     CMS_jer     2.35522002074     2.17470748796     2.53573255352     -0.076643596433     0.076643596433    0.076643596433
2017     CMS_jec     557.252056663     561.764931888     552.739181438     0.00809844516696     -0.00809844516696    0.00809844516696
2017     CMS_jec     15.3715356426     15.3088409532     15.4564639009     -0.00407862238629     0.00552503407868    0.00552503407868
2017     CMS_jec     60.3977744825     57.361667671     63.5050886746     -0.0502685212756     0.0514474948573    0.0514474948573
2017     CMS_jec     2.35522002074     2.15622019784     2.564664593     -0.0844930924274     0.0889278158372    0.0889278158372
2017     CMS_bTagSF_bc_T_corr     557.252056663     557.252056663     557.252056663     0.0     0.0    0.0
2017     CMS_bTagSF_bc_T_corr     15.3715356426     15.3715356426     15.3715356426     0.0     0.0    0.0
2017     CMS_bTagSF_bc_T_corr     60.3977744825     60.3977744825     60.3977744825     0.0     0.0    0.0
2017     CMS_bTagSF_bc_T_corr     2.35522002074     2.35522002074     2.35522002074     0.0     0.0    0.0
2017     CMS_bTagSF_light_T_corr     557.252056663     557.252056663     557.252056663     0.0     0.0    0.0
2017     CMS_bTagSF_light_T_corr     15.3715356426     15.3715356426     15.3715356426     0.0     0.0    0.0
2017     CMS_bTagSF_light_T_corr     60.3977744825     60.3977744825     60.3977744825     0.0     0.0    0.0
2017     CMS_bTagSF_light_T_corr     2.35522002074     2.35522002074     2.35522002074     0.0     0.0    0.0
2017     CMS_bTagSF_bc_M_corr     557.252056663     560.188550839     554.315562487     0.00526959773549     -0.00526959773549    0.00526959773549
2017     CMS_bTagSF_bc_M_corr     15.3715356426     8.9926941025     21.7503771827     -0.414977507025     0.414977507025    0.414977507025
2017     CMS_bTagSF_bc_M_corr     60.3977744825     60.3999935545     60.3955554106     3.67409551942e-05     -3.67409551942e-05    3.67409551942e-05
2017     CMS_bTagSF_bc_M_corr     2.35522002074     1.49085510112     3.21958494037     -0.366999648445     0.366999648445    0.366999648445
2017     CMS_bTagSF_light_M_corr     557.252056663     550.196861117     564.307252209     -0.0126606900084     0.0126606900084    0.0126606900084
2017     CMS_bTagSF_light_M_corr     15.3715356426     15.7109718302     15.032099455     0.022082126048     -0.022082126048    0.022082126048
2017     CMS_bTagSF_light_M_corr     60.3977744825     61.3394824517     59.4560665134     0.0155917660414     -0.0155917660414    0.0155917660414
2017     CMS_bTagSF_light_M_corr     2.35522002074     2.41972253636     2.29071750513     0.0273870445429     -0.0273870445429    0.0273870445429
2017     CMS_bTagSF_bc_T_year     557.252056663     557.252056663     557.252056663     0.0     0.0    0.0
2017     CMS_bTagSF_bc_T_year     15.3715356426     15.3715356426     15.3715356426     0.0     0.0    0.0
2017     CMS_bTagSF_bc_T_year     60.3977744825     60.3977744825     60.3977744825     0.0     0.0    0.0
2017     CMS_bTagSF_bc_T_year     2.35522002074     2.35522002074     2.35522002074     0.0     0.0    0.0
2017     CMS_bTagSF_light_T_year     557.252056663     557.252056663     557.252056663     0.0     0.0    0.0
2017     CMS_bTagSF_light_T_year     15.3715356426     15.3715356426     15.3715356426     0.0     0.0    0.0
2017     CMS_bTagSF_light_T_year     60.3977744825     60.3977744825     60.3977744825     0.0     0.0    0.0
2017     CMS_bTagSF_light_T_year     2.35522002074     2.35522002074     2.35522002074     0.0     0.0    0.0
2017     CMS_bTagSF_bc_M_year     557.252056663     554.330899178     560.173214147     -0.00524207573505     0.00524207573505    0.00524207573505
2017     CMS_bTagSF_bc_M_year     15.3715356426     5.637674826     25.1053964592     -0.633239322532     0.633239322532    0.633239322532
2017     CMS_bTagSF_bc_M_year     60.3977744825     60.1299910855     60.6655578796     -0.00443366331523     0.00443366331523    0.00443366331523
2017     CMS_bTagSF_bc_M_year     2.35522002074     1.17356110023     3.53687894126     -0.501719121827     0.501719121827    0.501719121827
2017     CMS_bTagSF_light_M_year     557.252056663     558.593373772     555.910739554     0.0024070204727     -0.0024070204727    0.0024070204727
2017     CMS_bTagSF_light_M_year     15.3715356426     14.6490397673     16.0940315179     -0.0470021923693     0.0470021923693    0.0470021923693
2017     CMS_bTagSF_light_M_year     60.3977744825     59.6683742236     61.1271747415     -0.0120766082057     0.0120766082057    0.0120766082057
2017     CMS_bTagSF_light_M_year     2.35522002074     2.32865456955     2.38178547193     -0.0112793925642     0.0112793925642    0.0112793925642
2017     CMS_jer_eta193     557.252056663     576.348142824     538.155970502     0.0342683098835     -0.0342683098835    0.0342683098835
2017     CMS_jer_eta193     15.3715356426     15.9588312129     14.7874261395     0.038206694757     -0.0379994241747    0.038206694757
2017     CMS_jer_eta193     60.3977744825     60.5059842035     60.2895647615     0.00179161768675     -0.00179161768675    0.00179161768675
2017     CMS_jer_eta193     2.35522002074     2.17474369277     2.53569634872     -0.0766282242777     0.0766282242777    0.0766282242777
2017     CMS_jer_193eta25     557.252056663     556.83083193     557.673281396     -0.000755896237894     0.000755896237894    0.000755896237894
2017     CMS_jer_193eta25     15.3715356426     15.3710773298     15.3719939554     -2.98156802776e-05     2.98156802772e-05    2.98156802776e-05
2017     CMS_jer_193eta25     60.3977744825     60.4383288793     60.3572200857     0.000671455151368     -0.000671455151368    0.000671455151368
2017     CMS_jer_193eta25     2.35522002074     2.3549923337     2.35544770779     -9.66733648211e-05     9.66733648211e-05    9.66733648211e-05
2017     CMS_jec_FlavorQCD     557.252056663     581.691586738     532.812526588     0.0438572272332     -0.0438572272332    0.0438572272332
2017     CMS_jec_FlavorQCD     15.3715356426     14.6418175561     16.1217989994     -0.0474720355542     0.048808614454    0.048808614454
2017     CMS_jec_FlavorQCD     60.3977744825     62.0177763805     58.7777725846     0.0268222117757     -0.0268222117757    0.0268222117757
2017     CMS_jec_FlavorQCD     2.35522002074     2.2831039588     2.42733608269     -0.0306196709038     0.0306196709038    0.0306196709038
2017     CMS_jec_RelativeBal     557.252056663     567.498411682     547.005701644     0.0183872897304     -0.0183872897304    0.0183872897304
2017     CMS_jec_RelativeBal     15.3715356426     15.3353686862     15.4109397151     -0.00235285252161     0.00256344410639    0.00256344410639
2017     CMS_jec_RelativeBal     60.3977744825     60.2692198942     60.5263290708     -0.00212846564966     0.00212846564966    0.00212846564966
2017     CMS_jec_RelativeBal     2.35522002074     2.34038946439     2.37288761741     -0.00629688786017     0.00750146334854    0.00750146334854
2017     CMS_jec_Absolute     557.252056663     562.602060955     551.902052371     0.00960069007938     -0.00960069007938    0.00960069007938
2017     CMS_jec_Absolute     15.3715356426     15.0470812391     15.7165353163     -0.021107481453     0.0224440603528    0.0224440603528
2017     CMS_jec_Absolute     60.3977744825     59.7205524631     61.074996502     -0.0112126982373     0.0112126982373    0.0112126982373
2017     CMS_jec_Absolute     2.35522002074     2.19383357076     2.51944351104     -0.0685228762346     0.0697274517229    0.0697274517229
2017     CMS_jec_BBEC1_year     557.252056663     549.145096914     565.359016412     -0.0145481019807     0.0145481019807    0.0145481019807
2017     CMS_jec_BBEC1_year     15.3715356426     15.0953900614     15.6476812238     -0.017964736097     0.017964736097    0.017964736097
2017     CMS_jec_BBEC1_year     60.3977744825     60.3472882201     60.448260745     -0.000835896072517     0.000835896072517    0.000835896072517
2017     CMS_jec_BBEC1_year     2.35522002074     2.35493378332     2.35550625817     -0.00012153319975     0.00012153319975    0.00012153319975
2017     CMS_jec_Absolute_year     557.252056663     573.955282914     540.548830412     0.0299742747499     -0.0299742747499    0.0299742747499
2017     CMS_jec_Absolute_year     15.3715356426     15.1686044381     15.5950631662     -0.0132017521998     0.014541652102    0.014541652102
2017     CMS_jec_Absolute_year     60.3977744825     61.6783455268     59.1172034382     0.0212022885822     -0.0212022885822    0.0212022885822
2017     CMS_jec_Absolute_year     2.35522002074     2.26827028569     2.4450067961     -0.0369178821029     0.0381224575912    0.0381224575912
2017     CMS_jec_RelativeSample_year     557.252056663     577.882203992     536.621909334     0.0370212134387     -0.0370212134387    0.0370212134387
2017     CMS_jec_RelativeSample_year     15.3715356426     15.1687798332     15.5948367223     -0.0131903418213     0.014526920721    0.014526920721
2017     CMS_jec_RelativeSample_year     60.3977744825     60.3526090334     60.4429399317     -0.000747799890723     0.000747799890723    0.000747799890723
2017     CMS_jec_RelativeSample_year     2.35522002074     2.08157126626     2.63170581554     -0.116188191369     0.117392766857    0.117392766857
2017     CMS_pu     557.252056663     564.64771041     549.856402916     0.0132716490838     -0.0132716490838    0.0132716490838
2017     CMS_pu     15.3715356426     15.8962792327     14.8467920525     0.0341373563627     -0.0341373563627    0.0341373563627
2017     CMS_pu     60.3977744825     60.5422351824     60.2533137827     0.00239182157147     -0.00239182157147    0.00239182157147
2017     CMS_pu     2.35522002074     2.36025768632     2.35018235517     0.00213893629051     -0.00213893629051    0.00213893629051
2017     CMS_L1Prefiring     557.252056663     555.714978815     558.778839067     -0.00275831704817     0.00273984166822    0.00275831704817
2017     CMS_L1Prefiring     15.3715356426     15.3281067265     15.4140775672     -0.00282528155397     0.00276757804521    0.00282528155397
2017     CMS_L1Prefiring     60.3977744825     59.7943961681     61.0602555812     -0.00999007529008     0.0109686342632    0.0109686342632
2017     CMS_L1Prefiring     2.35522002074     2.30234382212     2.40808751805     -0.0224506407706     0.0224469462894    0.0224506407706
2017     CMS_pdf_sig     557.252056663     561.232131953     553.272073275     0.00714232498972     -0.00714216006998    0.00714232498972
2017     CMS_pdf_sig     15.3715356426     15.4858196878     15.2572516738     0.00743478386571     -0.00743477889718    0.00743478386571
2017     CMS_pdf_sig     60.3977744825     60.8944776159     59.9010727971     0.00822386482999     -0.00822384085734    0.00822386482999
2017     CMS_pdf_sig     2.35522002074     2.37329821617     2.3371418616     0.00767579897753     -0.00767578357109    0.00767579897753
2017     CMS_renorm_sig     557.252056663     557.252056663     557.252056663     0.0     0.0    0.0
2017     CMS_renorm_sig     15.3715356426     15.3715356426     15.3715356426     0.0     0.0    0.0
2017     CMS_renorm_sig     60.3977744825     60.3977744825     60.3977744825     0.0     0.0    0.0
2017     CMS_renorm_sig     2.35522002074     2.35522002074     2.35522002074     0.0     0.0    0.0
2017     CMS_fact_sig     557.252056663     494.101465059     633.628777082     -0.113325004097     0.137059557709    0.137059557709
2017     CMS_fact_sig     15.3715356426     13.6447747242     17.4558152212     -0.112334964997     0.135593451884    0.135593451884
2017     CMS_fact_sig     60.3977744825     53.541394953     68.691095744     -0.113520400185     0.137311702831    0.137311702831
2017     CMS_fact_sig     2.35522002074     2.08874544031     2.67726157757     -0.113142117547     0.136735232372    0.136735232372
2017     CMS_jec_AbsoluteCal     557.252056663     578.281061328     536.223051997     0.0377369709344     -0.0377369709344    0.0377369709344
2017     CMS_jec_AbsoluteCal     15.3715356426     15.5377546882     15.2258618672     0.010813431364     -0.00947685246428    0.010813431364
2017     CMS_jec_AbsoluteCal     60.3977744825     61.7921788595     59.0033701056     0.0230870158525     -0.0230870158525    0.0230870158525
2017     CMS_jec_AbsoluteCal     2.35522002074     2.35770101956     2.35557606224     0.00105340426455     0.000151171223818    0.00105340426455
2017     CMS_jec_AbsoluteTheory     557.252056663     562.602062598     551.902050728     0.00960069302781     -0.00960069302781    0.00960069302781
2017     CMS_jec_AbsoluteTheory     15.3715356426     15.0470812115     15.7165353439     -0.0211074832519     0.0224440621517    0.0224440621517
2017     CMS_jec_AbsoluteTheory     60.3977744825     59.7205536944     61.0749952707     -0.0112126778501     0.0112126778501    0.0112126778501
2017     CMS_jec_AbsoluteTheory     2.35522002074     2.19383357076     2.51944351104     -0.0685228762346     0.0697274517229    0.0697274517229
2017     CMS_jec_AbsolutePU     557.252056663     577.592457042     536.911656284     0.0365012567221     -0.0365012567221    0.0365012567221
2017     CMS_jec_AbsolutePU     15.3715356426     15.0938551527     15.6697614027     -0.018064590056     0.0194011689557    0.0194011689557
2017     CMS_jec_AbsolutePU     60.3977744825     61.4542780174     59.3412709477     0.0174924249103     -0.0174924249103    0.0174924249103
2017     CMS_jec_AbsolutePU     2.35522002074     2.34698859136     2.36628849043     -0.00349497257646     0.00469954806483    0.00469954806483
2017     CMS_jec_AbsoluteScale     557.252056663     562.602062598     551.902050728     0.00960069302781     -0.00960069302781    0.00960069302781
2017     CMS_jec_AbsoluteScale     15.3715356426     15.0470812115     15.7165353439     -0.0211074832519     0.0224440621517    0.0224440621517
2017     CMS_jec_AbsoluteScale     60.3977744825     59.7205536944     61.0749952707     -0.0112126778501     0.0112126778501    0.0112126778501
2017     CMS_jec_AbsoluteScale     2.35522002074     2.19383357076     2.51944351104     -0.0685228762346     0.0697274517229    0.0697274517229
2017     CMS_jec_Fragmentation     557.252056663     581.477492942     533.026620384     0.0434730316192     -0.0434730316192    0.0434730316192
2017     CMS_jec_Fragmentation     15.3715356426     15.4826417174     15.2604295678     0.00722804001904     -0.00722804001904    0.00722804001904
2017     CMS_jec_Fragmentation     60.3977744825     60.1689440484     60.6266049167     -0.00378872294667     0.00378872294667    0.00378872294667
2017     CMS_jec_Fragmentation     2.35522002074     2.34322449159     2.36721554989     -0.00509316711144     0.00509316711144    0.00509316711144
2017     CMS_jec_AbsoluteMPFBias     557.252056663     562.602060955     551.902052371     0.00960069007938     -0.00960069007938    0.00960069007938
2017     CMS_jec_AbsoluteMPFBias     15.3715356426     15.0470812391     15.7165353163     -0.021107481453     0.0224440603528    0.0224440603528
2017     CMS_jec_AbsoluteMPFBias     60.3977744825     59.7205524631     61.074996502     -0.0112126982373     0.0112126982373    0.0112126982373
2017     CMS_jec_AbsoluteMPFBias     2.35522002074     2.19383357076     2.51944351104     -0.0685228762346     0.0697274517229    0.0697274517229
2017     CMS_jec_RelativeFSR     557.252056663     583.879100464     530.625012862     0.0477827645189     -0.0477827645189    0.0477827645189
2017     CMS_jec_RelativeFSR     15.3715356426     15.610852613     15.1527639425     0.0155688394386     -0.0142322605388    0.0155688394386
2017     CMS_jec_RelativeFSR     60.3977744825     61.0373594589     59.7581895062     0.0105895454229     -0.0105895454229    0.0105895454229
2017     CMS_jec_RelativeFSR     2.35522002074     2.34207733441     2.36836270707     -0.00558023718104     0.00558023718104    0.00558023718104
2017     CMS_scale_sig     557.252056663     633.628777082     494.101465059     0.137059557709     -0.113325004097    0.137059557709
2017     CMS_scale_sig     15.3715356426     17.4558152212     13.6447747242     0.135593451884     -0.112334964997    0.135593451884
2017     CMS_scale_sig     60.3977744825     68.691095744     53.541394953     0.137311702831     -0.113520400185    0.137311702831
2017     CMS_scale_sig     2.35522002074     2.67726157757     2.08874544031     0.136735232372     -0.113142117547    0.136735232372
2017     CMS_bTagSF_M     181.625904228     180.092003865     183.159804591     -0.00844538321429     0.00844538321429    0.00844538321429
2017     CMS_bTagSF_M     4.74490728555     1.94357778654     7.54623678456     -0.590386561934     0.590386561934    0.590386561934
2017     CMS_bTagSF_M     16.9590234819     16.540265883     17.3777810808     -0.0246923178894     0.0246923178894    0.0246923178894
2017     CMS_bTagSF_M     0.558500181764     0.302199134147     0.815359275265     -0.458909515137     0.459908701712    0.459908701712
2017     CMS_bTagSF_T     181.625904228     181.625904228     181.625904228     0.0     0.0    0.0
2017     CMS_bTagSF_T     4.74490728555     4.74490728555     4.74490728555     0.0     0.0    0.0
2017     CMS_bTagSF_T     16.9590234819     16.9590234819     16.9590234819     0.0     0.0    0.0
2017     CMS_bTagSF_T     0.558500181764     0.558500181764     0.558500181764     0.0     0.0    0.0
2017     CMS_bTagSF_M_corr     181.625904228     169.092928597     194.158879859     -0.0690043399062     0.0690043399062    0.0690043399062
2017     CMS_bTagSF_M_corr     4.74490728555     2.87070686979     6.62447574897     -0.394991999414     0.396123327667    0.396123327667
2017     CMS_bTagSF_M_corr     16.9590234819     17.6932922289     16.2247547349     0.0432966407418     -0.0432966407418    0.0432966407418
2017     CMS_bTagSF_M_corr     0.558500181764     0.601705196781     0.589317553606     0.0773589990259     0.0551788036049    0.0773589990259
2017     CMS_bTagSF_T_corr     181.625904228     181.625904228     181.625904228     0.0     0.0    0.0
2017     CMS_bTagSF_T_corr     4.74490728555     4.74490728555     4.74490728555     0.0     0.0    0.0
2017     CMS_bTagSF_T_corr     16.9590234819     16.9590234819     16.9590234819     0.0     0.0    0.0
2017     CMS_bTagSF_T_corr     0.558500181764     0.558500181764     0.558500181764     0.0     0.0    0.0
2017     CMS_jer     181.625904228     178.169597773     185.082210683     -0.019029810035     0.019029810035    0.019029810035
2017     CMS_jer     4.74490728555     4.63942481351     4.91851256442     -0.0222306708414     0.036587707287    0.036587707287
2017     CMS_jer     16.9590234819     17.7803081181     16.1767761237     0.0484275900161     -0.0461257311808    0.0484275900161
2017     CMS_jer     0.558500181764     0.558175728306     0.558824635221     -0.000580937067177     0.000580937067177    0.000580937067177
2017     CMS_jec     181.625904228     185.903108344     177.348700112     0.0235495268931     -0.0235495268931    0.0235495268931
2017     CMS_jec     4.74490728555     5.00940548717     4.50508360875     0.0557435974408     -0.0505433852273    0.0557435974408
2017     CMS_jec     16.9590234819     21.1140375437     12.8903548696     0.245003143384     -0.23991172703    0.245003143384
2017     CMS_jec     0.558500181764     0.558563153505     0.612289312928     0.000112751515065     0.096309961788    0.096309961788
2017     CMS_bTagSF_bc_T_corr     181.625904228     181.625904228     181.625904228     0.0     0.0    0.0
2017     CMS_bTagSF_bc_T_corr     4.74490728555     4.74490728555     4.74490728555     0.0     0.0    0.0
2017     CMS_bTagSF_bc_T_corr     16.9590234819     16.9590234819     16.9590234819     0.0     0.0    0.0
2017     CMS_bTagSF_bc_T_corr     0.558500181764     0.558500181764     0.558500181764     0.0     0.0    0.0
2017     CMS_bTagSF_light_T_corr     181.625904228     181.625904228     181.625904228     0.0     0.0    0.0
2017     CMS_bTagSF_light_T_corr     4.74490728555     4.74490728555     4.74490728555     0.0     0.0    0.0
2017     CMS_bTagSF_light_T_corr     16.9590234819     16.9590234819     16.9590234819     0.0     0.0    0.0
2017     CMS_bTagSF_light_T_corr     0.558500181764     0.558500181764     0.558500181764     0.0     0.0    0.0
2017     CMS_bTagSF_bc_M_corr     181.625904228     181.698829198     181.552979258     0.000401511946418     -0.000401511946418    0.000401511946418
2017     CMS_bTagSF_bc_M_corr     4.74490728555     2.57839015923     6.91142441186     -0.456598410872     0.456598410872    0.456598410872
2017     CMS_bTagSF_bc_M_corr     16.9590234819     17.0716028655     16.8464440982     0.00663831757583     -0.00663831757583    0.00663831757583
2017     CMS_bTagSF_bc_M_corr     0.558500181764     0.344860276849     0.773589205568     -0.382524324773     0.385118986219    0.385118986219
2017     CMS_bTagSF_light_M_corr     181.625904228     169.900588159     193.351220297     -0.0645575096728     0.0645575096728    0.0645575096728
2017     CMS_bTagSF_light_M_corr     4.74490728555     5.88775144044     3.60993909995     0.240857004387     -0.23919712595    0.240857004387
2017     CMS_bTagSF_light_M_corr     16.9590234819     17.5414740658     16.376572898     0.0343445826647     -0.0343445826647    0.0343445826647
2017     CMS_bTagSF_light_M_corr     0.558500181764     0.909896962147     0.408849129688     0.629179348293     -0.267951662259    0.629179348293
2017     CMS_bTagSF_bc_T_year     181.625904228     181.625904228     181.625904228     0.0     0.0    0.0
2017     CMS_bTagSF_bc_T_year     4.74490728555     4.74490728555     4.74490728555     0.0     0.0    0.0
2017     CMS_bTagSF_bc_T_year     16.9590234819     16.9590234819     16.9590234819     0.0     0.0    0.0
2017     CMS_bTagSF_bc_T_year     0.558500181764     0.558500181764     0.558500181764     0.0     0.0    0.0
2017     CMS_bTagSF_light_T_year     181.625904228     181.625904228     181.625904228     0.0     0.0    0.0
2017     CMS_bTagSF_light_T_year     4.74490728555     4.74490728555     4.74490728555     0.0     0.0    0.0
2017     CMS_bTagSF_light_T_year     16.9590234819     16.9590234819     16.9590234819     0.0     0.0    0.0
2017     CMS_bTagSF_light_T_year     0.558500181764     0.558500181764     0.558500181764     0.0     0.0    0.0
2017     CMS_bTagSF_bc_M_year     181.625904228     180.359270884     182.892537573     -0.00697385843617     0.00697385843617    0.00697385843617
2017     CMS_bTagSF_bc_M_year     4.74490728555     2.07559996131     7.41421460979     -0.562562588392     0.562562588392    0.562562588392
2017     CMS_bTagSF_bc_M_year     16.9590234819     16.7522647677     17.1657821961     -0.0121916638904     0.0121916638904    0.0121916638904
2017     CMS_bTagSF_bc_M_year     0.558500181764     0.326014917245     0.790985446283     -0.416267124184     0.416267124184    0.416267124184
2017     CMS_bTagSF_light_M_year     181.625904228     181.125313378     182.126495079     -0.00275616439578     0.00275616439578    0.00275616439578
2017     CMS_bTagSF_light_M_year     4.74490728555     4.62252451837     4.86729005273     -0.0257924464732     0.0257924464732    0.0257924464732
2017     CMS_bTagSF_light_M_year     16.9590234819     16.9010558309     17.0169911329     -0.00341810075796     0.00341810075796    0.00341810075796
2017     CMS_bTagSF_light_M_year     0.558500181764     0.540225426096     0.576774937431     -0.0327211275199     0.0327211275199    0.0327211275199
2017     CMS_jer_eta193     181.625904228     178.025871639     185.225936817     -0.019821140625     0.019821140625    0.019821140625
2017     CMS_jer_eta193     4.74490728555     4.63983282867     4.91810454925     -0.0221446807185     0.036501717164    0.036501717164
2017     CMS_jer_eta193     16.9590234819     19.4734358981     14.4836483438     0.148263985769     -0.145962126933    0.148263985769
2017     CMS_jer_eta193     0.558500181764     0.558175728306     0.558824635221     -0.000580937067177     0.000580937067177    0.000580937067177
2017     CMS_jer_193eta25     181.625904228     181.703119797     181.548688659     0.000425135223157     -0.000425135223158    0.000425135223158
2017     CMS_jer_193eta25     4.74490728555     4.74449927039     4.74531530071     -8.59901229879e-05     8.59901229877e-05    8.59901229879e-05
2017     CMS_jer_193eta25     16.9590234819     16.933237083     16.9848098807     -0.00152051200833     0.00152051200833    0.00152051200833
2017     CMS_jer_193eta25     0.558500181764     0.558500181764     0.558500181764     0.0     0.0    0.0
2017     CMS_jec_FlavorQCD     181.625904228     183.262664301     179.989144155     0.00901171052651     -0.00901171052651    0.00901171052651
2017     CMS_jec_FlavorQCD     4.74490728555     4.82621400397     4.66360056713     0.017135575792     -0.017135575792    0.017135575792
2017     CMS_jec_FlavorQCD     16.9590234819     17.3782578681     16.5397890957     0.024720431967     -0.024720431967    0.024720431967
2017     CMS_jec_FlavorQCD     0.558500181764     0.558283770084     0.558716593443     -0.000387487213741     0.000387487213741    0.000387487213741
2017     CMS_jec_RelativeBal     181.625904228     183.265425614     179.986382843     0.00902691382362     -0.00902691382362    0.00902691382362
2017     CMS_jec_RelativeBal     4.74490728555     4.7484039256     4.74141064549     0.000736924842616     -0.000736924842616    0.000736924842616
2017     CMS_jec_RelativeBal     16.9590234819     18.6351030556     15.3219811863     0.0988311370325     -0.0965292781972    0.0988311370325
2017     CMS_jec_RelativeBal     0.558500181764     0.558500178064     0.558500185463     -6.62403865093e-09     6.62403887297e-09    6.62403887297e-09
2017     CMS_jec_Absolute     181.625904228     183.789706393     179.462102063     0.0119135107642     -0.0119135107642    0.0119135107642
2017     CMS_jec_Absolute     4.74490728555     4.89296968584     4.62151941007     0.0312044875443     -0.0260042753309    0.0312044875443
2017     CMS_jec_Absolute     16.9590234819     20.1837120926     13.8061758522     0.190145889835     -0.185909739026    0.190145889835
2017     CMS_jec_Absolute     0.558500181764     0.558499785602     0.558500577925     -7.0933122498e-07     7.09331225091e-07    7.09331225091e-07
2017     CMS_jec_BBEC1_year     181.625904228     181.137608315     182.114200141     -0.00268847065254     0.00268847065254    0.00268847065254
2017     CMS_jec_BBEC1_year     4.74490728555     4.75612090949     4.7336936616     0.00236329674566     -0.00236329674566    0.00236329674566
2017     CMS_jec_BBEC1_year     16.9590234819     18.0892146783     15.8678695635     0.0666424689873     -0.064340610152    0.0666424689873
2017     CMS_jec_BBEC1_year     0.558500181764     0.558500181764     0.558500181764     0.0     0.0    0.0
2017     CMS_jec_Absolute_year     181.625904228     184.224555065     179.027253391     0.0143077103892     -0.0143077103893    0.0143077103893
2017     CMS_jec_Absolute_year     4.74490728555     4.72873062113     4.76108394996     -0.00340926881004     0.00340926881004    0.00340926881004
2017     CMS_jec_Absolute_year     16.9590234819     18.7422966131     15.2147876287     0.105151875823     -0.102850016988    0.105151875823
2017     CMS_jec_Absolute_year     0.558500181764     0.558500178064     0.558500185463     -6.62403865093e-09     6.62403887297e-09    6.62403887297e-09
2017     CMS_jec_RelativeSample_year     181.625904228     183.296395809     179.955412648     0.00919743022201     -0.00919743022201    0.00919743022201
2017     CMS_jec_RelativeSample_year     4.74490728555     4.96029346775     4.55419562817     0.0453931276709     -0.0401929154575    0.0453931276709
2017     CMS_jec_RelativeSample_year     16.9590234819     19.4401578096     14.5001473267     0.146301721343     -0.144989253527    0.146301721343
2017     CMS_jec_RelativeSample_year     0.558500181764     0.558500178064     0.558500185463     -6.62403887297e-09     6.62403887297e-09    6.62403887297e-09
2017     CMS_pu     181.625904228     182.592191077     180.65961738     0.00532020392393     -0.00532020392393    0.00532020392393
2017     CMS_pu     4.74490728555     4.84406222802     4.64575234308     0.0208971295967     -0.0208971295967    0.0208971295967
2017     CMS_pu     16.9590234819     16.6004108156     17.3176361481     -0.0211458322838     0.0211458322838    0.0211458322838
2017     CMS_pu     0.558500181764     0.521142090258     0.59585827327     -0.06689002569     0.06689002569    0.06689002569
2017     CMS_L1Prefiring     181.625904228     180.99873729     182.26578197     -0.00345306987578     0.00352305330383    0.00352305330383
2017     CMS_L1Prefiring     4.74490728555     4.72686445887     4.76247770419     -0.00380256675066     0.00370300568244    0.00380256675066
2017     CMS_L1Prefiring     16.9590234819     16.761960591     17.1552710753     -0.011619943278     0.011571868724    0.011619943278
2017     CMS_L1Prefiring     0.558500181764     0.546431101656     0.570540025887     -0.0216098051557     0.021557457842    0.0216098051557
2017     CMS_pdf_sig     181.625904228     183.725506283     179.526295249     0.0115600363486     -0.011560074473    0.011560074473
2017     CMS_pdf_sig     4.74490728555     4.7982543676     4.6915601137     0.0112430188497     -0.0112430377747    0.0112430377747
2017     CMS_pdf_sig     16.9590234819     17.1591282862     16.7589181453     0.011799311708     -0.0117993430958    0.0117993430958
2017     CMS_pdf_sig     0.558500181764     0.573373580006     0.543626786187     0.0266309640147     -0.0266309592405    0.0266309640147
2017     CMS_renorm_sig     181.625904228     181.625904228     181.625904228     0.0     0.0    0.0
2017     CMS_renorm_sig     4.74490728555     4.74490728555     4.74490728555     0.0     0.0    0.0
2017     CMS_renorm_sig     16.9590234819     16.9590234819     16.9590234819     0.0     0.0    0.0
2017     CMS_renorm_sig     0.558500181764     0.558500181764     0.558500181764     0.0     0.0    0.0
2017     CMS_fact_sig     181.625904228     158.806321521     209.650194604     -0.125640573154     0.154296770027    0.154296770027
2017     CMS_fact_sig     4.74490728555     4.155620964     5.46704214011     -0.124193432259     0.15219156268    0.15219156268
2017     CMS_fact_sig     16.9590234819     14.8183598726     19.5968350296     -0.126225640972     0.155540296913    0.155540296913
2017     CMS_fact_sig     0.558500181764     0.485383207867     0.649069473637     -0.130916651926     0.162165196773    0.162165196773
2017     CMS_jec_AbsoluteCal     181.625904228     184.121340141     179.130468315     0.0137394273345     -0.0137394273345    0.0137394273345
2017     CMS_jec_AbsoluteCal     4.74490728555     4.88321541363     4.60659915747     0.0291487524952     -0.0291487524952    0.0291487524952
2017     CMS_jec_AbsoluteCal     16.9590234819     18.4726903989     15.4843938429     0.0892543676628     -0.0869525088275    0.0892543676628
2017     CMS_jec_AbsoluteCal     0.558500181764     0.558500178064     0.558500185463     -6.62403865093e-09     6.62403887297e-09    6.62403887297e-09
2017     CMS_jec_AbsoluteTheory     181.625904228     183.789706545     179.462101912     0.0119135115979     -0.0119135115979    0.0119135115979
2017     CMS_jec_AbsoluteTheory     4.74490728555     4.89296970082     4.62151939509     0.0312044907019     -0.0260042784885    0.0312044907019
2017     CMS_jec_AbsoluteTheory     16.9590234819     20.175874201     13.8140137438     0.189683723392     -0.185447572582    0.189683723392
2017     CMS_jec_AbsoluteTheory     0.558500181764     0.558499785602     0.558500577925     -7.0933122498e-07     7.09331225091e-07    7.09331225091e-07
2017     CMS_jec_AbsolutePU     181.625904228     185.20759115     178.044217307     0.0197201326365     -0.0197201326365    0.0197201326365
2017     CMS_jec_AbsolutePU     4.74490728555     4.68282790419     4.8069866669     -0.0130833707841     0.0130833707841    0.0130833707841
2017     CMS_jec_AbsolutePU     16.9590234819     18.7296994309     15.2273848109     0.10440907467     -0.102107215835    0.10440907467
2017     CMS_jec_AbsolutePU     0.558500181764     0.558500178064     0.558500185463     -6.62403887297e-09     6.62403887297e-09    6.62403887297e-09
2017     CMS_jec_AbsoluteScale     181.625904228     183.789706545     179.462101912     0.0119135115979     -0.0119135115979    0.0119135115979
2017     CMS_jec_AbsoluteScale     4.74490728555     4.89296970082     4.62151939509     0.0312044907019     -0.0260042784885    0.0312044907019
2017     CMS_jec_AbsoluteScale     16.9590234819     20.175874201     13.8140137438     0.189683723392     -0.185447572582    0.189683723392
2017     CMS_jec_AbsoluteScale     0.558500181764     0.558499785602     0.558500577925     -7.0933122498e-07     7.09331225091e-07    7.09331225091e-07
2017     CMS_jec_Fragmentation     181.625904228     182.939972618     180.311835839     0.0072350273777     -0.0072350273777    0.0072350273777
2017     CMS_jec_Fragmentation     4.74490728555     4.6547779775     4.8350365936     -0.018994956619     0.018994956619    0.018994956619
2017     CMS_jec_Fragmentation     16.9590234819     18.0221547634     15.9349294784     0.0626882368939     -0.0603863780586    0.0626882368939
2017     CMS_jec_Fragmentation     0.558500181764     0.558500178064     0.558500185463     -6.62403865093e-09     6.62403887297e-09    6.62403887297e-09
2017     CMS_jec_AbsoluteMPFBias     181.625904228     183.789706393     179.462102063     0.0119135107642     -0.0119135107642    0.0119135107642
2017     CMS_jec_AbsoluteMPFBias     4.74490728555     4.89296968584     4.62151941007     0.0312044875443     -0.0260042753309    0.0312044875443
2017     CMS_jec_AbsoluteMPFBias     16.9590234819     20.1837120926     13.8061758522     0.190145889835     -0.185909739026    0.190145889835
2017     CMS_jec_AbsoluteMPFBias     0.558500181764     0.558499785602     0.558500577925     -7.0933122498e-07     7.09331225091e-07    7.09331225091e-07
2017     CMS_jec_RelativeFSR     181.625904228     182.571971921     180.679836535     0.00520888084123     -0.00520888084123    0.00520888084123
2017     CMS_jec_RelativeFSR     4.74490728555     4.7899914855     4.73558915058     0.0095015976591     -0.00196381813322    0.0095015976591
2017     CMS_jec_RelativeFSR     16.9590234819     19.5278794812     14.4292047606     0.151474287543     -0.149172428708    0.151474287543
2017     CMS_jec_RelativeFSR     0.558500181764     0.590928978482     0.526071385046     0.0580640754952     -0.0580640754952    0.0580640754952
2017     CMS_scale_sig     181.625904228     209.650194604     158.806321521     0.154296770027     -0.125640573154    0.154296770027
2017     CMS_scale_sig     4.74490728555     5.46704214011     4.155620964     0.15219156268     -0.124193432259    0.15219156268
2017     CMS_scale_sig     16.9590234819     19.5968350296     14.8183598726     0.155540296913     -0.126225640972    0.155540296913
2017     CMS_scale_sig     0.558500181764     0.649069473637     0.485383207867     0.162165196773     -0.130916651926    0.162165196773
2017     CMS_bTagSF_M     333.241715535     298.911227804     367.572203265     -0.103019778527     0.103019778527    0.103019778527
2017     CMS_bTagSF_M     10.5434193055     3.41757915141     17.6692594596     -0.675856659743     0.675856659743    0.675856659743
2017     CMS_bTagSF_M     30.2101702315     29.0538541192     31.3664863439     -0.038275723159     0.038275723159    0.038275723159
2017     CMS_bTagSF_M     1.30901681741     0.546032120026     2.07435024908     -0.582868521807     0.584662795382    0.584662795382
2017     CMS_bTagSF_T     333.241715535     333.241715535     333.241715535     0.0     0.0    0.0
2017     CMS_bTagSF_T     10.5434193055     10.5434193055     10.5434193055     0.0     0.0    0.0
2017     CMS_bTagSF_T     30.2101702315     30.2101702315     30.2101702315     0.0     0.0    0.0
2017     CMS_bTagSF_T     1.30901681741     1.30901681741     1.30901681741     0.0     0.0    0.0
2017     CMS_bTagSF_M_corr     333.241715535     268.375937153     398.107493917     -0.194650835589     0.194650835589    0.194650835589
2017     CMS_bTagSF_M_corr     10.5434193055     7.11807846952     13.9809412875     -0.324879504146     0.326034835794    0.326034835794
2017     CMS_bTagSF_M_corr     30.2101702315     26.993364884     33.426975579     -0.106480874581     0.106480874581    0.106480874581
2017     CMS_bTagSF_M_corr     1.30901681741     0.884892256073     1.73314137875     -0.324002377737     0.324002377737    0.324002377737
2017     CMS_bTagSF_T_corr     333.241715535     333.241715535     333.241715535     0.0     0.0    0.0
2017     CMS_bTagSF_T_corr     10.5434193055     10.5434193055     10.5434193055     0.0     0.0    0.0
2017     CMS_bTagSF_T_corr     30.2101702315     30.2101702315     30.2101702315     0.0     0.0    0.0
2017     CMS_bTagSF_T_corr     1.30901681741     1.30901681741     1.30901681741     0.0     0.0    0.0
2017     CMS_jer     333.241715535     341.679784007     324.803647062     0.0253211650262     -0.0253211650262    0.0253211650262
2017     CMS_jer     10.5434193055     8.96488137728     12.1606133839     -0.149717836546     0.153384213561    0.153384213561
2017     CMS_jer     30.2101702315     29.9237236012     30.4966168619     -0.00948179464536     0.00948179464536    0.00948179464536
2017     CMS_jer     1.30901681741     1.33815412457     1.29788822675     0.0222589249949     -0.00850148791976    0.0222589249949
2017     CMS_jec     333.241715535     332.202161758     334.281269311     -0.00311951874     0.00311951874    0.00311951874
2017     CMS_jec     10.5434193055     10.4374061317     10.7015434139     -0.0100549139414     0.0149974219773    0.0149974219773
2017     CMS_jec     30.2101702315     29.6726147828     30.7477256803     -0.0177938569914     0.0177938569914    0.0177938569914
2017     CMS_jec     1.30901681741     1.51175545679     1.21655819074     0.154878559757     -0.0706321152159    0.154878559757
2017     CMS_bTagSF_bc_T_corr     333.241715535     333.241715535     333.241715535     0.0     0.0    0.0
2017     CMS_bTagSF_bc_T_corr     10.5434193055     10.5434193055     10.5434193055     0.0     0.0    0.0
2017     CMS_bTagSF_bc_T_corr     30.2101702315     30.2101702315     30.2101702315     0.0     0.0    0.0
2017     CMS_bTagSF_bc_T_corr     1.30901681741     1.30901681741     1.30901681741     0.0     0.0    0.0
2017     CMS_bTagSF_light_T_corr     333.241715535     333.241715535     333.241715535     0.0     0.0    0.0
2017     CMS_bTagSF_light_T_corr     10.5434193055     10.5434193055     10.5434193055     0.0     0.0    0.0
2017     CMS_bTagSF_light_T_corr     30.2101702315     30.2101702315     30.2101702315     0.0     0.0    0.0
2017     CMS_bTagSF_light_T_corr     1.30901681741     1.30901681741     1.30901681741     0.0     0.0    0.0
2017     CMS_bTagSF_bc_M_corr     333.241715535     313.30107576     353.182355309     -0.0598383661015     0.0598383661015    0.0598383661015
2017     CMS_bTagSF_bc_M_corr     10.5434193055     6.20480963497     14.882028976     -0.411499300636     0.411499300636    0.411499300636
2017     CMS_bTagSF_bc_M_corr     30.2101702315     29.7110127095     30.7093277536     -0.016522830498     0.016522830498    0.016522830498
2017     CMS_bTagSF_bc_M_corr     1.30901681741     0.828958729576     1.78907490525     -0.366731795535     0.366731795535    0.366731795535
2017     CMS_bTagSF_light_M_corr     333.241715535     263.58427245     402.89915862     -0.209029781801     0.209029781801    0.209029781801
2017     CMS_bTagSF_light_M_corr     10.5434193055     12.7817416012     8.34418836947     0.212295672863     -0.208588018014    0.212295672863
2017     CMS_bTagSF_light_M_corr     30.2101702315     28.2903049624     32.1300355007     -0.063550296288     0.063550296288    0.063550296288
2017     CMS_bTagSF_light_M_corr     1.30901681741     1.4085516151     1.20948201972     0.0760378295868     -0.0760378295868    0.0760378295868
2017     CMS_bTagSF_bc_T_year     333.241715535     333.241715535     333.241715535     0.0     0.0    0.0
2017     CMS_bTagSF_bc_T_year     10.5434193055     10.5434193055     10.5434193055     0.0     0.0    0.0
2017     CMS_bTagSF_bc_T_year     30.2101702315     30.2101702315     30.2101702315     0.0     0.0    0.0
2017     CMS_bTagSF_bc_T_year     1.30901681741     1.30901681741     1.30901681741     0.0     0.0    0.0
2017     CMS_bTagSF_light_T_year     333.241715535     333.241715535     333.241715535     0.0     0.0    0.0
2017     CMS_bTagSF_light_T_year     10.5434193055     10.5434193055     10.5434193055     0.0     0.0    0.0
2017     CMS_bTagSF_light_T_year     30.2101702315     30.2101702315     30.2101702315     0.0     0.0    0.0
2017     CMS_bTagSF_light_T_year     1.30901681741     1.30901681741     1.30901681741     0.0     0.0    0.0
2017     CMS_bTagSF_bc_M_year     333.241715535     304.136020752     362.347410317     -0.0873410903429     0.0873410903429    0.0873410903429
2017     CMS_bTagSF_bc_M_year     10.5434193055     3.7007936627     17.3860449483     -0.648994927027     0.648994927027    0.648994927027
2017     CMS_bTagSF_bc_M_year     30.2101702315     29.1175008946     31.3028395685     -0.0361689235301     0.0361689235301    0.0361689235301
2017     CMS_bTagSF_bc_M_year     1.30901681741     0.570693120039     2.04968924907     -0.564029191644     0.565823465218    0.565823465218
2017     CMS_bTagSF_light_M_year     333.241715535     328.119853105     338.363577964     -0.0153698117333     0.0153698117333    0.0153698117333
2017     CMS_bTagSF_light_M_year     10.5434193055     10.0076143024     11.0792243086     -0.050818903009     0.050818903009    0.050818903009
2017     CMS_bTagSF_light_M_year     30.2101702315     30.0901901531     30.3301503099     -0.00397151282094     0.00397151282094    0.00397151282094
2017     CMS_bTagSF_light_M_year     1.30901681741     1.29157253754     1.32646109728     -0.0133262458029     0.0133262458029    0.0133262458029
2017     CMS_jer_eta193     333.241715535     341.689884147     324.793546923     0.0253514737743     -0.0253514737743    0.0253514737743
2017     CMS_jer_eta193     10.5434193055     9.00390804255     12.1215867186     -0.146016317698     0.149682694714    0.149682694714
2017     CMS_jer_eta193     30.2101702315     29.9238489437     30.4964915194     -0.00947764562857     0.00947764562857    0.00947764562857
2017     CMS_jer_eta193     1.30901681741     1.33815412457     1.29788822675     0.0222589249949     -0.00850148791976    0.0222589249949
2017     CMS_jer_193eta25     333.241715535     333.368534756     333.114896313     0.000380562263237     -0.000380562263237    0.000380562263237
2017     CMS_jer_193eta25     10.5434193055     10.5054989995     10.5813396115     -0.00359658521483     0.00359658521483    0.00359658521483
2017     CMS_jer_193eta25     30.2101702315     30.2041268357     30.2162136274     -0.000200045077499     0.0002000450775    0.0002000450775
2017     CMS_jer_193eta25     1.30901681741     1.30901681741     1.30901681741     0.0     0.0    0.0
2017     CMS_jec_FlavorQCD     333.241715535     350.151233578     316.332197491     0.050742500879     -0.050742500879    0.050742500879
2017     CMS_jec_FlavorQCD     10.5434193055     9.65297045915     11.4338681518     -0.084455414372     0.084455414372    0.084455414372
2017     CMS_jec_FlavorQCD     30.2101702315     31.343309392     29.0770310711     0.0375085327798     -0.0375085327798    0.0375085327798
2017     CMS_jec_FlavorQCD     1.30901681741     1.28388702663     1.37113478224     -0.0191974544933     0.0474539089211    0.0474539089211
2017     CMS_jec_RelativeBal     333.241715535     346.279950047     320.203481022     0.0391254573022     -0.0391254573022    0.0391254573022
2017     CMS_jec_RelativeBal     10.5434193055     10.5956714325     10.5298233287     0.00495589955139     -0.00128952253571    0.00495589955139
2017     CMS_jec_RelativeBal     30.2101702315     30.0836166828     30.3422943628     -0.00418910412488     0.00437349840322    0.00437349840322
2017     CMS_jec_RelativeBal     1.30901681741     1.26283617524     1.35519745958     -0.0352788761442     0.0352788761442    0.0352788761442
2017     CMS_jec_Absolute     333.241715535     333.332136887     333.151294183     0.000271338633724     -0.000271338633724    0.000271338633724
2017     CMS_jec_Absolute     10.5434193055     11.9292819209     9.19787070361     0.131443374799     -0.127619756257    0.131443374799
2017     CMS_jec_Absolute     30.2101702315     29.6535016788     30.7668387843     -0.0184265281697     0.0184265281697    0.0184265281697
2017     CMS_jec_Absolute     1.30901681741     1.44831699689     1.22087960017     0.106415882226     -0.0673308517305    0.106415882226
2017     CMS_jec_BBEC1_year     333.241715535     318.366711518     348.116719551     -0.0446372807578     0.0446372807578    0.0446372807578
2017     CMS_jec_BBEC1_year     10.5434193055     10.5960375068     10.4908011042     0.00499062019279     -0.00499062019279    0.00499062019279
2017     CMS_jec_BBEC1_year     30.2101702315     30.0945180438     30.3258224193     -0.00382825342879     0.00382825342879    0.00382825342879
2017     CMS_jec_BBEC1_year     1.30901681741     1.30901681741     1.30901681741     0.0     0.0    0.0
2017     CMS_jec_Absolute_year     333.241715535     348.310082744     318.173348325     0.0452175298197     -0.0452175298197    0.0452175298197
2017     CMS_jec_Absolute_year     10.5434193055     10.6614073838     10.4640873774     0.0111906844353     -0.00752430741967    0.0111906844353
2017     CMS_jec_Absolute_year     30.2101702315     31.3156529611     29.1102053838     0.036593065219     -0.0364104154112    0.036593065219
2017     CMS_jec_Absolute_year     1.30901681741     1.29202493156     1.32600870326     -0.0129806474798     0.0129806474798    0.0129806474798
2017     CMS_jec_RelativeSample_year     333.241715535     378.288141025     288.195290044     0.135176430172     -0.135176430172    0.135176430172
2017     CMS_jec_RelativeSample_year     10.5434193055     10.5562186845     10.5709339401     0.00121396850429     0.00260965003832    0.00260965003832
2017     CMS_jec_RelativeSample_year     30.2101702315     29.1665294679     31.2538109952     -0.0345460073753     0.0345460073753    0.0345460073753
2017     CMS_jec_RelativeSample_year     1.30901681741     1.4285634113     1.27208321539     0.0913254836011     -0.0282147651064    0.0913254836011
2017     CMS_pu     333.241715535     351.313687152     315.169743918     0.0542308203766     -0.0542308203766    0.0542308203766
2017     CMS_pu     10.5434193055     10.8412936733     10.2455449377     0.0282521598677     -0.0282521598677    0.0282521598677
2017     CMS_pu     30.2101702315     29.7079602248     30.7123802382     -0.0166238721216     0.0166238721216    0.0166238721216
2017     CMS_pu     1.30901681741     1.57006329677     1.12163767688     0.199421791904     -0.143144945154    0.199421791904
2017     CMS_L1Prefiring     333.241715535     332.181319506     334.268628015     -0.00318206268582     0.00308158442377    0.00318206268582
2017     CMS_L1Prefiring     10.5434193055     10.5106392406     10.5751555265     -0.00310905446304     0.00301005016144    0.00310905446304
2017     CMS_L1Prefiring     30.2101702315     29.92895782     30.5490584247     -0.00930853448808     0.011217685653    0.011217685653
2017     CMS_L1Prefiring     1.30901681741     1.29251049678     1.32543674224     -0.012609708605     0.0125437080825    0.012609708605
2017     CMS_pdf_sig     333.241715535     337.285638401     329.197785013     0.0121351039723     -0.012135126946    0.012135126946
2017     CMS_pdf_sig     10.5434193055     10.6748038768     10.4120349764     0.0124612867507     -0.0124612637827    0.0124612867507
2017     CMS_pdf_sig     30.2101702315     30.6052869407     29.815053745     0.0130789302447     -0.0130789228767    0.0130789302447
2017     CMS_pdf_sig     1.30901681741     1.32628190855     1.29175173593     0.013189357775     -0.0131893503954    0.013189357775
2017     CMS_renorm_sig     333.241715535     333.241715535     333.241715535     0.0     0.0    0.0
2017     CMS_renorm_sig     10.5434193055     10.5434193055     10.5434193055     0.0     0.0    0.0
2017     CMS_renorm_sig     30.2101702315     30.2101702315     30.2101702315     0.0     0.0    0.0
2017     CMS_renorm_sig     1.30901681741     1.30901681741     1.30901681741     0.0     0.0    0.0
2017     CMS_fact_sig     333.241715535     290.627364426     385.687581461     -0.127878201083     0.157380854442    0.157380854442
2017     CMS_fact_sig     10.5434193055     9.20678109079     12.184812552     -0.126774642644     0.155679405221    0.155679405221
2017     CMS_fact_sig     30.2101702315     26.341244479     34.9728217256     -0.128066996076     0.157650601025    0.157650601025
2017     CMS_fact_sig     1.30901681741     1.14233118065     1.51402266491     -0.127336512831     0.156610552875    0.156610552875
2017     CMS_jec_AbsoluteCal     333.241715535     346.538041973     319.945389096     0.039899945951     -0.039899945951    0.039899945951
2017     CMS_jec_AbsoluteCal     10.5434193055     10.7051575055     10.4203372557     0.0153402037194     -0.0116738267038    0.0153402037194
2017     CMS_jec_AbsoluteCal     30.2101702315     31.2474031885     29.1785078571     0.0343338997757     -0.0341495054973    0.0343338997757
2017     CMS_jec_AbsoluteCal     1.30901681741     1.28030444287     1.33772919195     -0.0219343053206     0.0219343053206    0.0219343053206
2017     CMS_jec_AbsoluteTheory     333.241715535     333.332136887     333.151294183     0.000271338633724     -0.000271338633724    0.000271338633724
2017     CMS_jec_AbsoluteTheory     10.5434193055     11.9292819209     9.19787070361     0.131443374799     -0.127619756257    0.131443374799
2017     CMS_jec_AbsoluteTheory     30.2101702315     29.6535016788     30.7668387843     -0.0184265281697     0.0184265281697    0.0184265281697
2017     CMS_jec_AbsoluteTheory     1.30901681741     1.44831699689     1.22087960017     0.106415882226     -0.0673308517305    0.106415882226
2017     CMS_jec_AbsolutePU     333.241715535     353.292010108     313.191420962     0.0601674209385     -0.0601674209385    0.0601674209385
2017     CMS_jec_AbsolutePU     10.5434193055     10.5448140711     10.5806806901     0.000132287790842     0.00353408922484    0.00353408922484
2017     CMS_jec_AbsolutePU     30.2101702315     29.2747386448     31.1456018183     -0.0309641282901     0.0309641282901    0.0309641282901
2017     CMS_jec_AbsolutePU     1.30901681741     1.3917110564     1.24861291707     0.0631727857808     -0.0461444799944    0.0631727857808
2017     CMS_jec_AbsoluteScale     333.241715535     333.332136887     333.151294183     0.000271338633724     -0.000271338633724    0.000271338633724
2017     CMS_jec_AbsoluteScale     10.5434193055     11.9292819209     9.19787070361     0.131443374799     -0.127619756257    0.131443374799
2017     CMS_jec_AbsoluteScale     30.2101702315     29.6535016788     30.7668387843     -0.0184265281697     0.0184265281697    0.0184265281697
2017     CMS_jec_AbsoluteScale     1.30901681741     1.44831699689     1.22087960017     0.106415882226     -0.0673308517305    0.106415882226
2017     CMS_jec_Fragmentation     333.241715535     351.691628806     314.791802264     0.0553649570591     -0.0553649570591    0.0553649570591
2017     CMS_jec_Fragmentation     10.5434193055     10.5649965516     10.5604982095     0.00204651313994     0.00161986387574    0.00204651313994
2017     CMS_jec_Fragmentation     30.2101702315     29.6010595247     30.8192809384     -0.0201624387481     0.0201624387481    0.0201624387481
2017     CMS_jec_Fragmentation     1.30901681741     1.26283617524     1.35519745958     -0.0352788761442     0.0352788761442    0.0352788761442
2017     CMS_jec_AbsoluteMPFBias     333.241715535     333.332136887     333.151294183     0.000271338633724     -0.000271338633724    0.000271338633724
2017     CMS_jec_AbsoluteMPFBias     10.5434193055     11.9292819209     9.19787070361     0.131443374799     -0.127619756257    0.131443374799
2017     CMS_jec_AbsoluteMPFBias     30.2101702315     29.6535016788     30.7668387843     -0.0184265281697     0.0184265281697    0.0184265281697
2017     CMS_jec_AbsoluteMPFBias     1.30901681741     1.44831699689     1.22087960017     0.106415882226     -0.0673308517305    0.106415882226
2017     CMS_jec_RelativeFSR     333.241715535     344.082276828     322.401154242     0.0325306250313     -0.0325306250313    0.0325306250313
2017     CMS_jec_RelativeFSR     10.5434193055     11.0917880684     10.0337066928     0.0520105240032     -0.0483441469876    0.0520105240032
2017     CMS_jec_RelativeFSR     30.2101702315     29.4691192412     30.9512212219     -0.0245298515258     0.0245298515258    0.0245298515258
2017     CMS_jec_RelativeFSR     1.30901681741     1.36625808301     1.27406589046     0.0437284417081     -0.0267001359218    0.0437284417081
2017     CMS_scale_sig     333.241715535     385.687581461     290.627364426     0.157380854442     -0.127878201083    0.157380854442
2017     CMS_scale_sig     10.5434193055     12.184812552     9.20678109079     0.155679405221     -0.126774642644    0.155679405221
2017     CMS_scale_sig     30.2101702315     34.9728217256     26.341244479     0.157650601025     -0.128066996076    0.157650601025
2017     CMS_scale_sig     1.30901681741     1.51402266491     1.14233118065     0.156610552875     -0.127336512831    0.156610552875
2017     CMS_bTagSF_M     47.0018069137     45.7569378745     48.246675953     -0.0264855570669     0.0264855570669    0.0264855570669
2017     CMS_bTagSF_M     1.54995519078     0.495480976343     2.60442940522     -0.68032561245     0.68032561245    0.68032561245
2017     CMS_bTagSF_M     3.61163077081     3.52272097344     3.70054056818     -0.0246176320369     0.0246176320369    0.0246176320369
2017     CMS_bTagSF_M     0.170631485538     0.0652773310651     0.276200347199     -0.617436776927     0.618695086243    0.618695086243
2017     CMS_bTagSF_T     47.0018069137     47.0018069137     47.0018069137     0.0     0.0    0.0
2017     CMS_bTagSF_T     1.54995519078     1.54995519078     1.54995519078     0.0     0.0    0.0
2017     CMS_bTagSF_T     3.61163077081     3.61163077081     3.61163077081     0.0     0.0    0.0
2017     CMS_bTagSF_T     0.170631485538     0.170631485538     0.170631485538     0.0     0.0    0.0
2017     CMS_bTagSF_M_corr     47.0018069137     40.4393801908     53.5642336366     -0.139620732772     0.139620732772    0.139620732772
2017     CMS_bTagSF_M_corr     1.54995519078     1.14602018617     1.95724413494     -0.26061076282     0.262774657345    0.262774657345
2017     CMS_bTagSF_M_corr     3.61163077081     3.21815599735     4.00571325284     -0.10894656692     0.109114831231    0.109114831231
2017     CMS_bTagSF_M_corr     0.170631485538     0.132915156228     0.209125175218     -0.221039682043     0.225595467089    0.225595467089
2017     CMS_bTagSF_T_corr     47.0018069137     47.0018069137     47.0018069137     0.0     0.0    0.0
2017     CMS_bTagSF_T_corr     1.54995519078     1.54995519078     1.54995519078     0.0     0.0    0.0
2017     CMS_bTagSF_T_corr     3.61163077081     3.61163077081     3.61163077081     0.0     0.0    0.0
2017     CMS_bTagSF_T_corr     0.170631485538     0.170631485538     0.170631485538     0.0     0.0    0.0
2017     CMS_jer     47.0018069137     47.3824365453     46.6211772822     0.00809819146392     -0.00809819146392    0.00809819146392
2017     CMS_jer     1.54995519078     1.44216343116     1.65774695039     -0.0695450812102     0.0695450812102    0.0695450812102
2017     CMS_jer     3.61163077081     3.63803403753     3.5852275041     0.00731062181976     -0.00731062181976    0.00731062181976
2017     CMS_jer     0.170631485538     0.172097466944     0.188486109649     0.00859150584835     0.104638508275    0.104638508275
2017     CMS_jec     47.0018069137     46.9269464981     47.0786066428     -0.00159271356894     0.00163397397109    0.00163397397109
2017     CMS_jec     1.54995519078     1.55514001914     1.54477036241     0.0033451472633     -0.0033451472633    0.0033451472633
2017     CMS_jec     3.61163077081     3.51525438797     3.70800715366     -0.0266850043547     0.0266850043547    0.0266850043547
2017     CMS_jec     0.170631485538     0.163345444603     0.182946084535     -0.0427004483469     0.0721707307284    0.0721707307284
2017     CMS_bTagSF_bc_T_corr     47.0018069137     47.0018069137     47.0018069137     0.0     0.0    0.0
2017     CMS_bTagSF_bc_T_corr     1.54995519078     1.54995519078     1.54995519078     0.0     0.0    0.0
2017     CMS_bTagSF_bc_T_corr     3.61163077081     3.61163077081     3.61163077081     0.0     0.0    0.0
2017     CMS_bTagSF_bc_T_corr     0.170631485538     0.170631485538     0.170631485538     0.0     0.0    0.0
2017     CMS_bTagSF_light_T_corr     47.0018069137     47.0018069137     47.0018069137     0.0     0.0    0.0
2017     CMS_bTagSF_light_T_corr     1.54995519078     1.54995519078     1.54995519078     0.0     0.0    0.0
2017     CMS_bTagSF_light_T_corr     3.61163077081     3.61163077081     3.61163077081     0.0     0.0    0.0
2017     CMS_bTagSF_light_T_corr     0.170631485538     0.170631485538     0.170631485538     0.0     0.0    0.0
2017     CMS_bTagSF_bc_M_corr     47.0018069137     45.9735773193     48.0300365082     -0.0218763843774     0.0218763843774    0.0218763843774
2017     CMS_bTagSF_bc_M_corr     1.54995519078     0.963662966058     2.1362474155     -0.378263983507     0.378263983507    0.378263983507
2017     CMS_bTagSF_bc_M_corr     3.61163077081     3.55102896721     3.67223257442     -0.0167796232363     0.0167796232363    0.0167796232363
2017     CMS_bTagSF_bc_M_corr     0.170631485538     0.109559349112     0.231703621964     -0.357918330452     0.357918330452    0.357918330452
2017     CMS_bTagSF_light_M_corr     47.0018069137     40.9569200618     53.0466937657     -0.128609669476     0.128609669476    0.128609669476
2017     CMS_bTagSF_light_M_corr     1.54995519078     1.87223044453     1.2377051836     0.207925529507     -0.201457441505    0.207925529507
2017     CMS_bTagSF_light_M_corr     3.61163077081     3.30835107131     3.91491047032     -0.0839730633483     0.0839730633483    0.0839730633483
2017     CMS_bTagSF_light_M_corr     0.170631485538     0.226435015736     0.117066164229     0.327041225846     -0.313924016661    0.327041225846
2017     CMS_bTagSF_bc_T_year     47.0018069137     47.0018069137     47.0018069137     0.0     0.0    0.0
2017     CMS_bTagSF_bc_T_year     1.54995519078     1.54995519078     1.54995519078     0.0     0.0    0.0
2017     CMS_bTagSF_bc_T_year     3.61163077081     3.61163077081     3.61163077081     0.0     0.0    0.0
2017     CMS_bTagSF_bc_T_year     0.170631485538     0.170631485538     0.170631485538     0.0     0.0    0.0
2017     CMS_bTagSF_light_T_year     47.0018069137     47.0018069137     47.0018069137     0.0     0.0    0.0
2017     CMS_bTagSF_light_T_year     1.54995519078     1.54995519078     1.54995519078     0.0     0.0    0.0
2017     CMS_bTagSF_light_T_year     3.61163077081     3.61163077081     3.61163077081     0.0     0.0    0.0
2017     CMS_bTagSF_light_T_year     0.170631485538     0.170631485538     0.170631485538     0.0     0.0    0.0
2017     CMS_bTagSF_bc_M_year     47.0018069137     45.798473516     48.2051403114     -0.0256018539862     0.0256018539862    0.0256018539862
2017     CMS_bTagSF_bc_M_year     1.54995519078     0.550906431601     2.54900394996     -0.644566220444     0.644566220444    0.644566220444
2017     CMS_bTagSF_bc_M_year     3.61163077081     3.51903602716     3.70422551447     -0.0256379318743     0.0256379318743    0.0256379318743
2017     CMS_bTagSF_bc_M_year     0.170631485538     0.0714598871812     0.270017791083     -0.581203393056     0.582461702372    0.582461702372
2017     CMS_bTagSF_light_M_year     47.0018069137     46.9697645163     47.0338493112     -0.000681726928313     0.000681726928314    0.000681726928314
2017     CMS_bTagSF_light_M_year     1.54995519078     1.51367510618     1.58623527538     -0.0234071828787     0.0234071828787    0.0234071828787
2017     CMS_bTagSF_light_M_year     3.61163077081     3.60366528626     3.61959625537     -0.00220550910637     0.00220550910637    0.00220550910637
2017     CMS_bTagSF_light_M_year     0.170631485538     0.166138428035     0.175124543041     -0.0263319368573     0.0263319368573    0.0263319368573
2017     CMS_jer_eta193     47.0018069137     47.3780000961     46.6256137314     0.00800380255661     -0.0080038025566    0.00800380255661
2017     CMS_jer_eta193     1.54995519078     1.4421742798     1.65773610176     -0.0695380818891     0.0695380818891    0.0695380818891
2017     CMS_jer_eta193     3.61163077081     3.61269402051     3.61056752111     0.000294396013262     -0.000294396013261    0.000294396013262
2017     CMS_jer_eta193     0.170631485538     0.17209527988     0.188488296713     0.00857868837845     0.104651325745    0.104651325745
2017     CMS_jer_193eta25     47.0018069137     47.0044730513     46.9991407761     5.67241509919e-05     -5.67241509913e-05    5.67241509919e-05
2017     CMS_jer_193eta25     1.54995519078     1.54993496409     1.54997541747     -1.30498533838e-05     1.30498533839e-05    1.30498533839e-05
2017     CMS_jer_193eta25     3.61163077081     3.61136731452     3.61189422711     -7.29466300405e-05     7.29466300404e-05    7.29466300405e-05
2017     CMS_jer_193eta25     0.170631485538     0.170617889551     0.170645081526     -7.96804145952e-05     7.96804145955e-05    7.96804145955e-05
2017     CMS_jec_FlavorQCD     47.0018069137     47.0343688158     46.9692450117     0.000692779792291     -0.00069277979229    0.000692779792291
2017     CMS_jec_FlavorQCD     1.54995519078     1.60216167738     1.49774870418     0.0336825779916     -0.0336825779916    0.0336825779916
2017     CMS_jec_FlavorQCD     3.61163077081     3.5956960088     3.62756553283     -0.00441206840475     0.00441206840475    0.00441206840475
2017     CMS_jec_FlavorQCD     0.170631485538     0.170594039269     0.170668931808     -0.000219456973941     0.000219456973941    0.000219456973941
2017     CMS_jec_RelativeBal     47.0018069137     47.0671693009     46.9364445266     0.00139063562526     -0.00139063562526    0.00139063562526
2017     CMS_jec_RelativeBal     1.54995519078     1.56020008351     1.53971029805     0.00660979929487     -0.00660979929487    0.00660979929487
2017     CMS_jec_RelativeBal     3.61163077081     3.60102044844     3.62224109318     -0.00293782034821     0.00293782034821    0.00293782034821
2017     CMS_jec_RelativeBal     0.170631485538     0.170069379283     0.171193591793     -0.00329427041883     0.00329427041883    0.00329427041883
2017     CMS_jec_Absolute     47.0018069137     46.9503700131     47.0551831278     -0.00109436006902     0.00113562047117    0.00113562047117
2017     CMS_jec_Absolute     1.54995519078     1.55406672346     1.5458436581     0.00265267841736     -0.00265267841736    0.00265267841736
2017     CMS_jec_Absolute     3.61163077081     3.5835070789     3.63975446273     -0.00778697870843     0.00778697870843    0.00778697870843
2017     CMS_jec_Absolute     0.170631485538     0.167316407698     0.17897512144     -0.0194282891555     0.0488985715369    0.0488985715369
2017     CMS_jec_BBEC1_year     47.0018069137     47.2168745163     46.7867393112     0.00457573052394     -0.00457573052394    0.00457573052394
2017     CMS_jec_BBEC1_year     1.54995519078     1.5672521705     1.53265821106     0.0111596643745     -0.0111596643745    0.0111596643745
2017     CMS_jec_BBEC1_year     3.61163077081     3.63464975057     3.58861179105     0.00637356950943     -0.00637356950943    0.00637356950943
2017     CMS_jec_BBEC1_year     0.170631485538     0.170626380812     0.170636590264     -2.99166724625e-05     2.99166724629e-05    2.99166724629e-05
2017     CMS_jec_Absolute_year     47.0018069137     47.0237722423     46.9798415852     0.000467329448721     -0.000467329448721    0.000467329448721
2017     CMS_jec_Absolute_year     1.54995519078     1.544896334     1.55501404756     -0.00326387292354     0.00326387292354    0.00326387292354
2017     CMS_jec_Absolute_year     3.61163077081     3.63396942773     3.5892921139     0.00618519952233     -0.00618519952233    0.00618519952233
2017     CMS_jec_Absolute_year     0.170631485538     0.170626381104     0.170636589972     -2.99149598213e-05     2.99149598215e-05    2.99149598215e-05
2017     CMS_jec_RelativeSample_year     47.0018069137     46.9670956732     47.0365181542     -0.000738508640119     0.00073850864012    0.00073850864012
2017     CMS_jec_RelativeSample_year     1.54995519078     1.59775676338     1.50215361818     0.0308406158345     -0.0308406158345    0.0308406158345
2017     CMS_jec_RelativeSample_year     3.61163077081     3.57651268258     3.64674885905     -0.00972360976573     0.00972360976573    0.00972360976573
2017     CMS_jec_RelativeSample_year     0.170631485538     0.169874606786     0.171388364291     -0.00443575082351     0.00443575082351    0.00443575082351
2017     CMS_pu     47.0018069137     47.9262199803     46.0773938472     0.0196676069972     -0.0196676069972    0.0196676069972
2017     CMS_pu     1.54995519078     1.55933006528     1.54058031628     0.00604848098591     -0.00604848098591    0.00604848098591
2017     CMS_pu     3.61163077081     3.5358165831     3.68744495853     -0.020991677313     0.020991677313    0.020991677313
2017     CMS_pu     0.170631485538     0.174460693823     0.166802277253     0.0224413933516     -0.0224413933516    0.0224413933516
2017     CMS_L1Prefiring     47.0018069137     46.869495367     47.1473013246     -0.00281503106898     0.00309550675638    0.00309550675638
2017     CMS_L1Prefiring     1.54995519078     1.54670023965     1.55564944438     -0.00210002917809     0.00367381820874    0.00367381820874
2017     CMS_L1Prefiring     3.61163077081     3.55467737812     3.66886073707     -0.0157694394327     0.0158460180142    0.0158460180142
2017     CMS_L1Prefiring     0.170631485538     0.167228063968     0.174020705689     -0.0199460349245     0.0198628063312    0.0199460349245
2017     CMS_pdf_sig     47.0018069137     47.9873774559     46.0162445008     0.0209687798587     -0.0209686069038    0.0209687798587
2017     CMS_pdf_sig     1.54995519078     1.58383720903     1.51607304196     0.0218599985668     -0.0218600828092    0.0218600828092
2017     CMS_pdf_sig     3.61163077081     3.69208470418     3.53117676306     0.0222763450848     -0.0222763656818    0.0222763656818
2017     CMS_pdf_sig     0.170631485538     0.17506791788     0.166195053074     0.0260000803974     -0.0260000811095    0.0260000811095
2017     CMS_renorm_sig     47.0018069137     47.0018069137     47.0018069137     0.0     0.0    0.0
2017     CMS_renorm_sig     1.54995519078     1.54995519078     1.54995519078     0.0     0.0    0.0
2017     CMS_renorm_sig     3.61163077081     3.61163077081     3.61163077081     0.0     0.0    0.0
2017     CMS_renorm_sig     0.170631485538     0.170631485538     0.170631485538     0.0     0.0    0.0
2017     CMS_fact_sig     47.0018069137     40.2998478174     55.3986792867     -0.142589392546     0.178649990805    0.178649990805
2017     CMS_fact_sig     1.54995519078     1.33117309581     1.82326679807     -0.14115381933     0.176335166926    0.176335166926
2017     CMS_fact_sig     3.61163077081     3.09710238563     4.25617305655     -0.142464282157     0.178462951126    0.178462951126
2017     CMS_fact_sig     0.170631485538     0.146332961097     0.201053315909     -0.142403521629     0.178289664858    0.178289664858
2017     CMS_jec_AbsoluteCal     47.0018069137     46.9984521984     47.0051616291     -7.13741790739e-05     7.13741790743e-05    7.13741790743e-05
2017     CMS_jec_AbsoluteCal     1.54995519078     1.68727969436     1.4126306872     0.0885990152443     -0.0885990152443    0.0885990152443
2017     CMS_jec_AbsoluteCal     3.61163077081     3.59459066217     3.62867087946     -0.0047181203514     0.0047181203514    0.0047181203514
2017     CMS_jec_AbsoluteCal     0.170631485538     0.170069379283     0.171193591793     -0.00329427041883     0.00329427041883    0.00329427041883
2017     CMS_jec_AbsoluteTheory     47.0018069137     46.9503698461     47.0551832948     -0.00109436362161     0.00113562402376    0.00113562402376
2017     CMS_jec_AbsoluteTheory     1.54995519078     1.55406672404     1.54584365751     0.00265267879336     -0.00265267879336    0.00265267879336
2017     CMS_jec_AbsoluteTheory     3.61163077081     3.58350708022     3.6397544614     -0.00778697834175     0.00778697834175    0.00778697834175
2017     CMS_jec_AbsoluteTheory     0.170631485538     0.167316407698     0.17897512144     -0.0194282891555     0.0488985715369    0.0488985715369
2017     CMS_jec_AbsolutePU     47.0018069137     47.0496491359     46.9539646915     0.00101788048899     -0.00101788048899    0.00101788048899
2017     CMS_jec_AbsolutePU     1.54995519078     1.59917652853     1.50073385303     0.0317566198345     -0.0317566198345    0.0317566198345
2017     CMS_jec_AbsolutePU     3.61163077081     3.61184496597     3.61141657566     5.93070475268e-05     -5.93070475264e-05    5.93070475268e-05
2017     CMS_jec_AbsolutePU     0.170631485538     0.17005952302     0.171203448056     -0.0033520338632     0.0033520338632    0.0033520338632
2017     CMS_jec_AbsoluteScale     47.0018069137     46.9503698461     47.0551832948     -0.00109436362161     0.00113562402376    0.00113562402376
2017     CMS_jec_AbsoluteScale     1.54995519078     1.55406672404     1.54584365751     0.00265267879336     -0.00265267879336    0.00265267879336
2017     CMS_jec_AbsoluteScale     3.61163077081     3.58350708022     3.6397544614     -0.00778697834175     0.00778697834175    0.00778697834175
2017     CMS_jec_AbsoluteScale     0.170631485538     0.167316407698     0.17897512144     -0.0194282891555     0.0488985715369    0.0488985715369
2017     CMS_jec_Fragmentation     47.0018069137     46.9873224654     47.0162913621     -0.00030816790419     0.00030816790419    0.00030816790419
2017     CMS_jec_Fragmentation     1.54995519078     1.56166343349     1.53824694807     0.00755392335291     -0.00755392335291    0.00755392335291
2017     CMS_jec_Fragmentation     3.61163077081     3.61166903523     3.6115925064     1.05947741023e-05     -1.05947741019e-05    1.05947741023e-05
2017     CMS_jec_Fragmentation     0.170631485538     0.17063148583     0.170631485246     1.71264136206e-09     -1.71264125104e-09    1.71264136206e-09
2017     CMS_jec_AbsoluteMPFBias     47.0018069137     46.9503700131     47.0551831278     -0.00109436006902     0.00113562047117    0.00113562047117
2017     CMS_jec_AbsoluteMPFBias     1.54995519078     1.55406672346     1.5458436581     0.00265267841736     -0.00265267841736    0.00265267841736
2017     CMS_jec_AbsoluteMPFBias     3.61163077081     3.5835070789     3.63975446273     -0.00778697870843     0.00778697870843    0.00778697870843
2017     CMS_jec_AbsoluteMPFBias     0.170631485538     0.167316407698     0.17897512144     -0.0194282891555     0.0488985715369    0.0488985715369
2017     CMS_jec_RelativeFSR     47.0018069137     46.9028555539     47.1007582735     -0.00210526714393     0.00210526714393    0.00210526714393
2017     CMS_jec_RelativeFSR     1.54995519078     1.71478444634     1.38512593522     0.106344529531     -0.106344529531    0.106344529531
2017     CMS_jec_RelativeFSR     3.61163077081     3.6262609481     3.59700059352     0.00405085076993     -0.00405085076993    0.00405085076993
2017     CMS_jec_RelativeFSR     0.170631485538     0.168506053006     0.17275691807     -0.0124562739688     0.0124562739688    0.0124562739688
2017     CMS_scale_sig     47.0018069137     55.3986792867     40.2998478174     0.178649990805     -0.142589392546    0.178649990805
2017     CMS_scale_sig     1.54995519078     1.82326679807     1.33117309581     0.176335166926     -0.14115381933    0.176335166926
2017     CMS_scale_sig     3.61163077081     4.25617305655     3.09710238563     0.178462951126     -0.142464282157    0.178462951126
2017     CMS_scale_sig     0.170631485538     0.201053315909     0.146332961097     0.178289664858     -0.142403521629    0.178289664858
2017     CMS_bTagSF_M     8.68832761086     8.51809206348     8.85856315825     -0.0195935921167     0.0195935921167    0.0195935921167
2017     CMS_bTagSF_M     0.269969965836     0.0899756422578     0.449964289415     -0.666719807224     0.666719807224    0.666719807224
2017     CMS_bTagSF_M     0.586435359949     0.587412678622     0.585458041276     0.00166654117316     -0.00166654117316    0.00166654117316
2017     CMS_bTagSF_M     0.0218434228141     0.00920768113787     0.0344791644903     -0.578468941602     0.578468941602    0.578468941602
2017     CMS_bTagSF_T     8.68832761086     8.68832761086     8.68832761086     0.0     0.0    0.0
2017     CMS_bTagSF_T     0.269969965836     0.269969965836     0.269969965836     0.0     0.0    0.0
2017     CMS_bTagSF_T     0.586435359949     0.586435359949     0.586435359949     0.0     0.0    0.0
2017     CMS_bTagSF_T     0.0218434228141     0.0218434228141     0.0218434228141     0.0     0.0    0.0
2017     CMS_bTagSF_M_corr     8.68832761086     4.19848480016     13.1781704216     -0.516767209041     0.516767209041    0.516767209041
2017     CMS_bTagSF_M_corr     0.269969965836     0.120470243611     0.419562165732     -0.553764274343     0.554106822335    0.554106822335
2017     CMS_bTagSF_M_corr     0.586435359949     0.31347748216     0.859393237737     -0.465452625183     0.465452625183    0.465452625183
2017     CMS_bTagSF_M_corr     0.0218434228141     0.0280361376113     0.0170821711922     0.283504780818     -0.217971865601    0.283504780818
2017     CMS_bTagSF_T_corr     8.68832761086     8.68832761086     8.68832761086     0.0     0.0    0.0
2017     CMS_bTagSF_T_corr     0.269969965836     0.269969965836     0.269969965836     0.0     0.0    0.0
2017     CMS_bTagSF_T_corr     0.586435359949     0.586435359949     0.586435359949     0.0     0.0    0.0
2017     CMS_bTagSF_T_corr     0.0218434228141     0.0218434228141     0.0218434228141     0.0     0.0    0.0
2017     CMS_jer     8.68832761086     8.71262623881     8.66505822363     0.00279669794204     -0.00267823547611    0.00279669794204
2017     CMS_jer     0.269969965836     0.268759709015     0.271359208526     -0.00448293134091     0.00514591571339    0.00514591571339
2017     CMS_jer     0.586435359949     0.581968537552     0.590941234601     -0.007616904952     0.00768349755186    0.00768349755186
2017     CMS_jer     0.0218434228141     0.0200690229318     0.0241165816155     -0.0812326848869     0.104066053232    0.104066053232
2017     CMS_jec     8.68832761086     8.70062921121     8.67619093116     0.00141587666747     -0.00139689480458    0.00141587666747
2017     CMS_jec     0.269969965836     0.207062165172     0.333916170383     -0.233017774662     0.236864142827    0.236864142827
2017     CMS_jec     0.586435359949     0.566523300257     0.60634741964     -0.0339543981339     0.0339543981339    0.0339543981339
2017     CMS_jec     0.0218434228141     0.0213325507068     0.0233752851494     -0.023387914597     0.0701292260071    0.0701292260071
2017     CMS_bTagSF_bc_T_corr     8.68832761086     8.68832761086     8.68832761086     0.0     0.0    0.0
2017     CMS_bTagSF_bc_T_corr     0.269969965836     0.269969965836     0.269969965836     0.0     0.0    0.0
2017     CMS_bTagSF_bc_T_corr     0.586435359949     0.586435359949     0.586435359949     0.0     0.0    0.0
2017     CMS_bTagSF_bc_T_corr     0.0218434228141     0.0218434228141     0.0218434228141     0.0     0.0    0.0
2017     CMS_bTagSF_light_T_corr     8.68832761086     8.68832761086     8.68832761086     0.0     0.0    0.0
2017     CMS_bTagSF_light_T_corr     0.269969965836     0.269969965836     0.269969965836     0.0     0.0    0.0
2017     CMS_bTagSF_light_T_corr     0.586435359949     0.586435359949     0.586435359949     0.0     0.0    0.0
2017     CMS_bTagSF_light_T_corr     0.0218434228141     0.0218434228141     0.0218434228141     0.0     0.0    0.0
2017     CMS_bTagSF_bc_M_corr     8.68832761086     8.56708425276     8.80957096897     -0.0139547406054     0.0139547406054    0.0139547406054
2017     CMS_bTagSF_bc_M_corr     0.269969965836     0.168637800847     0.371302130826     -0.375346067388     0.375346067388    0.375346067388
2017     CMS_bTagSF_bc_M_corr     0.586435359949     0.580175075162     0.592695644736     -0.0106751488991     0.0106751488991    0.0106751488991
2017     CMS_bTagSF_bc_M_corr     0.0218434228141     0.0143003996922     0.029386445936     -0.345322396865     0.345322396865    0.345322396865
2017     CMS_bTagSF_light_M_corr     8.68832761086     4.39298055067     12.9836746711     -0.494381341562     0.494381341562    0.494381341562
2017     CMS_bTagSF_light_M_corr     0.269969965836     0.456568566128     0.0887040154717     0.691182812554     -0.671430060019    0.691182812554
2017     CMS_bTagSF_light_M_corr     0.586435359949     0.408662216108     0.764208503789     -0.303141924893     0.303141924893    0.303141924893
2017     CMS_bTagSF_light_M_corr     0.0218434228141     0.0401347535653     0.0115250449219     0.83738390759     -0.472379167864    0.83738390759
2017     CMS_bTagSF_bc_T_year     8.68832761086     8.68832761086     8.68832761086     0.0     0.0    0.0
2017     CMS_bTagSF_bc_T_year     0.269969965836     0.269969965836     0.269969965836     0.0     0.0    0.0
2017     CMS_bTagSF_bc_T_year     0.586435359949     0.586435359949     0.586435359949     0.0     0.0    0.0
2017     CMS_bTagSF_bc_T_year     0.0218434228141     0.0218434228141     0.0218434228141     0.0     0.0    0.0
2017     CMS_bTagSF_light_T_year     8.68832761086     8.68832761086     8.68832761086     0.0     0.0    0.0
2017     CMS_bTagSF_light_T_year     0.269969965836     0.269969965836     0.269969965836     0.0     0.0    0.0
2017     CMS_bTagSF_light_T_year     0.586435359949     0.586435359949     0.586435359949     0.0     0.0    0.0
2017     CMS_bTagSF_light_T_year     0.0218434228141     0.0218434228141     0.0218434228141     0.0     0.0    0.0
2017     CMS_bTagSF_bc_M_year     8.68832761086     8.4382231291     8.93843209262     -0.0287862627839     0.0287862627839    0.0287862627839
2017     CMS_bTagSF_bc_M_year     0.269969965836     0.102740805033     0.43719912664     -0.619436166855     0.619436166855    0.619436166855
2017     CMS_bTagSF_bc_M_year     0.586435359949     0.571467710861     0.601403009037     -0.0255231012831     0.0255231012831    0.0255231012831
2017     CMS_bTagSF_bc_M_year     0.0218434228141     0.0102435641423     0.0334432814859     -0.531045833361     0.531045833361    0.531045833361
2017     CMS_bTagSF_light_M_year     8.68832761086     8.82409956333     8.5525556584     0.0156269374898     -0.0156269374898    0.0156269374898
2017     CMS_bTagSF_light_M_year     0.269969965836     0.259107469573     0.2808324621     -0.0402359433951     0.0402359433951    0.0402359433951
2017     CMS_bTagSF_light_M_year     0.586435359949     0.598320920475     0.574549799423     0.0202674690818     -0.0202674690818    0.0202674690818
2017     CMS_bTagSF_light_M_year     0.0218434228141     0.0220423025169     0.0216445431113     0.00910478657391     -0.00910478657391    0.00910478657391
2017     CMS_jer_eta193     8.68832761086     8.71236179309     8.66532266935     0.00276626104581     -0.00264779857988    0.00276626104581
2017     CMS_jer_eta193     0.269969965836     0.268832576548     0.271286340993     -0.00421302156601     0.00487600593849    0.00487600593849
2017     CMS_jer_eta193     0.586435359949     0.582413848662     0.590495923491     -0.00685755253114     0.006924145131    0.006924145131
2017     CMS_jer_eta193     0.0218434228141     0.0227146874682     0.021470917079     0.0398868190914     -0.0170534507463    0.0398868190914
2017     CMS_jer_193eta25     8.68832761086     8.68602778614     8.69062743559     -0.000264702808808     0.000264702808808    0.000264702808808
2017     CMS_jer_193eta25     0.269969965836     0.269878566254     0.270061365419     -0.000338554632831     0.000338554632831    0.000338554632831
2017     CMS_jer_193eta25     0.586435359949     0.58788051496     0.584990204938     0.00246430401315     -0.00246430401315    0.00246430401315
2017     CMS_jer_193eta25     0.0218434228141     0.0193161516857     0.0243706939425     -0.115699409838     0.115699409838    0.115699409838
2017     CMS_jec_FlavorQCD     8.68832761086     8.75309086997     8.62356435176     0.00745405353112     -0.00745405353112    0.00745405353112
2017     CMS_jec_FlavorQCD     0.269969965836     0.27194510761     0.267994824063     0.00731615373215     -0.00731615373215    0.00731615373215
2017     CMS_jec_FlavorQCD     0.586435359949     0.579347903788     0.59352281611     -0.0120856562292     0.0120856562292    0.0120856562292
2017     CMS_jec_FlavorQCD     0.0218434228141     0.0214664133856     0.0222204322426     -0.0172596314998     0.0172596314998    0.0172596314998
2017     CMS_jec_RelativeBal     8.68832761086     8.7477986717     8.62902147067     0.00684493765673     -0.00682595579383    0.00684493765673
2017     CMS_jec_RelativeBal     0.269969965836     0.28411483079     0.255825100882     0.052394216928     -0.052394216928    0.052394216928
2017     CMS_jec_RelativeBal     0.586435359949     0.583622252502     0.589248467396     -0.00479696082276     0.00479696082276    0.00479696082276
2017     CMS_jec_RelativeBal     0.0218434228141     0.0220250176886     0.0216618279397     0.00831348072132     -0.00831348072132    0.00831348072132
2017     CMS_jec_Absolute     8.68832761086     8.68522833481     8.6918317483     -0.000356717218048     0.000403315528321    0.000403315528321
2017     CMS_jec_Absolute     0.269969965836     0.21714364724     0.323575427992     -0.195674798243     0.198560836163    0.198560836163
2017     CMS_jec_Absolute     0.586435359949     0.577102093458     0.595768626439     -0.0159152519236     0.0159152519236    0.0159152519236
2017     CMS_jec_Absolute     0.0218434228141     0.0201316812958     0.024176700638     -0.0783641617363     0.106818324389    0.106818324389
2017     CMS_jec_BBEC1_year     8.68832761086     8.72276057593     8.65429950718     0.00396312922482     -0.00391653091454    0.00396312922482
2017     CMS_jec_BBEC1_year     0.269969965836     0.271022790879     0.268917140794     0.00389978581233     -0.00389978581233    0.00389978581233
2017     CMS_jec_BBEC1_year     0.586435359949     0.588031796095     0.584838923803     0.00272227129365     -0.00272227129365    0.00272227129365
2017     CMS_jec_BBEC1_year     0.0218434228141     0.0222266157473     0.0214602298809     0.0175427146403     -0.0175427146403    0.0175427146403
2017     CMS_jec_Absolute_year     8.68832761086     8.75284735258     8.62380786914     0.00742602542301     -0.00742602542301    0.00742602542301
2017     CMS_jec_Absolute_year     0.269969965836     0.275541567386     0.264398364287     0.0206378570023     -0.0206378570023    0.0206378570023
2017     CMS_jec_Absolute_year     0.586435359949     0.583100911505     0.589808860648     -0.00568596075804     0.00575255335789    0.00575255335789
2017     CMS_jec_Absolute_year     0.0218434228141     0.0218434228141     0.0218434228141     0.0     0.0    0.0
2017     CMS_jec_RelativeSample_year     8.68832761086     8.68295551426     8.69386462811     -0.00061831192926     0.000637293792159    0.000637293792159
2017     CMS_jec_RelativeSample_year     0.269969965836     0.267914183793     0.272847564042     -0.00761485462486     0.0106589568095    0.0106589568095
2017     CMS_jec_RelativeSample_year     0.586435359949     0.576174450637     0.596696269261     -0.0174970849522     0.0174970849522    0.0174970849522
2017     CMS_jec_RelativeSample_year     0.0218434228141     0.0220972299419     0.022211151992     0.0116193844692     0.0168347781839    0.0168347781839
2017     CMS_pu     8.68832761086     8.48932292003     8.8873323017     -0.0229048327533     0.0229048327533    0.0229048327533
2017     CMS_pu     0.269969965836     0.287297302     0.252642629673     0.0641824586305     -0.0641824586305    0.0641824586305
2017     CMS_pu     0.586435359949     0.590328717663     0.582542002234     0.00663902278117     -0.00663902278117    0.00663902278117
2017     CMS_pu     0.0218434228141     0.0222472833728     0.0214395622554     0.0184888862033     -0.0184888862033    0.0184888862033
2017     CMS_L1Prefiring     8.68832761086     8.66334865965     8.71364091414     -0.00287500107407     0.0029134839768    0.0029134839768
2017     CMS_L1Prefiring     0.269969965836     0.268786792391     0.27113076616     -0.00438261138221     0.00429973874921    0.00438261138221
2017     CMS_L1Prefiring     0.586435359949     0.580953835442     0.594761507872     -0.00934719302621     0.0141978954404    0.0141978954404
2017     CMS_L1Prefiring     0.0218434228141     0.0214807115457     0.0222050619962     -0.0166050564267     0.016555975919    0.0166050564267
2017     CMS_pdf_sig     8.68832761086     8.98885382759     8.38780113737     0.0345896506421     -0.0345896801954    0.0345896801954
2017     CMS_pdf_sig     0.269969965836     0.279855655958     0.260084260803     0.0366177403864     -0.0366177956248    0.0366177956248
2017     CMS_pdf_sig     0.586435359949     0.606431271123     0.566439460302     0.0340973831729     -0.0340973635162    0.0340973831729
2017     CMS_pdf_sig     0.0218434228141     0.0226477596678     0.0210390861416     0.0368228395571     -0.0368228312638    0.0368228395571
2017     CMS_renorm_sig     8.68832761086     8.68832761086     8.68832761086     0.0     0.0    0.0
2017     CMS_renorm_sig     0.269969965836     0.269969965836     0.269969965836     0.0     0.0    0.0
2017     CMS_renorm_sig     0.586435359949     0.586435359949     0.586435359949     0.0     0.0    0.0
2017     CMS_renorm_sig     0.0218434228141     0.0218434228141     0.0218434228141     0.0     0.0    0.0
2017     CMS_fact_sig     8.68832761086     7.35393491481     10.3841273758     -0.153584528096     0.195181379079    0.195181379079
2017     CMS_fact_sig     0.269969965836     0.228819737065     0.322129459264     -0.152425210132     0.193204800639    0.193204800639
2017     CMS_fact_sig     0.586435359949     0.496272755648     0.701191835356     -0.153746875544     0.195684781725    0.195684781725
2017     CMS_fact_sig     0.0218434228141     0.0184868708044     0.0261146699365     -0.153664196235     0.195539277829    0.195539277829
2017     CMS_jec_AbsoluteCal     8.68832761086     8.77358559283     8.6030696289     0.0098129336026     -0.0098129336026    0.0098129336026
2017     CMS_jec_AbsoluteCal     0.269969965836     0.274970067548     0.265104370524     0.0185209554555     -0.0180227281842    0.0185209554555
2017     CMS_jec_AbsoluteCal     0.586435359949     0.580831970491     0.592077801662     -0.00955499930647     0.00962159190633    0.00962159190633
2017     CMS_jec_AbsoluteCal     0.0218434228141     0.0218434228141     0.0218434228141     0.0     0.0    0.0
2017     CMS_jec_AbsoluteTheory     8.68832761086     8.68522831542     8.69183176769     -0.000356719449842     0.000403317760116    0.000403317760116
2017     CMS_jec_AbsoluteTheory     0.269969965836     0.21714364724     0.323575427992     -0.195674798243     0.198560836163    0.198560836163
2017     CMS_jec_AbsoluteTheory     0.586435359949     0.577102093268     0.595768626629     -0.0159152522479     0.0159152522479    0.0159152522479
2017     CMS_jec_AbsoluteTheory     0.0218434228141     0.0201316812958     0.024176700638     -0.0783641617363     0.106818324389    0.106818324389
2017     CMS_jec_AbsolutePU     8.68832761086     8.74489658254     8.63175863919     0.00651091604845     -0.00651091604845    0.00651091604845
2017     CMS_jec_AbsolutePU     0.269969965836     0.254114086213     0.286323174338     -0.0587320132957     0.0605741770233    0.0605741770233
2017     CMS_jec_AbsolutePU     0.586435359949     0.57985117108     0.593019548818     -0.0112274758973     0.0112274758973    0.0112274758973
2017     CMS_jec_AbsolutePU     0.0218434228141     0.0218425046421     0.0218443409861     -4.20342547901e-05     4.20342547904e-05    4.20342547904e-05
2017     CMS_jec_AbsoluteScale     8.68832761086     8.68522831542     8.69183176769     -0.000356719449842     0.000403317760116    0.000403317760116
2017     CMS_jec_AbsoluteScale     0.269969965836     0.21714364724     0.323575427992     -0.195674798243     0.198560836163    0.198560836163
2017     CMS_jec_AbsoluteScale     0.586435359949     0.577102093268     0.595768626629     -0.0159152522479     0.0159152522479    0.0159152522479
2017     CMS_jec_AbsoluteScale     0.0218434228141     0.0201316812958     0.024176700638     -0.0783641617363     0.106818324389    0.106818324389
2017     CMS_jec_Fragmentation     8.68832761086     8.61938997333     8.7572652484     -0.00793451175223     0.00793451175223    0.00793451175223
2017     CMS_jec_Fragmentation     0.269969965836     0.271203931473     0.2687360002     0.00457075153776     -0.00457075153776    0.00457075153776
2017     CMS_jec_Fragmentation     0.586435359949     0.588105966166     0.584764753732     0.00284874741726     -0.00284874741726    0.00284874741726
2017     CMS_jec_Fragmentation     0.0218434228141     0.0216618279397     0.0220250176886     -0.00831348072132     0.00831348072132    0.00831348072132
2017     CMS_jec_AbsoluteMPFBias     8.68832761086     8.68522833481     8.6918317483     -0.000356717218048     0.000403315528321    0.000403315528321
2017     CMS_jec_AbsoluteMPFBias     0.269969965836     0.21714364724     0.323575427992     -0.195674798243     0.198560836163    0.198560836163
2017     CMS_jec_AbsoluteMPFBias     0.586435359949     0.577102093458     0.595768626439     -0.0159152519236     0.0159152519236    0.0159152519236
2017     CMS_jec_AbsoluteMPFBias     0.0218434228141     0.0201316812958     0.024176700638     -0.0783641617363     0.106818324389    0.106818324389
2017     CMS_jec_RelativeFSR     8.68832761086     8.7234202691     8.65323495263     0.00403905789535     -0.00403905789535    0.00403905789535
2017     CMS_jec_RelativeFSR     0.269969965836     0.272130817544     0.268453751288     0.00800404482332     -0.00561623417479    0.00800404482332
2017     CMS_jec_RelativeFSR     0.586435359949     0.581890689925     0.591019082228     -0.00774965210904     0.00781624470889    0.00781624470889
2017     CMS_jec_RelativeFSR     0.0218434228141     0.019381041086     0.0243058045422     -0.112728749018     0.112728749018    0.112728749018
2017     CMS_scale_sig     8.68832761086     10.3841273758     7.35393491481     0.195181379079     -0.153584528096    0.195181379079
2017     CMS_scale_sig     0.269969965836     0.322129459264     0.228819737065     0.193204800639     -0.152425210132    0.193204800639
2017     CMS_scale_sig     0.586435359949     0.701191835356     0.496272755648     0.195684781725     -0.153746875544    0.195684781725
2017     CMS_scale_sig     0.0218434228141     0.0261146699365     0.0184868708044     0.195539277829     -0.153664196235    0.195539277829
2017     CMS_bTagSF_M     5.24155621158     5.03396251563     5.44914990752     -0.0396053552731     0.0396053552731    0.0396053552731
2017     CMS_bTagSF_M     0.178177699526     0.0525571998688     0.303798199183     -0.705029304966     0.705029304966    0.705029304966
2017     CMS_bTagSF_M     0.356410337968     0.344432039136     0.368388636799     -0.0336081688859     0.0336081688859    0.0336081688859
2017     CMS_bTagSF_M     0.0192712755508     0.00780406126175     0.0307384898398     -0.595041789466     0.595041789466    0.595041789466
2017     CMS_bTagSF_T     5.24155621158     5.24155621158     5.24155621158     0.0     0.0    0.0
2017     CMS_bTagSF_T     0.178177699526     0.178177699526     0.178177699526     0.0     0.0    0.0
2017     CMS_bTagSF_T     0.356410337968     0.356410337968     0.356410337968     0.0     0.0    0.0
2017     CMS_bTagSF_T     0.0192712755508     0.0192712755508     0.0192712755508     0.0     0.0    0.0
2017     CMS_bTagSF_M_corr     5.24155621158     3.44828604093     7.04565827804     -0.34212552499     0.344192066943    0.344192066943
2017     CMS_bTagSF_M_corr     0.178177699526     0.102536663932     0.253846483099     -0.42452582896     0.424681561019    0.424681561019
2017     CMS_bTagSF_M_corr     0.356410337968     0.25728177656     0.468815065961     -0.278130432391     0.3153800999    0.3153800999
2017     CMS_bTagSF_M_corr     0.0192712755508     0.0126573459871     0.0261104762663     -0.343201442284     0.354890920298    0.354890920298
2017     CMS_bTagSF_T_corr     5.24155621158     5.24155621158     5.24155621158     0.0     0.0    0.0
2017     CMS_bTagSF_T_corr     0.178177699526     0.178177699526     0.178177699526     0.0     0.0    0.0
2017     CMS_bTagSF_T_corr     0.356410337968     0.356410337968     0.356410337968     0.0     0.0    0.0
2017     CMS_bTagSF_T_corr     0.0192712755508     0.0192712755508     0.0192712755508     0.0     0.0    0.0
2017     CMS_jer     5.24155621158     5.60596881888     4.87720460175     0.0695237430626     -0.0695121057796    0.0695237430626
2017     CMS_jer     0.178177699526     0.177096833897     0.179258565154     -0.00606622282934     0.00606622282934    0.00606622282934
2017     CMS_jer     0.356410337968     0.369050862774     0.344040072024     0.0354662125631     -0.0347079324757    0.0354662125631
2017     CMS_jer     0.0192712755508     0.020057088866     0.0192144523158     0.0407764038856     -0.00294859750306    0.0407764038856
2017     CMS_jec     5.24155621158     4.72594331936     5.7571691038     -0.0983701922496     0.0983701922496    0.0983701922496
2017     CMS_jec     0.178177699526     0.164751429253     0.191997291933     -0.0753532586195     0.0775607297897    0.0775607297897
2017     CMS_jec     0.356410337968     0.316383453848     0.402615465282     -0.112305620391     0.129640255606    0.129640255606
2017     CMS_jec     0.0192712755508     0.0202791764956     0.0207657072809     0.052300686698     0.0775471102665    0.0775471102665
2017     CMS_bTagSF_bc_T_corr     5.24155621158     5.24155621158     5.24155621158     0.0     0.0    0.0
2017     CMS_bTagSF_bc_T_corr     0.178177699526     0.178177699526     0.178177699526     0.0     0.0    0.0
2017     CMS_bTagSF_bc_T_corr     0.356410337968     0.356410337968     0.356410337968     0.0     0.0    0.0
2017     CMS_bTagSF_bc_T_corr     0.0192712755508     0.0192712755508     0.0192712755508     0.0     0.0    0.0
2017     CMS_bTagSF_light_T_corr     5.24155621158     5.24155621158     5.24155621158     0.0     0.0    0.0
2017     CMS_bTagSF_light_T_corr     0.178177699526     0.178177699526     0.178177699526     0.0     0.0    0.0
2017     CMS_bTagSF_light_T_corr     0.356410337968     0.356410337968     0.356410337968     0.0     0.0    0.0
2017     CMS_bTagSF_light_T_corr     0.0192712755508     0.0192712755508     0.0192712755508     0.0     0.0    0.0
2017     CMS_bTagSF_bc_M_corr     5.24155621158     5.11725463676     5.36585778639     -0.0237146316465     0.0237146316465    0.0237146316465
2017     CMS_bTagSF_bc_M_corr     0.178177699526     0.114040427452     0.2423149716     -0.359962398464     0.359962398464    0.359962398464
2017     CMS_bTagSF_bc_M_corr     0.356410337968     0.348995463646     0.363825212289     -0.0208043188744     0.0208043188744    0.0208043188744
2017     CMS_bTagSF_bc_M_corr     0.0192712755508     0.0129148524488     0.0256276986527     -0.32983925144     0.32983925144    0.32983925144
2017     CMS_bTagSF_light_M_corr     5.24155621158     3.58212433538     6.9106609299     -0.31659144903     0.318436863204    0.318436863204
2017     CMS_bTagSF_light_M_corr     0.178177699526     0.276257361553     0.0808080743666     0.55045980663     -0.54647481373    0.55045980663
2017     CMS_bTagSF_light_M_corr     0.356410337968     0.269933586264     0.45461250178     -0.242632557173     0.275531187935    0.275531187935
2017     CMS_bTagSF_light_M_corr     0.0192712755508     0.0260835936066     0.0133484522188     0.353495960236     -0.307339455366    0.353495960236
2017     CMS_bTagSF_bc_T_year     5.24155621158     5.24155621158     5.24155621158     0.0     0.0    0.0
2017     CMS_bTagSF_bc_T_year     0.178177699526     0.178177699526     0.178177699526     0.0     0.0    0.0
2017     CMS_bTagSF_bc_T_year     0.356410337968     0.356410337968     0.356410337968     0.0     0.0    0.0
2017     CMS_bTagSF_bc_T_year     0.0192712755508     0.0192712755508     0.0192712755508     0.0     0.0    0.0
2017     CMS_bTagSF_light_T_year     5.24155621158     5.24155621158     5.24155621158     0.0     0.0    0.0
2017     CMS_bTagSF_light_T_year     0.178177699526     0.178177699526     0.178177699526     0.0     0.0    0.0
2017     CMS_bTagSF_light_T_year     0.356410337968     0.356410337968     0.356410337968     0.0     0.0    0.0
2017     CMS_bTagSF_light_T_year     0.0192712755508     0.0192712755508     0.0192712755508     0.0     0.0    0.0
2017     CMS_bTagSF_bc_M_year     5.24155621158     5.01770007751     5.46541234565     -0.0427079525684     0.0427079525684    0.0427079525684
2017     CMS_bTagSF_bc_M_year     0.178177699526     0.0624998639514     0.2938555351     -0.649227349339     0.649227349339    0.649227349339
2017     CMS_bTagSF_bc_M_year     0.356410337968     0.342997214156     0.369823461779     -0.037633935896     0.037633935896    0.037633935896
2017     CMS_bTagSF_bc_M_year     0.0192712755508     0.00857821629022     0.0299643348113     -0.554870342255     0.554870342255    0.554870342255
2017     CMS_bTagSF_light_M_year     5.24155621158     5.26985037305     5.2132620501     0.00539804598665     -0.00539804598665    0.00539804598665
2017     CMS_bTagSF_light_M_year     0.178177699526     0.171866470231     0.18448892882     -0.0354209831601     0.0354209831601    0.0354209831601
2017     CMS_bTagSF_light_M_year     0.356410337968     0.359423412765     0.353397263171     0.00845394893466     -0.00845394893466    0.00845394893466
2017     CMS_bTagSF_light_M_year     0.0192712755508     0.018750189418     0.0197923616835     -0.027039524778     0.027039524778    0.027039524778
2017     CMS_jer_eta193     5.24155621158     5.60500599833     4.87816742229     0.0693400532371     -0.0693284159542    0.0693400532371
2017     CMS_jer_eta193     0.178177699526     0.177096833897     0.179258565154     -0.00606622282934     0.00606622282934    0.00606622282934
2017     CMS_jer_eta193     0.356410337968     0.369087895595     0.344003039203     0.0355701175772     -0.0348118374897    0.0355701175772
2017     CMS_jer_eta193     0.0192712755508     0.020057088866     0.0192144523158     0.0407764038856     -0.00294859750306    0.0407764038856
2017     CMS_jer_193eta25     5.24155621158     5.24243643416     5.24067598899     0.000167931536259     -0.000167931536259    0.000167931536259
2017     CMS_jer_193eta25     0.178177699526     0.178177471555     0.178177927497     -1.27945841866e-06     1.27945841855e-06    1.27945841866e-06
2017     CMS_jer_193eta25     0.356410337968     0.35633066479     0.356490011145     -0.000223543396914     0.000223543396914    0.000223543396914
2017     CMS_jer_193eta25     0.0192712755508     0.0192691985914     0.0192733525102     -0.00010777487937     0.00010777487937    0.00010777487937
2017     CMS_jec_FlavorQCD     5.24155621158     4.97394059939     5.50917182376     -0.0510565185955     0.0510565185955    0.0510565185955
2017     CMS_jec_FlavorQCD     0.178177699526     0.166474563189     0.189880835863     -0.0656823854377     0.0656823854377    0.0656823854377
2017     CMS_jec_FlavorQCD     0.356410337968     0.348094615278     0.364962313931     -0.0233318784675     0.0239947472133    0.0239947472133
2017     CMS_jec_FlavorQCD     0.0192712755508     0.0193603858772     0.0193008262985     0.00462399731568     0.00153340901797    0.00462399731568
2017     CMS_jec_RelativeBal     5.24155621158     5.24462281891     5.23848960424     0.000585056653349     -0.00058505665335    0.00058505665335
2017     CMS_jec_RelativeBal     0.178177699526     0.165704242552     0.190651156499     -0.0700057134342     0.0700057134342    0.0700057134342
2017     CMS_jec_RelativeBal     0.356410337968     0.354374597921     0.358683633383     -0.00571178731195     0.00637830941705    0.00637830941705
2017     CMS_jec_RelativeBal     0.0192712755508     0.019269533865     0.0192730172366     -9.03772961202e-05     9.03772961203e-05    9.03772961203e-05
2017     CMS_jec_Absolute     5.24155621158     4.92693895198     5.55617347118     -0.0600236355196     0.0600236355196    0.0600236355196
2017     CMS_jec_Absolute     0.178177699526     0.162739546983     0.193615852069     -0.0866446956255     0.0866446956255    0.0866446956255
2017     CMS_jec_Absolute     0.356410337968     0.324240080788     0.392595378553     -0.0902618520077     0.101526349633    0.101526349633
2017     CMS_jec_Absolute     0.0192712755508     0.0199301534878     0.020260830921     0.0341896381129     0.0513487219672    0.0513487219672
2017     CMS_jec_BBEC1_year     5.24155621158     5.2483473477     5.23476507545     0.00129563355818     -0.00129563355818    0.00129563355818
2017     CMS_jec_BBEC1_year     0.178177699526     0.176525858181     0.179829540871     -0.00927075245327     0.00927075245327    0.00927075245327
2017     CMS_jec_BBEC1_year     0.356410337968     0.361323570626     0.351734660678     0.0137853258871     -0.013118803782    0.0137853258871
2017     CMS_jec_BBEC1_year     0.0192712755508     0.0192704951952     0.0192720559064     -4.04931984238e-05     4.04931984239e-05    4.04931984239e-05
2017     CMS_jec_Absolute_year     5.24155621158     5.05149468145     5.43161774171     -0.0362605154763     0.0362605154763    0.0362605154763
2017     CMS_jec_Absolute_year     0.178177699526     0.166264303303     0.190091095749     -0.0668624426876     0.0668624426876    0.0668624426876
2017     CMS_jec_Absolute_year     0.356410337968     0.347806002034     0.36525222927     -0.0241416564479     0.024808178553    0.024808178553
2017     CMS_jec_Absolute_year     0.0192712755508     0.0192428506623     0.0194183615134     -0.00147498739237     0.00763239372601    0.00763239372601
2017     CMS_jec_RelativeSample_year     5.24155621158     4.93199447094     5.55111795221     -0.0590591282697     0.0590591282697    0.0590591282697
2017     CMS_jec_RelativeSample_year     0.178177699526     0.165447101458     0.190908297594     -0.071448885589     0.071448885589    0.071448885589
2017     CMS_jec_RelativeSample_year     0.356410337968     0.348078152507     0.364980078797     -0.0233780689645     0.0240445910696    0.0240445910696
2017     CMS_jec_RelativeSample_year     0.0192712755508     0.0209176926696     0.019609597227     0.0854337386489     0.0175557489843    0.0854337386489
2017     CMS_pu     5.24155621158     5.24109053376     5.24202188939     -8.88434268801e-05     8.88434268795e-05    8.88434268801e-05
2017     CMS_pu     0.178177699526     0.17017491482     0.186180484232     -0.0449146258324     0.0449146258324    0.0449146258324
2017     CMS_pu     0.356410337968     0.355481182591     0.357339493344     -0.00260698211562     0.00260698211562    0.00260698211562
2017     CMS_pu     0.0192712755508     0.0181813994346     0.0203611516669     -0.0565544358127     0.0565544358127    0.0565544358127
2017     CMS_L1Prefiring     5.24155621158     5.22574949196     5.25829095595     -0.003015653935     0.00319270531506    0.00319270531506
2017     CMS_L1Prefiring     0.178177699526     0.177753310923     0.178870054412     -0.00238182782784     0.00388575499764    0.00388575499764
2017     CMS_L1Prefiring     0.356410337968     0.350557839309     0.362555542587     -0.0164206759307     0.0172419370739    0.0172419370739
2017     CMS_L1Prefiring     0.0192712755508     0.0189858579656     0.019555417218     -0.0148105186097     0.0147443103312    0.0148105186097
2017     CMS_pdf_sig     5.24155621158     5.4379442345     5.04516881472     0.0374675029693     -0.0374673835273    0.0374675029693
2017     CMS_pdf_sig     0.178177699526     0.18491936432     0.171436035423     0.03783674844     -0.0378367445605    0.03783674844
2017     CMS_pdf_sig     0.356410337968     0.370260841541     0.342559835503     0.0388611162415     -0.0388611131316    0.0388611162415
2017     CMS_pdf_sig     0.0192712755508     0.0200488312796     0.0184937198987     0.0403479119369     -0.0403479079523    0.0403479119369
2017     CMS_renorm_sig     5.24155621158     5.24155621158     5.24155621158     0.0     0.0    0.0
2017     CMS_renorm_sig     0.178177699526     0.178177699526     0.178177699526     0.0     0.0    0.0
2017     CMS_renorm_sig     0.356410337968     0.356410337968     0.356410337968     0.0     0.0    0.0
2017     CMS_renorm_sig     0.0192712755508     0.0192712755508     0.0192712755508     0.0     0.0    0.0
2017     CMS_fact_sig     5.24155621158     4.4224083153     6.28473672466     -0.156279521426     0.199021143907    0.199021143907
2017     CMS_fact_sig     0.178177699526     0.150633213417     0.213145990911     -0.154589974963     0.196255151337    0.196255151337
2017     CMS_fact_sig     0.356410337968     0.300578774876     0.42754807981     -0.156649673546     0.199595057337    0.199595057337
2017     CMS_fact_sig     0.0192712755508     0.016283335963     0.0230666208419     -0.155046280144     0.196943128188    0.196943128188
2017     CMS_jec_AbsoluteCal     5.24155621158     5.01832781289     5.46478461026     -0.0425881913068     0.0425881913068    0.0425881913068
2017     CMS_jec_AbsoluteCal     0.178177699526     0.166281396141     0.190074002911     -0.0667665112767     0.0667665112767    0.0667665112767
2017     CMS_jec_AbsoluteCal     0.356410337968     0.347162082138     0.365896149166     -0.0259483377578     0.0266148598629    0.0266148598629
2017     CMS_jec_AbsoluteCal     0.0192712755508     0.0197690859577     0.0193000459781     0.0258317310463     0.00149291764586    0.0258317310463
2017     CMS_jec_AbsoluteTheory     5.24155621158     4.92693892548     5.55617349768     -0.0600236405756     0.0600236405756    0.0600236405756
2017     CMS_jec_AbsoluteTheory     0.178177699526     0.162739546986     0.193615852066     -0.0866446956086     0.0866446956086    0.0866446956086
2017     CMS_jec_AbsoluteTheory     0.356410337968     0.324240081173     0.392595378168     -0.0902618509269     0.101526348553    0.101526348553
2017     CMS_jec_AbsoluteTheory     0.0192712755508     0.0199301534878     0.020260830921     0.0341896381129     0.0513487219672    0.0513487219672
2017     CMS_jec_AbsolutePU     5.24155621158     5.02100637741     5.46210604574     -0.0420771666395     0.0420771666395    0.0420771666395
2017     CMS_jec_AbsolutePU     0.178177699526     0.166133200675     0.190222198377     -0.0675982397535     0.0675982397535    0.0675982397535
2017     CMS_jec_AbsolutePU     0.356410337968     0.339535399937     0.373522831367     -0.0473469375971     0.0480134597022    0.0480134597022
2017     CMS_jec_AbsolutePU     0.0192712755508     0.0199591021459     0.0194891253152     0.0356918042769     0.0113043770189    0.0356918042769
2017     CMS_jec_AbsoluteScale     5.24155621158     4.92693892548     5.55617349768     -0.0600236405756     0.0600236405756    0.0600236405756
2017     CMS_jec_AbsoluteScale     0.178177699526     0.162739546986     0.193615852066     -0.0866446956086     0.0866446956086    0.0866446956086
2017     CMS_jec_AbsoluteScale     0.356410337968     0.324240081173     0.392595378168     -0.0902618509269     0.101526348553    0.101526348553
2017     CMS_jec_AbsoluteScale     0.0192712755508     0.0199301534878     0.020260830921     0.0341896381129     0.0513487219672    0.0513487219672
2017     CMS_jec_Fragmentation     5.24155621158     5.0877610453     5.39535137786     -0.0293415085279     0.0293415085279    0.0293415085279
2017     CMS_jec_Fragmentation     0.178177699526     0.166280812297     0.190074586754     -0.0667697880271     0.0667697880271    0.0667697880271
2017     CMS_jec_Fragmentation     0.356410337968     0.351212284182     0.361845947122     -0.014584464118     0.0152509862231    0.0152509862231
2017     CMS_jec_Fragmentation     0.0192712755508     0.0193353806369     0.0192985433742     0.00332645786682     0.00141494647597    0.00332645786682
2017     CMS_jec_AbsoluteMPFBias     5.24155621158     4.92693895198     5.55617347118     -0.0600236355196     0.0600236355196    0.0600236355196
2017     CMS_jec_AbsoluteMPFBias     0.178177699526     0.162739546983     0.193615852069     -0.0866446956255     0.0866446956255    0.0866446956255
2017     CMS_jec_AbsoluteMPFBias     0.356410337968     0.324240080788     0.392595378553     -0.0902618520077     0.101526349633    0.101526349633
2017     CMS_jec_AbsoluteMPFBias     0.0192712755508     0.0199301534878     0.020260830921     0.0341896381129     0.0513487219672    0.0513487219672
2017     CMS_jec_RelativeFSR     5.24155621158     4.97187898405     5.5112334391     -0.0514498398267     0.0514498398267    0.0514498398267
2017     CMS_jec_RelativeFSR     0.178177699526     0.166273894246     0.190081504805     -0.0668086147215     0.0668086147215    0.0668086147215
2017     CMS_jec_RelativeFSR     0.356410337968     0.346884068964     0.36617416234     -0.0267283745418     0.0273948966469    0.0273948966469
2017     CMS_jec_RelativeFSR     0.0192712755508     0.019551182421     0.0198254307678     0.0145245637447     0.0287555027456    0.0287555027456
2017     CMS_scale_sig     5.24155621158     6.28473672466     4.4224083153     0.199021143907     -0.156279521426    0.199021143907
2017     CMS_scale_sig     0.178177699526     0.213145990911     0.150633213417     0.196255151337     -0.154589974963    0.196255151337
2017     CMS_scale_sig     0.356410337968     0.42754807981     0.300578774876     0.199595057337     -0.156649673546    0.199595057337
2017     CMS_scale_sig     0.0192712755508     0.0230666208419     0.016283335963     0.196943128188     -0.155046280144    0.196943128188
2018     CMS_bTagSF_M     2470.46123077     2589.606461     2351.31600055     0.0482279295636     -0.0482279295636    0.0482279295636
2018     CMS_bTagSF_M     3329.65903602     3217.57913206     3441.73893997     -0.0336610754261     0.0336610754261    0.0336610754261
2018     CMS_bTagSF_M     1881.26244316     1979.98451591     1782.54037041     0.0524765022077     -0.0524765022077    0.0524765022077
2018     CMS_bTagSF_M     3403.29419049     3304.86697761     3501.72140336     -0.0289211591377     0.0289211591377    0.0289211591377
2018     CMS_bTagSF_T     2470.46123077     2470.46123077     2470.46123077     0.0     0.0    0.0
2018     CMS_bTagSF_T     3329.65903602     3329.65903602     3329.65903602     0.0     0.0    0.0
2018     CMS_bTagSF_T     1881.26244316     1881.26244316     1881.26244316     0.0     0.0    0.0
2018     CMS_bTagSF_T     3403.29419049     3403.29419049     3403.29419049     0.0     0.0    0.0
2018     CMS_bTagSF_M_corr     2470.46123077     2616.17284875     2324.7496128     0.0589815440787     -0.0589815440787    0.0589815440787
2018     CMS_bTagSF_M_corr     3329.65903602     3160.79509268     3498.52297936     -0.050715085692     0.050715085692    0.050715085692
2018     CMS_bTagSF_M_corr     1881.26244316     1993.10296444     1774.41949998     0.0594497177577     -0.0567932154114    0.0594497177577
2018     CMS_bTagSF_M_corr     3403.29419049     3273.4297979     3533.15858308     -0.0381584386549     0.0381584386549    0.0381584386549
2018     CMS_bTagSF_T_corr     2470.46123077     2470.46123077     2470.46123077     0.0     0.0    0.0
2018     CMS_bTagSF_T_corr     3329.65903602     3329.65903602     3329.65903602     0.0     0.0    0.0
2018     CMS_bTagSF_T_corr     1881.26244316     1881.26244316     1881.26244316     0.0     0.0    0.0
2018     CMS_bTagSF_T_corr     3403.29419049     3403.29419049     3403.29419049     0.0     0.0    0.0
2018     CMS_jer     2470.46123077     2485.48259656     2455.43986499     0.0060803892008     -0.0060803892008    0.0060803892008
2018     CMS_jer     3329.65903602     3348.87783971     3310.44023232     0.00577200352555     -0.00577200352555    0.00577200352555
2018     CMS_jer     1881.26244316     1882.57601926     1879.94886707     0.00069824181007     -0.00069824181007    0.00069824181007
2018     CMS_jer     3403.29419049     3403.20722009     3403.38116089     -2.55547697892e-05     2.5554769788e-05    2.55547697892e-05
2018     CMS_jec     2470.46123077     2652.39933058     2288.52313097     0.0736453976838     -0.0736453976838    0.0736453976838
2018     CMS_jec     3329.65903602     3588.40356194     3070.9145101     0.0777090155834     -0.0777090155834    0.0777090155834
2018     CMS_jec     1881.26244316     2029.78429695     1732.74058937     0.0789479715242     -0.0789479715242    0.0789479715242
2018     CMS_jec     3403.29419049     3645.67402315     3160.91435782     0.0712191832675     -0.0712191832675    0.0712191832675
2018     CMS_bTagSF_bc_T_corr     2470.46123077     2470.46123077     2470.46123077     0.0     0.0    0.0
2018     CMS_bTagSF_bc_T_corr     3329.65903602     3329.65903602     3329.65903602     0.0     0.0    0.0
2018     CMS_bTagSF_bc_T_corr     1881.26244316     1881.26244316     1881.26244316     0.0     0.0    0.0
2018     CMS_bTagSF_bc_T_corr     3403.29419049     3403.29419049     3403.29419049     0.0     0.0    0.0
2018     CMS_bTagSF_light_T_corr     2470.46123077     2470.46123077     2470.46123077     0.0     0.0    0.0
2018     CMS_bTagSF_light_T_corr     3329.65903602     3329.65903602     3329.65903602     0.0     0.0    0.0
2018     CMS_bTagSF_light_T_corr     1881.26244316     1881.26244316     1881.26244316     0.0     0.0    0.0
2018     CMS_bTagSF_light_T_corr     3403.29419049     3403.29419049     3403.29419049     0.0     0.0    0.0
2018     CMS_bTagSF_bc_M_corr     2470.46123077     2585.77994953     2355.14251201     0.0466790238691     -0.0466790238691    0.0466790238691
2018     CMS_bTagSF_bc_M_corr     3329.65903602     3215.37229414     3443.9457779     -0.0343238573811     0.0343238573811    0.0343238573811
2018     CMS_bTagSF_bc_M_corr     1881.26244316     1954.78257673     1807.74230959     0.0390802111843     -0.0390802111843    0.0390802111843
2018     CMS_bTagSF_bc_M_corr     3403.29419049     3324.18003221     3482.40834877     -0.0232463471713     0.0232463471713    0.0232463471713
2018     CMS_bTagSF_light_M_corr     2470.46123077     2496.62626316     2444.29619839     0.0105911528014     -0.0105911528014    0.0105911528014
2018     CMS_bTagSF_light_M_corr     3329.65903602     3283.53596442     3375.78210762     -0.0138521905992     0.0138521905992    0.0138521905992
2018     CMS_bTagSF_light_M_corr     1881.26244316     1918.26867045     1849.37386044     0.019670954161     -0.0169506295318    0.019670954161
2018     CMS_bTagSF_light_M_corr     3403.29419049     3355.10308537     3451.48529561     -0.0141601349821     0.0141601349821    0.0141601349821
2018     CMS_bTagSF_bc_T_year     2470.46123077     2470.46123077     2470.46123077     0.0     0.0    0.0
2018     CMS_bTagSF_bc_T_year     3329.65903602     3329.65903602     3329.65903602     0.0     0.0    0.0
2018     CMS_bTagSF_bc_T_year     1881.26244316     1881.26244316     1881.26244316     0.0     0.0    0.0
2018     CMS_bTagSF_bc_T_year     3403.29419049     3403.29419049     3403.29419049     0.0     0.0    0.0
2018     CMS_bTagSF_light_T_year     2470.46123077     2470.46123077     2470.46123077     0.0     0.0    0.0
2018     CMS_bTagSF_light_T_year     3329.65903602     3329.65903602     3329.65903602     0.0     0.0    0.0
2018     CMS_bTagSF_light_T_year     1881.26244316     1881.26244316     1881.26244316     0.0     0.0    0.0
2018     CMS_bTagSF_light_T_year     3403.29419049     3403.29419049     3403.29419049     0.0     0.0    0.0
2018     CMS_bTagSF_bc_M_year     2470.46123077     2537.3521573     2403.57030424     0.027076290733     -0.027076290733    0.027076290733
2018     CMS_bTagSF_bc_M_year     3329.65903602     3264.24766573     3395.07040631     -0.0196450656312     0.0196450656312    0.0196450656312
2018     CMS_bTagSF_bc_M_year     1881.26244316     1935.40834359     1827.11654273     0.0287816836125     -0.0287816836125    0.0287816836125
2018     CMS_bTagSF_bc_M_year     3403.29419049     3347.72183564     3458.86654534     -0.0163289894251     0.0163289894251    0.0163289894251
2018     CMS_bTagSF_light_M_year     2470.46123077     2522.21934325     2418.7031183     0.0209507892001     -0.0209507892001    0.0209507892001
2018     CMS_bTagSF_light_M_year     3329.65903602     3283.68600279     3375.63206924     -0.0138071294167     0.0138071294167    0.0138071294167
2018     CMS_bTagSF_light_M_year     1881.26244316     1925.7269106     1836.79797572     0.0236354409794     -0.0236354409794    0.0236354409794
2018     CMS_bTagSF_light_M_year     3403.29419049     3360.93253589     3445.65584509     -0.0124472502903     0.0124472502903    0.0124472502903
2018     CMS_jer_eta193     2470.46123077     2480.79588924     2460.12657231     0.00418329109534     -0.00418329109534    0.00418329109534
2018     CMS_jer_eta193     3329.65903602     3344.87435046     3314.44372157     0.00456963138876     -0.00456963138876    0.00456963138876
2018     CMS_jer_eta193     1881.26244316     1889.03250733     1873.49237899     0.00413023934859     -0.00413023934859    0.00413023934859
2018     CMS_jer_eta193     3403.29419049     3406.30559501     3400.28278596     0.00088484990034     -0.000884849900341    0.000884849900341
2018     CMS_jer_193eta25     2470.46123077     2468.85588327     2472.06657827     -0.000649816916696     0.000649816916695    0.000649816916696
2018     CMS_jer_193eta25     3329.65903602     3330.8569067     3328.46116534     0.000359757761357     -0.000359757761357    0.000359757761357
2018     CMS_jer_193eta25     1881.26244316     1879.79143181     1882.73345452     -0.000781927773355     0.000781927773354    0.000781927773355
2018     CMS_jer_193eta25     3403.29419049     3411.04090499     3395.54747598     0.00227624003974     -0.00227624003974    0.00227624003974
2018     CMS_jec_FlavorQCD     2470.46123077     2547.5967979     2393.32566365     0.0312231441509     -0.0312231441509    0.0312231441509
2018     CMS_jec_FlavorQCD     3329.65903602     3412.80192016     3246.51615187     0.0249703898346     -0.0249703898346    0.0249703898346
2018     CMS_jec_FlavorQCD     1881.26244316     1919.30625318     1843.21863315     0.0202224895059     -0.0202224895059    0.0202224895059
2018     CMS_jec_FlavorQCD     3403.29419049     3472.66062794     3333.92775304     0.0203821455234     -0.0203821455234    0.0203821455234
2018     CMS_jec_RelativeBal     2470.46123077     2500.13309889     2440.78936266     0.0120106592831     -0.0120106592831    0.0120106592831
2018     CMS_jec_RelativeBal     3329.65903602     3370.55134945     3288.76672259     0.0122812314972     -0.0122812314972    0.0122812314972
2018     CMS_jec_RelativeBal     1881.26244316     1912.4191686     1850.10571772     0.0165616049767     -0.0165616049767    0.0165616049767
2018     CMS_jec_RelativeBal     3403.29419049     3455.84305087     3350.74533011     0.0154405871021     -0.0154405871021    0.0154405871021
2018     CMS_jec_Absolute     2470.46123077     2572.79526634     2368.12719521     0.0414230485745     -0.0414230485745    0.0414230485745
2018     CMS_jec_Absolute     3329.65903602     3469.9202354     3189.39783664     0.0421247935177     -0.0421247935177    0.0421247935177
2018     CMS_jec_Absolute     1881.26244316     1940.72978613     1821.79510019     0.0316103386765     -0.0316103386765    0.0316103386765
2018     CMS_jec_Absolute     3403.29419049     3529.92082913     3276.66755185     0.0372070798332     -0.0372070798332    0.0372070798332
2018     CMS_jec_BBEC1_year     2470.46123077     2486.90786317     2454.01459838     0.00665731248386     -0.00665731248386    0.00665731248386
2018     CMS_jec_BBEC1_year     3329.65903602     3369.38274945     3289.93532258     0.0119302646324     -0.0119302646324    0.0119302646324
2018     CMS_jec_BBEC1_year     1881.26244316     1908.16041588     1854.36447044     0.0142978311268     -0.0142978311268    0.0142978311268
2018     CMS_jec_BBEC1_year     3403.29419049     3455.83247544     3350.75590553     0.0154374796925     -0.0154374796925    0.0154374796925
2018     CMS_jec_Absolute_year     2470.46123077     2545.68014841     2395.24231314     0.0304473175688     -0.0304473175688    0.0304473175688
2018     CMS_jec_Absolute_year     3329.65903602     3438.08892798     3221.22914405     0.0325648634864     -0.0325648634864    0.0325648634864
2018     CMS_jec_Absolute_year     1881.26244316     1936.49799027     1826.02689605     0.0293608939639     -0.0293608939639    0.0293608939639
2018     CMS_jec_Absolute_year     3403.29419049     3501.82504315     3304.76333783     0.0289516119216     -0.0289516119216    0.0289516119216
2018     CMS_jec_RelativeSample_year     2470.46123077     2574.98540249     2365.93705906     0.0423095778272     -0.0423095778272    0.0423095778272
2018     CMS_jec_RelativeSample_year     3329.65903602     3456.98457326     3202.33349878     0.0382398125041     -0.0382398125041    0.0382398125041
2018     CMS_jec_RelativeSample_year     1881.26244316     1963.01496971     1799.50991661     0.0434562050846     -0.0434562050846    0.0434562050846
2018     CMS_jec_RelativeSample_year     3403.29419049     3542.82329522     3263.76508575     0.0409982496154     -0.0409982496154    0.0409982496154
2018     CMS_pu     2470.46123077     2478.60259428     2462.31986727     0.00329548320891     -0.00329548320891    0.00329548320891
2018     CMS_pu     3329.65903602     3314.30313497     3345.01493707     -0.00461185391106     0.00461185391106    0.00461185391106
2018     CMS_pu     1881.26244316     1870.54443458     1891.98045175     -0.0056972426268     0.0056972426268    0.0056972426268
2018     CMS_pu     3403.29419049     3396.54946453     3410.03891644     -0.0019818227801     0.0019818227801    0.0019818227801
2018     CMS_topPt     2470.46123077     2462.06929196     2470.46123077     -0.00339691176286     0.0    0.00339691176286
2018     CMS_topPt     3329.65903602     3329.19911303     3329.65903602     -0.000138129156119     0.0    0.000138129156119
2018     CMS_topPt     1881.26244316     1879.70162278     1881.26244316     -0.000829666474962     0.0    0.000829666474962
2018     CMS_topPt     3403.29419049     3403.17400131     3403.29419049     -3.53155429631e-05     0.0    3.53155429631e-05
2018     CMS_L1Prefiring     2470.46123077     2470.0242439     2470.75581471     -0.000176884730523     0.00011924248302    0.000176884730523
2018     CMS_L1Prefiring     3329.65903602     3329.36538051     3329.81979649     -8.81938679637e-05     4.82813628888e-05    8.81938679637e-05
2018     CMS_L1Prefiring     1881.26244316     1880.97957643     1881.44967185     -0.000150360056986     9.95228954941e-05    0.000150360056986
2018     CMS_L1Prefiring     3403.29419049     3403.03488228     3403.43977629     -7.61932966696e-05     4.27779075056e-05    7.61932966696e-05
2018     CMS_pdf_allBR     2470.46123077     2527.33926773     2413.9998478     0.0230232461232     -0.0228545917956    0.0230232461232
2018     CMS_pdf_allBR     3329.65903602     3399.83838717     3260.83126391     0.0210770383369     -0.0206711171804    0.0210770383369
2018     CMS_pdf_allBR     1881.26244316     1922.03471842     1840.8544413     0.0216728268857     -0.0214791944684    0.0216728268857
2018     CMS_pdf_allBR     3403.29419049     3468.31758939     3339.37028837     0.0191060176575     -0.0187829492663    0.0191060176575
2018     CMS_renorm_allBR     2470.46123077     2287.24482482     2688.76516659     -0.0741628339142     0.0883656594546    0.0883656594546
2018     CMS_renorm_allBR     3329.65903602     3085.60401982     3617.0954051     -0.0732972996806     0.0863260670164    0.0863260670164
2018     CMS_renorm_allBR     1881.26244316     1745.67615111     2042.20957643     -0.072071970897     0.0855527275609    0.0855527275609
2018     CMS_renorm_allBR     3403.29419049     3155.61602668     3694.30944357     -0.0727760075826     0.0855098727281    0.0855098727281
2018     CMS_fact_allBR     2470.46123077     2132.76393711     2899.16946414     -0.136694026789     0.1735336819    0.1735336819
2018     CMS_fact_allBR     3329.65903602     2878.43024628     3900.8540174     -0.135518016966     0.171547589468    0.171547589468
2018     CMS_fact_allBR     1881.26244316     1634.09992792     2192.77638329     -0.131381198907     0.165587710136    0.165587710136
2018     CMS_fact_allBR     3403.29419049     2953.65660783     3969.43403777     -0.132118341081     0.166350546145    0.166350546145
2018     CMS_jec_AbsoluteCal     2470.46123077     2496.40733191     2444.51512963     0.0105025332183     -0.0105025332183    0.0105025332183
2018     CMS_jec_AbsoluteCal     3329.65903602     3365.53604108     3293.78203096     0.010774978661     -0.010774978661    0.010774978661
2018     CMS_jec_AbsoluteCal     1881.26244316     1904.00453932     1858.520347     0.012088741919     -0.012088741919    0.012088741919
2018     CMS_jec_AbsoluteCal     3403.29419049     3430.95203615     3375.63634482     0.00812678661232     -0.00812678661233    0.00812678661233
2018     CMS_jec_AbsoluteTheory     2470.46123077     2572.8083517     2368.11410984     0.0414283453049     -0.0414283453049    0.0414283453049
2018     CMS_jec_AbsoluteTheory     3329.65903602     3469.91372989     3189.40434215     0.042122839712     -0.042122839712    0.042122839712
2018     CMS_jec_AbsoluteTheory     1881.26244316     1940.72339678     1821.80148954     0.0316069423687     -0.0316069423687    0.0316069423687
2018     CMS_jec_AbsoluteTheory     3403.29419049     3529.91857     3276.66981098     0.0372064160264     -0.0372064160264    0.0372064160264
2018     CMS_jec_AbsolutePU     2470.46123077     2505.7834943     2435.13896724     0.0142978416701     -0.0142978416701    0.0142978416701
2018     CMS_jec_AbsolutePU     3329.65903602     3373.96878541     3285.34928663     0.0133075936334     -0.0133075936334    0.0133075936334
2018     CMS_jec_AbsolutePU     1881.26244316     1909.51744625     1853.00744008     0.0150191714014     -0.0150191714014    0.0150191714014
2018     CMS_jec_AbsolutePU     3403.29419049     3431.80730626     3374.78107472     0.00837809315687     -0.00837809315687    0.00837809315687
2018     CMS_jec_AbsoluteScale     2470.46123077     2572.8083517     2368.11410984     0.0414283453049     -0.0414283453049    0.0414283453049
2018     CMS_jec_AbsoluteScale     3329.65903602     3469.91372989     3189.40434215     0.042122839712     -0.042122839712    0.042122839712
2018     CMS_jec_AbsoluteScale     1881.26244316     1940.72339678     1821.80148954     0.0316069423687     -0.0316069423687    0.0316069423687
2018     CMS_jec_AbsoluteScale     3403.29419049     3529.91857     3276.66981098     0.0372064160264     -0.0372064160264    0.0372064160264
2018     CMS_jec_Fragmentation     2470.46123077     2483.01943435     2457.9030272     0.00508334371824     -0.00508334371824    0.00508334371824
2018     CMS_jec_Fragmentation     3329.65903602     3356.7409908     3302.57708124     0.00813355196052     -0.00813355196052    0.00813355196052
2018     CMS_jec_Fragmentation     1881.26244316     1897.10758003     1865.41730629     0.00842260840896     -0.00842260840896    0.00842260840896
2018     CMS_jec_Fragmentation     3403.29419049     3418.91826903     3387.67011195     0.00459086921791     -0.00459086921791    0.00459086921791
2018     CMS_jec_AbsoluteMPFBias     2470.46123077     2572.8083517     2368.11410984     0.0414283453049     -0.0414283453049    0.0414283453049
2018     CMS_jec_AbsoluteMPFBias     3329.65903602     3469.91372989     3189.40434215     0.042122839712     -0.042122839712    0.042122839712
2018     CMS_jec_AbsoluteMPFBias     1881.26244316     1940.72339678     1821.80148954     0.0316069423687     -0.0316069423687    0.0316069423687
2018     CMS_jec_AbsoluteMPFBias     3403.29419049     3529.91857     3276.66981098     0.0372064160264     -0.0372064160264    0.0372064160264
2018     CMS_jec_RelativeFSR     2470.46123077     2501.66834239     2439.25411916     0.0126320993118     -0.0126320993118    0.0126320993118
2018     CMS_jec_RelativeFSR     3329.65903602     3375.40970766     3283.90836437     0.0137403473302     -0.0137403473302    0.0137403473302
2018     CMS_jec_RelativeFSR     1881.26244316     1905.21216018     1857.31272615     0.012730662382     -0.012730662382    0.012730662382
2018     CMS_jec_RelativeFSR     3403.29419049     3465.81135842     3340.77702256     0.0183696043981     -0.0183696043981    0.0183696043981
2018     CMS_scale_allBR     2470.46123077     3157.77083283     1972.10382262     0.278211045569     -0.201726463847    0.278211045569
2018     CMS_scale_allBR     3329.65903602     4237.72676167     2667.27535113     0.272720935036     -0.198934388694    0.272720935036
2018     CMS_scale_allBR     1881.26244316     2381.97379562     1514.22522686     0.266157098004     -0.19510154877    0.266157098004
2018     CMS_scale_allBR     3403.29419049     4308.99473     2738.6105666     0.266124668872     -0.19530595555    0.266124668872
2018     CMS_bTagSF_M     1233.19356001     1260.53636329     1205.85075673     0.0221723532867     -0.0221723532867    0.0221723532867
2018     CMS_bTagSF_M     34.0434714144     21.1184286826     46.9685141461     -0.379662889676     0.379662889676    0.379662889676
2018     CMS_bTagSF_M     206.039814173     207.868507588     204.211120758     0.00887543712176     -0.00887543712176    0.00887543712176
2018     CMS_bTagSF_M     6.66842282491     4.67312191172     8.6637237381     -0.299216316299     0.299216316299    0.299216316299
2018     CMS_bTagSF_T     1233.19356001     1233.19356001     1233.19356001     0.0     0.0    0.0
2018     CMS_bTagSF_T     34.0434714144     34.0434714144     34.0434714144     0.0     0.0    0.0
2018     CMS_bTagSF_T     206.039814173     206.039814173     206.039814173     0.0     0.0    0.0
2018     CMS_bTagSF_T     6.66842282491     6.66842282491     6.66842282491     0.0     0.0    0.0
2018     CMS_bTagSF_M_corr     1233.19356001     1294.99269976     1171.40917523     0.0501130899072     -0.0501011250679    0.0501130899072
2018     CMS_bTagSF_M_corr     34.0434714144     15.8413496702     52.2455931586     -0.534672904612     0.534672904612    0.534672904612
2018     CMS_bTagSF_M_corr     206.039814173     223.806877235     188.280350673     0.0862312128016     -0.086194328853    0.0862312128016
2018     CMS_bTagSF_M_corr     6.66842282491     3.51071816504     9.82612748479     -0.473530959687     0.473530959687    0.473530959687
2018     CMS_bTagSF_T_corr     1233.19356001     1233.19356001     1233.19356001     0.0     0.0    0.0
2018     CMS_bTagSF_T_corr     34.0434714144     34.0434714144     34.0434714144     0.0     0.0    0.0
2018     CMS_bTagSF_T_corr     206.039814173     206.039814173     206.039814173     0.0     0.0    0.0
2018     CMS_bTagSF_T_corr     6.66842282491     6.66842282491     6.66842282491     0.0     0.0    0.0
2018     CMS_jer     1233.19356001     1273.61593583     1192.77118419     0.0327786141076     -0.0327786141076    0.0327786141076
2018     CMS_jer     34.0434714144     35.6970836295     32.5279817288     0.0485735486536     -0.0445163087852    0.0485735486536
2018     CMS_jer     206.039814173     218.995302373     193.084325973     0.0628785667099     -0.0628785667099    0.0628785667099
2018     CMS_jer     6.66842282491     6.79048756805     6.68398265684     0.0183048895287     0.00233336012629    0.0183048895287
2018     CMS_jec     1233.19356001     1339.08810177     1127.4202882     0.0858701709092     -0.0857718327801    0.0858701709092
2018     CMS_jec     34.0434714144     35.7941728011     32.5887715855     0.0514254661451     -0.0427306549067    0.0514254661451
2018     CMS_jec     206.039814173     208.474127374     203.685029116     0.011814770902     -0.0114287865486    0.011814770902
2018     CMS_jec     6.66842282491     6.26309433412     7.59744185823     -0.0607832618649     0.139316155816    0.139316155816
2018     CMS_bTagSF_bc_T_corr     1233.19356001     1233.19356001     1233.19356001     0.0     0.0    0.0
2018     CMS_bTagSF_bc_T_corr     34.0434714144     34.0434714144     34.0434714144     0.0     0.0    0.0
2018     CMS_bTagSF_bc_T_corr     206.039814173     206.039814173     206.039814173     0.0     0.0    0.0
2018     CMS_bTagSF_bc_T_corr     6.66842282491     6.66842282491     6.66842282491     0.0     0.0    0.0
2018     CMS_bTagSF_light_T_corr     1233.19356001     1233.19356001     1233.19356001     0.0     0.0    0.0
2018     CMS_bTagSF_light_T_corr     34.0434714144     34.0434714144     34.0434714144     0.0     0.0    0.0
2018     CMS_bTagSF_light_T_corr     206.039814173     206.039814173     206.039814173     0.0     0.0    0.0
2018     CMS_bTagSF_light_T_corr     6.66842282491     6.66842282491     6.66842282491     0.0     0.0    0.0
2018     CMS_bTagSF_bc_M_corr     1233.19356001     1285.58689571     1180.80022432     0.0424858979116     -0.0424858979116    0.0424858979116
2018     CMS_bTagSF_bc_M_corr     34.0434714144     15.7526899528     52.334252876     -0.537277213566     0.537277213566    0.537277213566
2018     CMS_bTagSF_bc_M_corr     206.039814173     225.212604371     186.867023975     0.0930538123166     -0.0930538123166    0.0930538123166
2018     CMS_bTagSF_bc_M_corr     6.66842282491     3.41490647964     9.92193917019     -0.487898927633     0.487898927633    0.487898927633
2018     CMS_bTagSF_light_M_corr     1233.19356001     1252.45176455     1213.94548849     0.0156165302549     -0.0156083133614    0.0156165302549
2018     CMS_bTagSF_light_M_corr     34.0434714144     34.0544235752     34.0325192536     0.000321711045846     -0.000321711045846    0.000321711045846
2018     CMS_bTagSF_light_M_corr     206.039814173     205.353999784     206.725628562     -0.00332855274301     0.00332855274301    0.00332855274301
2018     CMS_bTagSF_light_M_corr     6.66842282491     6.74139054047     6.59545510935     0.0109422748789     -0.0109422748789    0.0109422748789
2018     CMS_bTagSF_bc_T_year     1233.19356001     1233.19356001     1233.19356001     0.0     0.0    0.0
2018     CMS_bTagSF_bc_T_year     34.0434714144     34.0434714144     34.0434714144     0.0     0.0    0.0
2018     CMS_bTagSF_bc_T_year     206.039814173     206.039814173     206.039814173     0.0     0.0    0.0
2018     CMS_bTagSF_bc_T_year     6.66842282491     6.66842282491     6.66842282491     0.0     0.0    0.0
2018     CMS_bTagSF_light_T_year     1233.19356001     1233.19356001     1233.19356001     0.0     0.0    0.0
2018     CMS_bTagSF_light_T_year     34.0434714144     34.0434714144     34.0434714144     0.0     0.0    0.0
2018     CMS_bTagSF_light_T_year     206.039814173     206.039814173     206.039814173     0.0     0.0    0.0
2018     CMS_bTagSF_light_T_year     6.66842282491     6.66842282491     6.66842282491     0.0     0.0    0.0
2018     CMS_bTagSF_bc_M_year     1233.19356001     1263.38876523     1202.99835479     0.0244853737462     -0.0244853737462    0.0244853737462
2018     CMS_bTagSF_bc_M_year     34.0434714144     21.567788363     46.5191544657     -0.366463305093     0.366463305093    0.366463305093
2018     CMS_bTagSF_bc_M_year     206.039814173     207.571560868     204.508067478     0.00743422673569     -0.00743422673569    0.00743422673569
2018     CMS_bTagSF_bc_M_year     6.66842282491     4.75663758125     8.58020806857     -0.286692265002     0.286692265002    0.286692265002
2018     CMS_bTagSF_light_M_year     1233.19356001     1231.79941355     1234.58770648     -0.00113051714742     0.00113051714742    0.00113051714742
2018     CMS_bTagSF_light_M_year     34.0434714144     33.3614683162     34.7254745126     -0.0200333006556     0.0200333006556    0.0200333006556
2018     CMS_bTagSF_light_M_year     206.039814173     207.094292094     204.985336253     0.00511783571926     -0.00511783571926    0.00511783571926
2018     CMS_bTagSF_light_M_year     6.66842282491     6.59969023783     6.737155412     -0.010307172909     0.010307172909    0.010307172909
2018     CMS_jer_eta193     1233.19356001     1273.24101612     1193.1461039     0.0324745906944     -0.0324745906944    0.0324745906944
2018     CMS_jer_eta193     34.0434714144     35.6767915836     32.5482737746     0.0479774858852     -0.0439202460168    0.0479774858852
2018     CMS_jer_eta193     206.039814173     218.757642619     193.321985728     0.0617251015129     -0.0617251015129    0.0617251015129
2018     CMS_jer_eta193     6.66842282491     6.79066674424     6.68380348065     0.0183317588782     0.0023064907768    0.0183317588782
2018     CMS_jer_193eta25     1233.19356001     1234.11287054     1232.27424948     0.000745471399564     -0.000745471399563    0.000745471399564
2018     CMS_jer_193eta25     34.0434714144     34.2513678158     33.8355750129     0.00610679207579     -0.00610679207579    0.00610679207579
2018     CMS_jer_193eta25     206.039814173     204.355478064     207.724150282     -0.00817480891218     0.00817480891218    0.00817480891218
2018     CMS_jer_193eta25     6.66842282491     6.66815028887     6.66869536095     -4.08696396813e-05     4.08696396812e-05    4.08696396813e-05
2018     CMS_jec_FlavorQCD     1233.19356001     1344.55106629     1121.83605374     0.0903001036384     -0.0903001036384    0.0903001036384
2018     CMS_jec_FlavorQCD     34.0434714144     35.9699960446     32.1169467841     0.0565901346195     -0.0565901346195    0.0565901346195
2018     CMS_jec_FlavorQCD     206.039814173     202.939714876     209.139913471     -0.0150461177122     0.0150461177122    0.0150461177122
2018     CMS_jec_FlavorQCD     6.66842282491     6.89369187606     6.44315377376     0.0337814588341     -0.0337814588341    0.0337814588341
2018     CMS_jec_RelativeBal     1233.19356001     1265.39009039     1200.99702963     0.0261082537424     -0.0261082537424    0.0261082537424
2018     CMS_jec_RelativeBal     34.0434714144     35.133186913     32.9537559158     0.0320095293851     -0.0320095293851    0.0320095293851
2018     CMS_jec_RelativeBal     206.039814173     211.342590584     200.737037762     0.025736658871     -0.025736658871    0.025736658871
2018     CMS_jec_RelativeBal     6.66842282491     6.86356923414     6.47327641568     0.0292642524853     -0.0292642524853    0.0292642524853
2018     CMS_jec_Absolute     1233.19356001     1291.11545006     1175.27166997     0.0469690176165     -0.0469690176165    0.0469690176165
2018     CMS_jec_Absolute     34.0434714144     36.163322439     32.1238046573     0.0622689442818     -0.0563886900269    0.0622689442818
2018     CMS_jec_Absolute     206.039814173     241.818500125     170.293214947     0.173649379831     -0.173493649128    0.173649379831
2018     CMS_jec_Absolute     6.66842282491     6.36994630661     7.22100646284     -0.0447596869813     0.0828657168917    0.0828657168917
2018     CMS_jec_BBEC1_year     1233.19356001     1289.25629212     1177.1308279     0.0454614214062     -0.0454614214062    0.0454614214062
2018     CMS_jec_BBEC1_year     34.0434714144     33.0000044424     35.0869383863     -0.0306510155575     0.0306510155575    0.0306510155575
2018     CMS_jec_BBEC1_year     206.039814173     208.999349271     203.080279075     0.0143638990843     -0.0143638990843    0.0143638990843
2018     CMS_jec_BBEC1_year     6.66842282491     6.66842282491     6.66842282491     0.0     0.0    0.0
2018     CMS_jec_Absolute_year     1233.19356001     1282.66630405     1184.22927824     0.0401175822247     -0.0397052687946    0.0401175822247
2018     CMS_jec_Absolute_year     34.0434714144     35.4202636323     32.8587523602     0.0404421805633     -0.0348001835594    0.0404421805633
2018     CMS_jec_Absolute_year     206.039814173     233.773354969     178.353422483     0.134602823767     -0.134373988837    0.134602823767
2018     CMS_jec_Absolute_year     6.66842282491     6.62396344576     6.71288220407     -0.00666715058732     0.00666715058732    0.00666715058732
2018     CMS_jec_RelativeSample_year     1233.19356001     1330.06725847     1136.31986155     0.0785551446255     -0.0785551446255    0.0785551446255
2018     CMS_jec_RelativeSample_year     34.0434714144     34.3919268872     33.6950159416     0.0102356034313     -0.0102356034313    0.0102356034313
2018     CMS_jec_RelativeSample_year     206.039814173     221.080392314     191.046385139     0.0729984066481     -0.0727695717181    0.0729984066481
2018     CMS_jec_RelativeSample_year     6.66842282491     6.63668096121     6.70016468861     -0.0047600256509     0.0047600256509    0.0047600256509
2018     CMS_pu     1233.19356001     1215.30311649     1251.08400353     -0.0145074091353     0.0145074091353    0.0145074091353
2018     CMS_pu     34.0434714144     34.0560951761     34.0308476526     0.000370812999192     -0.000370812999192    0.000370812999192
2018     CMS_pu     206.039814173     217.13741847     194.942209876     0.0538614555711     -0.0538614555711    0.0538614555711
2018     CMS_pu     6.66842282491     6.80307490659     6.53377074323     0.0201924930703     -0.0201924930703    0.0201924930703
2018     CMS_L1Prefiring     1233.19356001     1232.68049902     1233.60959491     -0.000416042547881     0.000337363825372    0.000416042547881
2018     CMS_L1Prefiring     34.0434714144     34.0304432969     34.0543611688     -0.000382690627182     0.000319877909272    0.000382690627182
2018     CMS_L1Prefiring     206.039814173     205.962606243     206.101367857     -0.000374723354071     0.000298746549552    0.000374723354071
2018     CMS_L1Prefiring     6.66842282491     6.66663604062     6.66998900333     -0.000267947059558     0.000234864893712    0.000267947059558
2018     CMS_pdf_sig     1233.19356001     1238.99486159     1227.39228918     0.00470429116907     -0.00470426623621    0.00470429116907
2018     CMS_pdf_sig     34.0434714144     34.2040970376     33.8828455176     0.00471825041767     -0.00471825845339    0.00471825845339
2018     CMS_pdf_sig     206.039814173     207.149096464     204.930558742     0.00538382494358     -0.00538369458122    0.00538382494358
2018     CMS_pdf_sig     6.66842282491     6.71921525828     6.61763050961     0.00761685854359     -0.00761684083931    0.00761685854359
2018     CMS_renorm_sig     1233.19356001     1233.19356001     1233.19356001     0.0     0.0    0.0
2018     CMS_renorm_sig     34.0434714144     34.0434714144     34.0434714144     0.0     0.0    0.0
2018     CMS_renorm_sig     206.039814173     206.039814173     206.039814173     0.0     0.0    0.0
2018     CMS_renorm_sig     6.66842282491     6.66842282491     6.66842282491     0.0     0.0    0.0
2018     CMS_fact_sig     1233.19356001     1114.76118357     1373.42622129     -0.0960371350303     0.113715045086    0.113715045086
2018     CMS_fact_sig     34.0434714144     30.805501674     37.8714437014     -0.0951127956653     0.112443653013    0.112443653013
2018     CMS_fact_sig     206.039814173     185.952491487     229.878080943     -0.0974924325505     0.115697380458    0.115697380458
2018     CMS_fact_sig     6.66842282491     6.00905525592     7.45200522459     -0.0988790882494     0.117506405974    0.117506405974
2018     CMS_jec_AbsoluteCal     1233.19356001     1259.29707264     1207.09004738     0.0211674091394     -0.0211674091394    0.0211674091394
2018     CMS_jec_AbsoluteCal     34.0434714144     36.6581890902     31.4287537386     0.0768052600734     -0.0768052600734    0.0768052600734
2018     CMS_jec_AbsoluteCal     206.039814173     217.096985321     194.982643025     0.0536652160781     -0.0536652160781    0.0536652160781
2018     CMS_jec_AbsoluteCal     6.66842282491     6.87942906373     6.45741658609     0.0316426004114     -0.0316426004114    0.0316426004114
2018     CMS_jec_AbsoluteTheory     1233.19356001     1291.11545655     1175.27166347     0.0469690228844     -0.0469690228844    0.0469690228844
2018     CMS_jec_AbsoluteTheory     34.0434714144     36.1633224485     32.1238046479     0.0622689445592     -0.0563886903043    0.0622689445592
2018     CMS_jec_AbsoluteTheory     206.039814173     241.818500233     170.293214838     0.173649380358     -0.173493649655    0.173649380358
2018     CMS_jec_AbsoluteTheory     6.66842282491     6.36994630661     7.22100646284     -0.0447596869813     0.0828657168917    0.0828657168917
2018     CMS_jec_AbsolutePU     1233.19356001     1279.4794998     1186.90762023     0.0375333940147     -0.0375333940147    0.0375333940147
2018     CMS_jec_AbsolutePU     34.0434714144     35.3899934511     32.6969493777     0.0395530179732     -0.0395530179732    0.0395530179732
2018     CMS_jec_AbsolutePU     206.039814173     191.503697157     220.575931189     -0.0705500394414     0.0705500394414    0.0705500394414
2018     CMS_jec_AbsolutePU     6.66842282491     6.87802865907     6.45881699076     0.0314325950314     -0.0314325950314    0.0314325950314
2018     CMS_jec_AbsoluteScale     1233.19356001     1291.11545655     1175.27166347     0.0469690228844     -0.0469690228844    0.0469690228844
2018     CMS_jec_AbsoluteScale     34.0434714144     36.1633224485     32.1238046479     0.0622689445592     -0.0563886903043    0.0622689445592
2018     CMS_jec_AbsoluteScale     206.039814173     241.818500233     170.293214838     0.173649380358     -0.173493649655    0.173649380358
2018     CMS_jec_AbsoluteScale     6.66842282491     6.36994630661     7.22100646284     -0.0447596869813     0.0828657168917    0.0828657168917
2018     CMS_jec_Fragmentation     1233.19356001     1287.48051827     1178.90660175     0.0440214415798     -0.0440214415798    0.0440214415798
2018     CMS_jec_Fragmentation     34.0434714144     36.3978195798     31.689123249     0.0691571119977     -0.0691571119977    0.0691571119977
2018     CMS_jec_Fragmentation     206.039814173     199.821995193     212.257633153     -0.0301777547441     0.0301777547441    0.0301777547441
2018     CMS_jec_Fragmentation     6.66842282491     6.86534225985     6.47150338998     0.0295301363015     -0.0295301363015    0.0295301363015
2018     CMS_jec_AbsoluteMPFBias     1233.19356001     1291.11545006     1175.27166997     0.0469690176165     -0.0469690176165    0.0469690176165
2018     CMS_jec_AbsoluteMPFBias     34.0434714144     36.163322439     32.1238046573     0.0622689442818     -0.0563886900269    0.0622689442818
2018     CMS_jec_AbsoluteMPFBias     206.039814173     241.818500125     170.293214947     0.173649379831     -0.173493649128    0.173649379831
2018     CMS_jec_AbsoluteMPFBias     6.66842282491     6.36994630661     7.22100646284     -0.0447596869813     0.0828657168917    0.0828657168917
2018     CMS_jec_RelativeFSR     1233.19356001     1261.53045795     1204.85666207     0.0229784673404     -0.0229784673404    0.0229784673404
2018     CMS_jec_RelativeFSR     34.0434714144     35.0753249078     33.2036910847     0.0303098788272     -0.0246678818232    0.0303098788272
2018     CMS_jec_RelativeFSR     206.039814173     224.39485005     187.731927403     0.0890848982277     -0.0888560632978    0.0890848982277
2018     CMS_jec_RelativeFSR     6.66842282491     6.65313433536     6.68371131446     -0.00229266948901     0.00229266948901    0.00229266948901
2018     CMS_scale_sig     1233.19356001     1373.42622129     1114.76118357     0.113715045086     -0.0960371350303    0.113715045086
2018     CMS_scale_sig     34.0434714144     37.8714437014     30.805501674     0.112443653013     -0.0951127956653    0.112443653013
2018     CMS_scale_sig     206.039814173     229.878080943     185.952491487     0.115697380458     -0.0974924325505    0.115697380458
2018     CMS_scale_sig     6.66842282491     7.45200522459     6.00905525592     0.117506405974     -0.0988790882494    0.117506405974
2018     CMS_bTagSF_M     2308.41340299     2422.89747089     2193.9293351     0.0495942658044     -0.0495942658044    0.0495942658044
2018     CMS_bTagSF_M     3232.05292445     3125.45426721     3338.65158169     -0.0329817177285     0.0329817177285    0.0329817177285
2018     CMS_bTagSF_M     1762.41913809     1864.09262317     1660.74565301     0.0576897304859     -0.0576897304859    0.0576897304859
2018     CMS_bTagSF_M     3349.34350973     3247.6058598     3451.08115966     -0.0303754003232     0.0303754003232    0.0303754003232
2018     CMS_bTagSF_T     2308.41340299     2308.41340299     2308.41340299     0.0     0.0    0.0
2018     CMS_bTagSF_T     3232.05292445     3232.05292445     3232.05292445     0.0     0.0    0.0
2018     CMS_bTagSF_T     1762.41913809     1762.41913809     1762.41913809     0.0     0.0    0.0
2018     CMS_bTagSF_T     3349.34350973     3349.34350973     3349.34350973     0.0     0.0    0.0
2018     CMS_bTagSF_M_corr     2308.41340299     2447.26913894     2169.55766704     0.0601520229295     -0.0601520229295    0.0601520229295
2018     CMS_bTagSF_M_corr     3232.05292445     3071.24414866     3392.86170024     -0.0497543757947     0.0497543757947    0.0497543757947
2018     CMS_bTagSF_M_corr     1762.41913809     1877.65956851     1652.29322584     0.065387641303     -0.0624856538755    0.065387641303
2018     CMS_bTagSF_M_corr     3349.34350973     3215.80980205     3482.8772174     -0.0398686212048     0.0398686212048    0.0398686212048
2018     CMS_bTagSF_T_corr     2308.41340299     2308.41340299     2308.41340299     0.0     0.0    0.0
2018     CMS_bTagSF_T_corr     3232.05292445     3232.05292445     3232.05292445     0.0     0.0    0.0
2018     CMS_bTagSF_T_corr     1762.41913809     1762.41913809     1762.41913809     0.0     0.0    0.0
2018     CMS_bTagSF_T_corr     3349.34350973     3349.34350973     3349.34350973     0.0     0.0    0.0
2018     CMS_jer     2308.41340299     2313.69828726     2303.12851872     0.00228940113741     -0.00228940113741    0.00228940113741
2018     CMS_jer     3232.05292445     3250.61191165     3213.49393725     0.00574216686135     -0.00574216686135    0.00574216686135
2018     CMS_jer     1762.41913809     1760.94087976     1763.89739642     -0.000838766612302     0.000838766612302    0.000838766612302
2018     CMS_jer     3349.34350973     3351.39304424     3347.29397521     0.000611921264046     -0.000611921264046    0.000611921264046
2018     CMS_jec     2308.41340299     2482.8550783     2133.97172768     0.0755677796208     -0.0755677796208    0.0755677796208
2018     CMS_jec     3232.05292445     3488.13336161     2975.9724873     0.0792315110988     -0.0792315110988    0.0792315110988
2018     CMS_jec     1762.41913809     1908.49519153     1616.34308464     0.0828838329578     -0.0828838329578    0.0828838329578
2018     CMS_jec     3349.34350973     3589.36606175     3109.32095771     0.071662566507     -0.071662566507    0.071662566507
2018     CMS_bTagSF_bc_T_corr     2308.41340299     2308.41340299     2308.41340299     0.0     0.0    0.0
2018     CMS_bTagSF_bc_T_corr     3232.05292445     3232.05292445     3232.05292445     0.0     0.0    0.0
2018     CMS_bTagSF_bc_T_corr     1762.41913809     1762.41913809     1762.41913809     0.0     0.0    0.0
2018     CMS_bTagSF_bc_T_corr     3349.34350973     3349.34350973     3349.34350973     0.0     0.0    0.0
2018     CMS_bTagSF_light_T_corr     2308.41340299     2308.41340299     2308.41340299     0.0     0.0    0.0
2018     CMS_bTagSF_light_T_corr     3232.05292445     3232.05292445     3232.05292445     0.0     0.0    0.0
2018     CMS_bTagSF_light_T_corr     1762.41913809     1762.41913809     1762.41913809     0.0     0.0    0.0
2018     CMS_bTagSF_light_T_corr     3349.34350973     3349.34350973     3349.34350973     0.0     0.0    0.0
2018     CMS_bTagSF_bc_M_corr     2308.41340299     2418.80620849     2198.0205975     0.0478219392386     -0.0478219392386    0.0478219392386
2018     CMS_bTagSF_bc_M_corr     3232.05292445     3123.75369173     3340.35215717     -0.0335078772685     0.0335078772685    0.0335078772685
2018     CMS_bTagSF_bc_M_corr     1762.41913809     1838.45307888     1686.38519729     0.0431418038722     -0.0431418038722    0.0431418038722
2018     CMS_bTagSF_bc_M_corr     3349.34350973     3267.49290592     3431.19411354     -0.0244378050715     0.0244378050715    0.0244378050715
2018     CMS_bTagSF_light_M_corr     2308.41340299     2335.85447437     2280.97233161     0.011887416416     -0.011887416416    0.011887416416
2018     CMS_bTagSF_light_M_corr     3232.05292445     3187.69095732     3276.41489158     -0.0137256314074     0.0137256314074    0.0137256314074
2018     CMS_bTagSF_light_M_corr     1762.41913809     1800.91093164     1729.16949011     0.021840317505     -0.0188659140495    0.021840317505
2018     CMS_bTagSF_light_M_corr     3349.34350973     3300.7497001     3397.93731935     -0.0145084579957     0.0145084579957    0.0145084579957
2018     CMS_bTagSF_bc_T_year     2308.41340299     2308.41340299     2308.41340299     0.0     0.0    0.0
2018     CMS_bTagSF_bc_T_year     3232.05292445     3232.05292445     3232.05292445     0.0     0.0    0.0
2018     CMS_bTagSF_bc_T_year     1762.41913809     1762.41913809     1762.41913809     0.0     0.0    0.0
2018     CMS_bTagSF_bc_T_year     3349.34350973     3349.34350973     3349.34350973     0.0     0.0    0.0
2018     CMS_bTagSF_light_T_year     2308.41340299     2308.41340299     2308.41340299     0.0     0.0    0.0
2018     CMS_bTagSF_light_T_year     3232.05292445     3232.05292445     3232.05292445     0.0     0.0    0.0
2018     CMS_bTagSF_light_T_year     1762.41913809     1762.41913809     1762.41913809     0.0     0.0    0.0
2018     CMS_bTagSF_light_T_year     3349.34350973     3349.34350973     3349.34350973     0.0     0.0    0.0
2018     CMS_bTagSF_bc_M_year     2308.41340299     2372.37109726     2244.45570872     0.0277063433215     -0.0277063433215    0.0277063433215
2018     CMS_bTagSF_bc_M_year     3232.05292445     3170.43784287     3293.66800603     -0.0190637601003     0.0190637601003    0.0190637601003
2018     CMS_bTagSF_bc_M_year     1762.41913809     1818.20353179     1706.63474438     0.0316521720065     -0.0316521720065    0.0316521720065
2018     CMS_bTagSF_bc_M_year     3349.34350973     3291.5174705     3407.16954896     -0.0172648876008     0.0172648876008    0.0172648876008
2018     CMS_bTagSF_light_M_year     2308.41340299     2358.70619057     2258.12061542     0.0217867334809     -0.0217867334809    0.0217867334809
2018     CMS_bTagSF_light_M_year     3232.05292445     3187.71128046     3276.39456844     -0.0137193434091     0.0137193434091    0.0137193434091
2018     CMS_bTagSF_light_M_year     1762.41913809     1808.16560447     1716.6726717     0.0259566327878     -0.0259566327878    0.0259566327878
2018     CMS_bTagSF_light_M_year     3349.34350973     3305.9564363     3392.73058316     -0.0129539037427     0.0129539037427    0.0129539037427
2018     CMS_jer_eta193     2308.41340299     2318.03532429     2298.79148169     0.00416819677328     -0.00416819677328    0.00416819677328
2018     CMS_jer_eta193     3232.05292445     3249.13879872     3214.96705019     0.00528638443273     -0.00528638443273    0.00528638443273
2018     CMS_jer_eta193     1762.41913809     1770.27190909     1754.56636708     0.00445567733139     -0.00445567733139    0.00445567733139
2018     CMS_jer_eta193     3349.34350973     3351.70011222     3346.98690723     0.000703601313892     -0.000703601313892    0.000703601313892
2018     CMS_jer_193eta25     2308.41340299     2304.6869719     2312.13983408     -0.00161428238307     0.00161428238307    0.00161428238307
2018     CMS_jer_193eta25     3232.05292445     3233.81325084     3230.29259806     0.000544646523908     -0.000544646523908    0.000544646523908
2018     CMS_jer_193eta25     1762.41913809     1761.44955071     1763.38872546     -0.000550145735131     0.000550145735131    0.000550145735131
2018     CMS_jer_193eta25     3349.34350973     3357.72735505     3340.9596644     0.00250313092733     -0.00250313092734    0.00250313092734
2018     CMS_jec_FlavorQCD     2308.41340299     2382.5501804     2234.27662558     0.0321159014739     -0.0321159014739    0.0321159014739
2018     CMS_jec_FlavorQCD     3232.05292445     3311.90895323     3152.19689567     0.0247075251075     -0.0247075251075    0.0247075251075
2018     CMS_jec_FlavorQCD     1762.41913809     1800.01161979     1724.82665638     0.0213300462376     -0.0213300462376    0.0213300462376
2018     CMS_jec_FlavorQCD     3349.34350973     3417.00777148     3281.67924798     0.0202022460676     -0.0202022460676    0.0202022460676
2018     CMS_jec_RelativeBal     2308.41340299     2339.05734336     2277.76946262     0.0132748927603     -0.0132748927603    0.0132748927603
2018     CMS_jec_RelativeBal     3232.05292445     3274.66052381     3189.4453251     0.0131828284842     -0.0131828284842    0.0131828284842
2018     CMS_jec_RelativeBal     1762.41913809     1793.34981028     1731.48846589     0.0175501227415     -0.0175501227415    0.0175501227415
2018     CMS_jec_RelativeBal     3349.34350973     3400.74447405     3297.94254541     0.0153465788659     -0.0153465788659    0.0153465788659
2018     CMS_jec_Absolute     2308.41340299     2400.62474248     2216.20206351     0.0399457650718     -0.0399457650718    0.0399457650718
2018     CMS_jec_Absolute     3232.05292445     3366.05833337     3098.04751553     0.0414613906545     -0.0414613906545    0.0414613906545
2018     CMS_jec_Absolute     1762.41913809     1820.83820288     1704.0000733     0.0331470894343     -0.0331470894343    0.0331470894343
2018     CMS_jec_Absolute     3349.34350973     3475.37689707     3223.31012239     0.0376292807756     -0.0376292807756    0.0376292807756
2018     CMS_jec_BBEC1_year     2308.41340299     2323.75590176     2293.07090423     0.00664633931903     -0.00664633931903    0.00664633931903
2018     CMS_jec_BBEC1_year     3232.05292445     3271.09296605     3193.01288285     0.0120790229971     -0.0120790229971    0.0120790229971
2018     CMS_jec_BBEC1_year     1762.41913809     1787.29102508     1737.54725109     0.0141123563944     -0.0141123563944    0.0141123563944
2018     CMS_jec_BBEC1_year     3349.34350973     3399.3095512     3299.37746826     0.0149181597303     -0.0149181597303    0.0149181597303
2018     CMS_jec_Absolute_year     2308.41340299     2379.70766656     2237.11913943     0.0308845302467     -0.0308845302467    0.0308845302467
2018     CMS_jec_Absolute_year     3232.05292445     3338.54610775     3125.55974115     0.0329490839989     -0.0329490839989    0.0329490839989
2018     CMS_jec_Absolute_year     1762.41913809     1816.38271281     1708.45556336     0.0306190358243     -0.0306190358243    0.0306190358243
2018     CMS_jec_Absolute_year     3349.34350973     3444.26771378     3254.41930568     0.028341137233     -0.028341137233    0.028341137233
2018     CMS_jec_RelativeSample_year     2308.41340299     2411.55392696     2205.27287902     0.0446802656042     -0.0446802656042    0.0446802656042
2018     CMS_jec_RelativeSample_year     3232.05292445     3355.23510465     3108.87074425     0.0381126742278     -0.0381126742278    0.0381126742278
2018     CMS_jec_RelativeSample_year     1762.41913809     1835.8373187     1689.00095747     0.0416576165286     -0.0416576165286    0.0416576165286
2018     CMS_jec_RelativeSample_year     3349.34350973     3487.21424912     3211.47277034     0.0411635112937     -0.0411635112937    0.0411635112937
2018     CMS_pu     2308.41340299     2315.14681314     2301.67999284     0.00291689960922     -0.00291689960922    0.00291689960922
2018     CMS_pu     3232.05292445     3215.41136461     3248.6944843     -0.00514891316288     0.00514891316288    0.00514891316288
2018     CMS_pu     1762.41913809     1752.47497602     1772.36330015     -0.00564233663248     0.00564233663248    0.00564233663248
2018     CMS_pu     3349.34350973     3342.29194584     3356.39507361     -0.00210535702446     0.00210535702446    0.00210535702446
2018     CMS_L1Prefiring     2308.41340299     2308.02208021     2308.6733318     -0.000169520233037     0.000112600630783    0.000169520233037
2018     CMS_L1Prefiring     3232.05292445     3231.77105288     3232.20598981     -8.72113120846e-05     4.73585542198e-05    8.72113120846e-05
2018     CMS_L1Prefiring     1762.41913809     1762.15729332     1762.59111091     -0.000148571223054     9.75777111671e-05    0.000148571223054
2018     CMS_L1Prefiring     3349.34350973     3349.09364106     3349.48216218     -7.46022820394e-05     4.13969036155e-05    7.46022820394e-05
2018     CMS_pdf_QCD     2308.41340299     2361.53310369     2255.57856169     0.0230113465062     -0.0228879459936    0.0230113465062
2018     CMS_pdf_QCD     3232.05292445     3300.40889484     3165.04422041     0.0211493969895     -0.0207325516025    0.0211493969895
2018     CMS_pdf_QCD     1762.41913809     1801.03682158     1724.11297529     0.0219117477003     -0.0217349902586    0.0219117477003
2018     CMS_pdf_QCD     3349.34350973     3413.28515869     3286.5012772     0.0190908005632     -0.0187625522279    0.0190908005632
2018     CMS_renorm_QCD     2308.41340299     2141.54112834     2504.15119665     -0.0722887306206     0.084793214856    0.084793214856
2018     CMS_renorm_QCD     3232.05292445     2996.57577845     3508.63780007     -0.0728568348066     0.0855756022839    0.0855756022839
2018     CMS_renorm_QCD     1762.41913809     1635.03890352     1911.81552704     -0.072275789459     0.084767797697    0.084767797697
2018     CMS_renorm_QCD     3349.34350973     3105.98766607     3635.01870386     -0.0726577739656     0.0852928919669    0.0852928919669
2018     CMS_fact_QCD     2308.41340299     1988.72176863     2714.36611242     -0.138489767017     0.175857889622    0.175857889622
2018     CMS_fact_QCD     3232.05292445     2792.71725329     3788.53972423     -0.135930840685     0.172177502282    0.172177502282
2018     CMS_fact_QCD     1762.41913809     1527.24601017     2058.83462177     -0.133437683939     0.168186714092    0.168186714092
2018     CMS_fact_QCD     3349.34350973     2906.08680551     3907.66205928     -0.13234136867     0.16669492034    0.16669492034
2018     CMS_jec_AbsoluteCal     2308.41340299     2338.03635     2278.79045598     0.0128326005086     -0.0128326005086    0.0128326005086
2018     CMS_jec_AbsoluteCal     3232.05292445     3267.33176803     3196.77408088     0.01091530504     -0.01091530504    0.01091530504
2018     CMS_jec_AbsoluteCal     1762.41913809     1784.39429518     1740.44398099     0.0124687462944     -0.0124687462944    0.0124687462944
2018     CMS_jec_AbsoluteCal     3349.34350973     3378.07181104     3320.61520842     0.00857729320056     -0.00857729320056    0.00857729320056
2018     CMS_jec_AbsoluteTheory     2308.41340299     2400.31410822     2216.51269777     0.0398111989405     -0.0398111989405    0.0398111989405
2018     CMS_jec_AbsoluteTheory     3232.05292445     3366.05837542     3098.04747348     0.0414614036648     -0.0414614036648    0.0414614036648
2018     CMS_jec_AbsoluteTheory     1762.41913809     1820.83823399     1704.00004219     0.0331471070864     -0.0331471070864    0.0331471070864
2018     CMS_jec_AbsoluteTheory     3349.34350973     3475.37693179     3223.31008767     0.0376292911417     -0.0376292911417    0.0376292911417
2018     CMS_jec_AbsolutePU     2308.41340299     2343.08856795     2273.73823804     0.015021211067     -0.015021211067    0.015021211067
2018     CMS_jec_AbsolutePU     3232.05292445     3275.50985412     3188.59599478     0.013445612027     -0.013445612027    0.013445612027
2018     CMS_jec_AbsolutePU     1762.41913809     1791.97075082     1732.86752535     0.0167676417583     -0.0167676417583    0.0167676417583
2018     CMS_jec_AbsolutePU     3349.34350973     3378.23372207     3320.45329739     0.00862563432392     -0.00862563432392    0.00862563432392
2018     CMS_jec_AbsoluteScale     2308.41340299     2400.31410822     2216.51269777     0.0398111989405     -0.0398111989405    0.0398111989405
2018     CMS_jec_AbsoluteScale     3232.05292445     3366.05837542     3098.04747348     0.0414614036648     -0.0414614036648    0.0414614036648
2018     CMS_jec_AbsoluteScale     1762.41913809     1820.83823399     1704.00004219     0.0331471070864     -0.0331471070864    0.0331471070864
2018     CMS_jec_AbsoluteScale     3349.34350973     3475.37693179     3223.31008767     0.0376292911417     -0.0376292911417    0.0376292911417
2018     CMS_jec_Fragmentation     2308.41340299     2319.56001343     2297.26679255     0.00482868901396     -0.00482868901396    0.00482868901396
2018     CMS_jec_Fragmentation     3232.05292445     3259.13301809     3204.97283081     0.00837860464431     -0.00837860464431    0.00837860464431
2018     CMS_jec_Fragmentation     1762.41913809     1777.44965108     1747.3886251     0.00852834190609     -0.00852834190609    0.00852834190609
2018     CMS_jec_Fragmentation     3349.34350973     3363.89150074     3334.79551872     0.004343535075     -0.004343535075    0.004343535075
2018     CMS_jec_AbsoluteMPFBias     2308.41340299     2400.31410822     2216.51269777     0.0398111989405     -0.0398111989405    0.0398111989405
2018     CMS_jec_AbsoluteMPFBias     3232.05292445     3366.05837542     3098.04747348     0.0414614036648     -0.0414614036648    0.0414614036648
2018     CMS_jec_AbsoluteMPFBias     1762.41913809     1820.83823399     1704.00004219     0.0331471070864     -0.0331471070864    0.0331471070864
2018     CMS_jec_AbsoluteMPFBias     3349.34350973     3475.37693179     3223.31008767     0.0376292911417     -0.0376292911417    0.0376292911417
2018     CMS_jec_RelativeFSR     2308.41340299     2338.43974268     2278.3870633     0.0130073493988     -0.0130073493988    0.0130073493988
2018     CMS_jec_RelativeFSR     3232.05292445     3275.90015596     3188.20569294     0.0135663717561     -0.0135663717561    0.0135663717561
2018     CMS_jec_RelativeFSR     1762.41913809     1782.06092793     1742.77734824     0.0111447892381     -0.0111447892381    0.0111447892381
2018     CMS_jec_RelativeFSR     3349.34350973     3410.75176664     3287.93525281     0.0183344159049     -0.0183344159049    0.0183344159049
2018     CMS_scale_QCD     2308.41340299     2944.49900891     1844.94399186     0.275550993205     -0.200774008042    0.275550993205
2018     CMS_scale_QCD     3232.05292445     4112.69722634     2589.22186963     0.272472116787     -0.198892490268    0.272472116787
2018     CMS_scale_QCD     1762.41913809     2233.34345633     1416.85519043     0.267203361599     -0.196073646837    0.267203361599
2018     CMS_scale_QCD     3349.34350973     4240.95927016     2694.93624711     0.266206126018     -0.195383740342    0.266206126018
2018     CMS_bTagSF_M     62.4510780142     63.062814758     61.8393412703     0.00979545531122     -0.00979545531122    0.00979545531122
2018     CMS_bTagSF_M     3.66328560631     2.9767482023     4.34982301031     -0.187410286225     0.187410286225    0.187410286225
2018     CMS_bTagSF_M     13.0413491063     13.1678753069     12.9148229058     0.00970192573535     -0.00970192573535    0.00970192573535
2018     CMS_bTagSF_M     1.05557630229     0.886990987524     1.22416161705     -0.159709264407     0.159709264407    0.159709264407
2018     CMS_bTagSF_T     62.4510780142     62.4510780142     62.4510780142     0.0     0.0    0.0
2018     CMS_bTagSF_T     3.66328560631     3.66328560631     3.66328560631     0.0     0.0    0.0
2018     CMS_bTagSF_T     13.0413491063     13.0413491063     13.0413491063     0.0     0.0    0.0
2018     CMS_bTagSF_T     1.05557630229     1.05557630229     1.05557630229     0.0     0.0    0.0
2018     CMS_bTagSF_M_corr     62.4510780142     63.4437409165     61.4584151118     0.0158950483156     -0.0158950483156    0.0158950483156
2018     CMS_bTagSF_M_corr     3.66328560631     2.35191572262     4.97465549     -0.357976424615     0.357976424615    0.357976424615
2018     CMS_bTagSF_M_corr     13.0413491063     13.2157542183     12.8669439944     0.0133732415692     -0.0133732415692    0.0133732415692
2018     CMS_bTagSF_M_corr     1.05557630229     0.771539187737     1.33961341684     -0.26908250397     0.26908250397    0.26908250397
2018     CMS_bTagSF_T_corr     62.4510780142     62.4510780142     62.4510780142     0.0     0.0    0.0
2018     CMS_bTagSF_T_corr     3.66328560631     3.66328560631     3.66328560631     0.0     0.0    0.0
2018     CMS_bTagSF_T_corr     13.0413491063     13.0413491063     13.0413491063     0.0     0.0    0.0
2018     CMS_bTagSF_T_corr     1.05557630229     1.05557630229     1.05557630229     0.0     0.0    0.0
2018     CMS_jer     62.4510780142     62.6781189181     62.2240371102     0.00363550015785     -0.00363550015785    0.00363550015785
2018     CMS_jer     3.66328560631     3.62869655429     3.69787465832     -0.0094420844379     0.0094420844379    0.0094420844379
2018     CMS_jer     13.0413491063     13.0362683696     13.0464298431     -0.000389586742081     0.000389586742081    0.000389586742081
2018     CMS_jer     1.05557630229     1.07703971661     1.03759431639     0.0203333612921     -0.0170352307641    0.0203333612921
2018     CMS_jec     62.4510780142     65.5129191511     59.3892368772     0.0490278348153     -0.0490278348153    0.0490278348153
2018     CMS_jec     3.66328560631     3.7534979586     3.57584896053     0.0246260766945     -0.0238683671371    0.0246260766945
2018     CMS_jec     13.0413491063     13.3380717414     12.7446264713     0.0227524493518     -0.0227524493518    0.0227524493518
2018     CMS_jec     1.05557630229     1.09329172079     1.04341719146     0.0357296942175     -0.0115189312209    0.0357296942175
2018     CMS_bTagSF_bc_T_corr     62.4510780142     62.4510780142     62.4510780142     0.0     0.0    0.0
2018     CMS_bTagSF_bc_T_corr     3.66328560631     3.66328560631     3.66328560631     0.0     0.0    0.0
2018     CMS_bTagSF_bc_T_corr     13.0413491063     13.0413491063     13.0413491063     0.0     0.0    0.0
2018     CMS_bTagSF_bc_T_corr     1.05557630229     1.05557630229     1.05557630229     0.0     0.0    0.0
2018     CMS_bTagSF_light_T_corr     62.4510780142     62.4510780142     62.4510780142     0.0     0.0    0.0
2018     CMS_bTagSF_light_T_corr     3.66328560631     3.66328560631     3.66328560631     0.0     0.0    0.0
2018     CMS_bTagSF_light_T_corr     13.0413491063     13.0413491063     13.0413491063     0.0     0.0    0.0
2018     CMS_bTagSF_light_T_corr     1.05557630229     1.05557630229     1.05557630229     0.0     0.0    0.0
2018     CMS_bTagSF_bc_M_corr     62.4510780142     63.4682427167     61.4339133116     0.0162873842203     -0.0162873842203    0.0162873842203
2018     CMS_bTagSF_bc_M_corr     3.66328560631     2.43982728299     4.88674392963     -0.333978415774     0.333978415774    0.333978415774
2018     CMS_bTagSF_bc_M_corr     13.0413491063     13.1626399421     12.9200582706     0.00930048223869     -0.00930048223869    0.00930048223869
2018     CMS_bTagSF_bc_M_corr     1.05557630229     0.784825866852     1.32632673772     -0.256495371153     0.256495371153    0.256495371153
2018     CMS_bTagSF_light_M_corr     62.4510780142     62.0181238851     62.8840321432     -0.00693269264193     0.00693269264193    0.00693269264193
2018     CMS_bTagSF_light_M_corr     3.66328560631     3.62173066833     3.70484054428     -0.0113436249426     0.0113436249426    0.0113436249426
2018     CMS_bTagSF_light_M_corr     13.0413491063     12.9562866929     13.1264115198     -0.00652251640426     0.00652251640426    0.00652251640426
2018     CMS_bTagSF_light_M_corr     1.05557630229     1.04618285902     1.06496974556     -0.00889887661376     0.00889887661376    0.00889887661376
2018     CMS_bTagSF_bc_T_year     62.4510780142     62.4510780142     62.4510780142     0.0     0.0    0.0
2018     CMS_bTagSF_bc_T_year     3.66328560631     3.66328560631     3.66328560631     0.0     0.0    0.0
2018     CMS_bTagSF_bc_T_year     13.0413491063     13.0413491063     13.0413491063     0.0     0.0    0.0
2018     CMS_bTagSF_bc_T_year     1.05557630229     1.05557630229     1.05557630229     0.0     0.0    0.0
2018     CMS_bTagSF_light_T_year     62.4510780142     62.4510780142     62.4510780142     0.0     0.0    0.0
2018     CMS_bTagSF_light_T_year     3.66328560631     3.66328560631     3.66328560631     0.0     0.0    0.0
2018     CMS_bTagSF_light_T_year     13.0413491063     13.0413491063     13.0413491063     0.0     0.0    0.0
2018     CMS_bTagSF_light_T_year     1.05557630229     1.05557630229     1.05557630229     0.0     0.0    0.0
2018     CMS_bTagSF_bc_M_year     62.4510780142     62.9701190987     61.9320369296     0.00831116293049     -0.00831116293049    0.00831116293049
2018     CMS_bTagSF_bc_M_year     3.66328560631     3.03415219761     4.29241901501     -0.171740201643     0.171740201643    0.171740201643
2018     CMS_bTagSF_bc_M_year     13.0413491063     13.1186072891     12.9640909236     0.00592409436627     -0.00592409436627    0.00592409436627
2018     CMS_bTagSF_bc_M_year     1.05557630229     0.903653916701     1.20749868788     -0.143923641766     0.143923641766    0.143923641766
2018     CMS_bTagSF_light_M_year     62.4510780142     62.600873319     62.3012827093     0.00239860238798     -0.00239860238798    0.00239860238798
2018     CMS_bTagSF_light_M_year     3.66328560631     3.61242287773     3.71414833488     -0.0138844562068     0.0138844562068    0.0138844562068
2018     CMS_bTagSF_light_M_year     13.0413491063     13.1064009169     12.9762972958     0.00498811971088     -0.00498811971088    0.00498811971088
2018     CMS_bTagSF_light_M_year     1.05557630229     1.04075642722     1.07039617735     -0.0140396056952     0.0140396056952    0.0140396056952
2018     CMS_jer_eta193     62.4510780142     62.7210388362     62.1811171921     0.00432275679814     -0.00432275679814    0.00432275679814
2018     CMS_jer_eta193     3.66328560631     3.62863468939     3.69793652322     -0.00945897225602     0.00945897225602    0.00945897225602
2018     CMS_jer_eta193     13.0413491063     13.0357497078     13.0469485049     -0.000429357311247     0.000429357311248    0.000429357311248
2018     CMS_jer_eta193     1.05557630229     1.12265006996     0.991983963045     0.06354232046     -0.060244189932    0.06354232046
2018     CMS_jer_193eta25     62.4510780142     62.527997105     62.3741589233     0.00123166954542     -0.00123166954542    0.00123166954542
2018     CMS_jer_193eta25     3.66328560631     3.66371317122     3.66285804139     0.000116716238044     -0.000116716238044    0.000116716238044
2018     CMS_jer_193eta25     13.0413491063     13.0073902323     13.0753079804     -0.00260393872989     0.00260393872989    0.00260393872989
2018     CMS_jer_193eta25     1.05557630229     1.05014670738     1.06100589719     -0.00514372565206     0.00514372565206    0.00514372565206
2018     CMS_jec_FlavorQCD     62.4510780142     63.4168548322     61.4853011961     0.0154645339807     -0.0154645339807    0.0154645339807
2018     CMS_jec_FlavorQCD     3.66328560631     3.69205979162     3.63451142099     0.00785474800646     -0.00785474800646    0.00785474800646
2018     CMS_jec_FlavorQCD     13.0413491063     13.1213272174     12.9613709953     0.00613265624734     -0.00613265624734    0.00613265624734
2018     CMS_jec_FlavorQCD     1.05557630229     1.04167378495     1.06947881963     -0.0131705470391     0.0131705470391    0.0131705470391
2018     CMS_jec_RelativeBal     62.4510780142     63.2296371128     61.6725189155     0.0124667039127     -0.0124667039127    0.0124667039127
2018     CMS_jec_RelativeBal     3.66328560631     3.66010475123     3.66646646139     -0.000868306602463     0.000868306602462    0.000868306602463
2018     CMS_jec_RelativeBal     13.0413491063     13.131222533     12.9514756797     0.00689142096253     -0.00689142096253    0.00689142096253
2018     CMS_jec_RelativeBal     1.05557630229     1.05046678531     1.06068581927     -0.00484049989409     0.00484049989409    0.00484049989409
2018     CMS_jec_Absolute     62.4510780142     64.8395015208     60.0626545075     0.0382447122225     -0.0382447122225    0.0382447122225
2018     CMS_jec_Absolute     3.66328560631     3.68506602342     3.64442314199     0.00594559623489     -0.00514905643463    0.00594559623489
2018     CMS_jec_Absolute     13.0413491063     13.103186696     12.9795115167     0.00474165587866     -0.00474165587866    0.00474165587866
2018     CMS_jec_Absolute     1.05557630229     1.03020771993     1.08972817294     -0.0240329214485     0.0323537678644    0.0323537678644
2018     CMS_jec_BBEC1_year     62.4510780142     62.8112463199     62.0909097084     0.00576720718295     -0.00576720718295    0.00576720718295
2018     CMS_jec_BBEC1_year     3.66328560631     3.67943742873     3.64713378388     0.00440910815064     -0.00440910815064    0.00440910815064
2018     CMS_jec_BBEC1_year     13.0413491063     13.1090268568     12.9736713559     0.00518947464063     -0.00518947464063    0.00518947464063
2018     CMS_jec_BBEC1_year     1.05557630229     1.05117770239     1.05997490218     -0.00416701273615     0.00416701273615    0.00416701273615
2018     CMS_jec_Absolute_year     62.4510780142     64.2691077108     60.6330483175     0.029111262039     -0.029111262039    0.029111262039
2018     CMS_jec_Absolute_year     3.66328560631     3.72117705594     3.60539415668     0.0158031493725     -0.0158031493725    0.0158031493725
2018     CMS_jec_Absolute_year     13.0413491063     13.1287617019     12.9539365108     0.00670272644712     -0.00670272644712    0.00670272644712
2018     CMS_jec_Absolute_year     1.05557630229     1.04536497491     1.07055487632     -0.00967369895752     0.0141899491316    0.0141899491316
2018     CMS_jec_RelativeSample_year     62.4510780142     64.3293600501     60.5727959782     0.0300760546599     -0.0300760546599    0.0300760546599
2018     CMS_jec_RelativeSample_year     3.66328560631     3.71665480383     3.61257369205     0.0145686695662     -0.0138432870679    0.0145686695662
2018     CMS_jec_RelativeSample_year     13.0413491063     13.2183871891     12.8643110236     0.013575135615     -0.013575135615    0.013575135615
2018     CMS_jec_RelativeSample_year     1.05557630229     1.05524947419     1.06240223323     -0.000309620536213     0.00646654431553    0.00646654431553
2018     CMS_pu     62.4510780142     62.7385814416     62.1635745867     0.00460365836128     -0.00460365836128    0.00460365836128
2018     CMS_pu     3.66328560631     3.68962837412     3.63694283849     0.00719102211723     -0.00719102211722    0.00719102211723
2018     CMS_pu     13.0413491063     12.9954416403     13.0872565724     -0.0035201470065     0.0035201470065    0.0035201470065
2018     CMS_pu     1.05557630229     1.05795638004     1.05319622453     0.00225476618675     -0.00225476618675    0.00225476618675
2018     CMS_topPt     62.4510780142     54.0591391997     62.4510780142     -0.134376204244     0.0    0.134376204244
2018     CMS_topPt     3.66328560631     3.2033626135     3.66328560631     -0.125549313441     0.0    0.125549313441
2018     CMS_topPt     13.0413491063     11.4805287266     13.0413491063     -0.11968243216     0.0    0.11968243216
2018     CMS_topPt     1.05557630229     0.935387120089     1.05557630229     -0.113861197849     0.0    0.113861197849
2018     CMS_L1Prefiring     62.4510780142     62.4273629033     62.4696994975     -0.000379739015608     0.00029817713261    0.000379739015608
2018     CMS_L1Prefiring     3.66328560631     3.66219817085     3.66410811897     -0.000296847030611     0.000224528675662    0.000296847030611
2018     CMS_L1Prefiring     13.0413491063     13.0364502611     13.0451676541     -0.000375639452003     0.000292803124955    0.000375639452003
2018     CMS_L1Prefiring     1.05557630229     1.05526635705     1.05579874606     -0.000293626556713     0.000210732066556    0.000293626556713
2018     CMS_pdf_TTbar     62.4510780142     64.1341371815     60.811357963     0.0269500418711     -0.0262560728059    0.0269500418711
2018     CMS_pdf_TTbar     3.66328560631     3.75365817607     3.57313811216     0.0246698126961     -0.0246083717839    0.0246698126961
2018     CMS_pdf_TTbar     13.0413491063     13.3744862769     12.7192571556     0.0255446862037     -0.0246977477626    0.0255446862037
2018     CMS_pdf_TTbar     1.05557630229     1.08341977502     1.02781206149     0.0263775083513     -0.0263024479968    0.0263775083513
2018     CMS_renorm_TTbar     62.4510780142     51.4221069919     77.4453181843     -0.176601771706     0.240095778118    0.240095778118
2018     CMS_renorm_TTbar     3.66328560631     3.00794103353     4.557356875     -0.178895298705     0.244062670721    0.244062670721
2018     CMS_renorm_TTbar     13.0413491063     10.8405223478     15.9994836727     -0.168757598667     0.226827342955    0.226827342955
2018     CMS_renorm_TTbar     1.05557630229     0.871361903149     1.30604269618     -0.174515474381     0.237279288431    0.237279288431
2018     CMS_fact_TTbar     62.4510780142     53.0983714421     74.5077888025     -0.149760530473     0.193058489488    0.193058489488
2018     CMS_fact_TTbar     3.66328560631     3.11754768835     4.36629527855     -0.14897498492     0.191906869349    0.191906869349
2018     CMS_fact_TTbar     13.0413491063     11.0924785695     15.5504979035     -0.149437801334     0.192399480812    0.192399480812
2018     CMS_fact_TTbar     1.05557630229     0.894292941914     1.26472960488     -0.152791759369     0.198141339606    0.198141339606
2018     CMS_jec_AbsoluteCal     62.4510780142     63.1356074685     61.7665485598     0.0109610510524     -0.0109610510524    0.0109610510524
2018     CMS_jec_AbsoluteCal     3.66328560631     3.76833098707     3.55824022554     0.028675181805     -0.028675181805    0.028675181805
2018     CMS_jec_AbsoluteCal     13.0413491063     12.9675933622     13.1151048505     -0.00565553023352     0.00565553023352    0.00565553023352
2018     CMS_jec_AbsoluteCal     1.05557630229     1.11182403066     1.00409582057     0.053286274285     -0.0487700241109    0.053286274285
2018     CMS_jec_AbsoluteTheory     62.4510780142     64.83950158     60.0626544483     0.0382447131702     -0.0382447131702    0.0382447131702
2018     CMS_jec_AbsoluteTheory     3.66328560631     3.68506602342     3.64442314199     0.00594559623489     -0.00514905643463    0.00594559623489
2018     CMS_jec_AbsoluteTheory     13.0413491063     13.103186696     12.9795115167     0.00474165587866     -0.00474165587866    0.00474165587866
2018     CMS_jec_AbsoluteTheory     1.05557630229     1.03020771993     1.08972817294     -0.0240329214485     0.0323537678644    0.0323537678644
2018     CMS_jec_AbsolutePU     62.4510780142     63.3285213457     61.5736346826     0.0140500910389     -0.0140500910389    0.0140500910389
2018     CMS_jec_AbsolutePU     3.66328560631     3.63573033809     3.69084087453     -0.00752200925124     0.00752200925124    0.00752200925124
2018     CMS_jec_AbsolutePU     13.0413491063     12.9851049498     13.0975932629     -0.00431275599559     0.00431275599559    0.00431275599559
2018     CMS_jec_AbsolutePU     1.05557630229     0.988840382833     1.12231222174     -0.0632222600209     0.0632222600209    0.0632222600209
2018     CMS_jec_AbsoluteScale     62.4510780142     64.83950158     60.0626544483     0.0382447131702     -0.0382447131702    0.0382447131702
2018     CMS_jec_AbsoluteScale     3.66328560631     3.68506602342     3.64442314199     0.00594559623489     -0.00514905643463    0.00594559623489
2018     CMS_jec_AbsoluteScale     13.0413491063     13.103186696     12.9795115167     0.00474165587866     -0.00474165587866    0.00474165587866
2018     CMS_jec_AbsoluteScale     1.05557630229     1.03020771993     1.08972817294     -0.0240329214485     0.0323537678644    0.0323537678644
2018     CMS_jec_Fragmentation     62.4510780142     62.7945984298     62.1075575985     0.00550063228031     -0.00550063228031    0.00550063228031
2018     CMS_jec_Fragmentation     3.66328560631     3.67467909111     3.65189212151     0.003110181958     -0.003110181958    0.003110181958
2018     CMS_jec_Fragmentation     13.0413491063     13.0559472993     13.0267509134     0.00111937751563     -0.00111937751563    0.00111937751563
2018     CMS_jec_Fragmentation     1.05557630229     1.06680571238     1.0443468922     0.0106381794138     -0.0106381794138    0.0106381794138
2018     CMS_jec_AbsoluteMPFBias     62.4510780142     64.8395015208     60.0626545075     0.0382447122225     -0.0382447122225    0.0382447122225
2018     CMS_jec_AbsoluteMPFBias     3.66328560631     3.68506602342     3.64442314199     0.00594559623489     -0.00514905643463    0.00594559623489
2018     CMS_jec_AbsoluteMPFBias     13.0413491063     13.103186696     12.9795115167     0.00474165587866     -0.00474165587866    0.00474165587866
2018     CMS_jec_AbsoluteMPFBias     1.05557630229     1.03020771993     1.08972817294     -0.0240329214485     0.0323537678644    0.0323537678644
2018     CMS_jec_RelativeFSR     62.4510780142     62.9495929627     61.9525630656     0.00798248748309     -0.00798248748309    0.00798248748309
2018     CMS_jec_RelativeFSR     3.66328560631     3.7443024624     3.58226875022     0.0221158994397     -0.0221158994397    0.0221158994397
2018     CMS_jec_RelativeFSR     13.0413491063     12.9956531547     13.087045058     -0.00350392825468     0.00350392825468    0.00350392825468
2018     CMS_jec_RelativeFSR     1.05557630229     1.0054395918     1.10571301277     -0.047497002705     0.047497002705    0.047497002705
2018     CMS_scale_TTbar     62.4510780142     92.4459822358     43.7393730594     0.480294418854     -0.299621808778    0.480294418854
2018     CMS_scale_TTbar     3.66328560631     5.43444599709     2.56071574978     0.48348957224     -0.300978404369    0.48348957224
2018     CMS_scale_TTbar     13.0413491063     19.0882554248     9.22445803734     0.463671838638     -0.292676090325    0.463671838638
2018     CMS_scale_TTbar     1.05557630229     1.56580419913     0.738565802517     0.483364296584     -0.300319833899    0.483364296584
2018     CMS_bTagSF_M     1717.79721403     1754.34003001     1681.25439804     0.0212730674431     -0.0212730674431    0.0212730674431
2018     CMS_bTagSF_M     48.1452261399     29.8916674631     66.3987848167     -0.379135381434     0.379135381434    0.379135381434
2018     CMS_bTagSF_M     186.660309796     191.054931501     182.265688091     0.0235434180391     -0.0235434180391    0.0235434180391
2018     CMS_bTagSF_M     9.46022660155     6.5558527241     12.364600479     -0.30700891213     0.30700891213    0.30700891213
2018     CMS_bTagSF_T     1717.79721403     1717.79721403     1717.79721403     0.0     0.0    0.0
2018     CMS_bTagSF_T     48.1452261399     48.1452261399     48.1452261399     0.0     0.0    0.0
2018     CMS_bTagSF_T     186.660309796     186.660309796     186.660309796     0.0     0.0    0.0
2018     CMS_bTagSF_T     9.46022660155     9.46022660155     9.46022660155     0.0     0.0    0.0
2018     CMS_bTagSF_M_corr     1717.79721403     1792.54263572     1643.07356822     0.0435123663488     -0.0434996897157    0.0435123663488
2018     CMS_bTagSF_M_corr     48.1452261399     23.4555279597     72.8349243201     -0.512817160905     0.512817160905    0.512817160905
2018     CMS_bTagSF_M_corr     186.660309796     191.917435837     181.410534979     0.028164134338     -0.0281247514411    0.028164134338
2018     CMS_bTagSF_M_corr     9.46022660155     5.485486768     13.4349664351     -0.42015270891     0.42015270891    0.42015270891
2018     CMS_bTagSF_T_corr     1717.79721403     1717.79721403     1717.79721403     0.0     0.0    0.0
2018     CMS_bTagSF_T_corr     48.1452261399     48.1452261399     48.1452261399     0.0     0.0    0.0
2018     CMS_bTagSF_T_corr     186.660309796     186.660309796     186.660309796     0.0     0.0    0.0
2018     CMS_bTagSF_T_corr     9.46022660155     9.46022660155     9.46022660155     0.0     0.0    0.0
2018     CMS_jer     1717.79721403     1757.52623942     1678.06818863     0.0231278902242     -0.0231278902242    0.0231278902242
2018     CMS_jer     48.1452261399     51.07431716     45.2161351198     0.0608386595097     -0.0608386595097    0.0608386595097
2018     CMS_jer     186.660309796     186.360703636     186.959915957     -0.00160508766428     0.00160508766428    0.00160508766428
2018     CMS_jer     9.46022660155     9.03752087246     9.88801821544     -0.0446824105689     0.0452200176497    0.0452200176497
2018     CMS_jec     1717.79721403     1667.23797816     1768.43978479     -0.0294325985969     0.0294811112468    0.0294811112468
2018     CMS_jec     48.1452261399     51.3741344507     44.9163178291     0.067066011932     -0.067066011932    0.067066011932
2018     CMS_jec     186.660309796     180.800530962     192.680152334     -0.0313927413967     0.0322502547238    0.0322502547238
2018     CMS_jec     9.46022660155     10.5834824713     8.57102396372     0.118734562824     -0.0939937990161    0.118734562824
2018     CMS_bTagSF_bc_T_corr     1717.79721403     1717.79721403     1717.79721403     0.0     0.0    0.0
2018     CMS_bTagSF_bc_T_corr     48.1452261399     48.1452261399     48.1452261399     0.0     0.0    0.0
2018     CMS_bTagSF_bc_T_corr     186.660309796     186.660309796     186.660309796     0.0     0.0    0.0
2018     CMS_bTagSF_bc_T_corr     9.46022660155     9.46022660155     9.46022660155     0.0     0.0    0.0
2018     CMS_bTagSF_light_T_corr     1717.79721403     1717.79721403     1717.79721403     0.0     0.0    0.0
2018     CMS_bTagSF_light_T_corr     48.1452261399     48.1452261399     48.1452261399     0.0     0.0    0.0
2018     CMS_bTagSF_light_T_corr     186.660309796     186.660309796     186.660309796     0.0     0.0    0.0
2018     CMS_bTagSF_light_T_corr     9.46022660155     9.46022660155     9.46022660155     0.0     0.0    0.0
2018     CMS_bTagSF_bc_M_corr     1717.79721403     1782.39351835     1653.2009097     0.0376041501288     -0.0376041501288    0.0376041501288
2018     CMS_bTagSF_bc_M_corr     48.1452261399     23.7957062146     72.4947460653     -0.505751491427     0.505751491427    0.505751491427
2018     CMS_bTagSF_bc_M_corr     186.660309796     191.430478904     181.890140689     0.0255553476414     -0.0255553476414    0.0255553476414
2018     CMS_bTagSF_bc_M_corr     9.46022660155     5.46575546102     13.4546977421     -0.422238420788     0.422238420788    0.422238420788
2018     CMS_bTagSF_light_M_corr     1717.79721403     1722.16413543     1713.43029262     0.00254216351712     -0.00254216351712    0.00254216351712
2018     CMS_bTagSF_light_M_corr     48.1452261399     47.9099875426     48.3804647372     -0.00488602123468     0.00488602123468    0.00488602123468
2018     CMS_bTagSF_light_M_corr     186.660309796     190.568545804     182.7547676     0.0209376916385     -0.0209232600156    0.0209376916385
2018     CMS_bTagSF_light_M_corr     9.46022660155     9.4729617742     9.4474914289     0.00134618050755     -0.00134618050755    0.00134618050755
2018     CMS_bTagSF_bc_T_year     1717.79721403     1717.79721403     1717.79721403     0.0     0.0    0.0
2018     CMS_bTagSF_bc_T_year     48.1452261399     48.1452261399     48.1452261399     0.0     0.0    0.0
2018     CMS_bTagSF_bc_T_year     186.660309796     186.660309796     186.660309796     0.0     0.0    0.0
2018     CMS_bTagSF_bc_T_year     9.46022660155     9.46022660155     9.46022660155     0.0     0.0    0.0
2018     CMS_bTagSF_light_T_year     1717.79721403     1717.79721403     1717.79721403     0.0     0.0    0.0
2018     CMS_bTagSF_light_T_year     48.1452261399     48.1452261399     48.1452261399     0.0     0.0    0.0
2018     CMS_bTagSF_light_T_year     186.660309796     186.660309796     186.660309796     0.0     0.0    0.0
2018     CMS_bTagSF_light_T_year     9.46022660155     9.46022660155     9.46022660155     0.0     0.0    0.0
2018     CMS_bTagSF_bc_M_year     1717.79721403     1752.09349349     1683.50093456     0.0199652666699     -0.0199652666699    0.0199652666699
2018     CMS_bTagSF_bc_M_year     48.1452261399     30.4663524332     65.8240998466     -0.36719889227     0.36719889227    0.36719889227
2018     CMS_bTagSF_bc_M_year     186.660309796     193.392511052     179.928108541     0.0360665921042     -0.0360665921042    0.0360665921042
2018     CMS_bTagSF_bc_M_year     9.46022660155     6.6733105748     12.2471426283     -0.29459294625     0.29459294625    0.29459294625
2018     CMS_bTagSF_light_M_year     1717.79721403     1698.60244602     1736.99198203     -0.0111740593412     0.0111740593412    0.0111740593412
2018     CMS_bTagSF_light_M_year     48.1452261399     47.2746934545     49.0157588254     -0.0180813915571     0.0180813915571    0.0180813915571
2018     CMS_bTagSF_light_M_year     186.660309796     185.852261837     187.468357756     -0.00432897577784     0.00432897577784    0.00432897577784
2018     CMS_bTagSF_light_M_year     9.46022660155     9.33085138192     9.58960182118     -0.0136756998621     0.0136756998621    0.0136756998621
2018     CMS_jer_eta193     1717.79721403     1759.12316908     1676.47125897     0.024057528281     -0.024057528281    0.024057528281
2018     CMS_jer_eta193     48.1452261399     51.0759695851     45.2144826947     0.0608729811902     -0.0608729811902    0.0608729811902
2018     CMS_jer_eta193     186.660309796     186.424233914     186.896385679     -0.00126473529686     0.00126473529686    0.00126473529686
2018     CMS_jer_eta193     9.46022660155     8.90090734451     10.0246317434     -0.0591232409748     0.0596608480557    0.0596608480557
2018     CMS_jer_193eta25     1717.79721403     1711.07163379     1724.52279426     -0.00391523526805     0.00391523526805    0.00391523526805
2018     CMS_jer_193eta25     48.1452261399     48.1435629517     48.1468893281     -3.45452354344e-05     3.4545235434e-05    3.45452354344e-05
2018     CMS_jer_193eta25     186.660309796     186.586339074     186.734280518     -0.000396285219817     0.000396285219818    0.000396285219818
2018     CMS_jer_193eta25     9.46022660155     9.4554425183     9.4650106848     -0.000505704931884     0.000505704931884    0.000505704931884
2018     CMS_jec_FlavorQCD     1717.79721403     1739.74056571     1695.89977234     0.0127741222929     -0.0127473962064    0.0127741222929
2018     CMS_jec_FlavorQCD     48.1452261399     51.753212792     44.5372394878     0.0749396553165     -0.0749396553165    0.0749396553165
2018     CMS_jec_FlavorQCD     186.660309796     187.430342448     185.929949034     0.00412531540736     -0.00391278018737    0.00412531540736
2018     CMS_jec_FlavorQCD     9.46022660155     9.52861095824     9.39184224485     0.00722861719654     -0.00722861719654    0.00722861719654
2018     CMS_jec_RelativeBal     1717.79721403     1763.80938638     1671.83095168     0.0267855669882     -0.0267588409018    0.0267855669882
2018     CMS_jec_RelativeBal     48.1452261399     49.4672479547     46.8232043251     0.0274590425849     -0.0274590425849    0.0274590425849
2018     CMS_jec_RelativeBal     186.660309796     189.088131241     184.232488351     0.0130066292481     -0.0130066292481    0.0130066292481
2018     CMS_jec_RelativeBal     9.46022660155     9.43650505483     9.48394814827     -0.00250750301414     0.00250750301414    0.00250750301414
2018     CMS_jec_Absolute     1717.79721403     1787.83228587     1647.79705942     0.0407702790956     -0.0407499523408    0.0407702790956
2018     CMS_jec_Absolute     48.1452261399     50.1885293006     46.1019229792     0.042440410494     -0.042440410494    0.042440410494
2018     CMS_jec_Absolute     186.660309796     189.471598192     183.908654054     0.0150609864449     -0.0147415149217    0.0150609864449
2018     CMS_jec_Absolute     9.46022660155     9.46701369271     9.68567991946     0.000717434311375     0.0238317037643    0.0238317037643
2018     CMS_jec_BBEC1_year     1717.79721403     1740.57457108     1695.01985698     0.0132596309192     -0.0132596309192    0.0132596309192
2018     CMS_jec_BBEC1_year     48.1452261399     49.2132918126     47.0771604672     0.022184248748     -0.022184248748    0.022184248748
2018     CMS_jec_BBEC1_year     186.660309796     190.468520112     182.85209948     0.020401821471     -0.020401821471    0.020401821471
2018     CMS_jec_BBEC1_year     9.46022660155     8.11214807514     10.808305128     -0.142499602091     0.142499602091    0.142499602091
2018     CMS_jec_Absolute_year     1717.79721403     1783.47106127     1652.15828402     0.0382314319243     -0.0382111051694    0.0382314319243
2018     CMS_jec_Absolute_year     48.1452261399     49.5274776881     46.850297574     0.0287100437375     -0.026896302494    0.0287100437375
2018     CMS_jec_Absolute_year     186.660309796     187.606913434     185.753378048     0.00507126361772     -0.00485872839773    0.00507126361772
2018     CMS_jec_Absolute_year     9.46022660155     9.32185561672     9.83083799544     -0.0146266036379     0.0391757417135    0.0391757417135
2018     CMS_jec_RelativeSample_year     1717.79721403     1751.50488804     1684.12445725     0.0196226153709     -0.019602288616    0.0196226153709
2018     CMS_jec_RelativeSample_year     48.1452261399     49.3909991344     46.8994531454     0.0258753171271     -0.0258753171271    0.0258753171271
2018     CMS_jec_RelativeSample_year     186.660309796     187.170189828     186.150429765     0.00273159319302     -0.00273159319302    0.00273159319302
2018     CMS_jec_RelativeSample_year     9.46022660155     9.46486147124     9.45559173186     0.000489932206583     -0.000489932206583    0.000489932206583
2018     CMS_pu     1717.79721403     1728.82668427     1706.76774379     0.00642070562716     -0.00642070562716    0.00642070562716
2018     CMS_pu     48.1452261399     49.0812964776     47.2091558023     0.0194426407913     -0.0194426407913    0.0194426407913
2018     CMS_pu     186.660309796     186.323936044     186.996683549     -0.00180206361292     0.00180206361292    0.00180206361292
2018     CMS_pu     9.46022660155     10.4666293659     8.4538238372     0.106382521977     -0.106382521977    0.106382521977
2018     CMS_L1Prefiring     1717.79721403     1717.06960078     1718.40015424     -0.000423573426189     0.000350996153699    0.000423573426189
2018     CMS_L1Prefiring     48.1452261399     48.1294365062     48.1582131204     -0.000327958449431     0.000269745965144    0.000327958449431
2018     CMS_L1Prefiring     186.660309796     186.583724506     186.724434065     -0.0004102923112     0.000343534568373    0.0004102923112
2018     CMS_L1Prefiring     9.46022660155     9.45718080121     9.46294890166     -0.000321958496865     0.000287762675223    0.000321958496865
2018     CMS_pdf_sig     1717.79721403     1725.91180853     1709.6833745     0.00472383727145     -0.00472339776753    0.00472383727145
2018     CMS_pdf_sig     48.1452261399     48.3615022341     47.9289510138     0.0044921607292     -0.00449214062298    0.0044921607292
2018     CMS_pdf_sig     186.660309796     187.709688601     185.610919539     0.00562186361617     -0.00562192497348    0.00562192497348
2018     CMS_pdf_sig     9.46022660155     9.52151597912     9.39893745126     0.00647863736811     -0.00647861334337    0.00647863736811
2018     CMS_renorm_sig     1717.79721403     1717.79721403     1717.79721403     0.0     0.0    0.0
2018     CMS_renorm_sig     48.1452261399     48.1452261399     48.1452261399     0.0     0.0    0.0
2018     CMS_renorm_sig     186.660309796     186.660309796     186.660309796     0.0     0.0    0.0
2018     CMS_renorm_sig     9.46022660155     9.46022660155     9.46022660155     0.0     0.0    0.0
2018     CMS_fact_sig     1717.79721403     1551.07248519     1915.55212211     -0.0970572821254     0.115121218305    0.115121218305
2018     CMS_fact_sig     48.1452261399     43.5133777879     53.6277106222     -0.0962057658328     0.113873896165    0.113873896165
2018     CMS_fact_sig     186.660309796     168.376758602     208.367953486     -0.0979509313709     0.116294908722    0.116294908722
2018     CMS_fact_sig     9.46022660155     8.5282799557     10.5668807159     -0.0985120848689     0.116979662426    0.116979662426
2018     CMS_jec_AbsoluteCal     1717.79721403     1798.38664788     1637.24269741     0.0469144047955     -0.0468940780407    0.0469144047955
2018     CMS_jec_AbsoluteCal     48.1452261399     48.6212646768     47.669187603     0.00988755428174     -0.00988755428174    0.00988755428174
2018     CMS_jec_AbsoluteCal     186.660309796     188.932885307     184.387734285     0.0121749262786     -0.0121749262786    0.0121749262786
2018     CMS_jec_AbsoluteCal     9.46022660155     9.60847022755     9.54422338462     0.0156701982143     0.0088789398613    0.0156701982143
2018     CMS_jec_AbsoluteTheory     1717.79721403     1787.83243954     1647.79690576     0.0407703685506     -0.0407500417958    0.0407703685506
2018     CMS_jec_AbsoluteTheory     48.1452261399     50.1885272629     46.1019250169     0.0424403681696     -0.0424403681696    0.0424403681696
2018     CMS_jec_AbsoluteTheory     186.660309796     189.471601363     183.908650883     0.0150610034353     -0.0147415319121    0.0150610034353
2018     CMS_jec_AbsoluteTheory     9.46022660155     9.40752863459     9.74516497757     -0.0055704761817     0.0301196142574    0.0301196142574
2018     CMS_jec_AbsolutePU     1717.79721403     1789.87888229     1645.750463     0.0419616865579     -0.0419413598031    0.0419616865579
2018     CMS_jec_AbsolutePU     48.1452261399     49.1384230518     47.152029228     0.0206291878039     -0.0206291878039    0.0206291878039
2018     CMS_jec_AbsolutePU     186.660309796     182.751123978     190.609167505     -0.0209427800849     0.0211553153049    0.0211553153049
2018     CMS_jec_AbsolutePU     9.46022660155     9.47989863202     9.67279498015     0.00207944601062     0.022469692065    0.022469692065
2018     CMS_jec_AbsoluteScale     1717.79721403     1787.83243954     1647.79690576     0.0407703685506     -0.0407500417958    0.0407703685506
2018     CMS_jec_AbsoluteScale     48.1452261399     50.1885272629     46.1019250169     0.0424403681696     -0.0424403681696    0.0424403681696
2018     CMS_jec_AbsoluteScale     186.660309796     189.471601363     183.908650883     0.0150610034353     -0.0147415319121    0.0150610034353
2018     CMS_jec_AbsoluteScale     9.46022660155     9.40752863459     9.74516497757     -0.0055704761817     0.0301196142574    0.0301196142574
2018     CMS_jec_Fragmentation     1717.79721403     1751.70952611     1683.93081194     0.019741743559     -0.0197150174726    0.019741743559
2018     CMS_jec_Fragmentation     48.1452261399     49.4926804329     46.7977718469     0.0279872876516     -0.0279872876516    0.0279872876516
2018     CMS_jec_Fragmentation     186.660309796     188.186744031     185.133875561     0.0081776047442     -0.0081776047442    0.0081776047442
2018     CMS_jec_Fragmentation     9.46022660155     9.41252956017     9.50792364293     -0.00504184977647     0.00504184977647    0.00504184977647
2018     CMS_jec_AbsoluteMPFBias     1717.79721403     1787.83228587     1647.79705942     0.0407702790956     -0.0407499523408    0.0407702790956
2018     CMS_jec_AbsoluteMPFBias     48.1452261399     50.1885293006     46.1019229792     0.042440410494     -0.042440410494    0.042440410494
2018     CMS_jec_AbsoluteMPFBias     186.660309796     189.471598192     183.908654054     0.0150609864449     -0.0147415149217    0.0150609864449
2018     CMS_jec_AbsoluteMPFBias     9.46022660155     9.46701369271     9.68567991946     0.000717434311375     0.0238317037643    0.0238317037643
2018     CMS_jec_RelativeFSR     1717.79721403     1784.26958271     1651.35976259     0.0386962839041     -0.0386759571492    0.0386962839041
2018     CMS_jec_RelativeFSR     48.1452261399     49.9724737717     46.3179785081     0.0379528310133     -0.0379528310133    0.0379528310133
2018     CMS_jec_RelativeFSR     186.660309796     185.544695188     187.815596294     -0.00597671036347     0.00618924558346    0.00618924558346
2018     CMS_jec_RelativeFSR     9.46022660155     9.68917738161     9.46351623056     0.0242014054954     0.000347732580284    0.0242014054954
2018     CMS_scale_sig     1717.79721403     1915.55212211     1551.07248519     0.115121218305     -0.0970572821254    0.115121218305
2018     CMS_scale_sig     48.1452261399     53.6277106222     43.5133777879     0.113873896165     -0.0962057658328    0.113873896165
2018     CMS_scale_sig     186.660309796     208.367953486     168.376758602     0.116294908722     -0.0979509313709    0.116294908722
2018     CMS_scale_sig     9.46022660155     10.5668807159     8.5282799557     0.116979662426     -0.0985120848689    0.116979662426
2018     CMS_bTagSF_M     1453.3729596     1449.65497947     1457.09093973     -0.00255817346044     0.00255817346043    0.00255817346044
2018     CMS_bTagSF_M     48.8406225035     28.3748166585     69.3064283485     -0.419032452822     0.419032452822    0.419032452822
2018     CMS_bTagSF_M     158.993425477     159.944529476     158.042321479     0.00598203350533     -0.00598203350533    0.00598203350533
2018     CMS_bTagSF_M     6.75183598344     4.485495607     9.01817635988     -0.335662830376     0.335662830376    0.335662830376
2018     CMS_bTagSF_T     1453.3729596     1453.3729596     1453.3729596     0.0     0.0    0.0
2018     CMS_bTagSF_T     48.8406225035     48.8406225035     48.8406225035     0.0     0.0    0.0
2018     CMS_bTagSF_T     158.993425477     158.993425477     158.993425477     0.0     0.0    0.0
2018     CMS_bTagSF_T     6.75183598344     6.75183598344     6.75183598344     0.0     0.0    0.0
2018     CMS_bTagSF_M_corr     1453.3729596     1543.24226033     1364.28956126     0.0618349888332     -0.0612942450526    0.0618349888332
2018     CMS_bTagSF_M_corr     48.8406225035     27.8726194797     69.8086255273     -0.429314819284     0.429314819284    0.429314819284
2018     CMS_bTagSF_M_corr     158.993425477     161.845219372     156.155960499     0.017936552317     -0.0178464296248    0.017936552317
2018     CMS_bTagSF_M_corr     6.75183598344     4.21361065229     9.30442759127     -0.375931130047     0.378058888589    0.378058888589
2018     CMS_bTagSF_T_corr     1453.3729596     1453.3729596     1453.3729596     0.0     0.0    0.0
2018     CMS_bTagSF_T_corr     48.8406225035     48.8406225035     48.8406225035     0.0     0.0    0.0
2018     CMS_bTagSF_T_corr     158.993425477     158.993425477     158.993425477     0.0     0.0    0.0
2018     CMS_bTagSF_T_corr     6.75183598344     6.75183598344     6.75183598344     0.0     0.0    0.0
2018     CMS_jer     1453.3729596     1454.03857421     1452.70734499     0.000457979217966     -0.000457979217966    0.000457979217966
2018     CMS_jer     48.8406225035     50.4009354377     47.3763825179     0.0319470320855     -0.0299799615676    0.0319470320855
2018     CMS_jer     158.993425477     157.005838187     160.981012768     -0.0125010659038     0.0125010659038    0.0125010659038
2018     CMS_jer     6.75183598344     6.64901619493     6.88547474446     -0.015228419169     0.019792951332    0.019792951332
2018     CMS_jec     1453.3729596     1504.09817757     1404.05644459     0.0349017212944     -0.0339324566915    0.0349017212944
2018     CMS_jec     48.8406225035     48.5148273279     49.443061676     -0.00667057787028     0.0123347971759    0.0123347971759
2018     CMS_jec     158.993425477     160.23984198     157.814027589     0.00783942165255     -0.00741790350789    0.00783942165255
2018     CMS_jec     6.75183598344     6.60292014338     6.99463555614     -0.022055606864     0.0359605258911    0.0359605258911
2018     CMS_bTagSF_bc_T_corr     1453.3729596     1453.3729596     1453.3729596     0.0     0.0    0.0
2018     CMS_bTagSF_bc_T_corr     48.8406225035     48.8406225035     48.8406225035     0.0     0.0    0.0
2018     CMS_bTagSF_bc_T_corr     158.993425477     158.993425477     158.993425477     0.0     0.0    0.0
2018     CMS_bTagSF_bc_T_corr     6.75183598344     6.75183598344     6.75183598344     0.0     0.0    0.0
2018     CMS_bTagSF_light_T_corr     1453.3729596     1453.3729596     1453.3729596     0.0     0.0    0.0
2018     CMS_bTagSF_light_T_corr     48.8406225035     48.8406225035     48.8406225035     0.0     0.0    0.0
2018     CMS_bTagSF_light_T_corr     158.993425477     158.993425477     158.993425477     0.0     0.0    0.0
2018     CMS_bTagSF_light_T_corr     6.75183598344     6.75183598344     6.75183598344     0.0     0.0    0.0
2018     CMS_bTagSF_bc_M_corr     1453.3729596     1505.72999398     1401.01592522     0.0360245001333     -0.0360245001333    0.0360245001333
2018     CMS_bTagSF_bc_M_corr     48.8406225035     25.839445758     71.841799249     -0.470943562274     0.470943562274    0.470943562274
2018     CMS_bTagSF_bc_M_corr     158.993425477     160.704889208     157.281961747     0.0107643679326     -0.0107643679326    0.0107643679326
2018     CMS_bTagSF_bc_M_corr     6.75183598344     3.80190881186     9.70872658805     -0.436907409898     0.437938749084    0.437938749084
2018     CMS_bTagSF_light_M_corr     1453.3729596     1449.90283141     1456.90487656     -0.00238763778388     0.00243015183148    0.00243015183148
2018     CMS_bTagSF_light_M_corr     48.8406225035     51.0463011742     46.6353702345     0.0451607403351     -0.0451520098627    0.0451607403351
2018     CMS_bTagSF_light_M_corr     158.993425477     158.486700767     159.513830392     -0.0031870796447     0.00327312222516    0.00327312222516
2018     CMS_bTagSF_light_M_corr     6.75183598344     7.10596189575     6.4101557095     0.0524488321663     -0.0506055352616    0.0524488321663
2018     CMS_bTagSF_bc_T_year     1453.3729596     1453.3729596     1453.3729596     0.0     0.0    0.0
2018     CMS_bTagSF_bc_T_year     48.8406225035     48.8406225035     48.8406225035     0.0     0.0    0.0
2018     CMS_bTagSF_bc_T_year     158.993425477     158.993425477     158.993425477     0.0     0.0    0.0
2018     CMS_bTagSF_bc_T_year     6.75183598344     6.75183598344     6.75183598344     0.0     0.0    0.0
2018     CMS_bTagSF_light_T_year     1453.3729596     1453.3729596     1453.3729596     0.0     0.0    0.0
2018     CMS_bTagSF_light_T_year     48.8406225035     48.8406225035     48.8406225035     0.0     0.0    0.0
2018     CMS_bTagSF_light_T_year     158.993425477     158.993425477     158.993425477     0.0     0.0    0.0
2018     CMS_bTagSF_light_T_year     6.75183598344     6.75183598344     6.75183598344     0.0     0.0    0.0
2018     CMS_bTagSF_bc_M_year     1453.3729596     1451.8125241     1454.9333951     -0.00107366487634     0.00107366487634    0.00107366487634
2018     CMS_bTagSF_bc_M_year     48.8406225035     29.3000679398     68.3811770672     -0.400088155353     0.400088155353    0.400088155353
2018     CMS_bTagSF_bc_M_year     158.993425477     159.501391931     158.485459024     0.0031948896741     -0.0031948896741    0.0031948896741
2018     CMS_bTagSF_bc_M_year     6.75183598344     4.61120201316     8.89246995372     -0.317044723173     0.317044723173    0.317044723173
2018     CMS_bTagSF_light_M_year     1453.3729596     1457.80432627     1448.94159293     0.00304902237115     -0.00304902237115    0.00304902237115
2018     CMS_bTagSF_light_M_year     48.8406225035     48.1242133535     49.5570316535     -0.014668305055     0.014668305055    0.014668305055
2018     CMS_bTagSF_light_M_year     158.993425477     159.862075923     158.124775031     0.00546343626073     -0.00546343626073    0.00546343626073
2018     CMS_bTagSF_light_M_year     6.75183598344     6.62994206909     6.87372989779     -0.0180534471883     0.0180534471883    0.0180534471883
2018     CMS_jer_eta193     1453.3729596     1460.05052818     1446.69539102     0.00459453200515     -0.00459453200515    0.00459453200515
2018     CMS_jer_eta193     48.8406225035     50.4019995266     47.375318429     0.0319688190492     -0.0300017485312    0.0319688190492
2018     CMS_jer_eta193     158.993425477     156.665724041     161.321126914     -0.0146402370392     0.0146402370392    0.0146402370392
2018     CMS_jer_eta193     6.75183598344     6.62296757179     6.9115233676     -0.0190864250807     0.0236509572437    0.0236509572437
2018     CMS_jer_193eta25     1453.3729596     1445.81041789     1460.93550131     -0.00520344186971     0.00520344186971    0.00520344186971
2018     CMS_jer_193eta25     48.8406225035     48.9250146351     48.7562303719     0.00172790859836     -0.00172790859836    0.00172790859836
2018     CMS_jer_193eta25     158.993425477     159.528568027     158.458282928     0.00336581558809     -0.00336581558809    0.00336581558809
2018     CMS_jer_193eta25     6.75183598344     6.75808518599     6.74558678089     0.00092555603607     -0.00092555603607    0.00092555603607
2018     CMS_jec_FlavorQCD     1453.3729596     1468.85794389     1437.88797532     0.0106545151967     -0.0106545151967    0.0106545151967
2018     CMS_jec_FlavorQCD     48.8406225035     48.2566860707     49.5206318849     -0.0119559580302     0.0139230285481    0.0139230285481
2018     CMS_jec_FlavorQCD     158.993425477     158.020302176     159.966548778     -0.0061205254121     0.0061205254121    0.0061205254121
2018     CMS_jec_FlavorQCD     6.75183598344     6.79789371421     6.70577825267     0.0068215120874     -0.0068215120874    0.0068215120874
2018     CMS_jec_RelativeBal     1453.3729596     1472.91421562     1433.83170358     0.0134454517608     -0.0134454517608    0.0134454517608
2018     CMS_jec_RelativeBal     48.8406225035     49.2025824355     48.4786625715     0.00741104256024     -0.00741104256024    0.00741104256024
2018     CMS_jec_RelativeBal     158.993425477     158.947130431     159.039720524     -0.000291175853829     0.000291175853829    0.000291175853829
2018     CMS_jec_RelativeBal     6.75183598344     6.65901625769     6.8754746817     -0.013747331242     0.018311863405    0.018311863405
2018     CMS_jec_Absolute     1453.3729596     1462.14438113     1445.1285448     0.00603521723173     -0.00567260780945    0.00603521723173
2018     CMS_jec_Absolute     48.8406225035     48.6425239665     49.3396854522     -0.00405601990392     0.0102181938543    0.0102181938543
2018     CMS_jec_Absolute     158.993425477     165.498222145     152.651542101     0.0409123625613     -0.0398877082966    0.0409123625613
2018     CMS_jec_Absolute     6.75183598344     6.75437409609     6.7973998667     0.000375914441496     0.00674836938788    0.00674836938788
2018     CMS_jec_BBEC1_year     1453.3729596     1417.20073155     1489.54518765     -0.0248884691395     0.0248884691395    0.0248884691395
2018     CMS_jec_BBEC1_year     48.8406225035     49.1046515807     48.5765934263     0.00540593185811     -0.00540593185811    0.00540593185811
2018     CMS_jec_BBEC1_year     158.993425477     160.027016614     157.959834341     0.00650084199014     -0.00650084199014    0.00650084199014
2018     CMS_jec_BBEC1_year     6.75183598344     6.74912030085     6.75455166603     -0.000402213945279     0.000402213945279    0.000402213945279
2018     CMS_jec_Absolute_year     1453.3729596     1459.23071916     1447.51520004     0.00403045861024     -0.00403045861024    0.00403045861024
2018     CMS_jec_Absolute_year     48.8406225035     49.058828399     48.8368479877     0.00446771323415     -7.72823032561e-05    0.00446771323415
2018     CMS_jec_Absolute_year     158.993425477     160.874891348     157.234955327     0.0118336079932     -0.0110600180157    0.0118336079932
2018     CMS_jec_Absolute_year     6.75183598344     6.63069713258     6.88479720812     -0.0179416163486     0.0196926028718    0.0196926028718
2018     CMS_jec_RelativeSample_year     1453.3729596     1515.81018637     1390.93573283     0.0429602232202     -0.0429602232202    0.0429602232202
2018     CMS_jec_RelativeSample_year     48.8406225035     47.8234072998     49.9539106558     -0.0208272366646     0.0227943071825    0.0227943071825
2018     CMS_jec_RelativeSample_year     158.993425477     160.337756873     157.649765127     0.00845526405624     -0.00845104347262    0.00845526405624
2018     CMS_jec_RelativeSample_year     6.75183598344     7.32271047611     6.18096149077     0.084551001249     -0.084551001249    0.084551001249
2018     CMS_pu     1453.3729596     1458.91116723     1447.83475197     0.0038105894242     -0.0038105894242    0.0038105894242
2018     CMS_pu     48.8406225035     48.301107224     49.380137783     -0.011046445598     0.011046445598    0.011046445598
2018     CMS_pu     158.993425477     158.905243139     159.081607816     -0.000554628833703     0.000554628833703    0.000554628833703
2018     CMS_pu     6.75183598344     6.87805892599     6.62561304089     0.0186946103042     -0.0186946103042    0.0186946103042
2018     CMS_L1Prefiring     1453.3729596     1452.71364632     1453.91617837     -0.000453643561853     0.000373764190252    0.000453643561853
2018     CMS_L1Prefiring     48.8406225035     48.8231579981     48.8545889116     -0.000357581548664     0.000285958846398    0.000357581548664
2018     CMS_L1Prefiring     158.993425477     158.92315621     159.051249869     -0.000441963353905     0.000363690454787    0.000441963353905
2018     CMS_L1Prefiring     6.75183598344     6.74979775681     6.75358170657     -0.000301877391532     0.000258555322023    0.000301877391532
2018     CMS_pdf_sig     1453.3729596     1463.61311117     1443.13226665     0.00704578373957     -0.00704615623988    0.00704615623988
2018     CMS_pdf_sig     48.8406225035     49.220463157     48.4607810704     0.00777714603238     -0.00777716199401    0.00777716199401
2018     CMS_pdf_sig     158.993425477     160.352838537     157.634016531     0.00855012120995     -0.00855009533826    0.00855012120995
2018     CMS_pdf_sig     6.75183598344     6.80101844789     6.70265330448     0.00728430971478     -0.00728434148664    0.00728434148664
2018     CMS_renorm_sig     1453.3729596     1453.3729596     1453.3729596     0.0     0.0    0.0
2018     CMS_renorm_sig     48.8406225035     48.8406225035     48.8406225035     0.0     0.0    0.0
2018     CMS_renorm_sig     158.993425477     158.993425477     158.993425477     0.0     0.0    0.0
2018     CMS_renorm_sig     6.75183598344     6.75183598344     6.75183598344     0.0     0.0    0.0
2018     CMS_fact_sig     1453.3729596     1289.42073777     1651.5674838     -0.112808086013     0.13636866084    0.13636866084
2018     CMS_fact_sig     48.8406225035     43.3783766787     55.4299390021     -0.111838169639     0.134914670633    0.134914670633
2018     CMS_fact_sig     158.993425477     140.875323731     180.933347323     -0.113955037397     0.13799263573    0.13799263573
2018     CMS_fact_sig     6.75183598344     5.98423170137     7.68107116164     -0.11368822998     0.137627036628    0.137627036628
2018     CMS_jec_AbsoluteCal     1453.3729596     1468.04799031     1438.6979289     0.0100972228826     -0.0100972228826    0.0100972228826
2018     CMS_jec_AbsoluteCal     48.8406225035     49.5577162771     48.2196016785     0.0146823225604     -0.0127152520425    0.0146823225604
2018     CMS_jec_AbsoluteCal     158.993425477     161.590916036     156.395934919     0.0163370941313     -0.0163370941313    0.0163370941313
2018     CMS_jec_AbsoluteCal     6.75183598344     6.57159486785     6.9706329716     -0.0266951264863     0.0324055543855    0.0324055543855
2018     CMS_jec_AbsoluteTheory     1453.3729596     1462.1444026     1445.12852251     0.0060352320025     -0.00567262314885    0.0060352320025
2018     CMS_jec_AbsoluteTheory     48.8406225035     48.6425239681     49.3396854506     -0.00405601987063     0.010218193821    0.010218193821
2018     CMS_jec_AbsoluteTheory     158.993425477     165.49822223     152.651542016     0.0409123630942     -0.0398877088294    0.0409123630942
2018     CMS_jec_AbsoluteTheory     6.75183598344     6.75437409609     6.7973998667     0.000375914441496     0.00674836938788    0.00674836938788
2018     CMS_jec_AbsolutePU     1453.3729596     1474.40566751     1432.34025169     0.0144716521466     -0.0144716521466    0.0144716521466
2018     CMS_jec_AbsolutePU     48.8406225035     48.2858099505     49.4915080051     -0.0113596535959     0.0133267241138    0.0133267241138
2018     CMS_jec_AbsolutePU     158.993425477     162.486885974     155.499964981     0.0219723582017     -0.0219723582017    0.0219723582017
2018     CMS_jec_AbsolutePU     6.75183598344     6.52754870956     6.98794563114     -0.0332187088719     0.0349696953951    0.0349696953951
2018     CMS_jec_AbsoluteScale     1453.3729596     1462.1444026     1445.12852251     0.0060352320025     -0.00567262314885    0.0060352320025
2018     CMS_jec_AbsoluteScale     48.8406225035     48.6425239681     49.3396854506     -0.00405601987063     0.010218193821    0.010218193821
2018     CMS_jec_AbsoluteScale     158.993425477     165.49822223     152.651542016     0.0409123630942     -0.0398877088294    0.0409123630942
2018     CMS_jec_AbsoluteScale     6.75183598344     6.75437409609     6.7973998667     0.000375914441496     0.00674836938788    0.00674836938788
2018     CMS_jec_Fragmentation     1453.3729596     1459.19713303     1447.54878617     0.00400734952096     -0.00400734952096    0.00400734952096
2018     CMS_jec_Fragmentation     48.8406225035     49.0718708361     48.7054471195     0.00473475399588     -0.00276768347796    0.00473475399588
2018     CMS_jec_Fragmentation     158.993425477     157.71334226     160.273508695     -0.00805117075707     0.00805117075707    0.00805117075707
2018     CMS_jec_Fragmentation     6.75183598344     6.72398866511     6.77968330178     -0.00412440681368     0.00412440681368    0.00412440681368
2018     CMS_jec_AbsoluteMPFBias     1453.3729596     1462.14438113     1445.1285448     0.00603521723173     -0.00567260780945    0.00603521723173
2018     CMS_jec_AbsoluteMPFBias     48.8406225035     48.6425239665     49.3396854522     -0.00405601990392     0.0102181938543    0.0102181938543
2018     CMS_jec_AbsoluteMPFBias     158.993425477     165.498222145     152.651542101     0.0409123625613     -0.0398877082966    0.0409123625613
2018     CMS_jec_AbsoluteMPFBias     6.75183598344     6.75437409609     6.7973998667     0.000375914441496     0.00674836938788    0.00674836938788
2018     CMS_jec_RelativeFSR     1453.3729596     1483.41596764     1423.32995157     0.0206712309012     -0.0206712309012    0.0206712309012
2018     CMS_jec_RelativeFSR     48.8406225035     48.9008893774     48.8764285782     0.00123394974965     0.000733120768268    0.00123394974965
2018     CMS_jec_RelativeFSR     158.993425477     161.739522898     156.247328057     0.0172717671317     -0.0172717671317    0.0172717671317
2018     CMS_jec_RelativeFSR     6.75183598344     6.76965535299     6.81926690457     0.00263918874739     0.00998704964078    0.00998704964078
2018     CMS_scale_sig     1453.3729596     1651.5674838     1289.42073777     0.13636866084     -0.112808086013    0.13636866084
2018     CMS_scale_sig     48.8406225035     55.4299390021     43.3783766787     0.134914670633     -0.111838169639    0.134914670633
2018     CMS_scale_sig     158.993425477     180.933347323     140.875323731     0.13799263573     -0.113955037397    0.13799263573
2018     CMS_scale_sig     6.75183598344     7.68107116164     5.98423170137     0.137627036628     -0.11368822998    0.137627036628
2018     CMS_bTagSF_M     850.45878824     812.316985694     888.600590785     -0.0448485018593     0.0448485018593    0.0448485018593
2018     CMS_bTagSF_M     28.8499738906     16.736931363     40.9630164182     -0.419863205892     0.419863205892    0.419863205892
2018     CMS_bTagSF_M     94.3118092933     94.3392883607     94.2843302259     0.00029136401474     -0.000291364014741    0.000291364014741
2018     CMS_bTagSF_M     5.59294529493     3.72607913123     7.45981145864     -0.333789455333     0.333789455333    0.333789455333
2018     CMS_bTagSF_T     850.45878824     850.45878824     850.45878824     0.0     0.0    0.0
2018     CMS_bTagSF_T     28.8499738906     28.8499738906     28.8499738906     0.0     0.0    0.0
2018     CMS_bTagSF_T     94.3118092933     94.3118092933     94.3118092933     0.0     0.0    0.0
2018     CMS_bTagSF_T     5.59294529493     5.59294529493     5.59294529493     0.0     0.0    0.0
2018     CMS_bTagSF_M_corr     850.45878824     943.512102414     787.17499721     0.10941543019     -0.0744113552653    0.10941543019
2018     CMS_bTagSF_M_corr     28.8499738906     16.844726489     40.8603368894     -0.416126802995     0.416304120214    0.416304120214
2018     CMS_bTagSF_M_corr     94.3118092933     93.6934753281     94.9301432585     -0.00655627296101     0.00655627296101    0.00655627296101
2018     CMS_bTagSF_M_corr     5.59294529493     3.64492989943     7.54096069044     -0.348298667836     0.348298667836    0.348298667836
2018     CMS_bTagSF_T_corr     850.45878824     850.45878824     850.45878824     0.0     0.0    0.0
2018     CMS_bTagSF_T_corr     28.8499738906     28.8499738906     28.8499738906     0.0     0.0    0.0
2018     CMS_bTagSF_T_corr     94.3118092933     94.3118092933     94.3118092933     0.0     0.0    0.0
2018     CMS_bTagSF_T_corr     5.59294529493     5.59294529493     5.59294529493     0.0     0.0    0.0
2018     CMS_jer     850.45878824     944.652273881     756.265302599     0.110756084767     -0.110756084767    0.110756084767
2018     CMS_jer     28.8499738906     30.4942570446     27.2595516886     0.0569942683571     -0.0551273359237    0.0569942683571
2018     CMS_jer     94.3118092933     96.052846519     92.5707720676     0.0184604371255     -0.0184604371255    0.0184604371255
2018     CMS_jer     5.59294529493     5.03620563892     6.18414426423     -0.0995431971263     0.105704407629    0.105704407629
2018     CMS_jec     850.45878824     851.341121602     849.576454877     0.00103747926967     -0.00103747926966    0.00103747926967
2018     CMS_jec     28.8499738906     28.5478215149     29.2473545251     -0.0104732287391     0.013774037926    0.013774037926
2018     CMS_jec     94.3118092933     94.1800525356     94.5569985865     -0.00139703350757     0.00259977297718    0.00259977297718
2018     CMS_jec     5.59294529493     5.47114986099     5.79287424104     -0.0217766181349     0.0357466300079    0.0357466300079
2018     CMS_bTagSF_bc_T_corr     850.45878824     850.45878824     850.45878824     0.0     0.0    0.0
2018     CMS_bTagSF_bc_T_corr     28.8499738906     28.8499738906     28.8499738906     0.0     0.0    0.0
2018     CMS_bTagSF_bc_T_corr     94.3118092933     94.3118092933     94.3118092933     0.0     0.0    0.0
2018     CMS_bTagSF_bc_T_corr     5.59294529493     5.59294529493     5.59294529493     0.0     0.0    0.0
2018     CMS_bTagSF_light_T_corr     850.45878824     850.45878824     850.45878824     0.0     0.0    0.0
2018     CMS_bTagSF_light_T_corr     28.8499738906     28.8499738906     28.8499738906     0.0     0.0    0.0
2018     CMS_bTagSF_light_T_corr     94.3118092933     94.3118092933     94.3118092933     0.0     0.0    0.0
2018     CMS_bTagSF_light_T_corr     5.59294529493     5.59294529493     5.59294529493     0.0     0.0    0.0
2018     CMS_bTagSF_bc_M_corr     850.45878824     844.060192033     856.857384447     -0.00752369932048     0.00752369932048    0.00752369932048
2018     CMS_bTagSF_bc_M_corr     28.8499738906     16.0396326508     41.6603151305     -0.44403302715     0.44403302715    0.44403302715
2018     CMS_bTagSF_bc_M_corr     94.3118092933     94.5247118788     94.0989067078     0.00225743294617     -0.00225743294617    0.00225743294617
2018     CMS_bTagSF_bc_M_corr     5.59294529493     3.52778980777     7.65810078209     -0.369242926269     0.369242926269    0.369242926269
2018     CMS_bTagSF_light_M_corr     850.45878824     961.535980043     780.490005879     0.1306085531     -0.0822718082625    0.1306085531
2018     CMS_bTagSF_light_M_corr     28.8499738906     32.8792632709     24.8220697349     0.139663536456     -0.139615521698    0.139663536456
2018     CMS_bTagSF_light_M_corr     94.3118092933     93.7307494514     94.8928691352     -0.00616105073454     0.00616105073454    0.00616105073454
2018     CMS_bTagSF_light_M_corr     5.59294529493     5.76710629296     5.4187842969     0.0311394066714     -0.0311394066714    0.0311394066714
2018     CMS_bTagSF_bc_T_year     850.45878824     850.45878824     850.45878824     0.0     0.0    0.0
2018     CMS_bTagSF_bc_T_year     28.8499738906     28.8499738906     28.8499738906     0.0     0.0    0.0
2018     CMS_bTagSF_bc_T_year     94.3118092933     94.3118092933     94.3118092933     0.0     0.0    0.0
2018     CMS_bTagSF_bc_T_year     5.59294529493     5.59294529493     5.59294529493     0.0     0.0    0.0
2018     CMS_bTagSF_light_T_year     850.45878824     850.45878824     850.45878824     0.0     0.0    0.0
2018     CMS_bTagSF_light_T_year     28.8499738906     28.8499738906     28.8499738906     0.0     0.0    0.0
2018     CMS_bTagSF_light_T_year     94.3118092933     94.3118092933     94.3118092933     0.0     0.0    0.0
2018     CMS_bTagSF_light_T_year     5.59294529493     5.59294529493     5.59294529493     0.0     0.0    0.0
2018     CMS_bTagSF_bc_M_year     850.45878824     851.608524074     849.309303934     0.00135190070306     -0.00135160494701    0.00135190070306
2018     CMS_bTagSF_bc_M_year     28.8499738906     17.2525972524     40.4473505289     -0.401989155422     0.401989155422    0.401989155422
2018     CMS_bTagSF_bc_M_year     94.3118092933     94.262516463     94.3611021236     -0.000522658092314     0.000522658092313    0.000522658092314
2018     CMS_bTagSF_bc_M_year     5.59294529493     3.79241856393     7.39347202593     -0.321928185608     0.321928185608    0.321928185608
2018     CMS_bTagSF_light_M_year     850.45878824     832.205538394     868.712038086     -0.0214628270037     0.0214628270037    0.0214628270037
2018     CMS_bTagSF_light_M_year     28.8499738906     27.2026081368     30.4973396444     -0.0571011176666     0.0571011176666    0.0571011176666
2018     CMS_bTagSF_light_M_year     94.3118092933     94.5451641554     94.0784544312     0.00247429101272     -0.00247429101272    0.00247429101272
2018     CMS_bTagSF_light_M_year     5.59294529493     5.4612651883     5.72462540156     -0.0235439647062     0.0235439647062    0.0235439647062
2018     CMS_jer_eta193     850.45878824     939.632052705     761.285523775     0.104853128333     -0.104853128333    0.104853128333
2018     CMS_jer_eta193     28.8499738906     30.587712955     27.1660957781     0.0602336442666     -0.0583667118332    0.0602336442666
2018     CMS_jer_eta193     94.3118092933     96.0215789441     92.6020396425     0.0181289030884     -0.0181289030884    0.0181289030884
2018     CMS_jer_eta193     5.59294529493     5.03620563892     6.18414426423     -0.0995431971263     0.105704407629    0.105704407629
2018     CMS_jer_193eta25     850.45878824     859.438953695     841.478622785     0.0105592011974     -0.0105592011974    0.0105592011974
2018     CMS_jer_193eta25     28.8499738906     28.7826456533     28.9173021279     -0.00233373650698     0.00233373650698    0.00233373650698
2018     CMS_jer_193eta25     94.3118092933     94.3670569988     94.2565615878     0.00058579838434     -0.00058579838434    0.00058579838434
2018     CMS_jer_193eta25     5.59294529493     5.59294529493     5.59294529493     0.0     0.0    0.0
2018     CMS_jec_FlavorQCD     850.45878824     849.000752379     851.9168241     -0.00171441095156     0.00171441095156    0.00171441095156
2018     CMS_jec_FlavorQCD     28.8499738906     27.6300845081     30.0698632732     -0.0422838990146     0.0422838990146    0.0422838990146
2018     CMS_jec_FlavorQCD     94.3118092933     94.4005548975     94.2230636892     0.000940980825395     -0.000940980825395    0.000940980825395
2018     CMS_jec_FlavorQCD     5.59294529493     5.53179119735     5.67365624379     -0.0109341490677     0.0144308489714    0.0144308489714
2018     CMS_jec_RelativeBal     850.45878824     955.707499142     745.210077338     0.12375521584     -0.12375521584    0.12375521584
2018     CMS_jec_RelativeBal     28.8499738906     29.2827432344     28.4172045468     0.0150006840713     -0.0150006840713    0.0150006840713
2018     CMS_jec_RelativeBal     94.3118092933     94.4275373419     94.1960812447     0.00122707908405     -0.00122707908405    0.00122707908405
2018     CMS_jec_RelativeBal     5.59294529493     5.55172942     5.63416116986     -0.0073692612309     0.0073692612309    0.0073692612309
2018     CMS_jec_Absolute     850.45878824     848.557393252     852.360183227     -0.00223572854277     0.00223572854277    0.00223572854277
2018     CMS_jec_Absolute     28.8499738906     29.1051758918     28.5947718894     0.0088458312714     -0.0088458312714    0.0088458312714
2018     CMS_jec_Absolute     94.3118092933     93.2527699271     95.4616302832     -0.0112291278698     0.0121916968668    0.0121916968668
2018     CMS_jec_Absolute     5.59294529493     5.7691820862     5.55847189876     0.0315105515923     -0.00616372847376    0.0315105515923
2018     CMS_jec_BBEC1_year     850.45878824     899.52746202     801.39011446     0.0576967096565     -0.0576967096565    0.0576967096565
2018     CMS_jec_BBEC1_year     28.8499738906     29.3739160333     28.326031748     0.0181609225932     -0.0181609225932    0.0181609225932
2018     CMS_jec_BBEC1_year     94.3118092933     96.1799445136     92.443674073     0.0198080731809     -0.0198080731809    0.0198080731809
2018     CMS_jec_BBEC1_year     5.59294529493     5.41124478972     5.78455101508     -0.0324874454572     0.0342584649142    0.0342584649142
2018     CMS_jec_Absolute_year     850.45878824     819.288852137     881.628724343     -0.0366507307987     0.0366507307987    0.0366507307987
2018     CMS_jec_Absolute_year     28.8499738906     28.7778009233     28.9221468579     -0.00250166490772     0.00250166490772    0.00250166490772
2018     CMS_jec_Absolute_year     94.3118092933     92.8637702989     95.8307437651     -0.0153537399532     0.0161054536346    0.0161054536346
2018     CMS_jec_Absolute_year     5.59294529493     5.68550563098     5.62314486786     0.0165494799559     0.00539958310685    0.0165494799559
2018     CMS_jec_RelativeSample_year     850.45878824     843.916104808     857.001471672     -0.00769312225638     0.00769312225638    0.00769312225638
2018     CMS_jec_RelativeSample_year     28.8499738906     28.5209020367     29.1790457445     -0.0114063137517     0.0114063137517    0.0114063137517
2018     CMS_jec_RelativeSample_year     94.3118092933     96.1146194422     92.5089991444     0.0191154232157     -0.0191154232157    0.0191154232157
2018     CMS_jec_RelativeSample_year     5.59294529493     5.20774616242     6.16661334073     -0.0688723225778     0.102569936866    0.102569936866
2018     CMS_pu     850.45878824     816.582780478     884.334796002     -0.0398326270839     0.0398326270839    0.0398326270839
2018     CMS_pu     28.8499738906     28.5621639542     29.1377838271     -0.00997609001471     0.00997609001471    0.00997609001471
2018     CMS_pu     94.3118092933     94.310745097     94.3128734896     -1.12838077672e-05     1.12838077668e-05    1.12838077672e-05
2018     CMS_pu     5.59294529493     5.75528454676     5.4306060431     0.0290257178056     -0.0290257178056    0.0290257178056
2018     CMS_L1Prefiring     850.45878824     850.072491099     850.777873493     -0.000454222058137     0.000375191905934    0.000454222058137
2018     CMS_L1Prefiring     28.8499738906     28.8400160237     28.8583286646     -0.000345160343045     0.000289593812674    0.000345160343045
2018     CMS_L1Prefiring     94.3118092933     94.2684482045     94.3481998769     -0.000459763089101     0.000385853944188    0.000459763089101
2018     CMS_L1Prefiring     5.59294529493     5.59081276618     5.59454092204     -0.000381289040918     0.000285292816022    0.000381289040918
2018     CMS_pdf_sig     850.45878824     856.504765291     844.412526518     0.00710907704691     -0.00710941177357    0.00710941177357
2018     CMS_pdf_sig     28.8499738906     29.0666125268     28.6333352652     0.00750914496491     -0.0075091445916    0.00750914496491
2018     CMS_pdf_sig     94.3118092933     95.1086137741     93.5150058465     0.00844861833092     -0.00844860736712    0.00844861833092
2018     CMS_pdf_sig     5.59294529493     5.63444232801     5.55144817751     0.00741953137171     -0.00741954645322    0.00741954645322
2018     CMS_renorm_sig     850.45878824     850.45878824     850.45878824     0.0     0.0    0.0
2018     CMS_renorm_sig     28.8499738906     28.8499738906     28.8499738906     0.0     0.0    0.0
2018     CMS_renorm_sig     94.3118092933     94.3118092933     94.3118092933     0.0     0.0    0.0
2018     CMS_renorm_sig     5.59294529493     5.59294529493     5.59294529493     0.0     0.0    0.0
2018     CMS_fact_sig     850.45878824     754.147367949     966.927205247     -0.113246428425     0.136947749401    0.136947749401
2018     CMS_fact_sig     28.8499738906     25.6175489232     32.7495631598     -0.112042561276     0.135167861294    0.135167861294
2018     CMS_fact_sig     94.3118092933     83.5980089497     107.272132356     -0.113599775297     0.137419938819    0.137419938819
2018     CMS_fact_sig     5.59294529493     4.96287380003     6.35388288878     -0.112654685801     0.136053108644    0.136053108644
2018     CMS_jec_AbsoluteCal     850.45878824     870.908526933     830.009049546     0.0240455375102     -0.0240455375102    0.0240455375102
2018     CMS_jec_AbsoluteCal     28.8499738906     28.7488837501     28.9510640311     -0.00350399417673     0.00350399417673    0.00350399417673
2018     CMS_jec_AbsoluteCal     94.3118092933     94.0337781417     94.6228611808     -0.00294799934047     0.00329812236482    0.00329812236482
2018     CMS_jec_AbsoluteCal     5.59294529493     5.13907693006     6.20582050688     -0.0811501527264     0.109580047654    0.109580047654
2018     CMS_jec_AbsoluteTheory     850.45878824     848.313107388     852.604469092     -0.00252296863973     0.00252296863973    0.00252296863973
2018     CMS_jec_AbsoluteTheory     28.8499738906     29.1051754568     28.5947723244     0.00884581619177     -0.00884581619177    0.00884581619177
2018     CMS_jec_AbsoluteTheory     94.3118092933     93.2639793095     95.4504209008     -0.0111102733755     0.0120728423725    0.0120728423725
2018     CMS_jec_AbsoluteTheory     5.59294529493     5.76918212533     5.55847185963     0.0315105585888     -0.00616373547031    0.0315105585888
2018     CMS_jec_AbsolutePU     850.45878824     854.98618447     845.93139201     0.00532347515564     -0.00532347515564    0.00532347515564
2018     CMS_jec_AbsolutePU     28.8499738906     28.8907211971     28.8092265841     0.00141238625123     -0.00141238625123    0.00141238625123
2018     CMS_jec_AbsolutePU     94.3118092933     94.183952775     94.4726865475     -0.00135567877721     0.00170580180155    0.00170580180155
2018     CMS_jec_AbsolutePU     5.59294529493     5.14106936732     6.31127189112     -0.0807939115761     0.128434404113    0.128434404113
2018     CMS_jec_AbsoluteScale     850.45878824     848.313107388     852.604469092     -0.00252296863973     0.00252296863973    0.00252296863973
2018     CMS_jec_AbsoluteScale     28.8499738906     29.1051754568     28.5947723244     0.00884581619177     -0.00884581619177    0.00884581619177
2018     CMS_jec_AbsoluteScale     94.3118092933     93.2639793095     95.4504209008     -0.0111102733755     0.0120728423725    0.0120728423725
2018     CMS_jec_AbsoluteScale     5.59294529493     5.76918212533     5.55847185963     0.0315105585888     -0.00616373547031    0.0315105585888
2018     CMS_jec_Fragmentation     850.45878824     904.168687569     796.74888891     0.0631540294161     -0.0631540294161    0.0631540294161
2018     CMS_jec_Fragmentation     28.8499738906     32.4246780093     25.2752697719     0.123906667377     -0.123906667377    0.123906667377
2018     CMS_jec_Fragmentation     94.3118092933     93.7774862512     94.8461323354     -0.00566549455588     0.00566549455588    0.00566549455588
2018     CMS_jec_Fragmentation     5.59294529493     5.5503815191     5.63550907076     -0.00761026142523     0.00761026142523    0.00761026142523
2018     CMS_jec_AbsoluteMPFBias     850.45878824     848.557393252     852.360183227     -0.00223572854277     0.00223572854277    0.00223572854277
2018     CMS_jec_AbsoluteMPFBias     28.8499738906     29.1051758918     28.5947718894     0.0088458312714     -0.0088458312714    0.0088458312714
2018     CMS_jec_AbsoluteMPFBias     94.3118092933     93.2527699271     95.4616302832     -0.0112291278698     0.0121916968668    0.0121916968668
2018     CMS_jec_AbsoluteMPFBias     5.59294529493     5.7691820862     5.55847189876     0.0315105515923     -0.00616372847376    0.0315105515923
2018     CMS_jec_RelativeFSR     850.45878824     854.526021937     846.391554543     0.00478239951595     -0.00478239951595    0.00478239951595
2018     CMS_jec_RelativeFSR     28.8499738906     28.9730430853     28.726904696     0.00426583383141     -0.00426583383141    0.00426583383141
2018     CMS_jec_RelativeFSR     94.3118092933     93.3321934615     95.324445861     -0.0103869901251     0.0107371131494    0.0107371131494
2018     CMS_jec_RelativeFSR     5.59294529493     5.30195039772     6.04986188773     -0.0520289189086     0.0816951657319    0.0816951657319
2018     CMS_scale_sig     850.45878824     966.927205247     754.147367949     0.136947749401     -0.113246428425    0.136947749401
2018     CMS_scale_sig     28.8499738906     32.7495631598     25.6175489232     0.135167861294     -0.112042561276    0.135167861294
2018     CMS_scale_sig     94.3118092933     107.272132356     83.5980089497     0.137419938819     -0.113599775297    0.137419938819
2018     CMS_scale_sig     5.59294529493     6.35388288878     4.96287380003     0.136053108644     -0.112654685801    0.136053108644
2018     CMS_bTagSF_M     284.049585433     284.762721012     283.336449854     0.00251060242829     -0.00251060242829    0.00251060242829
2018     CMS_bTagSF_M     7.30274347766     4.38527425926     10.2759446655     -0.399503176762     0.407134825002    0.407134825002
2018     CMS_bTagSF_M     27.154475816     27.5631566076     26.7457950244     0.0150502184012     -0.0150502184012    0.0150502184012
2018     CMS_bTagSF_M     0.783329021936     0.537104594572     1.0295534493     -0.314330786258     0.314330786258    0.314330786258
2018     CMS_bTagSF_T     284.049585433     284.049585433     284.049585433     0.0     0.0    0.0
2018     CMS_bTagSF_T     7.30274347766     7.30274347766     7.30274347766     0.0     0.0    0.0
2018     CMS_bTagSF_T     27.154475816     27.154475816     27.154475816     0.0     0.0    0.0
2018     CMS_bTagSF_T     0.783329021936     0.783329021936     0.783329021936     0.0     0.0    0.0
2018     CMS_bTagSF_M_corr     284.049585433     242.517407666     325.5817632     -0.146214533999     0.146214533999    0.146214533999
2018     CMS_bTagSF_M_corr     7.30274347766     4.59895370366     10.3144353345     -0.370243016513     0.412405538559    0.412405538559
2018     CMS_bTagSF_M_corr     27.154475816     24.4885936829     29.82199403     -0.0981746858669     0.0982349367412    0.0982349367412
2018     CMS_bTagSF_M_corr     0.783329021936     0.479034648691     1.08762339518     -0.388463040081     0.388463040081    0.388463040081
2018     CMS_bTagSF_T_corr     284.049585433     284.049585433     284.049585433     0.0     0.0    0.0
2018     CMS_bTagSF_T_corr     7.30274347766     7.30274347766     7.30274347766     0.0     0.0    0.0
2018     CMS_bTagSF_T_corr     27.154475816     27.154475816     27.154475816     0.0     0.0    0.0
2018     CMS_bTagSF_T_corr     0.783329021936     0.783329021936     0.783329021936     0.0     0.0    0.0
2018     CMS_jer     284.049585433     278.69738823     289.401782636     -0.0188424749676     0.0188424749676    0.0188424749676
2018     CMS_jer     7.30274347766     7.43139833058     7.18279934613     0.01761733153     -0.0164245303004    0.01761733153
2018     CMS_jer     27.154475816     27.8856482369     26.4233033951     0.0269264052771     -0.0269264052771    0.0269264052771
2018     CMS_jer     0.783329021936     0.783329022972     0.783329020899     1.32287558685e-09     -1.32287558685e-09    1.32287558685e-09
2018     CMS_jec     284.049585433     293.365191956     274.73397891     0.0327957054004     -0.0327957054004    0.0327957054004
2018     CMS_jec     7.30274347766     7.91802751266     7.08925930713     0.0842538200722     -0.0292334204504    0.0842538200722
2018     CMS_jec     27.154475816     27.2514550941     27.0655740896     0.00357139201613     -0.003273925339    0.00357139201613
2018     CMS_jec     0.783329021936     0.90655757119     0.789886108956     0.157313907443     0.00837079546031    0.157313907443
2018     CMS_bTagSF_bc_T_corr     284.049585433     284.049585433     284.049585433     0.0     0.0    0.0
2018     CMS_bTagSF_bc_T_corr     7.30274347766     7.30274347766     7.30274347766     0.0     0.0    0.0
2018     CMS_bTagSF_bc_T_corr     27.154475816     27.154475816     27.154475816     0.0     0.0    0.0
2018     CMS_bTagSF_bc_T_corr     0.783329021936     0.783329021936     0.783329021936     0.0     0.0    0.0
2018     CMS_bTagSF_light_T_corr     284.049585433     284.049585433     284.049585433     0.0     0.0    0.0
2018     CMS_bTagSF_light_T_corr     7.30274347766     7.30274347766     7.30274347766     0.0     0.0    0.0
2018     CMS_bTagSF_light_T_corr     27.154475816     27.154475816     27.154475816     0.0     0.0    0.0
2018     CMS_bTagSF_light_T_corr     0.783329021936     0.783329021936     0.783329021936     0.0     0.0    0.0
2018     CMS_bTagSF_bc_M_corr     284.049585433     284.978221107     283.12094976     0.00326927311728     -0.00326927311728    0.00326927311728
2018     CMS_bTagSF_bc_M_corr     7.30274347766     3.98408570566     10.6214012497     -0.454439866627     0.454439866627    0.454439866627
2018     CMS_bTagSF_bc_M_corr     27.154475816     28.5557537139     25.7531979181     0.0516039384223     -0.0516039384223    0.0516039384223
2018     CMS_bTagSF_bc_M_corr     0.783329021936     0.502619301198     1.06403874267     -0.358354807337     0.358354807337    0.358354807337
2018     CMS_bTagSF_light_M_corr     284.049585433     239.904571471     328.194599395     -0.155413055416     0.155413055416    0.155413055416
2018     CMS_bTagSF_light_M_corr     7.30274347766     9.04697732681     6.02778511151     0.238846380745     -0.174586218186    0.238846380745
2018     CMS_bTagSF_light_M_corr     27.154475816     23.7489162561     30.5632849237     -0.125414299396     0.125533968353    0.125533968353
2018     CMS_bTagSF_light_M_corr     0.783329021936     0.918860099212     0.647797944659     0.173019348806     -0.173019348806    0.173019348806
2018     CMS_bTagSF_bc_T_year     284.049585433     284.049585433     284.049585433     0.0     0.0    0.0
2018     CMS_bTagSF_bc_T_year     7.30274347766     7.30274347766     7.30274347766     0.0     0.0    0.0
2018     CMS_bTagSF_bc_T_year     27.154475816     27.154475816     27.154475816     0.0     0.0    0.0
2018     CMS_bTagSF_bc_T_year     0.783329021936     0.783329021936     0.783329021936     0.0     0.0    0.0
2018     CMS_bTagSF_light_T_year     284.049585433     284.049585433     284.049585433     0.0     0.0    0.0
2018     CMS_bTagSF_light_T_year     7.30274347766     7.30274347766     7.30274347766     0.0     0.0    0.0
2018     CMS_bTagSF_light_T_year     27.154475816     27.154475816     27.154475816     0.0     0.0    0.0
2018     CMS_bTagSF_light_T_year     0.783329021936     0.783329021936     0.783329021936     0.0     0.0    0.0
2018     CMS_bTagSF_bc_M_year     284.049585433     283.555829738     284.543341128     -0.0017382728943     0.0017382728943    0.0017382728943
2018     CMS_bTagSF_bc_M_year     7.30274347766     4.55706075186     10.0484262034     -0.37597962111     0.37597962111    0.37597962111
2018     CMS_bTagSF_bc_M_year     27.154475816     27.1563910399     27.1525605921     7.05306900557e-05     -7.05306900564e-05    7.05306900564e-05
2018     CMS_bTagSF_bc_M_year     0.783329021936     0.559751600536     1.00690644334     -0.28541955569     0.28541955569    0.28541955569
2018     CMS_bTagSF_light_M_year     284.049585433     285.617180931     282.481989936     0.00551873890272     -0.00551873890273    0.00551873890273
2018     CMS_bTagSF_light_M_year     7.30274347766     7.03753606899     7.62367704205     -0.0363161337213     0.0439469858651    0.0439469858651
2018     CMS_bTagSF_light_M_year     27.154475816     27.6547712654     26.6541803666     0.018424051076     -0.018424051076    0.018424051076
2018     CMS_bTagSF_light_M_year     0.783329021936     0.765116167072     0.8015418768     -0.0232505809872     0.0232505809872    0.0232505809872
2018     CMS_jer_eta193     284.049585433     278.349658656     289.74951221     -0.0200666611374     0.0200666611374    0.0200666611374
2018     CMS_jer_eta193     7.30274347766     7.43139833058     7.18279934613     0.01761733153     -0.0164245303004    0.01761733153
2018     CMS_jer_eta193     27.154475816     27.8864568976     26.4224947344     0.0269561852905     -0.0269561852905    0.0269561852905
2018     CMS_jer_eta193     0.783329021936     0.783329022972     0.783329020899     1.32287558685e-09     -1.32287558685e-09    1.32287558685e-09
2018     CMS_jer_193eta25     284.049585433     284.433965428     283.665205439     0.00135321441761     -0.00135321441761    0.00135321441761
2018     CMS_jer_193eta25     7.30274347766     7.30833490666     7.29715204865     0.000765661428436     -0.000765661428436    0.000765661428436
2018     CMS_jer_193eta25     27.154475816     27.1432353547     27.1657162772     -0.000413945064696     0.000413945064695    0.000413945064696
2018     CMS_jer_193eta25     0.783329021936     0.783090511132     0.78356753274     -0.000304483553322     0.000304483553322    0.000304483553322
2018     CMS_jec_FlavorQCD     284.049585433     295.0526357     273.046535167     0.0387363715021     -0.0387363715021    0.0387363715021
2018     CMS_jec_FlavorQCD     7.30274347766     7.37752648873     7.32305806395     0.0102403995577     0.00278177459671    0.0102403995577
2018     CMS_jec_FlavorQCD     27.154475816     25.5883515281     28.7206001039     -0.0576746278793     0.0576746278793    0.0576746278793
2018     CMS_jec_FlavorQCD     0.783329021936     0.783329021936     0.783329021936     0.0     0.0    0.0
2018     CMS_jec_RelativeBal     284.049585433     286.364562805     281.734608061     0.00814990582874     -0.00814990582874    0.00814990582874
2018     CMS_jec_RelativeBal     7.30274347766     7.27006136773     7.34413630898     -0.00447531945029     0.00566812067995    0.00566812067995
2018     CMS_jec_RelativeBal     27.154475816     26.2403638329     28.0685877991     -0.0336634000692     0.0336634000692    0.0336634000692
2018     CMS_jec_RelativeBal     0.783329021936     0.87893669928     0.687721344591     0.122053025826     -0.122053025826    0.122053025826
2018     CMS_jec_Absolute     284.049585433     290.522115121     277.577055745     0.0227866190272     -0.0227866190272    0.0227866190272
2018     CMS_jec_Absolute     7.30274347766     7.85669512958     6.96931030426     0.0758552800897     -0.045658617808    0.0758552800897
2018     CMS_jec_Absolute     27.154475816     25.4681439574     28.8408076746     -0.0621014329273     0.0621014329273    0.0621014329273
2018     CMS_jec_Absolute     0.783329021936     0.823015325754     0.839079902873     0.0506636454247     0.0711717290902    0.0711717290902
2018     CMS_jec_BBEC1_year     284.049585433     286.880069521     281.219101345     0.00996475345491     -0.00996475345491    0.00996475345491
2018     CMS_jec_BBEC1_year     7.30274347766     7.33996371018     7.26552324513     0.00509674653605     -0.00509674653605    0.00509674653605
2018     CMS_jec_BBEC1_year     27.154475816     27.2595816548     27.0574475289     0.00387066351593     -0.0035731968388    0.00387066351593
2018     CMS_jec_BBEC1_year     0.783329021936     0.783329021936     0.783329021936     0.0     0.0    0.0
2018     CMS_jec_Absolute_year     284.049585433     287.823389302     280.275781564     0.0132857221513     -0.0132857221513    0.0132857221513
2018     CMS_jec_Absolute_year     7.30274347766     7.51408181767     7.26698662112     0.028939581496     -0.00489635938182    0.028939581496
2018     CMS_jec_Absolute_year     27.154475816     27.1080652365     27.2008863955     -0.00170913185195     0.00170913185195    0.00170913185195
2018     CMS_jec_Absolute_year     0.783329021936     0.783329021936     0.783329021936     0.0     0.0    0.0
2018     CMS_jec_RelativeSample_year     284.049585433     286.406769055     281.692401812     0.00829849344101     -0.00829849344101    0.00829849344101
2018     CMS_jec_RelativeSample_year     7.30274347766     7.63947927632     7.09823196289     0.0461108622656     -0.0280047512816    0.0461108622656
2018     CMS_jec_RelativeSample_year     27.154475816     27.3198516489     26.9890999831     0.00609018690144     -0.00609018690144    0.00609018690144
2018     CMS_jec_RelativeSample_year     0.783329021936     0.87893669928     0.687721344591     0.122053025826     -0.122053025826    0.122053025826
2018     CMS_pu     284.049585433     281.238667767     286.8605031     -0.00989586963153     0.00989586963153    0.00989586963153
2018     CMS_pu     7.30274347766     7.58992595008     7.01556100523     0.0393252855324     -0.0393252855324    0.0393252855324
2018     CMS_pu     27.154475816     26.7051727306     27.6037789014     -0.0165461888652     0.0165461888652    0.0165461888652
2018     CMS_pu     0.783329021936     0.788693882097     0.777964161775     0.00684879534764     -0.00684879534764    0.00684879534764
2018     CMS_L1Prefiring     284.049585433     283.924812256     284.151544165     -0.000439265479558     0.000358946947479    0.000439265479558
2018     CMS_L1Prefiring     7.30274347766     7.29998279142     7.30488372903     -0.000378034124555     0.000293074976055    0.000378034124555
2018     CMS_L1Prefiring     27.154475816     27.1443144969     27.1622375181     -0.000374204208054     0.000285835092232    0.000374204208054
2018     CMS_L1Prefiring     0.783329021936     0.783028342603     0.783552233524     -0.000383848068632     0.000284952532709    0.000383848068632
2018     CMS_pdf_sig     284.049585433     287.23688734     280.862271656     0.0112209349017     -0.0112209766919    0.0112209766919
2018     CMS_pdf_sig     7.30274347766     7.38571049322     7.21977632632     0.0113610748916     -0.0113610934835    0.0113610934835
2018     CMS_pdf_sig     27.154475816     27.4635184068     26.8454321251     0.0113809079898     -0.0113809485032    0.0113809485032
2018     CMS_pdf_sig     0.783329021936     0.792657160483     0.774000897618     0.0119083275177     -0.011908309352    0.0119083275177
2018     CMS_renorm_sig     284.049585433     284.049585433     284.049585433     0.0     0.0    0.0
2018     CMS_renorm_sig     7.30274347766     7.30274347766     7.30274347766     0.0     0.0    0.0
2018     CMS_renorm_sig     27.154475816     27.154475816     27.154475816     0.0     0.0    0.0
2018     CMS_renorm_sig     0.783329021936     0.783329021936     0.783329021936     0.0     0.0    0.0
2018     CMS_fact_sig     284.049585433     248.356947622     327.886395298     -0.125656362977     0.154328019167    0.154328019167
2018     CMS_fact_sig     7.30274347766     6.39287539513     8.41798915055     -0.124592639096     0.152715986301    0.152715986301
2018     CMS_fact_sig     27.154475816     23.7026806483     31.4095030185     -0.127116987678     0.156697084905    0.156697084905
2018     CMS_fact_sig     0.783329021936     0.684689352423     0.9046662094     -0.125923675429     0.154899389741    0.154899389741
2018     CMS_jec_AbsoluteCal     284.049585433     292.362258249     275.736912617     0.0292648651574     -0.0292648651574    0.0292648651574
2018     CMS_jec_AbsoluteCal     7.30274347766     7.77691578835     6.93338571336     0.0649307088691     -0.050577945868    0.0649307088691
2018     CMS_jec_AbsoluteCal     27.154475816     26.4340885636     27.8748630684     -0.0265292269776     0.0265292269776    0.0265292269776
2018     CMS_jec_AbsoluteCal     0.783329021936     0.783329021936     0.783329021936     0.0     0.0    0.0
2018     CMS_jec_AbsoluteTheory     284.049585433     290.522118277     277.57705259     0.0227866301363     -0.0227866301363    0.0227866301363
2018     CMS_jec_AbsoluteTheory     7.30274347766     7.85669513369     6.96931030015     0.075855280653     -0.0456586183712    0.075855280653
2018     CMS_jec_AbsoluteTheory     27.154475816     25.4681440195     28.8408076124     -0.0621014306399     0.0621014306399    0.0621014306399
2018     CMS_jec_AbsoluteTheory     0.783329021936     0.823015325754     0.839079902873     0.0506636454247     0.0711717290902    0.0711717290902
2018     CMS_jec_AbsolutePU     284.049585433     291.257789341     276.841381525     0.0253765690133     -0.0253765690133    0.0253765690133
2018     CMS_jec_AbsolutePU     7.30274347766     7.64691709377     7.06338440793     0.0471293585988     -0.0327765955978    0.0471293585988
2018     CMS_jec_AbsolutePU     27.154475816     25.9116010323     28.4051310697     -0.0457705312437     0.0460570574887    0.0460570574887
2018     CMS_jec_AbsolutePU     0.783329021936     0.783329021936     0.783329021936     0.0     0.0    0.0
2018     CMS_jec_AbsoluteScale     284.049585433     290.522118277     277.57705259     0.0227866301363     -0.0227866301363    0.0227866301363
2018     CMS_jec_AbsoluteScale     7.30274347766     7.85669513369     6.96931030015     0.075855280653     -0.0456586183712    0.075855280653
2018     CMS_jec_AbsoluteScale     27.154475816     25.4681440195     28.8408076124     -0.0621014306399     0.0621014306399    0.0621014306399
2018     CMS_jec_AbsoluteScale     0.783329021936     0.823015325754     0.839079902873     0.0506636454247     0.0711717290902    0.0711717290902
2018     CMS_jec_Fragmentation     284.049585433     290.626959788     277.472211079     0.0231557259427     -0.0231557259427    0.0231557259427
2018     CMS_jec_Fragmentation     7.30274347766     7.71686156149     6.97501226979     0.0567071930029     -0.0448778200782    0.0567071930029
2018     CMS_jec_Fragmentation     27.154475816     26.713497606     27.595454026     -0.016239614162     0.016239614162    0.016239614162
2018     CMS_jec_Fragmentation     0.783329021936     0.783329021936     0.783329021936     0.0     0.0    0.0
2018     CMS_jec_AbsoluteMPFBias     284.049585433     290.522115121     277.577055745     0.0227866190272     -0.0227866190272    0.0227866190272
2018     CMS_jec_AbsoluteMPFBias     7.30274347766     7.85669512958     6.96931030426     0.0758552800897     -0.045658617808    0.0758552800897
2018     CMS_jec_AbsoluteMPFBias     27.154475816     25.4681439574     28.8408076746     -0.0621014329273     0.0621014329273    0.0621014329273
2018     CMS_jec_AbsoluteMPFBias     0.783329021936     0.823015325754     0.839079902873     0.0506636454247     0.0711717290902    0.0711717290902
2018     CMS_jec_RelativeFSR     284.049585433     287.97250938     280.126661486     0.0138107011882     -0.0138107011882    0.0138107011882
2018     CMS_jec_RelativeFSR     7.30274347766     7.59559639601     7.10599438429     0.0401017671309     -0.0269418053596    0.0401017671309
2018     CMS_jec_RelativeFSR     27.154475816     25.7033918777     28.6055597543     -0.0534381126757     0.0534381126757    0.0534381126757
2018     CMS_jec_RelativeFSR     0.783329021936     0.783329021936     0.783329021936     0.0     0.0    0.0
2018     CMS_scale_sig     284.049585433     327.886395298     248.356947622     0.154328019167     -0.125656362977    0.154328019167
2018     CMS_scale_sig     7.30274347766     8.41798915055     6.39287539513     0.152715986301     -0.124592639096    0.152715986301
2018     CMS_scale_sig     27.154475816     31.4095030185     23.7026806483     0.156697084905     -0.127116987678    0.156697084905
2018     CMS_scale_sig     0.783329021936     0.9046662094     0.684689352423     0.154899389741     -0.125923675429    0.154899389741
2018     CMS_bTagSF_M     519.192246709     512.607442725     525.777050692     -0.012682785664     0.012682785664    0.012682785664
2018     CMS_bTagSF_M     19.8721752454     11.0853054514     28.6590450394     -0.442169500091     0.442169500091    0.442169500091
2018     CMS_bTagSF_M     46.2352999727     45.8520878992     46.6185120462     -0.00828830079446     0.00828830079446    0.00828830079446
2018     CMS_bTagSF_M     2.37117624413     1.51843777578     3.22391471247     -0.359626776144     0.359626776144    0.359626776144
2018     CMS_bTagSF_T     519.192246709     519.192246709     519.192246709     0.0     0.0    0.0
2018     CMS_bTagSF_T     19.8721752454     19.8721752454     19.8721752454     0.0     0.0    0.0
2018     CMS_bTagSF_T     46.2352999727     46.2352999727     46.2352999727     0.0     0.0    0.0
2018     CMS_bTagSF_T     2.37117624413     2.37117624413     2.37117624413     0.0     0.0    0.0
2018     CMS_bTagSF_M_corr     519.192246709     477.479930319     561.127051511     -0.0803407921721     0.0807693201669    0.0807693201669
2018     CMS_bTagSF_M_corr     19.8721752454     12.8440231268     26.9027454011     -0.353667982082     0.353789661618    0.353789661618
2018     CMS_bTagSF_M_corr     46.2352999727     42.767003438     49.7141139574     -0.0750140376895     0.0752415143145    0.0752415143145
2018     CMS_bTagSF_M_corr     2.37117624413     1.71433020296     3.0280222853     -0.277012745382     0.277012745382    0.277012745382
2018     CMS_bTagSF_T_corr     519.192246709     519.192246709     519.192246709     0.0     0.0    0.0
2018     CMS_bTagSF_T_corr     19.8721752454     19.8721752454     19.8721752454     0.0     0.0    0.0
2018     CMS_bTagSF_T_corr     46.2352999727     46.2352999727     46.2352999727     0.0     0.0    0.0
2018     CMS_bTagSF_T_corr     2.37117624413     2.37117624413     2.37117624413     0.0     0.0    0.0
2018     CMS_jer     519.192246709     519.398235909     518.986257509     0.000396749376008     -0.000396749376008    0.000396749376008
2018     CMS_jer     19.8721752454     19.429306611     20.3468214127     -0.0222858659911     0.0238849628375    0.0238849628375
2018     CMS_jer     46.2352999727     47.1804362245     45.290163721     0.0204418756298     -0.0204418756298    0.0204418756298
2018     CMS_jer     2.37117624413     2.34790666415     2.40868754288     -0.00981351767064     0.0158197008111    0.0158197008111
2018     CMS_jec     519.192246709     513.795682408     524.588811009     -0.0103941542556     0.0103941542556    0.0103941542556
2018     CMS_jec     19.8721752454     20.1735647518     19.6845626499     0.0151664074311     -0.00944096925791    0.0151664074311
2018     CMS_jec     46.2352999727     44.938528734     47.5320712114     -0.0280472115339     0.0280472115339    0.0280472115339
2018     CMS_jec     2.37117624413     2.37452760727     2.46368463246     0.00141337580945     0.0390137125248    0.0390137125248
2018     CMS_bTagSF_bc_T_corr     519.192246709     519.192246709     519.192246709     0.0     0.0    0.0
2018     CMS_bTagSF_bc_T_corr     19.8721752454     19.8721752454     19.8721752454     0.0     0.0    0.0
2018     CMS_bTagSF_bc_T_corr     46.2352999727     46.2352999727     46.2352999727     0.0     0.0    0.0
2018     CMS_bTagSF_bc_T_corr     2.37117624413     2.37117624413     2.37117624413     0.0     0.0    0.0
2018     CMS_bTagSF_light_T_corr     519.192246709     519.192246709     519.192246709     0.0     0.0    0.0
2018     CMS_bTagSF_light_T_corr     19.8721752454     19.8721752454     19.8721752454     0.0     0.0    0.0
2018     CMS_bTagSF_light_T_corr     46.2352999727     46.2352999727     46.2352999727     0.0     0.0    0.0
2018     CMS_bTagSF_light_T_corr     2.37117624413     2.37117624413     2.37117624413     0.0     0.0    0.0
2018     CMS_bTagSF_bc_M_corr     519.192246709     516.395588936     521.988904482     -0.0053865553478     0.0053865553478    0.0053865553478
2018     CMS_bTagSF_bc_M_corr     19.8721752454     11.3477461336     28.3966043572     -0.428963060486     0.428963060486    0.428963060486
2018     CMS_bTagSF_bc_M_corr     46.2352999727     43.743535888     48.7270640574     -0.0538931095115     0.0538931095115    0.0538931095115
2018     CMS_bTagSF_bc_M_corr     2.37117624413     1.47418880118     3.26816368707     -0.378287967908     0.378287967908    0.378287967908
2018     CMS_bTagSF_light_M_corr     519.192246709     483.798178319     554.668592929     -0.0681714116765     0.0683298844416    0.0683298844416
2018     CMS_bTagSF_light_M_corr     19.8721752454     21.538558203     18.2199747569     0.0838550856632     -0.0831414008848    0.0838550856632
2018     CMS_bTagSF_light_M_corr     46.2352999727     43.2039915125     49.2666084329     -0.065562642872     0.065562642872    0.065562642872
2018     CMS_bTagSF_light_M_corr     2.37117624413     2.71598400726     2.03467610238     0.145416336716     -0.141912750086    0.145416336716
2018     CMS_bTagSF_bc_T_year     519.192246709     519.192246709     519.192246709     0.0     0.0    0.0
2018     CMS_bTagSF_bc_T_year     19.8721752454     19.8721752454     19.8721752454     0.0     0.0    0.0
2018     CMS_bTagSF_bc_T_year     46.2352999727     46.2352999727     46.2352999727     0.0     0.0    0.0
2018     CMS_bTagSF_bc_T_year     2.37117624413     2.37117624413     2.37117624413     0.0     0.0    0.0
2018     CMS_bTagSF_light_T_year     519.192246709     519.192246709     519.192246709     0.0     0.0    0.0
2018     CMS_bTagSF_light_T_year     19.8721752454     19.8721752454     19.8721752454     0.0     0.0    0.0
2018     CMS_bTagSF_light_T_year     46.2352999727     46.2352999727     46.2352999727     0.0     0.0    0.0
2018     CMS_bTagSF_light_T_year     2.37117624413     2.37117624413     2.37117624413     0.0     0.0    0.0
2018     CMS_bTagSF_bc_M_year     519.192246709     510.598819722     527.785673695     -0.0165515318093     0.0165515318093    0.0165515318093
2018     CMS_bTagSF_bc_M_year     19.8721752454     11.5791708806     28.1651796102     -0.417317392906     0.417317392906    0.417317392906
2018     CMS_bTagSF_bc_M_year     46.2352999727     45.4405342683     47.0300656771     -0.0171895868492     0.0171895868492    0.0171895868492
2018     CMS_bTagSF_bc_M_year     2.37117624413     1.58559224602     3.15676024224     -0.331305612586     0.331305612586    0.331305612586
2018     CMS_bTagSF_light_M_year     519.192246709     522.562635835     515.821857582     0.00649160142107     -0.00649160142107    0.00649160142107
2018     CMS_bTagSF_light_M_year     19.8721752454     19.2089633391     20.5353871517     -0.0333738958176     0.0333738958176    0.0333738958176
2018     CMS_bTagSF_light_M_year     46.2352999727     46.8281459743     45.6424539711     0.012822367368     -0.012822367368    0.012822367368
2018     CMS_bTagSF_light_M_year     2.37117624413     2.31768968518     2.42466280307     -0.0225569731801     0.0225569731801    0.0225569731801
2018     CMS_jer_eta193     519.192246709     519.41034623     518.974147188     0.000420074687448     -0.000420074687449    0.000420074687449
2018     CMS_jer_eta193     19.8721752454     19.4302801369     20.3458478867     -0.0222368765914     0.0238359734378    0.0238359734378
2018     CMS_jer_eta193     46.2352999727     47.1480904366     45.3225095088     0.0197422848873     -0.0197422848873    0.0197422848873
2018     CMS_jer_eta193     2.37117624413     2.34790666415     2.40868754288     -0.00981351767064     0.0158197008111    0.0158197008111
2018     CMS_jer_193eta25     519.192246709     519.449566401     518.934927016     0.000495615437077     -0.000495615437078    0.000495615437078
2018     CMS_jer_193eta25     19.8721752454     19.8618275237     19.8825229672     -0.000520714095948     0.000520714095948    0.000520714095948
2018     CMS_jer_193eta25     46.2352999727     46.2561220674     46.214477878     0.0004503505916     -0.0004503505916    0.0004503505916
2018     CMS_jer_193eta25     2.37117624413     2.37117624413     2.37117624413     0.0     0.0    0.0
2018     CMS_jec_FlavorQCD     519.192246709     521.101034441     517.283458976     0.00367645654297     -0.00367645654297    0.00367645654297
2018     CMS_jec_FlavorQCD     19.8721752454     19.6538268399     20.090523651     -0.0109876449277     0.0109876449277    0.0109876449277
2018     CMS_jec_FlavorQCD     46.2352999727     45.4052825388     47.0888993287     -0.0179520287395     0.018462070246    0.018462070246
2018     CMS_jec_FlavorQCD     2.37117624413     2.3845901681     2.35776232015     0.00565707589473     -0.00565707589473    0.00565707589473
2018     CMS_jec_RelativeBal     519.192246709     510.89809915     527.486394268     -0.0159750990342     0.0159750990342    0.0159750990342
2018     CMS_jec_RelativeBal     19.8721752454     19.7621408485     19.9822096424     -0.00553710882554     0.00553710882554    0.00553710882554
2018     CMS_jec_RelativeBal     46.2352999727     46.262532083     46.2316497845     0.000588989587248     -7.89480807312e-05    0.000588989587248
2018     CMS_jec_RelativeBal     2.37117624413     2.3845901681     2.35776232015     0.00565707589473     -0.00565707589473    0.00565707589473
2018     CMS_jec_Absolute     519.192246709     520.784791512     517.599701906     0.00306735089605     -0.00306735089605    0.00306735089605
2018     CMS_jec_Absolute     19.8721752454     19.8239155668     19.9486221539     -0.00242850508312     0.00384693208249    0.00384693208249
2018     CMS_jec_Absolute     46.2352999727     46.3819477586     46.0886521868     0.00317177104945     -0.00317177104945    0.00317177104945
2018     CMS_jec_Absolute     2.37117624413     2.34249231178     2.48751116552     -0.0120969212736     0.0490621149245    0.0490621149245
2018     CMS_jec_BBEC1_year     519.192246709     508.731786618     529.652706799     -0.0201475660637     0.0201475660637    0.0201475660637
2018     CMS_jec_BBEC1_year     19.8721752454     19.9984250264     19.7459254645     0.00635309317548     -0.00635309317548    0.00635309317548
2018     CMS_jec_BBEC1_year     46.2352999727     45.6839313597     46.7866685857     -0.0119252738345     0.0119252738345    0.0119252738345
2018     CMS_jec_BBEC1_year     2.37117624413     2.37117624413     2.37117624413     0.0     0.0    0.0
2018     CMS_jec_Absolute_year     519.192246709     512.918394645     525.466098773     -0.0120838708661     0.0120838708661    0.0120838708661
2018     CMS_jec_Absolute_year     19.8721752454     19.468559392     20.2758798858     -0.0203106025609     0.0203150704619    0.0203150704619
2018     CMS_jec_Absolute_year     46.2352999727     46.2054874249     46.2886944426     -0.000644800570651     0.00115484207717    0.00115484207717
2018     CMS_jec_Absolute_year     2.37117624413     2.35596600078     2.47403747652     -0.0064146405764     0.0433798342273    0.0433798342273
2018     CMS_jec_RelativeSample_year     519.192246709     517.779155177     520.605338241     -0.00272171154529     0.00272171154528    0.00272171154529
2018     CMS_jec_RelativeSample_year     19.8721752454     19.3896040451     20.3865239785     -0.024283763319     0.0258828601655    0.0258828601655
2018     CMS_jec_RelativeSample_year     46.2352999727     47.8279791019     44.6662027656     0.0344472541565     -0.0339372126499    0.0344472541565
2018     CMS_jec_RelativeSample_year     2.37117624413     2.24334331452     2.49900917373     -0.0539111885601     0.0539111885601    0.0539111885601
2018     CMS_pu     519.192246709     520.887739581     517.496753836     0.00326563596242     -0.00326563596243    0.00326563596243
2018     CMS_pu     19.8721752454     20.1891309425     19.5552195484     0.0159497233248     -0.0159497233248    0.0159497233248
2018     CMS_pu     46.2352999727     46.2177955216     46.2528044239     -0.000378594951422     0.000378594951423    0.000378594951423
2018     CMS_pu     2.37117624413     2.34550756031     2.39684492794     -0.0108252956208     0.0108252956208    0.0108252956208
2018     CMS_L1Prefiring     519.192246709     518.954218938     519.389846221     -0.000458457867791     0.000380590260628    0.000458457867791
2018     CMS_L1Prefiring     19.8721752454     19.8649547875     19.8781065615     -0.000363345120887     0.000298473418162    0.000363345120887
2018     CMS_L1Prefiring     46.2352999727     46.2140604322     46.2526862565     -0.000459379315992     0.000376039169036    0.000459379315992
2018     CMS_L1Prefiring     2.37117624413     2.37033720544     2.371918261     -0.000353849144242     0.000312931978287    0.000353849144242
2018     CMS_pdf_sig     519.192246709     525.435104509     512.949659953     0.0120241737821     -0.0120236517302    0.0120241737821
2018     CMS_pdf_sig     19.8721752454     20.1242081194     19.6201443394     0.0126827018613     -0.0126826028295    0.0126827018613
2018     CMS_pdf_sig     46.2352999727     46.8672780479     45.6033215295     0.0136687352639     -0.0136687432241    0.0136687432241
2018     CMS_pdf_sig     2.37117624413     2.39426071134     2.34809176367     0.00973544976884     -0.00973545535055    0.00973545535055
2018     CMS_renorm_sig     519.192246709     519.192246709     519.192246709     0.0     0.0    0.0
2018     CMS_renorm_sig     19.8721752454     19.8721752454     19.8721752454     0.0     0.0    0.0
2018     CMS_renorm_sig     46.2352999727     46.2352999727     46.2352999727     0.0     0.0    0.0
2018     CMS_renorm_sig     2.37117624413     2.37117624413     2.37117624413     0.0     0.0    0.0
2018     CMS_fact_sig     519.192246709     452.848653599     600.827073921     -0.127782326355     0.157234295638    0.157234295638
2018     CMS_fact_sig     19.8721752454     17.3537276352     22.964283013     -0.126732357132     0.155599864098    0.155599864098
2018     CMS_fact_sig     46.2352999727     40.2996560739     53.5451114424     -0.128379050257     0.158100228052    0.158100228052
2018     CMS_fact_sig     2.37117624413     2.07074644973     2.74026427891     -0.126700744045     0.155656095029    0.155656095029
2018     CMS_jec_AbsoluteCal     519.192246709     520.145854186     518.238639231     0.00183671363271     -0.00183671363271    0.00183671363271
2018     CMS_jec_AbsoluteCal     19.8721752454     19.5178353886     20.258292635     -0.0178309547121     0.0194300515586    0.0194300515586
2018     CMS_jec_AbsoluteCal     46.2352999727     45.9393188451     46.5312811003     -0.00640162663184     0.00640162663184    0.00640162663184
2018     CMS_jec_AbsoluteCal     2.37117624413     2.31619936182     2.42615312643     -0.0231854896668     0.0231854896668    0.0231854896668
2018     CMS_jec_AbsoluteTheory     519.192246709     520.784825078     517.599668339     0.00306741554693     -0.00306741554693    0.00306741554693
2018     CMS_jec_AbsoluteTheory     19.8721752454     19.8239150551     19.9486226657     -0.00242853083482     0.00384695783419    0.00384695783419
2018     CMS_jec_AbsoluteTheory     46.2352999727     46.3819474419     46.0886525035     0.00317176419931     -0.00317176419931    0.00317176419931
2018     CMS_jec_AbsoluteTheory     2.37117624413     2.34249232499     2.48751115231     -0.0120969157004     0.0490621093513    0.0490621093513
2018     CMS_jec_AbsolutePU     519.192246709     513.914099674     524.470393743     -0.0101660744508     0.0101660744508    0.0101660744508
2018     CMS_jec_AbsolutePU     19.8721752454     19.6973441366     20.0470951412     -0.00879778417411     0.00880225207513    0.00880225207513
2018     CMS_jec_AbsolutePU     46.2352999727     46.865030296     45.6291515715     0.013620119771     -0.0131100782645    0.013620119771
2018     CMS_jec_AbsolutePU     2.37117624413     2.29237284475     2.44997964351     -0.0332338853243     0.0332338853243    0.0332338853243
2018     CMS_jec_AbsoluteScale     519.192246709     520.784825078     517.599668339     0.00306741554693     -0.00306741554693    0.00306741554693
2018     CMS_jec_AbsoluteScale     19.8721752454     19.8239150551     19.9486226657     -0.00242853083482     0.00384695783419    0.00384695783419
2018     CMS_jec_AbsoluteScale     46.2352999727     46.3819474419     46.0886525035     0.00317176419931     -0.00317176419931    0.00317176419931
2018     CMS_jec_AbsoluteScale     2.37117624413     2.34249232499     2.48751115231     -0.0120969157004     0.0490621093513    0.0490621093513
2018     CMS_jec_Fragmentation     519.192246709     510.238722431     528.145770986     -0.0172451039754     0.0172451039754    0.0172451039754
2018     CMS_jec_Fragmentation     19.8721752454     19.3412743456     20.4030761453     -0.0267157919695     0.0267157919695    0.0267157919695
2018     CMS_jec_Fragmentation     46.2352999727     45.8079459955     46.6626539499     -0.00924302378196     0.00924302378196    0.00924302378196
2018     CMS_jec_Fragmentation     2.37117624413     2.3845901681     2.35776232015     0.00565707589473     -0.00565707589473    0.00565707589473
2018     CMS_jec_AbsoluteMPFBias     519.192246709     520.784791512     517.599701906     0.00306735089605     -0.00306735089605    0.00306735089605
2018     CMS_jec_AbsoluteMPFBias     19.8721752454     19.8239155668     19.9486221539     -0.00242850508312     0.00384693208249    0.00384693208249
2018     CMS_jec_AbsoluteMPFBias     46.2352999727     46.3819477586     46.0886521868     0.00317177104945     -0.00317177104945    0.00317177104945
2018     CMS_jec_AbsoluteMPFBias     2.37117624413     2.34249231178     2.48751116552     -0.0120969212736     0.0490621149245    0.0490621149245
2018     CMS_jec_RelativeFSR     519.192246709     518.507890329     519.876603088     -0.00131811748704     0.00131811748704    0.00131811748704
2018     CMS_jec_RelativeFSR     19.8721752454     19.5772876914     20.1671515864     -0.0148392186785     0.0148436865795    0.0148436865795
2018     CMS_jec_RelativeFSR     46.2352999727     46.768983038     45.7251988294     0.0115427620376     -0.0110327205311    0.0115427620376
2018     CMS_jec_RelativeFSR     2.37117624413     2.26729974324     2.47505274501     -0.0438080050535     0.0438080050535    0.0438080050535
2018     CMS_scale_sig     519.192246709     600.827073921     452.848653599     0.157234295638     -0.127782326355    0.157234295638
2018     CMS_scale_sig     19.8721752454     22.964283013     17.3537276352     0.155599864098     -0.126732357132    0.155599864098
2018     CMS_scale_sig     46.2352999727     53.5451114424     40.2996560739     0.158100228052     -0.128379050257    0.158100228052
2018     CMS_scale_sig     2.37117624413     2.74026427891     2.07074644973     0.155656095029     -0.126700744045    0.155656095029
2018     CMS_bTagSF_M     76.9826762174     76.51287284     77.4524795948     -0.00610271557843     0.00610271557843    0.00610271557843
2018     CMS_bTagSF_M     3.20680144088     1.79036007084     4.62340624567     -0.441699118622     0.441750083662    0.441750083662
2018     CMS_bTagSF_M     6.48661652101     6.17441843517     6.79881460685     -0.0481295733807     0.0481295733807    0.0481295733807
2018     CMS_bTagSF_M     0.401061985278     0.244697425064     0.558113218009     -0.389876293325     0.391588428961    0.391588428961
2018     CMS_bTagSF_T     76.9826762174     76.9826762174     76.9826762174     0.0     0.0    0.0
2018     CMS_bTagSF_T     3.20680144088     3.20680144088     3.20680144088     0.0     0.0    0.0
2018     CMS_bTagSF_T     6.48661652101     6.48661652101     6.48661652101     0.0     0.0    0.0
2018     CMS_bTagSF_T     0.401061985278     0.401061985278     0.401061985278     0.0     0.0    0.0
2018     CMS_bTagSF_M_corr     76.9826762174     61.1758242092     92.8421864936     -0.205329988316     0.206014015821    0.206014015821
2018     CMS_bTagSF_M_corr     3.20680144088     2.14242310097     4.3040716603     -0.331912767138     0.342169678934    0.342169678934
2018     CMS_bTagSF_M_corr     6.48661652101     5.08416714362     7.90442937654     -0.216206611389     0.218575100122    0.218575100122
2018     CMS_bTagSF_M_corr     0.401061985278     0.285754250807     0.517694591735     -0.28750601828     0.290809427814    0.290809427814
2018     CMS_bTagSF_T_corr     76.9826762174     76.9826762174     76.9826762174     0.0     0.0    0.0
2018     CMS_bTagSF_T_corr     3.20680144088     3.20680144088     3.20680144088     0.0     0.0    0.0
2018     CMS_bTagSF_T_corr     6.48661652101     6.48661652101     6.48661652101     0.0     0.0    0.0
2018     CMS_bTagSF_T_corr     0.401061985278     0.401061985278     0.401061985278     0.0     0.0    0.0
2018     CMS_jer     76.9826762174     77.668418136     76.2977223158     0.00890774330452     -0.00889750701341    0.00890774330452
2018     CMS_jer     3.20680144088     3.11807224494     3.29553063681     -0.0276690645099     0.0276690645099    0.0276690645099
2018     CMS_jer     6.48661652101     6.15879236865     6.81827594087     -0.0505385436756     0.0511298022301    0.0511298022301
2018     CMS_jer     0.401061985278     0.397565608301     0.404558362255     -0.00871779701211     0.00871779701211    0.00871779701211
2018     CMS_jec     76.9826762174     77.0127939117     76.9534901522     0.000391226906598     -0.000379125104573    0.000391226906598
2018     CMS_jec     3.20680144088     3.20322433575     3.22487390375     -0.00111547446626     0.00563566631951    0.00563566631951
2018     CMS_jec     6.48661652101     6.34919790701     6.624035135     -0.0211849449636     0.0211849449636    0.0211849449636
2018     CMS_jec     0.401061985278     0.378011338336     0.444211598523     -0.0574740259329     0.107588389897    0.107588389897
2018     CMS_bTagSF_bc_T_corr     76.9826762174     76.9826762174     76.9826762174     0.0     0.0    0.0
2018     CMS_bTagSF_bc_T_corr     3.20680144088     3.20680144088     3.20680144088     0.0     0.0    0.0
2018     CMS_bTagSF_bc_T_corr     6.48661652101     6.48661652101     6.48661652101     0.0     0.0    0.0
2018     CMS_bTagSF_bc_T_corr     0.401061985278     0.401061985278     0.401061985278     0.0     0.0    0.0
2018     CMS_bTagSF_light_T_corr     76.9826762174     76.9826762174     76.9826762174     0.0     0.0    0.0
2018     CMS_bTagSF_light_T_corr     3.20680144088     3.20680144088     3.20680144088     0.0     0.0    0.0
2018     CMS_bTagSF_light_T_corr     6.48661652101     6.48661652101     6.48661652101     0.0     0.0    0.0
2018     CMS_bTagSF_light_T_corr     0.401061985278     0.401061985278     0.401061985278     0.0     0.0    0.0
2018     CMS_bTagSF_bc_M_corr     76.9826762174     76.1744809542     77.7908714805     -0.0104984043535     0.0104984043535    0.0104984043535
2018     CMS_bTagSF_bc_M_corr     3.20680144088     1.98657959361     4.42702328814     -0.380510570972     0.380510570972    0.380510570972
2018     CMS_bTagSF_bc_M_corr     6.48661652101     6.23870882595     6.73452421606     -0.0382183368252     0.0382183368252    0.0382183368252
2018     CMS_bTagSF_bc_M_corr     0.401061985278     0.252069969955     0.550054000601     -0.37149373611     0.37149373611    0.37149373611
2018     CMS_bTagSF_light_M_corr     76.9826762174     62.1149384349     91.9380560232     -0.19313095508     0.194269419312    0.194269419312
2018     CMS_bTagSF_light_M_corr     3.20680144088     4.1425089903     2.32004447464     0.291788427402     -0.276523814331    0.291788427402
2018     CMS_bTagSF_light_M_corr     6.48661652101     5.36986842045     7.62209985518     -0.172161880841     0.175050171457    0.175050171457
2018     CMS_bTagSF_light_M_corr     0.401061985278     0.487659612625     0.323773095261     0.215920806573     -0.192710585532    0.215920806573
2018     CMS_bTagSF_bc_T_year     76.9826762174     76.9826762174     76.9826762174     0.0     0.0    0.0
2018     CMS_bTagSF_bc_T_year     3.20680144088     3.20680144088     3.20680144088     0.0     0.0    0.0
2018     CMS_bTagSF_bc_T_year     6.48661652101     6.48661652101     6.48661652101     0.0     0.0    0.0
2018     CMS_bTagSF_bc_T_year     0.401061985278     0.401061985278     0.401061985278     0.0     0.0    0.0
2018     CMS_bTagSF_light_T_year     76.9826762174     76.9826762174     76.9826762174     0.0     0.0    0.0
2018     CMS_bTagSF_light_T_year     3.20680144088     3.20680144088     3.20680144088     0.0     0.0    0.0
2018     CMS_bTagSF_light_T_year     6.48661652101     6.48661652101     6.48661652101     0.0     0.0    0.0
2018     CMS_bTagSF_light_T_year     0.401061985278     0.401061985278     0.401061985278     0.0     0.0    0.0
2018     CMS_bTagSF_bc_M_year     76.9826762174     75.8173055389     78.1480468959     -0.0151380899671     0.0151380899671    0.0151380899671
2018     CMS_bTagSF_bc_M_year     3.20680144088     1.91177973709     4.50182314466     -0.403835949204     0.403835949204    0.403835949204
2018     CMS_bTagSF_bc_M_year     6.48661652101     6.18699273376     6.78624030825     -0.0461910745415     0.0461910745415    0.0461910745415
2018     CMS_bTagSF_bc_M_year     0.401061985278     0.254951972958     0.547171997598     -0.36430780698     0.36430780698    0.36430780698
2018     CMS_bTagSF_light_M_year     76.9826762174     79.5669707846     74.3983816501     0.033569819786     -0.033569819786    0.033569819786
2018     CMS_bTagSF_light_M_year     3.20680144088     3.13891491588     3.27468796587     -0.0211695442484     0.0211695442484    0.0211695442484
2018     CMS_bTagSF_light_M_year     6.48661652101     6.54940440653     6.42382863549     0.00967960497061     -0.00967960497061    0.00967960497061
2018     CMS_bTagSF_light_M_year     0.401061985278     0.392215950766     0.40990801979     -0.0220565270135     0.0220565270135    0.0220565270135
2018     CMS_jer_eta193     76.9826762174     77.6668614449     76.299279007     0.00888752198693     -0.00887728569581    0.00888752198693
2018     CMS_jer_eta193     3.20680144088     3.118055981     3.29554690075     -0.0276741362108     0.0276741362108    0.0276741362108
2018     CMS_jer_eta193     6.48661652101     6.08276368659     6.89430462293     -0.0622593971926     0.0628506557471    0.0628506557471
2018     CMS_jer_eta193     0.401061985278     0.397565608301     0.404558362255     -0.00871779701211     0.00871779701211    0.00871779701211
2018     CMS_jer_193eta25     76.9826762174     77.3561195913     76.6092328434     0.00485100534707     -0.00485100534707    0.00485100534707
2018     CMS_jer_193eta25     3.20680144088     3.2068191975     3.20678368425     5.53717564444e-06     -5.53717564433e-06    5.53717564444e-06
2018     CMS_jer_193eta25     6.48661652101     6.48515129246     6.48808174956     -0.000225884872908     0.000225884872908    0.000225884872908
2018     CMS_jer_193eta25     0.401061985278     0.401061985278     0.401061985278     0.0     0.0    0.0
2018     CMS_jec_FlavorQCD     76.9826762174     81.6611081982     72.3042442366     0.0607725297519     -0.0607725297519    0.0607725297519
2018     CMS_jec_FlavorQCD     3.20680144088     3.16379778206     3.24980509969     -0.0134101407909     0.0134101407909    0.0134101407909
2018     CMS_jec_FlavorQCD     6.48661652101     6.34361857027     6.62961447174     -0.0220450754673     0.0220450754673    0.0220450754673
2018     CMS_jec_FlavorQCD     0.401061985278     0.39052256964     0.420262580736     -0.0262787699272     0.0478743839177    0.0478743839177
2018     CMS_jec_RelativeBal     76.9826762174     77.6140175855     76.3513348493     0.00820108366073     -0.00820108366073    0.00820108366073
2018     CMS_jec_RelativeBal     3.20680144088     3.1190531488     3.29454973295     -0.0273631821896     0.0273631821896    0.0273631821896
2018     CMS_jec_RelativeBal     6.48661652101     6.40189402087     6.57517428865     -0.0130611236017     0.0136523821562    0.0136523821562
2018     CMS_jec_RelativeBal     0.401061985278     0.403703384359     0.398420586197     0.00658601208265     -0.00658601208265    0.00658601208265
2018     CMS_jec_Absolute     76.9826762174     76.9153826422     77.0499697926     -0.000874139202315     0.000874139202315    0.000874139202315
2018     CMS_jec_Absolute     3.20680144088     3.82209208382     2.59151079793     0.191870514684     -0.191870514684    0.191870514684
2018     CMS_jec_Absolute     6.48661652101     6.74123112614     6.23200191588     0.0392522980671     -0.0392522980671    0.0392522980671
2018     CMS_jec_Absolute     0.401061985278     0.386517120755     0.435679657125     -0.0362658767388     0.0863150164255    0.0863150164255
2018     CMS_jec_BBEC1_year     76.9826762174     77.3341456232     76.6312068115     0.00456556491827     -0.00456556491827    0.00456556491827
2018     CMS_jec_BBEC1_year     3.20680144088     3.18262867053     3.23097421122     -0.00753796915416     0.00753796915416    0.00753796915416
2018     CMS_jec_BBEC1_year     6.48661652101     6.41737271503     6.55969559449     -0.0106748727557     0.0112661313102    0.0112661313102
2018     CMS_jec_BBEC1_year     0.401061985278     0.407427438524     0.403357711853     0.0158714948801     0.00572411911042    0.0158714948801
2018     CMS_jec_Absolute_year     76.9826762174     85.6037428725     68.3616095622     0.11198709994     -0.11198709994    0.11198709994
2018     CMS_jec_Absolute_year     3.20680144088     3.61451606112     2.79908682063     0.127140587828     -0.127140587828    0.127140587828
2018     CMS_jec_Absolute_year     6.48661652101     6.75973074063     6.21350230138     0.0421042647952     -0.0421042647952    0.0421042647952
2018     CMS_jec_Absolute_year     0.401061985278     0.393205334949     0.421489801462     -0.0195896161126     0.0509343117358    0.0509343117358
2018     CMS_jec_RelativeSample_year     76.9826762174     77.0614096825     76.9039427522     0.00102274263506     -0.00102274263506    0.00102274263506
2018     CMS_jec_RelativeSample_year     3.20680144088     3.40734000318     3.00626287857     0.0625353848699     -0.0625353848699    0.0625353848699
2018     CMS_jec_RelativeSample_year     6.48661652101     6.65403081055     6.31920223146     0.0258091855755     -0.0258091855755    0.0258091855755
2018     CMS_jec_RelativeSample_year     0.401061985278     0.403698011984     0.398425958572     0.00657261670903     -0.00657261670903    0.00657261670903
2018     CMS_pu     76.9826762174     77.4693500899     76.4960023448     0.00632186222237     -0.00632186222237    0.00632186222237
2018     CMS_pu     3.20680144088     3.14710130347     3.26650157828     -0.0186167240175     0.0186167240175    0.0186167240175
2018     CMS_pu     6.48661652101     6.61092325533     6.36230978668     0.0191635707032     -0.0191635707032    0.0191635707032
2018     CMS_pu     0.401061985278     0.38864602314     0.413477947416     -0.0309577137547     0.0309577137547    0.0309577137547
2018     CMS_L1Prefiring     76.9826762174     76.9449893274     77.0137698953     -0.000489550270608     0.000403904871486    0.000489550270608
2018     CMS_L1Prefiring     3.20680144088     3.20554666015     3.20781663999     -0.000391287314247     0.000316576854481    0.000391287314247
2018     CMS_L1Prefiring     6.48661652101     6.48327511987     6.4894387047     -0.000515122348016     0.000435077930932    0.000515122348016
2018     CMS_L1Prefiring     0.401061985278     0.400921369218     0.401179597998     -0.000350609295934     0.000293253222403    0.000350609295934
2018     CMS_pdf_sig     76.9826762174     78.6068038307     75.3585490395     0.0210973129683     -0.0210973073123    0.0210973129683
2018     CMS_pdf_sig     3.20680144088     3.27464578473     3.13895739069     0.0211563905998     -0.0211562990218    0.0211563905998
2018     CMS_pdf_sig     6.48661652101     6.63231821354     6.34091491882     0.0224618939721     -0.0224618800433    0.0224618939721
2018     CMS_pdf_sig     0.401061985278     0.410627919916     0.39149604659     0.0238515117086     -0.0238515218087    0.0238515218087
2018     CMS_renorm_sig     76.9826762174     76.9826762174     76.9826762174     0.0     0.0    0.0
2018     CMS_renorm_sig     3.20680144088     3.20680144088     3.20680144088     0.0     0.0    0.0
2018     CMS_renorm_sig     6.48661652101     6.48661652101     6.48661652101     0.0     0.0    0.0
2018     CMS_renorm_sig     0.401061985278     0.401061985278     0.401061985278     0.0     0.0    0.0
2018     CMS_fact_sig     76.9826762174     66.0129954616     90.7237921439     -0.142495445661     0.178496209819    0.178496209819
2018     CMS_fact_sig     3.20680144088     2.75484515203     3.77137269045     -0.140936786132     0.176054320786    0.176054320786
2018     CMS_fact_sig     6.48661652101     5.56279119322     7.64358297727     -0.14242021627     0.178362086385    0.178362086385
2018     CMS_fact_sig     0.401061985278     0.344225971946     0.472116235251     -0.141713788439     0.177165257694    0.177165257694
2018     CMS_jec_AbsoluteCal     76.9826762174     81.3135398836     72.6518125512     0.0562576397576     -0.0562576397576    0.0562576397576
2018     CMS_jec_AbsoluteCal     3.20680144088     3.17192954943     3.24167333232     -0.0108743531785     0.0108743531785    0.0108743531785
2018     CMS_jec_AbsoluteCal     6.48661652101     6.53837304442     6.43485999759     0.00797897073839     -0.00797897073839    0.00797897073839
2018     CMS_jec_AbsoluteCal     0.401061985278     0.387104858197     0.423680292179     -0.0348004238575     0.056396037848    0.056396037848
2018     CMS_jec_AbsoluteTheory     76.9826762174     76.9153860409     77.0499663939     -0.000874095053895     0.000874095053895    0.000874095053895
2018     CMS_jec_AbsoluteTheory     3.20680144088     3.8220920246     2.59151085715     0.191870496215     -0.191870496215    0.191870496215
2018     CMS_jec_AbsoluteTheory     6.48661652101     6.7412311243     6.23200191771     0.0392522977846     -0.0392522977846    0.0392522977846
2018     CMS_jec_AbsoluteTheory     0.401061985278     0.386517120755     0.435679657125     -0.0362658767388     0.0863150164255    0.0863150164255
2018     CMS_jec_AbsolutePU     76.9826762174     82.4268771918     71.5384752429     0.0707198196002     -0.0707198196002    0.0707198196002
2018     CMS_jec_AbsolutePU     3.20680144088     3.20516469129     3.20843819046     -0.000510399415379     0.000510399415379    0.000510399415379
2018     CMS_jec_AbsolutePU     6.48661652101     6.76551086513     6.20772217688     0.0429953494588     -0.0429953494588    0.0429953494588
2018     CMS_jec_AbsolutePU     0.401061985278     0.404865120912     0.405920029465     0.00948266296336     0.0121129510272    0.0121129510272
2018     CMS_jec_AbsoluteScale     76.9826762174     76.9153860409     77.0499663939     -0.000874095053895     0.000874095053895    0.000874095053895
2018     CMS_jec_AbsoluteScale     3.20680144088     3.8220920246     2.59151085715     0.191870496215     -0.191870496215    0.191870496215
2018     CMS_jec_AbsoluteScale     6.48661652101     6.7412311243     6.23200191771     0.0392522977846     -0.0392522977846    0.0392522977846
2018     CMS_jec_AbsoluteScale     0.401061985278     0.386517120755     0.435679657125     -0.0362658767388     0.0863150164255    0.0863150164255
2018     CMS_jec_Fragmentation     76.9826762174     78.472496795     75.4928556397     0.0193526732361     -0.0193526732361    0.0193526732361
2018     CMS_jec_Fragmentation     3.20680144088     3.18219976888     3.23140311287     -0.00767171664659     0.00767171664659    0.00767171664659
2018     CMS_jec_Fragmentation     6.48661652101     6.35196166799     6.62127137403     -0.0207588736875     0.0207588736875    0.0207588736875
2018     CMS_jec_Fragmentation     0.401061985278     0.389667175378     0.421117974999     -0.0284115930176     0.0500072070081    0.0500072070081
2018     CMS_jec_AbsoluteMPFBias     76.9826762174     76.9153826422     77.0499697926     -0.000874139202315     0.000874139202315    0.000874139202315
2018     CMS_jec_AbsoluteMPFBias     3.20680144088     3.82209208382     2.59151079793     0.191870514684     -0.191870514684    0.191870514684
2018     CMS_jec_AbsoluteMPFBias     6.48661652101     6.74123112614     6.23200191588     0.0392522980671     -0.0392522980671    0.0392522980671
2018     CMS_jec_AbsoluteMPFBias     0.401061985278     0.386517120755     0.435679657125     -0.0362658767388     0.0863150164255    0.0863150164255
2018     CMS_jec_RelativeFSR     76.9826762174     83.7106112963     70.2547411385     0.0873954428384     -0.0873954428384    0.0873954428384
2018     CMS_jec_RelativeFSR     3.20680144088     3.16800558547     3.24559729628     -0.0120979911348     0.0120979911348    0.0120979911348
2018     CMS_jec_RelativeFSR     6.48661652101     6.60164254874     6.3814685002     0.0177328237857     -0.0162099949129    0.0177328237857
2018     CMS_jec_RelativeFSR     0.401061985278     0.389351912243     0.421433238134     -0.0291976638649     0.0507932778554    0.0507932778554
2018     CMS_scale_sig     76.9826762174     90.7237921439     66.0129954616     0.178496209819     -0.142495445661    0.178496209819
2018     CMS_scale_sig     3.20680144088     3.77137269045     2.75484515203     0.176054320786     -0.140936786132    0.176054320786
2018     CMS_scale_sig     6.48661652101     7.64358297727     5.56279119322     0.178362086385     -0.14242021627    0.178362086385
2018     CMS_scale_sig     0.401061985278     0.472116235251     0.344225971946     0.177165257694     -0.141713788439    0.177165257694
2018     CMS_bTagSF_M     15.5378533994     15.6266517505     15.4490550483     0.00571496903815     -0.00571496903815    0.00571496903815
2018     CMS_bTagSF_M     0.559330933188     0.344924344565     0.774153452516     -0.383326892724     0.384070514577    0.384070514577
2018     CMS_bTagSF_M     1.04736024725     1.10158914657     0.993131347931     0.0517767401065     -0.0517767401065    0.0517767401065
2018     CMS_bTagSF_M     0.0471861024136     0.0241620878102     0.071940354228     -0.487940588982     0.524608953657    0.524608953657
2018     CMS_bTagSF_T     15.5378533994     15.5378533994     15.5378533994     0.0     0.0    0.0
2018     CMS_bTagSF_T     0.559330933188     0.559330933188     0.559330933188     0.0     0.0    0.0
2018     CMS_bTagSF_T     1.04736024725     1.04736024725     1.04736024725     0.0     0.0    0.0
2018     CMS_bTagSF_T     0.0471861024136     0.0471861024136     0.0471861024136     0.0     0.0    0.0
2018     CMS_bTagSF_M_corr     15.5378533994     7.67135863982     23.4079676114     -0.506279378327     0.506512322502    0.506512322502
2018     CMS_bTagSF_M_corr     0.559330933188     0.269684937064     0.849608173772     -0.51784369313     0.518972263754    0.518972263754
2018     CMS_bTagSF_M_corr     1.04736024725     0.538451832191     1.58947747232     -0.485896248588     0.517603400064    0.517603400064
2018     CMS_bTagSF_M_corr     0.0471861024136     0.0392047441214     0.0551674607058     -0.169146377513     0.169146377513    0.169146377513
2018     CMS_bTagSF_T_corr     15.5378533994     15.5378533994     15.5378533994     0.0     0.0    0.0
2018     CMS_bTagSF_T_corr     0.559330933188     0.559330933188     0.559330933188     0.0     0.0    0.0
2018     CMS_bTagSF_T_corr     1.04736024725     1.04736024725     1.04736024725     0.0     0.0    0.0
2018     CMS_bTagSF_T_corr     0.0471861024136     0.0471861024136     0.0471861024136     0.0     0.0    0.0
2018     CMS_jer     15.5378533994     13.5275204417     17.5483083376     -0.129382927359     0.129390777895    0.129390777895
2018     CMS_jer     0.559330933188     0.564093860276     0.557174155463     0.00851540082312     -0.00385599579139    0.00851540082312
2018     CMS_jer     1.04736024725     1.0548653758     1.04001138431     0.00716575654305     -0.0070165570623    0.00716575654305
2018     CMS_jer     0.0471861024136     0.0440196085946     0.0504734507747     -0.0671064923162     0.0696677240324    0.0696677240324
2018     CMS_jec     15.5378533994     15.3211053218     15.7917690444     -0.0139496796682     0.0163417454405    0.0163417454405
2018     CMS_jec     0.559330933188     0.56644403709     0.555195025994     0.0127171652423     -0.00739438308834    0.0127171652423
2018     CMS_jec     1.04736024725     0.991845473346     1.10414879221     -0.0530044691408     0.0542206419495    0.0542206419495
2018     CMS_jec     0.0471861024136     0.0451466452742     0.0516552531598     -0.0432215638741     0.0947132845815    0.0947132845815
2018     CMS_bTagSF_bc_T_corr     15.5378533994     15.5378533994     15.5378533994     0.0     0.0    0.0
2018     CMS_bTagSF_bc_T_corr     0.559330933188     0.559330933188     0.559330933188     0.0     0.0    0.0
2018     CMS_bTagSF_bc_T_corr     1.04736024725     1.04736024725     1.04736024725     0.0     0.0    0.0
2018     CMS_bTagSF_bc_T_corr     0.0471861024136     0.0471861024136     0.0471861024136     0.0     0.0    0.0
2018     CMS_bTagSF_light_T_corr     15.5378533994     15.5378533994     15.5378533994     0.0     0.0    0.0
2018     CMS_bTagSF_light_T_corr     0.559330933188     0.559330933188     0.559330933188     0.0     0.0    0.0
2018     CMS_bTagSF_light_T_corr     1.04736024725     1.04736024725     1.04736024725     0.0     0.0    0.0
2018     CMS_bTagSF_light_T_corr     0.0471861024136     0.0471861024136     0.0471861024136     0.0     0.0    0.0
2018     CMS_bTagSF_bc_M_corr     15.5378533994     15.2063385352     15.8693682636     -0.0213359500597     0.0213359500597    0.0213359500597
2018     CMS_bTagSF_bc_M_corr     0.559330933188     0.360470952366     0.758190914009     -0.355531884654     0.355531884654    0.355531884654
2018     CMS_bTagSF_bc_M_corr     1.04736024725     1.01940379947     1.07531669503     -0.0266922941333     0.0266922941333    0.0266922941333
2018     CMS_bTagSF_bc_M_corr     0.0471861024136     0.0314104872244     0.0629617176029     -0.334327574907     0.334327574907    0.334327574907
2018     CMS_bTagSF_light_M_corr     15.5378533994     8.09313864293     22.9825681559     -0.479134058297     0.479134058297    0.479134058297
2018     CMS_bTagSF_light_M_corr     0.559330933188     0.914528231255     0.20482234653     0.635039610706     -0.633808297778    0.635039610706
2018     CMS_bTagSF_light_M_corr     1.04736024725     0.567170277041     1.56213335055     -0.458476413889     0.491495743372    0.491495743372
2018     CMS_bTagSF_light_M_corr     0.0471861024136     0.0737571538567     0.0264075151463     0.563111808011     -0.440353964504    0.563111808011
2018     CMS_bTagSF_bc_T_year     15.5378533994     15.5378533994     15.5378533994     0.0     0.0    0.0
2018     CMS_bTagSF_bc_T_year     0.559330933188     0.559330933188     0.559330933188     0.0     0.0    0.0
2018     CMS_bTagSF_bc_T_year     1.04736024725     1.04736024725     1.04736024725     0.0     0.0    0.0
2018     CMS_bTagSF_bc_T_year     0.0471861024136     0.0471861024136     0.0471861024136     0.0     0.0    0.0
2018     CMS_bTagSF_light_T_year     15.5378533994     15.5378533994     15.5378533994     0.0     0.0    0.0
2018     CMS_bTagSF_light_T_year     0.559330933188     0.559330933188     0.559330933188     0.0     0.0    0.0
2018     CMS_bTagSF_light_T_year     1.04736024725     1.04736024725     1.04736024725     0.0     0.0    0.0
2018     CMS_bTagSF_light_T_year     0.0471861024136     0.0471861024136     0.0471861024136     0.0     0.0    0.0
2018     CMS_bTagSF_bc_M_year     15.5378533994     15.2472383778     15.828468421     -0.0187036789544     0.0187036789544    0.0187036789544
2018     CMS_bTagSF_bc_M_year     0.559330933188     0.356245824714     0.762416041661     -0.36308578057     0.36308578057    0.36308578057
2018     CMS_bTagSF_bc_M_year     1.04736024725     1.01953451848     1.07518597603     -0.0265674860669     0.0265674860669    0.0265674860669
2018     CMS_bTagSF_bc_M_year     0.0471861024136     0.0316606465981     0.0627115582291     -0.329026027184     0.329026027184    0.329026027184
2018     CMS_bTagSF_light_M_year     15.5378533994     15.9348638057     15.1408429932     0.0255511746732     -0.0255511746732    0.0255511746732
2018     CMS_bTagSF_light_M_year     0.559330933188     0.554330263828     0.564747533253     -0.00894044842376     0.00968407027702    0.00968407027702
2018     CMS_bTagSF_light_M_year     1.04736024725     1.06969102779     1.02502946671     0.0213210121314     -0.0213210121314    0.0213210121314
2018     CMS_bTagSF_light_M_year     0.0471861024136     0.0487728769768     0.0455993278504     0.0336280065961     -0.0336280065961    0.0336280065961
2018     CMS_jer_eta193     15.5378533994     13.5916919078     17.4841368714     -0.12525291889     0.125260769426    0.125260769426
2018     CMS_jer_eta193     0.559330933188     0.564128081499     0.557139934241     0.00857658324748     -0.00391717821575    0.00857658324748
2018     CMS_jer_eta193     1.04736024725     1.05592373955     1.03895302055     0.00817626249086     -0.00802706301011    0.00817626249086
2018     CMS_jer_eta193     0.0471861024136     0.0452555219929     0.0492375373764     -0.0409141743433     0.0434754060595    0.0434754060595
2018     CMS_jer_193eta25     15.5378533994     15.4609541505     15.6147526483     -0.00494915525932     0.00494915525932    0.00494915525932
2018     CMS_jer_193eta25     0.559330933188     0.558704378406     0.559957487969     -0.00112018618062     0.00112018618062    0.00112018618062
2018     CMS_jer_193eta25     1.04736024725     1.04831228387     1.04640821063     0.000908986783143     -0.000908986783143    0.000908986783143
2018     CMS_jer_193eta25     0.0471861024136     0.0459501890153     0.0484220158119     -0.0261923179729     0.0261923179729    0.0261923179729
2018     CMS_jec_FlavorQCD     15.5378533994     13.1910172037     17.8848115756     -0.151039923943     0.151047774479    0.151047774479
2018     CMS_jec_FlavorQCD     0.559330933188     0.540862915597     0.578756164643     -0.0330180515599     0.0347294066949    0.0347294066949
2018     CMS_jec_FlavorQCD     1.04736024725     0.932593601658     1.16212689284     -0.109577049438     0.109577049438    0.109577049438
2018     CMS_jec_FlavorQCD     0.0471861024136     0.0440702310177     0.0503019738095     -0.0660336674687     0.0660336674687    0.0660336674687
2018     CMS_jec_RelativeBal     15.5378533994     15.4670966062     15.6086101926     -0.00455383323714     0.00455383323714    0.00455383323714
2018     CMS_jec_RelativeBal     0.559330933188     0.545057354688     0.574237414652     -0.025519022197     0.0266505579797    0.0266505579797
2018     CMS_jec_RelativeBal     1.04736024725     1.03390703007     1.06096973004     -0.0128448804659     0.0129940799467    0.0129940799467
2018     CMS_jec_RelativeBal     0.0471861024136     0.0455450228863     0.0488271819409     -0.0347788743589     0.0347788743589    0.0347788743589
2018     CMS_jec_Absolute     15.5378533994     15.5090458008     15.5674577865     -0.00185402693094     0.00190530740463    0.00190530740463
2018     CMS_jec_Absolute     0.559330933188     0.493514853662     0.628004652705     -0.117669300267     0.122778332902    0.122778332902
2018     CMS_jec_Absolute     1.04736024725     0.952555818509     1.1423209416     -0.0905174976715     0.0906666971523    0.0906666971523
2018     CMS_jec_Absolute     0.0471861024136     0.0472622926733     0.0481172655716     0.00161467584359     0.0197338434478    0.0197338434478
2018     CMS_jec_BBEC1_year     15.5378533994     15.5312380354     15.5445907439     -0.000425757909856     0.000433608445298    0.000433608445298
2018     CMS_jec_BBEC1_year     0.559330933188     0.560564093159     0.55891092777     0.00220470547641     -0.000750906828861    0.00220470547641
2018     CMS_jec_BBEC1_year     1.04736024725     1.03427412725     1.06060263286     -0.0124943829388     0.0126435824195    0.0126435824195
2018     CMS_jec_BBEC1_year     0.0471861024136     0.0458347038244     0.0485375010028     -0.0286397587448     0.0286397587448    0.0286397587448
2018     CMS_jec_Absolute_year     15.5378533994     11.8994797124     19.1767378898     -0.234161926582     0.234194801358    0.234194801358
2018     CMS_jec_Absolute_year     0.559330933188     0.515620189865     0.605635590315     -0.0781482673841     0.0827857970659    0.0827857970659
2018     CMS_jec_Absolute_year     1.04736024725     0.951574027521     1.14330273259     -0.0914548933673     0.0916040928481    0.0916040928481
2018     CMS_jec_Absolute_year     0.0471861024136     0.0448235613863     0.0499342307728     -0.050068577535     0.0582402067274    0.0582402067274
2018     CMS_jec_RelativeSample_year     15.5378533994     12.2414067412     18.8344220381     -0.212155860497     0.212163711032    0.212163711032
2018     CMS_jec_RelativeSample_year     0.559330933188     0.559556792517     0.560085217927     0.000403802680051     0.00134854822826    0.00134854822826
2018     CMS_jec_RelativeSample_year     1.04736024725     0.93476183309     1.16123243247     -0.107506862569     0.108723035377    0.108723035377
2018     CMS_jec_RelativeSample_year     0.0471861024136     0.0475450441603     0.0469012346387     0.0076069378135     -0.00603711178356    0.0076069378135
2018     CMS_pu     15.5378533994     16.6014798996     14.4742268992     0.0684538895334     -0.0684538895334    0.0684538895334
2018     CMS_pu     0.559330933188     0.542690089314     0.575971777061     -0.0297513384044     0.0297513384044    0.0297513384044
2018     CMS_pu     1.04736024725     1.05556144177     1.03915905273     0.00783034733708     -0.00783034733708    0.00783034733708
2018     CMS_pu     0.0471861024136     0.0472527728429     0.0471194319843     0.00141292511767     -0.00141292511767    0.00141292511767
2018     CMS_L1Prefiring     15.5378533994     15.5302428346     15.5440423485     -0.000489807994062     0.000398314290684    0.000489807994062
2018     CMS_L1Prefiring     0.559330933188     0.559101242701     0.559519497366     -0.000410652214859     0.000337124531468    0.000410652214859
2018     CMS_L1Prefiring     1.04736024725     1.04679749143     1.04784146238     -0.000537308749388     0.000459455212418    0.000537308749388
2018     CMS_L1Prefiring     0.0471861024136     0.0471693596948     0.0471987761586     -0.000354823093187     0.000268590629387    0.000354823093187
2018     CMS_pdf_sig     15.5378533994     16.0889276898     14.9867809549     0.0354665651811     -0.0354664463857    0.0354665651811
2018     CMS_pdf_sig     0.559330933188     0.579391821392     0.539270009478     0.0358658658299     -0.0358659293088    0.0358659293088
2018     CMS_pdf_sig     1.04736024725     1.08317773855     1.0115427254     0.0341978716379     -0.0341979008112    0.0341979008112
2018     CMS_pdf_sig     0.0471861024136     0.0487878107404     0.0455843928073     0.0339444930779     -0.0339445201945    0.0339445201945
2018     CMS_renorm_sig     15.5378533994     15.5378533994     15.5378533994     0.0     0.0    0.0
2018     CMS_renorm_sig     0.559330933188     0.559330933188     0.559330933188     0.0     0.0    0.0
2018     CMS_renorm_sig     1.04736024725     1.04736024725     1.04736024725     0.0     0.0    0.0
2018     CMS_renorm_sig     0.0471861024136     0.0471861024136     0.0471861024136     0.0     0.0    0.0
2018     CMS_fact_sig     15.5378533994     13.1454139514     18.5788747705     -0.153974901584     0.195716956061    0.195716956061
2018     CMS_fact_sig     0.559330933188     0.474242111869     0.667154707127     -0.152126078265     0.192772771076    0.192772771076
2018     CMS_fact_sig     1.04736024725     0.886052962269     1.25269435105     -0.154013182575     0.196049166785    0.196049166785
2018     CMS_fact_sig     0.0471861024136     0.0399086389529     0.0564488044883     -0.154228959131     0.19630148711    0.19630148711
2018     CMS_jec_AbsoluteCal     15.5378533994     13.5091188023     17.566709977     -0.130567237634     0.13057508817    0.13057508817
2018     CMS_jec_AbsoluteCal     0.559330933188     0.55777011193     0.561871898514     -0.00279051481931     0.00454286572762    0.00454286572762
2018     CMS_jec_AbsoluteCal     1.04736024725     1.02890280912     1.06597395099     -0.0176228171534     0.0177720166341    0.0177720166341
2018     CMS_jec_AbsoluteCal     0.0471861024136     0.0443680423869     0.0500041624403     -0.0597222462249     0.0597222462249    0.0597222462249
2018     CMS_jec_AbsoluteTheory     15.5378533994     15.5090455124     15.5674580748     -0.00185404549039     0.00190532595448    0.00190532595448
2018     CMS_jec_AbsoluteTheory     0.559330933188     0.493514853341     0.628004653026     -0.117669300841     0.122778333476    0.122778333476
2018     CMS_jec_AbsoluteTheory     1.04736024725     0.952555818612     1.1423209415     -0.0905174975735     0.0906666970543    0.0906666970543
2018     CMS_jec_AbsoluteTheory     0.0471861024136     0.0472622926733     0.0481172655716     0.00161467584359     0.0197338434478    0.0197338434478
2018     CMS_jec_AbsolutePU     15.5378533994     13.7351611769     17.3406676024     -0.116019386731     0.116027237267    0.116027237267
2018     CMS_jec_AbsolutePU     0.559330933188     0.51832708481     0.60292869537     -0.0733087443319     0.0779462740137    0.0779462740137
2018     CMS_jec_AbsolutePU     1.04736024725     0.941129935117     1.15374682499     -0.101426717706     0.101575917187    0.101575917187
2018     CMS_jec_AbsolutePU     0.0471861024136     0.0443503665416     0.0504074256176     -0.0600968447697     0.0682684739621    0.0682684739621
2018     CMS_jec_AbsoluteScale     15.5378533994     15.5090455124     15.5674580748     -0.00185404549039     0.00190532595448    0.00190532595448
2018     CMS_jec_AbsoluteScale     0.559330933188     0.493514853341     0.628004653026     -0.117669300841     0.122778333476    0.122778333476
2018     CMS_jec_AbsoluteScale     1.04736024725     0.952555818612     1.1423209415     -0.0905174975735     0.0906666970543    0.0906666970543
2018     CMS_jec_AbsoluteScale     0.0471861024136     0.0472622926733     0.0481172655716     0.00161467584359     0.0197338434478    0.0197338434478
2018     CMS_jec_Fragmentation     15.5378533994     11.426092952     19.6497358273     -0.26462860356     0.264636454096    0.264636454096
2018     CMS_jec_Fragmentation     0.559330933188     0.542437236035     0.577181844205     -0.0302034022261     0.031914757361    0.031914757361
2018     CMS_jec_Fragmentation     1.04736024725     1.02574300371     1.0691337564     -0.0206397403373     0.0207889398181    0.0207889398181
2018     CMS_jec_Fragmentation     0.0471861024136     0.0458347038244     0.0485375010028     -0.0286397587448     0.0286397587448    0.0286397587448
2018     CMS_jec_AbsoluteMPFBias     15.5378533994     15.5090458008     15.5674577865     -0.00185402693094     0.00190530740463    0.00190530740463
2018     CMS_jec_AbsoluteMPFBias     0.559330933188     0.493514853662     0.628004652705     -0.117669300267     0.122778332902    0.122778332902
2018     CMS_jec_AbsoluteMPFBias     1.04736024725     0.952555818509     1.1423209416     -0.0905174976715     0.0906666971523    0.0906666971523
2018     CMS_jec_AbsoluteMPFBias     0.0471861024136     0.0472622926733     0.0481172655716     0.00161467584359     0.0197338434478    0.0197338434478
2018     CMS_jec_RelativeFSR     15.5378533994     13.2904041718     17.7858134304     -0.144643482587     0.144676357361    0.144676357361
2018     CMS_jec_RelativeFSR     0.559330933188     0.536352465661     0.583281955482     -0.0410820610178     0.0428208433913    0.0428208433913
2018     CMS_jec_RelativeFSR     1.04736024725     1.0176991658     1.07717759431     -0.0283198465219     0.0284690460027    0.0284690460027
2018     CMS_jec_RelativeFSR     0.0471861024136     0.0451555731193     0.0492166317079     -0.0430323589032     0.0430323589032    0.0430323589032
2018     CMS_scale_sig     15.5378533994     18.5788747705     13.1454139514     0.195716956061     -0.153974901584    0.195716956061
2018     CMS_scale_sig     0.559330933188     0.667154707127     0.474242111869     0.192772771076     -0.152126078265    0.192772771076
2018     CMS_scale_sig     1.04736024725     1.25269435105     0.886052962269     0.196049166785     -0.154013182575    0.196049166785
2018     CMS_scale_sig     0.0471861024136     0.0564488044883     0.0399086389529     0.19630148711     -0.154228959131    0.19630148711
2018     CMS_bTagSF_M     9.10281579254     9.04877860909     9.15685297598     -0.00593631516624     0.00593631516624    0.00593631516624
2018     CMS_bTagSF_M     0.431566744188     0.244161867049     0.618981922141     -0.434243091393     0.434266959809    0.434266959809
2018     CMS_bTagSF_M     0.601897321253     0.591586593872     0.612208048633     -0.0171303759228     0.0171303759228    0.0171303759228
2018     CMS_bTagSF_M     0.0358693908956     0.0216457071224     0.0500930746688     -0.39654098991     0.39654098991    0.39654098991
2018     CMS_bTagSF_T     9.10281579254     9.10281579254     9.10281579254     0.0     0.0    0.0
2018     CMS_bTagSF_T     0.431566744188     0.431566744188     0.431566744188     0.0     0.0    0.0
2018     CMS_bTagSF_T     0.601897321253     0.601897321253     0.601897321253     0.0     0.0    0.0
2018     CMS_bTagSF_T     0.0358693908956     0.0358693908956     0.0358693908956     0.0     0.0    0.0
2018     CMS_bTagSF_M_corr     9.10281579254     5.76308007638     12.4464596585     -0.366890398781     0.367319732942    0.367319732942
2018     CMS_bTagSF_M_corr     0.431566744188     0.282017544328     0.581126298375     -0.346526236958     0.346550229371    0.346550229371
2018     CMS_bTagSF_M_corr     0.601897321253     0.417849806003     0.788692231545     -0.305778923997     0.310343481683    0.310343481683
2018     CMS_bTagSF_M_corr     0.0358693908956     0.0301746805639     0.0423862655603     -0.158762392935     0.18168344937    0.18168344937
2018     CMS_bTagSF_T_corr     9.10281579254     9.10281579254     9.10281579254     0.0     0.0    0.0
2018     CMS_bTagSF_T_corr     0.431566744188     0.431566744188     0.431566744188     0.0     0.0    0.0
2018     CMS_bTagSF_T_corr     0.601897321253     0.601897321253     0.601897321253     0.0     0.0    0.0
2018     CMS_bTagSF_T_corr     0.0358693908956     0.0358693908956     0.0358693908956     0.0     0.0    0.0
2018     CMS_jer     9.10281579254     5.61257585035     12.5930557347     -0.383424208699     0.383424208699    0.383424208699
2018     CMS_jer     0.431566744188     0.434489623312     0.428759912862     0.00677271630354     -0.00650381745968    0.00677271630354
2018     CMS_jer     0.601897321253     0.608320470744     0.596080331757     0.0106715037011     -0.00966442163806    0.0106715037011
2018     CMS_jer     0.0358693908956     0.0358889630334     0.0358498187578     0.000545650129592     -0.000545650129592    0.000545650129592
2018     CMS_jec     9.10281579254     9.13710669418     9.06916076287     0.00376706531447     -0.00369721088912    0.00376706531447
2018     CMS_jec     0.431566744188     0.428607146145     0.435179750836     -0.00685779913133     0.00837183748951    0.00837183748951
2018     CMS_jec     0.601897321253     0.564589302865     0.639291931769     -0.0619840246332     0.0621278899177    0.0621278899177
2018     CMS_jec     0.0358693908956     0.0362071223784     0.0357704861203     0.00941559012759     -0.00275735865182    0.00941559012759
2018     CMS_bTagSF_bc_T_corr     9.10281579254     9.10281579254     9.10281579254     0.0     0.0    0.0
2018     CMS_bTagSF_bc_T_corr     0.431566744188     0.431566744188     0.431566744188     0.0     0.0    0.0
2018     CMS_bTagSF_bc_T_corr     0.601897321253     0.601897321253     0.601897321253     0.0     0.0    0.0
2018     CMS_bTagSF_bc_T_corr     0.0358693908956     0.0358693908956     0.0358693908956     0.0     0.0    0.0
2018     CMS_bTagSF_light_T_corr     9.10281579254     9.10281579254     9.10281579254     0.0     0.0    0.0
2018     CMS_bTagSF_light_T_corr     0.431566744188     0.431566744188     0.431566744188     0.0     0.0    0.0
2018     CMS_bTagSF_light_T_corr     0.601897321253     0.601897321253     0.601897321253     0.0     0.0    0.0
2018     CMS_bTagSF_light_T_corr     0.0358693908956     0.0358693908956     0.0358693908956     0.0     0.0    0.0
2018     CMS_bTagSF_bc_M_corr     9.10281579254     6.6904174629     11.5152141222     -0.265016714017     0.265016714017    0.265016714017
2018     CMS_bTagSF_bc_M_corr     0.431566744188     0.280524950963     0.582614664865     -0.349984782791     0.349998980949    0.349998980949
2018     CMS_bTagSF_bc_M_corr     0.601897321253     0.579061549585     0.62473309292     -0.0379396466157     0.0379396466157    0.0379396466157
2018     CMS_bTagSF_bc_M_corr     0.0358693908956     0.0242291659582     0.047509615833     -0.324516939005     0.324516939005    0.324516939005
2018     CMS_bTagSF_light_M_corr     9.10281579254     6.05347351398     12.1525297646     -0.334988903221     0.335029736029    0.335029736029
2018     CMS_bTagSF_light_M_corr     0.431566744188     0.618279240744     0.245053202936     0.432638749557     -0.432177742526    0.432638749557
2018     CMS_bTagSF_light_M_corr     0.601897321253     0.443260827672     0.763576735583     -0.263560723697     0.268616271616    0.268616271616
2018     CMS_bTagSF_light_M_corr     0.0358693908956     0.0479589855873     0.0269468093707     0.337044883946     -0.248751966569    0.337044883946
2018     CMS_bTagSF_bc_T_year     9.10281579254     9.10281579254     9.10281579254     0.0     0.0    0.0
2018     CMS_bTagSF_bc_T_year     0.431566744188     0.431566744188     0.431566744188     0.0     0.0    0.0
2018     CMS_bTagSF_bc_T_year     0.601897321253     0.601897321253     0.601897321253     0.0     0.0    0.0
2018     CMS_bTagSF_bc_T_year     0.0358693908956     0.0358693908956     0.0358693908956     0.0     0.0    0.0
2018     CMS_bTagSF_light_T_year     9.10281579254     9.10281579254     9.10281579254     0.0     0.0    0.0
2018     CMS_bTagSF_light_T_year     0.431566744188     0.431566744188     0.431566744188     0.0     0.0    0.0
2018     CMS_bTagSF_light_T_year     0.601897321253     0.601897321253     0.601897321253     0.0     0.0    0.0
2018     CMS_bTagSF_light_T_year     0.0358693908956     0.0358693908956     0.0358693908956     0.0     0.0    0.0
2018     CMS_bTagSF_bc_M_year     9.10281579254     6.46785908957     11.7377724955     -0.289466112797     0.289466112797    0.289466112797
2018     CMS_bTagSF_bc_M_year     0.431566744188     0.257784088893     0.605358592857     -0.402678514124     0.402699816446    0.402699816446
2018     CMS_bTagSF_bc_M_year     0.601897321253     0.573446294972     0.630348347533     -0.0472689033099     0.0472689033099    0.0472689033099
2018     CMS_bTagSF_bc_M_year     0.0358693908956     0.0227193518582     0.049019429933     -0.366608930597     0.366608930597    0.366608930597
2018     CMS_bTagSF_light_M_year     9.10281579254     9.27401624712     8.93161533796     0.0188074172301     -0.0188074172301    0.0188074172301
2018     CMS_bTagSF_light_M_year     0.431566744188     0.348400316518     0.514733171858     -0.19270814721     0.19270814721    0.19270814721
2018     CMS_bTagSF_light_M_year     0.601897321253     0.614419315993     0.589375326512     0.0208042041358     -0.0208042041358    0.0208042041358
2018     CMS_bTagSF_light_M_year     0.0358693908956     0.0350375632178     0.0367012185734     -0.0231904600841     0.0231904600841    0.0231904600841
2018     CMS_jer_eta193     9.10281579254     5.61356978059     12.5920618045     -0.383315019383     0.383315019383    0.383315019383
2018     CMS_jer_eta193     0.431566744188     0.434497868411     0.428751667764     0.00679182133987     -0.006522922496    0.00679182133987
2018     CMS_jer_eta193     0.601897321253     0.608316315112     0.596088100367     0.0106645994806     -0.00965151476883    0.0106645994806
2018     CMS_jer_eta193     0.0358693908956     0.0358889630334     0.0358498187578     0.000545650129592     -0.000545650129592    0.000545650129592
2018     CMS_jer_193eta25     9.10281579254     9.11338266806     9.09224891702     0.00116083591757     -0.00116083591757    0.00116083591757
2018     CMS_jer_193eta25     0.431566744188     0.431245378677     0.431888109699     -0.000744648458478     0.000744648458478    0.000744648458478
2018     CMS_jer_193eta25     0.601897321253     0.601915336319     0.601879306186     2.99304639761e-05     -2.99304639761e-05    2.99304639761e-05
2018     CMS_jer_193eta25     0.0358693908956     0.0358693908956     0.0358693908956     0.0     0.0    0.0
2018     CMS_jec_FlavorQCD     9.10281579254     8.02405711114     10.181594971     -0.118508240306     0.118510492033    0.118510492033
2018     CMS_jec_FlavorQCD     0.431566744188     0.640741737975     0.222391750401     0.484687470952     -0.484687470952    0.484687470952
2018     CMS_jec_FlavorQCD     0.601897321253     0.606794732273     0.596999910232     0.00813662205801     -0.00813662205801    0.00813662205801
2018     CMS_jec_FlavorQCD     0.0358693908956     0.0367309876171     0.0350077941742     0.0240203889711     -0.0240203889711    0.0240203889711
2018     CMS_jec_RelativeBal     9.10281579254     9.10145564221     9.10417594287     -0.000149420834404     0.000149420834404    0.000149420834404
2018     CMS_jec_RelativeBal     0.431566744188     0.585449404976     0.2776840834     0.356567466933     -0.356567466933    0.356567466933
2018     CMS_jec_RelativeBal     0.601897321253     0.600546502774     0.603280063687     -0.0022442673041     0.00229730617742    0.00229730617742
2018     CMS_jec_RelativeBal     0.0358693908956     0.0358681459597     0.0358706358316     -3.47074737856e-05     3.47074737856e-05    3.47074737856e-05
2018     CMS_jec_Absolute     9.10281579254     8.22136548176     9.98490197529     -0.096832708787     0.0969025632124    0.0969025632124
2018     CMS_jec_Absolute     0.431566744188     0.431451686199     0.4323237188     -0.000266605318686     0.00175401516098    0.00175401516098
2018     CMS_jec_Absolute     0.601897321253     0.580962420652     0.622918813982     -0.0347815148217     0.0349253801062    0.0349253801062
2018     CMS_jec_Absolute     0.0358693908956     0.0359892923102     0.0359883161885     0.00334272234857     0.00331550912721    0.00334272234857
2018     CMS_jec_BBEC1_year     9.10281579254     9.33184939072     8.87378219436     0.0251607418408     -0.0251607418408    0.0251607418408
2018     CMS_jec_BBEC1_year     0.431566744188     0.431264465516     0.43186902286     -0.000700421606275     0.000700421606274    0.000700421606275
2018     CMS_jec_BBEC1_year     0.601897321253     0.59985213324     0.603942509265     -0.00339790183524     0.00339790183524    0.00339790183524
2018     CMS_jec_BBEC1_year     0.0358693908956     0.0350024129704     0.0367363688208     -0.0241704111378     0.0241704111378    0.0241704111378
2018     CMS_jec_Absolute_year     9.10281579254     9.08143910198     9.12421298016     -0.00234836022676     0.00235061195408    0.00235061195408
2018     CMS_jec_Absolute_year     0.431566744188     0.431353925558     0.431845974132     -0.000493130281815     0.000647014506772    0.000647014506772
2018     CMS_jec_Absolute_year     0.601897321253     0.584817247166     0.619063987468     -0.0283770561581     0.0285209214426    0.0285209214426
2018     CMS_jec_Absolute_year     0.0358693908956     0.0359892923102     0.0359883161885     0.00334272234857     0.00331550912721    0.00334272234857
2018     CMS_jec_RelativeSample_year     9.10281579254     7.10183508703     11.1038169951     -0.219819971217     0.219822222945    0.219822222945
2018     CMS_jec_RelativeSample_year     0.431566744188     0.736549600467     0.126650299223     0.706687575875     -0.70653369165    0.706687575875
2018     CMS_jec_RelativeSample_year     0.601897321253     0.608378408808     0.595416233697     0.0107677627501     -0.0107677627501    0.0107677627501
2018     CMS_jec_RelativeSample_year     0.0358693908956     0.0340680414779     0.038108581639     -0.050219682375     0.0624262271379    0.0624262271379
2018     CMS_pu     9.10281579254     10.2003409719     8.00529061313     0.120569854913     -0.120569854913    0.120569854913
2018     CMS_pu     0.431566744188     0.477319838609     0.385813649767     0.106016265242     -0.106016265242    0.106016265242
2018     CMS_pu     0.601897321253     0.575141456456     0.628653186049     -0.0444525400793     0.0444525400793    0.0444525400793
2018     CMS_pu     0.0358693908956     0.0349312828316     0.0368074989597     -0.026153442827     0.026153442827    0.026153442827
2018     CMS_L1Prefiring     9.10281579254     9.09830289289     9.10652229814     -0.000495769633254     0.000407182313944    0.000495769633254
2018     CMS_L1Prefiring     0.431566744188     0.431390728263     0.431705673052     -0.000407853309596     0.000321917445786    0.000407853309596
2018     CMS_L1Prefiring     0.601897321253     0.601596788849     0.602151057938     -0.000499308424753     0.000421561413264    0.000499308424753
2018     CMS_L1Prefiring     0.0358693908956     0.0358584782437     0.0358788928625     -0.000304232987163     0.000264904605435    0.000304232987163
2018     CMS_pdf_sig     9.10281579254     9.44568555386     8.75994704992     0.0376663407388     -0.0376662288281    0.0376663407388
2018     CMS_pdf_sig     0.431566744188     0.448094998003     0.415038505063     0.0382982563829     -0.038298222344    0.0382982563829
2018     CMS_pdf_sig     0.601897321253     0.625012864276     0.578781783639     0.0384044623686     -0.0384044533796    0.0384044623686
2018     CMS_pdf_sig     0.0358693908956     0.037331388212     0.0344073933322     0.0407589111458     -0.0407589180342    0.0407589180342
2018     CMS_renorm_sig     9.10281579254     9.10281579254     9.10281579254     0.0     0.0    0.0
2018     CMS_renorm_sig     0.431566744188     0.431566744188     0.431566744188     0.0     0.0    0.0
2018     CMS_renorm_sig     0.601897321253     0.601897321253     0.601897321253     0.0     0.0    0.0
2018     CMS_renorm_sig     0.0358693908956     0.0358693908956     0.0358693908956     0.0     0.0    0.0
2018     CMS_fact_sig     9.10281579254     7.67993650948     10.9148703134     -0.156311993507     0.199065274102    0.199065274102
2018     CMS_fact_sig     0.431566744188     0.36473114229     0.516451208554     -0.154867358985     0.196689076509    0.196689076509
2018     CMS_fact_sig     0.601897321253     0.507588961936     0.722069107753     -0.15668512882     0.199654961498    0.199654961498
2018     CMS_fact_sig     0.0358693908956     0.0302737928649     0.0429867847367     -0.15599924869     0.198425277469    0.198425277469
2018     CMS_jec_AbsoluteCal     9.10281579254     7.53344652146     10.6722055607     -0.172404814823     0.172407066551    0.172407066551
2018     CMS_jec_AbsoluteCal     0.431566744188     0.431524195016     0.43160929336     -9.85923317065e-05     9.85923317063e-05    9.85923317065e-05
2018     CMS_jec_AbsoluteCal     0.601897321253     0.59703812482     0.606783751252     -0.00807313184597     0.0081183780477    0.0081183780477
2018     CMS_jec_AbsoluteCal     0.0358693908956     0.0357504655921     0.0359883161992     -0.00331550942403     0.00331550942403    0.00331550942403
2018     CMS_jec_AbsoluteTheory     9.10281579254     8.22136548176     9.98490197529     -0.096832708787     0.0969025632124    0.0969025632124
2018     CMS_jec_AbsoluteTheory     0.431566744188     0.431451686199     0.4323237188     -0.000266605318686     0.00175401516098    0.00175401516098
2018     CMS_jec_AbsoluteTheory     0.601897321253     0.580962420652     0.622918813982     -0.0347815148217     0.0349253801062    0.0349253801062
2018     CMS_jec_AbsoluteTheory     0.0358693908956     0.0359892923102     0.0359883161885     0.00334272234857     0.00331550912721    0.00334272234857
2018     CMS_jec_AbsolutePU     9.10281579254     7.06072334387     11.1449287383     -0.224336347699     0.224338599426    0.224338599426
2018     CMS_jec_AbsolutePU     0.431566744188     0.432190302456     0.43094318592     0.0014448709886     -0.0014448709886    0.0014448709886
2018     CMS_jec_AbsolutePU     0.601897321253     0.594924691601     0.608869950904     -0.0115844171505     0.0115844171504    0.0115844171505
2018     CMS_jec_AbsolutePU     0.0358693908956     0.0354841099899     0.0364934985088     -0.0107412168453     0.0173994483211    0.0173994483211
2018     CMS_jec_AbsoluteScale     9.10281579254     8.22136548176     9.98490197529     -0.096832708787     0.0969025632124    0.0969025632124
2018     CMS_jec_AbsoluteScale     0.431566744188     0.431451686199     0.4323237188     -0.000266605318686     0.00175401516098    0.00175401516098
2018     CMS_jec_AbsoluteScale     0.601897321253     0.580962420652     0.622918813982     -0.0347815148217     0.0349253801062    0.0349253801062
2018     CMS_jec_AbsoluteScale     0.0358693908956     0.0359892923102     0.0359883161885     0.00334272234857     0.00331550912721    0.00334272234857
2018     CMS_jec_Fragmentation     9.10281579254     7.67924183473     10.5264102474     -0.156388307778     0.156390559505    0.156390559505
2018     CMS_jec_Fragmentation     0.431566744188     0.43078865852     0.432344829856     -0.00180293240581     0.00180293240581    0.00180293240581
2018     CMS_jec_Fragmentation     0.601897321253     0.61194593961     0.591848702895     0.0166949046008     -0.0166949046008    0.0166949046008
2018     CMS_jec_Fragmentation     0.0358693908956     0.0358693909464     0.0358693908449     1.41528500031e-09     -1.41528500031e-09    1.41528500031e-09
2018     CMS_jec_AbsoluteMPFBias     9.10281579254     8.22136548176     9.98490197529     -0.096832708787     0.0969025632124    0.0969025632124
2018     CMS_jec_AbsoluteMPFBias     0.431566744188     0.431451686199     0.4323237188     -0.000266605318686     0.00175401516098    0.00175401516098
2018     CMS_jec_AbsoluteMPFBias     0.601897321253     0.580962420652     0.622918813982     -0.0347815148217     0.0349253801062    0.0349253801062
2018     CMS_jec_AbsoluteMPFBias     0.0358693908956     0.0359892923102     0.0359883161885     0.00334272234857     0.00331550912721    0.00334272234857
2018     CMS_jec_RelativeFSR     9.10281579254     7.28430649634     10.9213455858     -0.199774370662     0.199776622389    0.199776622389
2018     CMS_jec_RelativeFSR     0.431566744188     0.431619586601     0.431580313089     0.000122443198975     3.1441025981e-05    0.000122443198975
2018     CMS_jec_RelativeFSR     0.601897321253     0.593207259694     0.610587382811     -0.0144377807505     0.0144377807505    0.0144377807505
2018     CMS_jec_RelativeFSR     0.0358693908956     0.0351446365262     0.0368329719726     -0.0202053715261     0.0268636030019    0.0268636030019
2018     CMS_scale_sig     9.10281579254     10.9148703134     7.67993650948     0.199065274102     -0.156311993507    0.199065274102
2018     CMS_scale_sig     0.431566744188     0.516451208554     0.36473114229     0.196689076509     -0.154867358985    0.196689076509
2018     CMS_scale_sig     0.601897321253     0.722069107753     0.507588961936     0.199654961498     -0.15668512882    0.199654961498
2018     CMS_scale_sig     0.0358693908956     0.0429867847367     0.0302737928649     0.198425277469     -0.15599924869    0.198425277469
